# Blender 5.0.0
# www.blender.org
mtllib heliCabin.mtl
o Cube.005
v 2.104051 4.417911 -2.226225
v 1.395631 1.678271 -2.442561
v 1.551793 4.831731 4.484911
v 1.395631 1.678271 4.060161
v -2.104051 4.417911 -2.226225
v -1.407568 1.679138 -2.455306
v -1.551793 4.831731 4.484911
v -1.407568 1.679138 4.072906
v 2.305590 3.990183 -2.226791
v -2.146142 3.497248 4.465745
v 2.146142 3.497248 4.465745
v -2.305590 3.990183 -2.226791
v -0.858858 3.497248 6.368134
v -0.617550 3.935792 6.348969
v 0.858858 3.497248 6.368134
v 0.563771 2.735319 6.549565
v 0.617550 3.935792 6.348969
v -0.563771 2.735319 6.549565
v -2.362306 3.299090 4.284314
v -1.040315 4.984363 3.724137
v 1.040877 4.984363 3.724137
v 2.362306 3.299090 4.284314
v -0.829485 3.299090 6.549565
v -0.563771 3.862860 6.549565
v 0.563771 3.862860 6.549565
v 0.829485 3.299090 6.549565
v -1.551793 4.739768 4.399521
v -0.617550 3.843828 6.263579
v 0.617550 3.843828 6.263579
v 1.551793 4.739768 4.399521
v -2.146142 3.405285 4.380356
v 2.146142 3.405285 4.380356
v -0.858858 3.405285 6.282745
v 0.858858 3.405285 6.282745
v -0.599887 3.299090 6.920271
v -0.407721 3.706811 6.920271
v 0.599887 3.299090 6.920271
v 0.407721 2.891368 6.920271
v 0.407721 3.706811 6.920271
v -0.407721 2.891368 6.920271
v -1.629592 1.456140 0.808800
v 2.007147 4.693260 0.350343
v -2.007147 4.693260 0.350344
v 1.616788 1.456081 0.808800
v 2.467810 3.715865 0.350343
v -2.467810 3.715865 0.350344
v 0.574193 2.755414 -3.754292
v -0.574193 2.755414 -3.754292
v 0.844820 3.513714 -3.754292
v -0.844820 3.513714 -3.754292
v -0.443574 4.410774 -3.515749
v 0.443574 4.410774 -3.515749
v 0.369514 3.365748 -13.366736
v -0.369514 3.365748 -13.366736
v 0.543672 3.853742 -13.366736
v -0.543672 3.853742 -13.366736
v -0.369514 4.341735 -13.366736
v 0.366488 4.361529 -13.399688
v 1.687554 2.013721 3.531518
v 1.687554 4.584458 3.531518
v 2.293370 3.299090 3.531518
v 1.876807 4.622157 1.588354
v 1.876807 1.957897 1.588354
v 2.571822 3.299090 1.690147
v 2.506381 3.537307 3.308528
v 1.984326 2.013721 3.575270
v 2.261434 4.395670 1.915812
v 2.133764 4.355141 3.309898
v 2.715011 3.541245 1.982094
v 2.173579 1.957897 1.632105
v 2.173579 4.622157 1.632105
v 1.984326 4.584458 3.575270
v 2.590142 3.299090 3.575270
v 2.868594 3.299090 1.733899
v 2.206866 4.368431 1.908622
v 2.079196 4.327902 3.302707
v 2.451813 3.510068 3.301337
v 2.660442 3.514006 1.974903
v -1.752631 1.999648 3.549716
v -2.323083 3.299090 3.549716
v -1.752631 4.577969 3.549716
v -1.930837 1.958528 1.666776
v -1.930837 4.607665 1.666776
v -2.585281 3.299090 1.666776
v -2.161981 1.958528 1.698962
v -1.983775 1.999648 3.581903
v -2.476964 3.526636 3.329524
v -2.119776 4.354711 3.330737
v -2.242802 4.372897 1.950186
v -2.676550 3.530212 1.951386
v -2.554227 3.299090 3.581903
v -1.983775 4.577969 3.581903
v -2.161981 4.607665 1.698962
v -2.816425 3.299090 1.698962
v -2.443996 3.511029 3.325545
v -2.086808 4.339104 3.326759
v -2.209835 4.357290 1.946208
v -2.643582 3.514605 1.947408
v -1.310272 5.143510 0.808800
v -1.335553 4.953961 -2.572870
v 1.605572 4.904662 -2.666714
v 2.362306 3.299090 -2.666714
v -2.362306 3.299090 -2.666714
v -2.710124 3.299090 0.808800
v 1.310272 5.143510 0.808800
v 2.710124 3.299090 0.808800
v -3.036819 5.137966 0.247297
v -2.770312 4.714252 -2.293333
v 2.770312 4.714251 -2.293333
v 2.969091 4.324784 -2.292758
v -2.969091 4.324784 -2.292758
v -3.497481 4.235125 0.247297
v 3.036819 5.137966 0.247297
v 3.497481 4.235125 0.247297
v 2.237478 4.204563 0.350343
v -2.237478 4.204563 0.350344
v 3.267150 4.686545 0.247297
v -3.267150 4.686545 0.247297
v 2.982646 3.975495 0.298820
v 2.521983 4.915613 0.298820
v -2.521983 4.915613 0.298821
v -2.982646 3.975495 0.298820
v -2.752314 4.445554 0.298820
v 2.752314 4.445554 0.298820
v 3.003463 4.377412 0.281156
v 3.083643 4.214070 0.281273
v 3.246331 4.293918 0.264962
v 3.166152 4.457259 0.264845
v -2.855901 4.676617 0.281109
v -2.774987 4.835522 0.281232
v -2.933228 4.916110 0.265014
v -3.014142 4.757205 0.264891
v -3.083643 4.214070 0.281273
v -3.003463 4.377412 0.281157
v -3.166151 4.457259 0.264846
v -3.246331 4.293918 0.264963
v -2.567082 3.959244 0.332984
v -2.484113 4.128861 0.333105
v -2.653043 4.211507 0.316180
v -2.736012 4.041889 0.316058
v -2.337570 4.440928 0.332945
v -2.256129 4.607384 0.333068
v -2.421890 4.688498 0.316222
v -2.503332 4.522042 0.316099
v 2.774987 4.835522 0.281232
v 2.855901 4.676617 0.281109
v 3.014142 4.757205 0.264890
v 2.933228 4.916110 0.265013
v 2.256129 4.607384 0.333067
v 2.337570 4.440928 0.332945
v 2.503332 4.522042 0.316099
v 2.421890 4.688498 0.316221
v 2.484112 4.128861 0.333105
v 2.567082 3.959244 0.332983
v 2.736013 4.041889 0.316058
v 2.653043 4.211507 0.316179
v 3.009859 4.279204 0.284593
v 3.068201 4.451165 0.272977
v 3.181593 4.220165 0.273142
v 3.239935 4.392126 0.261526
v -2.782671 4.739379 0.284530
v -2.951779 4.684001 0.272975
v -2.837350 4.908726 0.273148
v -3.006458 4.853348 0.261593
v -3.009859 4.279204 0.284593
v -3.181593 4.220165 0.273142
v -3.068201 4.451165 0.272977
v -3.239935 4.392126 0.261526
v -2.490611 4.026936 0.336550
v -2.668731 3.965437 0.324496
v -2.551394 4.205313 0.324668
v -2.729514 4.143815 0.312614
v -2.262519 4.507357 0.336495
v -2.437318 4.447011 0.324497
v -2.322142 4.682415 0.324670
v -2.496942 4.622069 0.312672
v 2.782671 4.739379 0.284529
v 2.837350 4.908726 0.273148
v 2.951779 4.684001 0.272974
v 3.006458 4.853348 0.261593
v 2.262519 4.507357 0.336495
v 2.322142 4.682415 0.324670
v 2.437318 4.447011 0.324496
v 2.496941 4.622069 0.312671
v 2.490611 4.026936 0.336549
v 2.551394 4.205313 0.324667
v 2.668731 3.965437 0.324496
v 2.729514 4.143815 0.312613
v 2.919522 4.234866 0.293650
v 2.908103 4.410194 0.287515
v 3.023679 4.541864 0.272912
v 3.198548 4.552745 0.258395
v 3.226115 4.129466 0.273207
v 3.341691 4.261135 0.258604
v 3.330272 4.436463 0.252469
v -2.693010 4.693717 0.293719
v -2.824919 4.580663 0.287558
v -2.997626 4.593964 0.272905
v -3.109960 4.725828 0.258344
v -2.791503 4.998763 0.273218
v -2.679168 4.866899 0.287779
v -3.096119 4.899011 0.252404
v -2.919522 4.234866 0.293650
v -3.051247 4.118585 0.287723
v -3.226115 4.129466 0.273207
v -3.023679 4.541864 0.272912
v -3.198548 4.552745 0.258396
v -3.330272 4.436463 0.252469
v -3.341691 4.261135 0.258604
v -2.400217 3.982713 0.345606
v -2.534558 3.863796 0.339342
v -2.713127 3.874676 0.324431
v -2.506997 4.296074 0.324733
v -2.685567 4.306955 0.309822
v -2.819907 4.188037 0.303557
v -2.831323 4.008982 0.309609
v -2.172140 4.463130 0.345680
v -2.305062 4.345480 0.339393
v -2.481723 4.356254 0.324430
v -2.598638 4.489140 0.309557
v -2.277738 4.773172 0.324737
v -2.160822 4.640286 0.339610
v -2.587320 4.666296 0.303487
v 2.693010 4.693717 0.293719
v 2.679168 4.866899 0.287779
v 2.791503 4.998763 0.273217
v 2.997626 4.593964 0.272905
v 3.109961 4.725828 0.258343
v 3.096119 4.899011 0.252403
v 2.172140 4.463130 0.345680
v 2.305062 4.345480 0.339392
v 2.277738 4.773172 0.324736
v 2.160822 4.640286 0.339609
v 2.481723 4.356254 0.324430
v 2.598638 4.489140 0.309557
v 2.587320 4.666296 0.303486
v 2.454399 4.783946 0.309774
v 2.400217 3.982713 0.345606
v 2.534557 3.863795 0.339341
v 2.506997 4.296074 0.324732
v 2.685567 4.306955 0.309821
v 2.713127 3.874676 0.324431
v 2.831323 4.008982 0.309608
v 2.819907 4.188037 0.303557
v 3.051247 4.118585 0.287723
v -2.964209 5.012064 0.258565
v -2.908103 4.410194 0.287515
v -2.388802 4.161769 0.339555
v -2.454399 4.783946 0.309774
v 2.824920 4.580663 0.287558
v 2.964209 5.012064 0.258564
v 2.388802 4.161769 0.339555
v 2.610062 4.056962 -0.593918
v 2.729514 4.115401 -0.605886
v 2.490611 3.998523 -0.581950
v 2.551394 4.176900 -0.593832
v 2.668731 3.937024 -0.594004
v 2.379730 4.536300 -0.593916
v 2.496941 4.593657 -0.605828
v 2.262519 4.478943 -0.582004
v 2.322142 4.654002 -0.593830
v 2.437318 4.418598 -0.594003
v 2.894564 4.767951 -0.645438
v 3.006458 4.824935 -0.656906
v 2.782671 4.710966 -0.633970
v 2.837350 4.880313 -0.645351
v 2.951779 4.655588 -0.645525
v -2.379730 4.536300 -0.593916
v -2.496942 4.593657 -0.605828
v -2.262519 4.478943 -0.582004
v -2.437318 4.418598 -0.594002
v -2.322142 4.654002 -0.593829
v -2.610062 4.056962 -0.593917
v -2.729514 4.115401 -0.605885
v -2.490611 3.998523 -0.581949
v -2.668731 3.937024 -0.594003
v -2.551394 4.176900 -0.593832
v -3.124897 4.307252 -0.645440
v -3.239935 4.363713 -0.656973
v -3.009859 4.250791 -0.633906
v -3.181593 4.191752 -0.645357
v -3.068201 4.422751 -0.645522
v -2.894564 4.767951 -0.645438
v -3.006458 4.824935 -0.656906
v -2.782671 4.710966 -0.633970
v -2.951779 4.655588 -0.645525
v -2.837350 4.880313 -0.645351
v 3.124897 4.307252 -0.645440
v 3.239935 4.363713 -0.656973
v 3.009859 4.250791 -0.633907
v 3.068201 4.422751 -0.645522
v 3.181593 4.191752 -0.645357
v 3.003463 4.348999 -0.637343
v 3.166152 4.428846 -0.653654
v 3.246331 4.265505 -0.653537
v -2.855901 4.648204 -0.637390
v -3.014142 4.728792 -0.653608
v -2.774987 4.807108 -0.637267
v -3.083643 4.185657 -0.637226
v -3.166151 4.428846 -0.653653
v -3.246331 4.265505 -0.653537
v -2.567082 3.930830 -0.585515
v -2.653043 4.183094 -0.602319
v -2.736012 4.013476 -0.602441
v -2.337570 4.412515 -0.585554
v -2.503332 4.493629 -0.602400
v -2.256129 4.578971 -0.585432
v 2.774987 4.807108 -0.637268
v 3.014142 4.728793 -0.653609
v 2.337570 4.412515 -0.585554
v 2.256129 4.578971 -0.585432
v 2.503332 4.493629 -0.602400
v 2.421890 4.660085 -0.602278
v 2.567082 3.930830 -0.585516
v 2.653043 4.183094 -0.602320
v 2.736013 4.013476 -0.602441
v 3.083643 4.185657 -0.637226
v -2.933228 4.887697 -0.653486
v -3.003463 4.348999 -0.637343
v -2.484113 4.100449 -0.585394
v -2.421890 4.660085 -0.602277
v 2.855901 4.648204 -0.637390
v 2.933228 4.887697 -0.653486
v 2.484112 4.100449 -0.585395
v 2.938153 4.246091 0.343946
v 2.927770 4.405514 0.338368
v 3.032861 4.525239 0.325090
v 3.191866 4.535133 0.311890
v 3.216933 4.150251 0.325358
v 3.322025 4.269977 0.312080
v 3.311642 4.429400 0.306501
v -2.711501 4.705215 0.343989
v -2.831309 4.602532 0.338393
v -2.988171 4.614614 0.325084
v -3.090199 4.734380 0.311858
v -2.800958 4.982275 0.325368
v -2.698929 4.862509 0.338594
v -3.077628 4.891675 0.306463
v -2.938153 4.246091 0.343947
v -3.057928 4.140357 0.338558
v -3.216933 4.150251 0.325358
v -3.032861 4.525239 0.325090
v -3.191866 4.535133 0.311891
v -3.311642 4.429400 0.306502
v -3.322025 4.269977 0.312080
v -2.418859 3.993914 0.395903
v -2.541265 3.885561 0.390195
v -2.703971 3.895475 0.376609
v -2.516153 4.279437 0.376884
v -2.678860 4.289351 0.363298
v -2.801265 4.180998 0.357590
v -2.811667 4.017849 0.363103
v -2.190779 4.474332 0.395951
v -2.311766 4.367246 0.390228
v -2.472565 4.377052 0.376608
v -2.578983 4.498006 0.363071
v -2.286896 4.756536 0.376888
v -2.180478 4.635581 0.390425
v -2.568681 4.659256 0.357545
v 2.711501 4.705215 0.343988
v 2.698930 4.862509 0.338593
v 2.800958 4.982275 0.325367
v 2.988171 4.614614 0.325084
v 3.090199 4.734380 0.311858
v 3.077628 4.891675 0.306463
v 2.190779 4.474332 0.395950
v 2.311766 4.367246 0.390227
v 2.286895 4.756536 0.376887
v 2.180478 4.635581 0.390424
v 2.472565 4.377052 0.376608
v 2.578983 4.498006 0.363071
v 2.568681 4.659256 0.357545
v 2.447695 4.766342 0.363268
v 2.418859 3.993914 0.395903
v 2.541265 3.885561 0.390195
v 2.516153 4.279437 0.376883
v 2.678860 4.289351 0.363297
v 2.703971 3.895475 0.376609
v 2.811667 4.017849 0.363103
v 2.801265 4.180998 0.357589
v 3.057928 4.140357 0.338557
v -2.957820 4.994356 0.312059
v -2.927770 4.405514 0.338368
v -2.408458 4.157063 0.390389
v -2.447695 4.766342 0.363268
v 2.831309 4.602533 0.338392
v 2.957820 4.994356 0.312059
v 2.408458 4.157063 0.390389
v 2.991228 4.272141 0.338625
v 2.983797 4.386253 0.334632
v 3.059019 4.471951 0.325128
v 3.172833 4.479033 0.315680
v 3.190775 4.203540 0.325320
v 3.265997 4.289238 0.315815
v 3.258566 4.403350 0.311822
v -2.764180 4.732042 0.338589
v -2.849511 4.658909 0.334604
v -2.961234 4.667513 0.325125
v -3.033903 4.752815 0.315705
v -2.827894 4.929376 0.325327
v -2.755226 4.844073 0.334747
v -3.024949 4.864846 0.311863
v -2.991228 4.272141 0.338625
v -3.076962 4.196459 0.334768
v -3.190775 4.203540 0.325320
v -3.059019 4.471951 0.325128
v -3.172832 4.479033 0.315680
v -3.258565 4.403350 0.311823
v -3.265997 4.289238 0.315816
v -2.471968 4.019897 0.390582
v -2.560374 3.941640 0.386459
v -2.677887 3.948800 0.376647
v -2.542238 4.226112 0.376846
v -2.659750 4.233273 0.367033
v -2.748156 4.155015 0.362911
v -2.755669 4.037183 0.366893
v -2.243880 4.500317 0.390554
v -2.330866 4.423324 0.386439
v -2.446476 4.430375 0.376648
v -2.522987 4.517338 0.366915
v -2.312985 4.703213 0.376848
v -2.236473 4.616250 0.386581
v -2.515581 4.633271 0.362942
v 2.764180 4.732043 0.338589
v 2.755226 4.844073 0.334746
v 2.827895 4.929376 0.325327
v 2.961234 4.667513 0.325124
v 3.033903 4.752815 0.315705
v 3.024949 4.864846 0.311862
v 2.243880 4.500317 0.390554
v 2.330866 4.423324 0.386439
v 2.312984 4.703213 0.376848
v 2.236473 4.616250 0.386581
v 2.446476 4.430375 0.376647
v 2.522987 4.517338 0.366914
v 2.515580 4.633271 0.362941
v 2.428595 4.710263 0.367056
v 2.471968 4.019897 0.390582
v 2.560374 3.941640 0.386459
v 2.542238 4.226112 0.376845
v 2.659750 4.233273 0.367033
v 2.677887 3.948800 0.376647
v 2.755669 4.037183 0.366892
v 2.748156 4.155015 0.362910
v 3.076962 4.196459 0.334768
v -2.939617 4.937980 0.315848
v -2.983797 4.386253 0.334632
v -2.464456 4.137729 0.386600
v -2.428595 4.710263 0.367057
v 2.849512 4.658909 0.334603
v 2.939617 4.937980 0.315848
v 2.464456 4.137729 0.386599
v 1.833115 4.519228 -2.208257
v 2.211753 3.715865 -2.208257
v -1.833115 4.519228 -2.208257
v -2.211753 3.715865 -2.208257
v 2.862786 4.977209 -2.311304
v 3.241425 4.235125 -2.311304
v -2.862787 4.977209 -2.311304
v -3.241425 4.235125 -2.311304
v 2.288696 4.383858 -2.604787
v 2.404334 4.138439 -2.605111
v -2.288696 4.383858 -2.604787
v -2.404334 4.138439 -2.605112
v 2.670979 4.553890 -2.643291
v 2.785034 4.330423 -2.642962
v -2.670979 4.553890 -2.643292
v -2.785034 4.330423 -2.642962
v -1.228062 5.058862 -0.639917
v 1.228062 5.058862 -0.639917
v -1.920131 4.606244 -0.928957
v 1.920131 4.606244 -0.928957
v 2.949803 5.057588 -1.032003
v 3.369453 4.235125 -1.032003
v -3.369453 4.235125 -1.032003
v -2.950341 5.058085 -1.024079
v -1.417603 4.993293 -1.363675
v -1.912150 4.598263 -1.046296
v -2.942311 5.050667 -1.142145
v -3.357710 4.235125 -1.149342
v 1.417603 4.993293 -1.363676
v 1.912150 4.598263 -1.046296
v 2.941821 5.050215 -1.149342
v 3.357710 4.235125 -1.149342
v 1.829813 4.784474 -1.052878
v 1.837794 4.792456 -0.935539
v 3.011121 5.241016 -1.166373
v 3.015760 5.249582 -1.048888
v 3.538448 4.327344 -1.167430
v 3.550190 4.327344 -1.050091
v -3.550190 4.327344 -1.050091
v -3.016200 5.250114 -1.040958
v -1.837797 4.792457 -0.935538
v -1.829816 4.784476 -1.052877
v -3.011690 5.241439 -1.159178
v -3.538448 4.327344 -1.167429
v -0.211897 1.679138 -2.455306
v 0.000000 4.940662 3.755047
v -0.211897 1.679138 4.072906
v 0.000000 3.862860 6.549565
v 0.000000 2.735319 6.549565
v 0.000000 4.831731 4.484911
v 0.000000 3.935792 6.348969
v 0.000000 4.739768 4.399521
v 0.000000 3.843828 6.263579
v 0.000000 3.706811 6.920271
v 0.000000 2.891368 6.920271
v 0.000000 3.299090 6.920271
v 0.000000 1.457118 0.808800
v 0.000000 2.755414 -3.754292
v 0.000000 4.410774 -3.515749
v 0.000000 3.365748 -13.366736
v 0.000000 4.341735 -13.366736
v 0.013946 6.763640 -14.706719
v 0.000000 5.058862 -0.639917
v -0.000000 4.993293 -1.363676
v -1.841972 1.457118 0.808800
v -1.605572 1.693518 4.284314
v 0.224671 1.678271 -2.442561
v -1.605572 1.693518 -2.666714
v 0.224672 1.678271 4.060161
v -0.211897 1.457118 0.808800
v 0.000000 1.693518 4.284314
v 1.605572 1.693518 4.284314
v 1.841972 1.457118 0.808800
v 1.605572 1.693518 -2.666714
v 0.000000 1.693518 -2.666714
v 0.224672 1.457118 0.808800
v 3.166213 0.115213 -2.317649
v 3.083019 0.341709 4.932541
v -3.179856 0.115999 -2.330642
v -3.094907 0.342495 4.945534
v -3.805613 0.043911 1.236688
v 3.784983 0.043777 1.236688
v -1.813905 0.115999 -2.330642
v -1.898825 0.342495 4.945534
v 1.828493 0.115213 -2.317649
v 1.911657 0.341709 4.932541
v -1.542639 0.044701 1.236688
v 1.562839 0.044614 1.236688
v -1.542323 -0.142190 1.236688
v -3.805297 -0.142980 1.236688
v 3.784642 -0.143114 1.236688
v 1.562497 -0.142276 1.236688
v -3.094709 0.225372 4.945534
v -1.813679 -0.017757 -2.330642
v -3.179629 -0.017757 -2.330642
v -1.898627 0.225372 4.945534
v 1.911443 0.224586 4.932541
v 3.082804 0.224586 4.932541
v 3.165968 -0.018544 -2.317649
v 1.828249 -0.018544 -2.317649
v 2.576372 -0.055886 -0.611829
v -2.579443 -0.055335 -0.619020
v -2.745438 -0.085237 -0.263284
v 2.740023 -0.085591 -0.257481
v -2.370772 -0.055335 -0.619020
v 2.372013 -0.055886 -0.611829
v -2.260434 -0.084998 -0.263284
v 2.263769 -0.085337 -0.257481
v -1.494707 1.655711 0.073127
v -1.746308 1.655586 0.073127
v 1.743513 1.655365 0.076747
v 1.496453 1.655496 0.076747
v -1.551746 1.671099 -0.111414
v -1.659996 1.671099 -0.111414
v 1.658402 1.670774 -0.107074
v 1.552389 1.670774 -0.107074
v 2.546885 0.071877 2.531550
v -2.547118 0.072392 2.524532
v -2.671652 0.095137 2.791415
v 2.669661 0.094755 2.797391
v -2.390566 0.072392 2.524532
v 2.393569 0.071877 2.531550
v -2.307788 0.095298 2.791415
v 2.312362 0.094925 2.797391
v -1.477995 1.683612 2.281917
v -1.700898 1.683501 2.281917
v 1.699640 1.683273 2.285536
v 1.481243 1.683391 2.285536
v -1.535033 1.697361 2.097376
v -1.618556 1.697361 2.097376
v 1.618442 1.697041 2.101716
v 1.537179 1.697041 2.101716
v -2.464908 0.849461 2.501654
v -2.312511 0.846899 2.945015
v -2.679142 0.849461 2.501654
v -2.898597 0.846633 2.945015
v -2.451294 0.657782 -0.784070
v -2.277106 0.615537 -0.277437
v -2.781299 0.657782 -0.784070
v -3.044116 0.615196 -0.277437
v 2.319105 0.859589 2.952153
v 2.468946 0.862526 2.509425
v 2.677837 0.862526 2.509425
v 2.894763 0.859306 2.952153
v 2.282995 0.615259 -0.272107
v 2.453848 0.657203 -0.776761
v 2.777032 0.657203 -0.776761
v 3.036167 0.614898 -0.272107
v 2.453884 0.755830 2.504830
v 2.949006 0.757411 2.938958
v 2.308629 0.757689 2.938958
v 2.728668 0.755830 2.504830
v 2.429310 0.524866 -0.759952
v 3.000732 0.482561 -0.255297
v 2.261584 0.482922 -0.255297
v 2.746477 0.524866 -0.759952
v -2.258470 0.499621 -0.262742
v -3.012971 0.499281 -0.262742
v -2.429862 0.541867 -0.769375
v -2.754485 0.541867 -0.769375
v -2.299742 0.723813 2.929027
v -2.945742 0.723552 2.929027
v -2.446451 0.720575 2.496095
v -2.724391 0.720575 2.496095
v -2.404570 0.728016 2.444551
v -2.426484 0.856576 2.447696
v -2.756524 0.715973 2.438298
v -2.793720 0.842910 2.448678
v -3.040600 0.827641 2.976941
v -2.260122 0.846488 2.987679
v -2.383826 0.542843 -0.818184
v -2.416227 0.656089 -0.840472
v -2.787826 0.527329 -0.824865
v -2.817397 0.642837 -0.837873
v -3.106957 0.604197 -0.252634
v -2.221179 0.628807 -0.241392
v 2.249699 0.758979 2.973064
v 2.266770 0.859125 2.994875
v 2.761003 0.751316 2.447127
v 2.792530 0.856137 2.456455
v 2.430372 0.869591 2.455557
v 3.036728 0.840581 2.984225
v 2.209078 0.496259 -0.214906
v 2.227197 0.628578 -0.235900
v 2.779963 0.510312 -0.815359
v 2.813244 0.642250 -0.830493
v 2.418667 0.655545 -0.833101
v 3.098951 0.603977 -0.247141
v 2.411870 0.763213 2.453375
v 3.004193 0.738781 2.973631
v 2.383123 0.525901 -0.808631
v 3.051990 0.476578 -0.211823
v -2.205880 0.512914 -0.222435
v -3.064310 0.493225 -0.219363
v -2.240673 0.725195 2.962912
v -3.000909 0.704662 2.963588
v 0.043175 3.796396 -14.925197
v -0.173137 3.796396 -14.925197
v 0.361437 4.082065 -14.925197
v 0.259486 3.796396 -14.925197
v -0.275088 4.082065 -14.925197
v 0.043175 4.367733 -14.925197
v 0.259352 4.386708 -14.910511
v -0.173137 4.367733 -14.925197
v 0.043175 4.082065 -14.925197
v 0.145063 6.744673 -14.718218
v -0.116845 6.763640 -14.706719
v 0.108373 6.765044 -15.572722
v 0.029228 6.784858 -15.598197
v -0.047337 6.784858 -15.598197
v 2.470355 4.204119 -14.167827
v 2.643509 4.071015 -14.131956
v -2.457592 4.202752 -14.289009
v -2.632680 4.069456 -14.255806
v -2.375636 4.162593 -15.402129
v 2.348467 4.241823 -15.302731
v 2.449831 4.163904 -15.281732
v -2.273141 4.240624 -15.421566
v 1.983939 2.496304 -2.666714
v 1.983939 2.496304 4.284314
v -1.983939 2.496304 -2.666714
v -1.983939 2.496304 4.284314
v 0.696628 3.017205 6.549565
v -0.696628 3.017205 6.549565
v 0.503804 3.095229 6.920271
v -0.503804 3.095229 6.920271
v -2.276048 2.378104 0.808800
v 2.276048 2.378104 0.808800
v 0.709506 3.134564 -3.754292
v -0.709506 3.134564 -3.754292
v 0.456593 3.609745 -13.366736
v -0.456593 3.609745 -13.366736
v 0.000000 3.095229 6.920271
v 0.310462 3.939230 -14.925197
v -0.224113 3.939230 -14.925197
v 0.043175 3.939230 -14.925197
v 1.983939 4.101876 -2.666714
v -1.983939 4.101876 -2.666714
v 0.709506 3.892864 -3.754292
v -0.709506 3.892864 -3.754292
v 0.456593 4.097738 -13.366736
v -0.456593 4.097738 -13.366736
v 2.022434 4.117547 -2.208257
v -2.022434 4.117547 -2.208257
v 3.052106 4.606167 -2.311304
v -3.052106 4.606167 -2.311304
v 2.204821 4.204047 -2.226508
v -2.204821 4.204047 -2.226508
v 2.869701 4.519517 -2.293046
v -2.869701 4.519518 -2.293046
v 2.346515 4.261148 -2.604949
v -2.346515 4.261148 -2.604949
v 2.728007 4.442157 -2.643127
v -2.728007 4.442157 -2.643127
v 3.267150 4.686545 0.247297
v 3.159628 4.646356 -1.032003
v -3.267150 4.686545 0.247297
v -3.159897 4.646605 -1.028041
v -3.150011 4.642896 -1.145743
v 3.149766 4.642670 -1.149342
v 3.282975 4.788463 -1.049489
v -3.283195 4.788729 -1.045524
v -3.275069 4.784391 -1.163304
v 3.274784 4.784180 -1.166901
v 0.310462 4.224899 -14.925197
v -0.224113 4.224899 -14.925197
v 0.043175 4.224899 -14.925197
v 2.556932 4.137567 -14.149892
v -2.545136 4.136104 -14.272408
v 2.399149 4.202863 -15.292232
v -2.324389 4.201609 -15.411848
v 1.712930 5.060466 -1.093729
v 1.723772 5.071308 -0.934340
v 1.912150 4.646708 -1.051678
v 1.920131 4.654690 -0.934340
v -1.920131 4.654690 -0.934339
v -1.723772 5.071308 -0.934339
v -0.000000 5.071308 -0.934340
v -1.712930 5.060466 -1.093728
v -1.912150 4.646708 -1.051678
v -0.000000 5.060466 -1.093728
v 2.919522 4.236947 0.345814
v 2.908103 4.412275 0.339679
v 3.023679 4.543945 0.325076
v 3.198548 4.554826 0.310560
v 3.226115 4.131546 0.325371
v 3.341691 4.263216 0.310768
v 3.330272 4.438544 0.304633
v -2.693010 4.695797 0.345884
v -2.824919 4.582744 0.339723
v -2.997626 4.596045 0.325070
v -3.109960 4.727909 0.310508
v -2.791503 5.000844 0.325382
v -2.679168 4.868980 0.339944
v -3.096119 4.901092 0.304568
v -2.919522 4.236947 0.345814
v -3.051247 4.120666 0.339888
v -3.226115 4.131546 0.325371
v -3.023679 4.543945 0.325077
v -3.198548 4.554826 0.310560
v -3.330272 4.438544 0.304634
v -3.341691 4.263216 0.310769
v -2.400217 3.984794 0.397771
v -2.534558 3.865876 0.391506
v -2.713127 3.876757 0.376595
v -2.506997 4.298155 0.376897
v -2.685567 4.309036 0.361986
v -2.819907 4.190118 0.355722
v -2.831323 4.011063 0.361773
v -2.172140 4.465211 0.397845
v -2.305062 4.347561 0.391557
v -2.481723 4.358335 0.376595
v -2.598638 4.491221 0.361722
v -2.277738 4.775253 0.376901
v -2.160822 4.642367 0.391774
v -2.587320 4.668376 0.355651
v 2.693010 4.695797 0.345883
v 2.679168 4.868980 0.339943
v 2.791503 5.000844 0.325382
v 2.997626 4.596045 0.325069
v 3.109961 4.727909 0.310508
v 3.096119 4.901092 0.304568
v 2.172140 4.465211 0.397844
v 2.305062 4.347561 0.391557
v 2.277738 4.775253 0.376901
v 2.160822 4.642367 0.391774
v 2.481723 4.358335 0.376594
v 2.598638 4.491221 0.361721
v 2.587320 4.668376 0.355651
v 2.454399 4.786026 0.361938
v 2.400217 3.984794 0.397770
v 2.534557 3.865876 0.391506
v 2.506997 4.298155 0.376897
v 2.685567 4.309036 0.361986
v 2.713127 3.876757 0.376595
v 2.831323 4.011063 0.361773
v 2.819907 4.190118 0.355721
v 3.051247 4.120666 0.339888
v -2.964209 5.014145 0.310729
v -2.908103 4.412275 0.339680
v -2.388802 4.163850 0.391720
v -2.454399 4.786026 0.361939
v 2.824920 4.582744 0.339722
v 2.964209 5.014145 0.310729
v 2.388802 4.163850 0.391719
v 3.009859 4.281285 0.336757
v 3.003463 4.379492 0.333321
v 3.068201 4.453245 0.325141
v 3.166152 4.459340 0.317010
v 3.181593 4.222246 0.325306
v 3.246331 4.295999 0.317127
v 3.239935 4.394207 0.313690
v -2.782671 4.741459 0.336694
v -2.855901 4.678698 0.333274
v -2.951779 4.686082 0.325139
v -3.014142 4.759286 0.317055
v -2.837350 4.910807 0.325313
v -2.774987 4.837602 0.333397
v -3.006458 4.855429 0.313758
v -3.009859 4.281285 0.336758
v -3.083643 4.216151 0.333438
v -3.181593 4.222246 0.325307
v -3.068201 4.453245 0.325142
v -3.166151 4.459340 0.317010
v -3.239935 4.394207 0.313691
v -3.246331 4.295999 0.317127
v -2.490611 4.029017 0.388714
v -2.567082 3.961324 0.385148
v -2.668731 3.967518 0.376660
v -2.551394 4.207394 0.376832
v -2.653043 4.213588 0.368344
v -2.729514 4.145895 0.364778
v -2.736012 4.043970 0.368223
v -2.262519 4.509438 0.388660
v -2.337570 4.443009 0.385110
v -2.437318 4.449092 0.376661
v -2.503332 4.524123 0.368264
v -2.322142 4.684496 0.376835
v -2.256129 4.609465 0.385232
v -2.496942 4.624150 0.364836
v 2.782671 4.741460 0.336694
v 2.774987 4.837603 0.333396
v 2.837350 4.910807 0.325312
v 2.951779 4.686082 0.325139
v 3.014142 4.759286 0.317055
v 3.006458 4.855429 0.313757
v 2.262519 4.509438 0.388659
v 2.337570 4.443009 0.385109
v 2.322142 4.684496 0.376834
v 2.256129 4.609465 0.385232
v 2.437318 4.449092 0.376661
v 2.503332 4.524123 0.368263
v 2.496941 4.624150 0.364836
v 2.421890 4.690579 0.368386
v 2.490611 4.029017 0.388714
v 2.567082 3.961324 0.385148
v 2.551394 4.207394 0.376832
v 2.653043 4.213588 0.368344
v 2.668731 3.967518 0.376660
v 2.736013 4.043970 0.368223
v 2.729514 4.145895 0.364778
v 3.083643 4.216151 0.333438
v -2.933228 4.918191 0.317178
v -3.003463 4.379492 0.333321
v -2.484113 4.130942 0.385270
v -2.421890 4.690579 0.368386
v 2.855901 4.678698 0.333273
v 2.933228 4.918191 0.317178
v 2.484112 4.130942 0.385269
v 0.259486 4.367733 -14.925197
v 0.369514 4.341735 -13.366736
v 0.105793 6.784858 -15.598197
v 0.144738 6.763640 -14.706719
v 2.938380 4.246684 0.358496
v 2.991456 4.272734 0.353175
v 2.984024 4.386847 0.349182
v 2.927997 4.406107 0.352918
v 3.033089 4.525833 0.339640
v 3.059247 4.472544 0.339678
v 3.173060 4.479626 0.330230
v 3.192094 4.535727 0.326440
v 3.322253 4.270570 0.326630
v 3.266225 4.289831 0.330365
v 3.191003 4.204134 0.339870
v 3.217161 4.150845 0.339908
v 3.311870 4.429993 0.321051
v 3.258794 4.403944 0.326373
v -2.711273 4.705807 0.358539
v -2.763952 4.732635 0.353139
v -2.849283 4.659502 0.349154
v -2.831081 4.603126 0.352943
v -2.987943 4.615207 0.339634
v -2.961006 4.668106 0.339675
v -3.033675 4.753408 0.330255
v -3.089972 4.734973 0.326408
v -2.800730 4.982868 0.339918
v -2.827667 4.929969 0.339877
v -2.754998 4.844666 0.349297
v -2.698702 4.863102 0.353144
v -3.024721 4.865439 0.326413
v -3.077400 4.892267 0.321013
v -2.937925 4.246684 0.358497
v -2.991001 4.272734 0.353175
v -3.076734 4.197052 0.349318
v -3.057700 4.140951 0.353108
v -3.190547 4.204134 0.339870
v -3.216705 4.150845 0.339908
v -3.191638 4.535727 0.326441
v -3.172605 4.479626 0.330230
v -3.058791 4.472544 0.339678
v -3.032634 4.525833 0.339640
v -3.321797 4.270570 0.326630
v -3.265770 4.289831 0.330366
v -3.258338 4.403944 0.326373
v -3.311414 4.429993 0.321052
v -2.418632 3.994507 0.410453
v -2.471741 4.020490 0.405132
v -2.560147 3.942233 0.401010
v -2.541037 3.886154 0.404745
v -2.677659 3.949393 0.391197
v -2.703744 3.896068 0.391159
v -2.678632 4.289945 0.377848
v -2.659522 4.233866 0.381583
v -2.542010 4.226705 0.391396
v -2.515926 4.280030 0.391434
v -2.811439 4.018442 0.377653
v -2.755441 4.037776 0.381443
v -2.747929 4.155609 0.377461
v -2.801038 4.181591 0.372140
v -2.190552 4.474925 0.410501
v -2.243652 4.500910 0.405104
v -2.330638 4.423917 0.400990
v -2.311538 4.367839 0.404778
v -2.472337 4.377645 0.391159
v -2.446248 4.430968 0.391198
v -2.522759 4.517931 0.381465
v -2.578755 4.498600 0.377621
v -2.286668 4.757129 0.391438
v -2.312757 4.703806 0.391398
v -2.236246 4.616843 0.401131
v -2.180250 4.636174 0.404975
v -2.515353 4.633864 0.377492
v -2.568453 4.659849 0.372095
v 2.711729 4.705808 0.358538
v 2.764408 4.732635 0.353139
v 2.755454 4.844666 0.349296
v 2.699157 4.863102 0.353143
v 2.828122 4.929969 0.339877
v 2.801186 4.982868 0.339918
v 3.090427 4.734973 0.326408
v 3.034131 4.753408 0.330255
v 2.961462 4.668106 0.339674
v 2.988399 4.615207 0.339634
v 3.077856 4.892267 0.321013
v 3.025177 4.865439 0.326412
v 2.311994 4.367839 0.404777
v 2.331094 4.423917 0.400989
v 2.244108 4.500910 0.405104
v 2.191007 4.474925 0.410500
v 2.180706 4.636174 0.404975
v 2.236701 4.616843 0.401131
v 2.313212 4.703806 0.391398
v 2.287123 4.757129 0.391437
v 2.579210 4.498600 0.377621
v 2.523215 4.517931 0.381464
v 2.446704 4.430968 0.391197
v 2.472793 4.377645 0.391158
v 2.447922 4.766935 0.377818
v 2.428822 4.710856 0.381606
v 2.515808 4.633864 0.377491
v 2.568909 4.659849 0.372095
v 2.541493 3.886154 0.404745
v 2.560602 3.942233 0.401009
v 2.472196 4.020490 0.405132
v 2.419087 3.994507 0.410453
v 2.516381 4.280030 0.391433
v 2.542466 4.226705 0.391395
v 2.659978 4.233866 0.381583
v 2.679087 4.289945 0.377847
v 2.811895 4.018442 0.377653
v 2.755897 4.037776 0.381442
v 2.678115 3.949393 0.391197
v 2.704199 3.896068 0.391159
v 2.748384 4.155609 0.377460
v 2.801493 4.181591 0.372139
v 3.058156 4.140951 0.353107
v 3.077189 4.197052 0.349318
v -2.957592 4.994949 0.326609
v -2.939390 4.938573 0.330398
v -2.927542 4.406107 0.352918
v -2.983569 4.386847 0.349183
v -2.408230 4.157656 0.404939
v -2.464228 4.138322 0.401150
v -2.447467 4.766935 0.377818
v -2.428367 4.710856 0.381607
v 2.831537 4.603126 0.352942
v 2.849740 4.659502 0.349153
v 2.939845 4.938573 0.330398
v 2.958048 4.994949 0.326609
v 2.464684 4.138322 0.401149
v 2.408686 4.157656 0.404939
v 0.259580 4.387301 -14.895962
v 0.366716 4.362123 -13.385138
v 0.108601 6.765637 -15.558173
v 0.145290 6.745266 -14.703668
v 0.000000 4.904662 4.284314
v -1.605572 4.904662 4.284314
v 1.841972 5.141062 0.808800
v 1.605572 4.904662 4.284314
v 1.723772 5.022862 -0.928957
v -1.841972 5.141062 0.808800
v -1.723772 5.022862 -0.928957
v 0.000000 5.022862 -0.928957
v 0.029558 5.657612 0.964724
v 1.106512 5.659674 0.885590
v -1.074137 5.659674 0.964724
v 0.029558 5.588371 -0.293463
v 0.002816 5.488807 3.367335
v -0.890869 5.445107 3.398245
v 0.896164 5.445107 3.398244
v 1.037262 5.588371 -0.372597
v -1.004888 5.588371 -0.293463
v -1.712930 5.012020 -1.088346
v -1.605572 4.904662 -2.666714
v 0.000000 4.272013 -3.754292
v 0.574193 4.272013 -3.754292
v 1.335553 4.953961 -2.572870
v -0.574193 4.272013 -3.754292
v 1.712930 5.012020 -1.088346
v 0.000000 5.012020 -1.088346
v 0.000000 5.039493 -2.700764
v 1.264296 5.086162 -2.611927
v -1.264296 5.086162 -2.611927
v -0.000000 5.123394 -1.467247
v 0.000000 4.571956 -3.504500
v -1.341968 5.123394 -1.467247
v 0.419908 4.571956 -3.504500
v -0.419908 4.571956 -3.504500
v 1.341968 5.123394 -1.467248
v -0.932066 5.488807 3.367335
v -1.109862 4.940662 3.755047
v -0.000000 4.984363 3.724137
v 1.109862 4.940662 3.755047
v 0.002816 5.445107 3.398245
v 0.937698 5.488807 3.367334
v -0.000000 4.971324 3.705704
v 0.002816 5.432068 3.379812
v -0.890869 5.432068 3.379812
v -1.040315 4.971324 3.705704
v 1.040877 4.971324 3.705703
v 0.896164 5.432068 3.379811
v -0.241438 5.515567 1.124723
v -0.241438 5.829478 1.124723
v -0.241438 5.515567 0.682367
v -0.241438 5.829478 0.682367
v 0.200918 5.515567 1.124723
v 0.200918 5.829478 1.124723
v 0.200918 5.515567 0.682367
v 0.200918 5.829478 0.682367
v -0.182064 6.029561 1.065349
v -0.182064 6.029561 0.741741
v 0.141544 6.029561 0.741741
v 0.141544 6.029561 1.065349
v -0.182064 6.176469 1.065349
v -0.182064 6.176469 0.741741
v 0.141544 6.176469 0.741741
v 0.141544 6.176469 1.065349
v -0.151805 6.229256 1.035090
v -0.151805 6.229256 0.772000
v 0.111284 6.229256 0.772000
v 0.111284 6.229256 1.035090
v -0.241438 5.578588 1.091852
v -0.241438 5.766456 1.091852
v -0.241438 5.766456 0.715239
v -0.241438 5.578588 0.715239
v -0.208567 5.578588 0.682367
v -0.208567 5.766456 0.682367
v 0.168046 5.766456 0.682367
v 0.168046 5.578588 0.682367
v 0.200918 5.578588 0.715239
v 0.200918 5.766456 0.715239
v 0.200918 5.766456 1.091852
v 0.200918 5.578588 1.091852
v 0.168046 5.578588 1.124723
v 0.168046 5.766456 1.124723
v -0.208567 5.766456 1.124723
v -0.208567 5.578588 1.124723
v -0.317408 5.578588 1.091852
v -0.317408 5.766456 1.091852
v -0.317408 5.578588 0.715239
v -0.317408 5.766456 0.715239
v -0.208567 5.766456 0.606398
v -0.208567 5.578588 0.606398
v 0.168046 5.578588 0.606398
v 0.168046 5.766456 0.606398
v 0.276887 5.766456 0.715239
v 0.276887 5.578588 0.715239
v 0.276887 5.578588 1.091852
v 0.276887 5.766456 1.091852
v 0.168046 5.766456 1.200693
v 0.168046 5.578588 1.200693
v -0.208567 5.578588 1.200693
v -0.208567 5.766456 1.200693
v -0.654843 5.599467 1.049996
v -0.654843 5.745577 1.049996
v -0.654843 5.599467 0.757094
v -0.654843 5.745577 0.757094
v -0.166711 5.745577 0.268962
v -0.166711 5.599467 0.268963
v 0.126191 5.599467 0.268962
v 0.126191 5.745577 0.268963
v 0.614323 5.745577 0.757094
v 0.614323 5.599467 0.757094
v 0.614323 5.599467 1.049996
v 0.614323 5.745577 1.049996
v 0.126191 5.745577 1.538128
v 0.126191 5.599467 1.538128
v -0.166711 5.599467 1.538128
v -0.166711 5.745577 1.538128
v -0.886220 5.599467 1.049996
v -0.886220 5.745577 1.049996
v -0.886220 5.599467 0.757094
v -0.886220 5.745577 0.757094
v -0.166711 5.745577 0.037585
v -0.166711 5.599467 0.037585
v 0.126191 5.599467 0.037585
v 0.126191 5.745577 0.037585
v 0.845700 5.745577 0.757094
v 0.845700 5.599467 0.757094
v 0.845700 5.599467 1.049996
v 0.845700 5.745577 1.049996
v 0.126191 5.745577 1.769506
v 0.126191 5.599467 1.769505
v -0.166711 5.599467 1.769506
v -0.166711 5.745577 1.769505
v -0.654843 6.129737 1.049996
v -0.654843 6.129737 0.757094
v -0.166711 6.129737 0.268962
v 0.126191 6.129737 0.268963
v 0.614323 6.129737 0.757094
v 0.614323 6.129737 1.049996
v 0.126191 6.129737 1.538128
v -0.166711 6.129737 1.538128
v -0.886220 6.129737 1.049996
v -0.886220 6.129737 0.757094
v -0.166711 6.129737 0.037585
v 0.126191 6.129737 0.037585
v 0.845700 6.129737 0.757094
v 0.845700 6.129737 1.049996
v 0.126191 6.129737 1.769506
v -0.166711 6.129737 1.769505
v 0.238555 6.356546 -14.903414
v 0.219959 6.474403 -14.955673
v 0.228475 6.422841 -15.074988
v 0.247071 6.304983 -15.022729
v 0.511750 6.399976 -14.902683
v 0.493153 6.517833 -14.954943
v 0.501669 6.466270 -15.074258
v 0.520266 6.348414 -15.021998
v 0.294842 6.322526 -15.026900
v 0.279308 6.420974 -15.070553
v 0.453898 6.448729 -15.070087
v 0.469432 6.350281 -15.026433
v 0.270792 6.472536 -14.951239
v 0.286326 6.374088 -14.907585
v 0.460916 6.401843 -14.907119
v 0.445383 6.500291 -14.950772
v 0.288559 6.360138 -14.913106
v 0.295672 6.317067 -15.012772
v 0.470262 6.344822 -15.012306
v 0.463149 6.387893 -14.912641
v 0.277076 6.434924 -15.065031
v 0.269962 6.477995 -14.965367
v 0.444553 6.505750 -14.964900
v 0.451666 6.462679 -15.064566
v 0.533029 5.827294 -16.622812
v 0.717622 5.521222 -16.514395
v 0.794064 5.515503 -16.511911
v 0.609471 5.821575 -16.620329
v 0.250484 7.001241 -13.357342
v 0.065890 7.307313 -13.465760
v 0.142333 7.301594 -13.463276
v 0.326925 6.995522 -13.354858
v 0.616481 4.796796 -14.226685
v 0.430247 4.885769 -14.007759
v 0.504834 4.879443 -14.038915
v 0.691068 4.790470 -14.257840
v 0.168887 8.032347 -15.719832
v 0.355121 7.943374 -15.938758
v 0.429708 7.937048 -15.969913
v 0.243474 8.026022 -15.750987
v 0.503371 6.455079 -15.045293
v 0.497731 6.489231 -14.966265
v 0.510048 6.411168 -14.931649
v 0.515688 6.377016 -15.010678
v 0.579183 6.483172 -14.973391
v 0.582960 6.460302 -15.026310
v 0.591208 6.408029 -15.003131
v 0.587431 6.430899 -14.950212
v 0.383596 6.514548 -14.691677
v 0.325076 6.506226 -14.690041
v 0.331338 6.582123 -14.721217
v 0.272818 6.573800 -14.719581
v 0.452758 6.127794 -14.872458
v 0.392782 6.120464 -14.856581
v 0.394334 6.137818 -14.813925
v 0.334357 6.130488 -14.798048
v 0.467406 6.249015 -15.258090
v 0.415148 6.316589 -15.287631
v 0.356628 6.308267 -15.285995
v 0.408886 6.240693 -15.256454
v 0.345890 6.684999 -15.163747
v 0.405867 6.692328 -15.179625
v 0.347443 6.702353 -15.121091
v 0.287466 6.695022 -15.105214
v 0.602356 5.732089 -16.878782
v 0.786949 5.426017 -16.770363
v 0.863391 5.420299 -16.767881
v 0.678798 5.726371 -16.876299
v 0.386218 7.096446 -13.101371
v 0.201625 7.402518 -13.209788
v 0.278068 7.396799 -13.207307
v 0.462660 7.090727 -13.098889
v 0.734436 4.554559 -14.102462
v 0.548202 4.643532 -13.883536
v 0.622789 4.637206 -13.914692
v 0.809023 4.548233 -14.133617
v 0.255996 8.274586 -15.844055
v 0.442230 8.185612 -16.062981
v 0.516817 8.179285 -16.094135
v 0.330583 8.268259 -15.875210
v 0.106296 6.436824 -14.928537
v 0.193813 6.444483 -14.928537
v 0.106296 6.436824 -15.052336
v 0.193813 6.444483 -15.052336
v 0.117088 6.313497 -14.928537
v 0.204606 6.321156 -14.928537
v 0.117088 6.313497 -15.052336
v 0.204606 6.321156 -15.052336
v 0.258507 6.421942 -14.956632
v 0.258507 6.421942 -15.024241
v 0.264401 6.354590 -15.024241
v 0.264401 6.354590 -14.956632
v 0.296569 6.425273 -14.956632
v 0.296569 6.425273 -15.024241
v 0.302463 6.357922 -15.024241
v 0.302463 6.357922 -14.956632
v 2.993614 4.770011 0.406513
v 2.989665 4.838968 0.412180
v 2.999089 4.764658 0.475475
v 2.995139 4.833615 0.481142
v 2.851899 4.899019 0.025879
v 2.890245 4.950458 0.584629
v 2.895867 4.894125 0.023313
v 2.934212 4.945564 0.582062
v 2.935600 4.874527 0.022390
v 2.973946 4.925965 0.581140
v 2.966307 4.842587 0.023223
v 3.004653 4.894026 0.581973
v 2.984284 4.802160 0.025711
v 3.022629 4.853599 0.584461
v 2.987361 4.758121 0.029554
v 3.025707 4.809560 0.588304
v 2.975169 4.715781 0.034289
v 3.013515 4.767220 0.593039
v 2.949178 4.680248 0.039344
v 2.987524 4.731687 0.598094
v 2.912522 4.655807 0.044109
v 2.950868 4.707246 0.602859
v 2.869623 4.645407 0.048011
v 2.907969 4.696846 0.606761
v 2.825656 4.650301 0.050578
v 2.864001 4.701740 0.609327
v 2.785922 4.669899 0.051500
v 2.824268 4.721338 0.610250
v 2.755215 4.701838 0.050667
v 2.793561 4.753277 0.609417
v 2.737239 4.742266 0.048179
v 2.775584 4.793705 0.606929
v 2.734161 4.786305 0.044336
v 2.772507 4.837744 0.603086
v 2.746353 4.828645 0.039601
v 2.784699 4.880084 0.598351
v 2.772345 4.864178 0.034547
v 2.810690 4.915617 0.593296
v 2.809000 4.888618 0.029781
v 2.847346 4.940057 0.588531
v 2.920407 4.852225 0.906066
v 2.920407 4.852225 0.906066
v 2.920407 4.852225 0.906066
v 2.920407 4.852225 0.906066
v 2.920407 4.852225 0.906066
v 2.920407 4.852225 0.906066
v 2.920407 4.852225 0.906066
v 2.920407 4.852225 0.906066
v 2.920407 4.852225 0.906066
v 2.920407 4.852225 0.906066
v 2.920407 4.852225 0.906066
v 2.920407 4.852225 0.906066
v 2.920407 4.852225 0.906066
v 2.920407 4.852225 0.906066
v 2.920407 4.852225 0.906066
v 2.920407 4.852225 0.906066
v 2.920407 4.852225 0.906066
v 2.920407 4.852225 0.906066
v 2.849942 4.849005 -0.042982
v 2.878887 4.845783 -0.044672
v 2.905044 4.832880 -0.045279
v 2.925259 4.811854 -0.044731
v 2.937093 4.785240 -0.043093
v 2.939120 4.756248 -0.040563
v 2.931093 4.728375 -0.037446
v 2.913983 4.704983 -0.034118
v 2.889851 4.688893 -0.030981
v 2.861610 4.682046 -0.028413
v 2.832665 4.685268 -0.026723
v 2.806508 4.698170 -0.026115
v 2.786293 4.719196 -0.026664
v 2.774459 4.745811 -0.028302
v 2.772432 4.774803 -0.030832
v 2.780459 4.802676 -0.033949
v 2.797570 4.826068 -0.037276
v 2.821701 4.842158 -0.040414
v 2.929009 4.901174 0.768826
v 2.948876 4.891375 0.768365
v 2.968660 4.812002 0.774314
v 2.955664 4.794235 0.776842
v 2.874037 4.789061 0.782920
v 2.858683 4.805031 0.782504
v 2.867248 4.886200 0.774443
v 2.885576 4.898421 0.772061
v 2.973217 4.855191 0.770026
v 2.974756 4.833172 0.771947
v 2.915887 4.776815 0.781175
v 2.893903 4.779262 0.782459
v 2.848156 4.847264 0.779338
v 2.854252 4.868434 0.776971
v 2.964229 4.875405 0.768782
v 2.937336 4.782015 0.779225
v 2.907025 4.903621 0.770110
v 2.849695 4.825244 0.781260
v 2.948471 4.890932 0.704361
v 2.955973 4.783578 0.713729
v 2.848794 4.795509 0.719986
v 2.878514 4.898719 0.708445
v 2.977072 4.826609 0.708319
v 2.887718 4.767030 0.719936
v 2.843897 4.865579 0.713871
v 2.965439 4.873283 0.704821
v 2.935718 4.770073 0.716362
v 2.838861 4.817848 0.718611
v 2.926515 4.901762 0.704870
v 2.970335 4.803213 0.710936
v 2.865762 4.777860 0.720446
v 2.858259 4.885214 0.711078
v 2.975372 4.850944 0.706196
v 2.912013 4.764326 0.718518
v 2.837160 4.842183 0.716488
v 2.902219 4.904466 0.706289
v 2.926515 4.901762 0.704870
v 2.925610 4.896615 0.719302
v 2.970335 4.803213 0.710936
v 2.965261 4.807443 0.724790
v 2.865762 4.777860 0.720446
v 2.870638 4.784502 0.733396
v 2.858259 4.885214 0.711078
v 2.863849 4.881641 0.724919
v 2.975372 4.850944 0.706196
v 2.969819 4.850632 0.720501
v 2.912013 4.764326 0.718518
v 2.912488 4.772255 0.731651
v 2.837160 4.842183 0.716488
v 2.844757 4.842705 0.729814
v 2.902219 4.904466 0.706289
v 2.903626 4.899062 0.720585
v 2.846296 4.820685 0.731735
v 2.933938 4.777456 0.729700
v 2.960830 4.870846 0.719257
v 2.850853 4.863874 0.727446
v 2.890505 4.774703 0.732934
v 2.971358 4.828612 0.722423
v 2.882177 4.893862 0.722536
v 2.855284 4.800471 0.732979
v 2.952266 4.789676 0.727317
v 2.945477 4.886815 0.718841
v 2.948471 4.890932 0.704361
v 2.955973 4.783578 0.713729
v 2.848794 4.795509 0.719986
v 2.878514 4.898719 0.708445
v 2.977072 4.826609 0.708319
v 2.887718 4.767030 0.719936
v 2.843897 4.865579 0.713871
v 2.965439 4.873283 0.704821
v 2.935718 4.770073 0.716362
v 2.838861 4.817848 0.718611
v 2.925803 4.899610 0.702907
v 2.924899 4.894463 0.717339
v 2.968355 4.803916 0.708797
v 2.963281 4.808145 0.722651
v 2.866810 4.779296 0.718032
v 2.871686 4.785938 0.730981
v 2.859524 4.883541 0.708935
v 2.865114 4.879969 0.722776
v 2.973245 4.850264 0.704194
v 2.967692 4.849952 0.718500
v 2.911721 4.766154 0.716160
v 2.912197 4.774084 0.729293
v 2.839036 4.841757 0.714188
v 2.846634 4.842278 0.727514
v 2.902211 4.902236 0.704284
v 2.903619 4.896832 0.718581
v 2.848123 4.820963 0.729374
v 2.932960 4.779118 0.727404
v 2.958992 4.869519 0.717295
v 2.852535 4.862771 0.725222
v 2.890917 4.776453 0.730535
v 2.969182 4.828637 0.720360
v 2.882855 4.891798 0.720469
v 2.856824 4.801397 0.730578
v 2.950701 4.790947 0.725098
v 2.944130 4.884977 0.716892
v 2.947123 4.889094 0.702412
v 2.954409 4.784849 0.711509
v 2.850333 4.796434 0.717585
v 2.879193 4.896656 0.706378
v 2.974897 4.826633 0.706256
v 2.888130 4.768780 0.717537
v 2.845578 4.864475 0.711647
v 2.963600 4.871956 0.702859
v 2.934740 4.771735 0.714066
v 2.840688 4.818126 0.716250
v 2.954839 4.899691 0.673555
v 2.961208 4.908449 0.642750
v 2.967577 4.917207 0.611945
v 2.963861 4.770606 0.684820
v 2.971748 4.757633 0.655911
v 2.979636 4.744660 0.627002
v 2.834986 4.784951 0.692344
v 2.821177 4.774393 0.664702
v 2.807369 4.763835 0.637059
v 2.870722 4.909054 0.678466
v 2.862930 4.919388 0.648488
v 2.855138 4.929723 0.618509
v 2.989231 4.822347 0.678316
v 3.001390 4.818084 0.648312
v 3.013548 4.813822 0.618308
v 2.881788 4.750708 0.692284
v 2.875859 4.734385 0.664632
v 2.869930 4.718062 0.636980
v 2.829097 4.869205 0.684991
v 2.814298 4.872831 0.656111
v 2.799498 4.876457 0.627231
v 2.975242 4.878469 0.674109
v 2.985046 4.883655 0.643397
v 2.994849 4.888841 0.612685
v 2.939506 4.754366 0.687986
v 2.943293 4.738659 0.659611
v 2.947080 4.722953 0.631235
v 2.823042 4.811812 0.690691
v 2.807222 4.805776 0.662770
v 2.791404 4.799740 0.634849
v 2.932288 4.934613 0.612764
v 2.930364 4.923663 0.643466
v 2.928439 4.912712 0.674168
v 3.002720 4.776218 0.622513
v 2.991925 4.785216 0.651987
v 2.981130 4.794215 0.681461
v 2.834641 4.735469 0.637799
v 2.845015 4.749599 0.665348
v 2.855388 4.763730 0.692897
v 2.822582 4.908016 0.622742
v 2.834475 4.900415 0.652187
v 2.846367 4.892815 0.681633
v 3.010815 4.852935 0.614895
v 2.999001 4.852272 0.645328
v 2.987186 4.851608 0.675762
v 2.908980 4.713716 0.634700
v 2.909991 4.730586 0.662639
v 2.911002 4.747456 0.690579
v 2.788670 4.838854 0.631436
v 2.804833 4.839963 0.659787
v 2.820997 4.841073 0.688137
v 2.893238 4.938960 0.615044
v 2.896232 4.927462 0.645459
v 2.899225 4.915964 0.675874
v 2.964393 4.912828 0.627348
v 2.975692 4.751146 0.641457
v 2.814273 4.769114 0.650880
v 2.859034 4.924556 0.633498
v 3.007469 4.815953 0.633310
v 2.872895 4.726223 0.650806
v 2.806898 4.874644 0.641671
v 2.989947 4.886248 0.628041
v 2.945187 4.730806 0.645423
v 2.799313 4.802758 0.648810
v 2.931326 4.929138 0.628115
v 2.997323 4.780717 0.637250
v 2.839828 4.742534 0.651574
v 2.828528 4.904216 0.637465
v 3.004908 4.852603 0.630112
v 2.909485 4.722151 0.648670
v 2.796751 4.839409 0.645611
v 2.894735 4.933211 0.630252
v 2.957952 4.903971 0.658501
v 2.967716 4.764266 0.670693
v 2.828238 4.779791 0.678835
v 2.866914 4.914104 0.663816
v 2.995173 4.820264 0.663653
v 2.878891 4.742731 0.678771
v 2.821865 4.870977 0.670878
v 2.980033 4.881003 0.659100
v 2.941356 4.746691 0.674120
v 2.815311 4.808863 0.677046
v 2.929380 4.918064 0.659165
v 2.986406 4.789817 0.667058
v 2.850319 4.756824 0.679434
v 2.840555 4.896529 0.667243
v 2.992960 4.851933 0.660890
v 2.910508 4.739212 0.676925
v 2.813098 4.840531 0.674283
v 2.897763 4.921583 0.661011
v 2.856437 4.905106 0.091999
v 2.900404 4.900212 0.089432
v 2.940138 4.880613 0.088509
v 2.970845 4.848674 0.089342
v 2.988821 4.808247 0.091830
v 2.991899 4.764208 0.095673
v 2.979707 4.721868 0.100408
v 2.953716 4.686335 0.105463
v 2.917060 4.661894 0.110229
v 2.874161 4.651494 0.114130
v 2.830193 4.656388 0.116697
v 2.790460 4.675986 0.117619
v 2.759753 4.707925 0.116786
v 2.741776 4.748353 0.114298
v 2.738699 4.792392 0.110455
v 2.750891 4.834732 0.105721
v 2.776882 4.870265 0.100666
v 2.813538 4.894705 0.095900
v 2.857532 4.906575 0.107953
v 2.902677 4.903260 0.122546
v 2.942410 4.883662 0.121623
v 2.973117 4.851723 0.122456
v 2.991094 4.811296 0.124944
v 2.994172 4.767256 0.128787
v 2.981979 4.724916 0.133522
v 2.955988 4.689384 0.138577
v 2.919332 4.664943 0.143342
v 2.876434 4.654542 0.147244
v 2.832466 4.659436 0.149811
v 2.792732 4.679035 0.150733
v 2.762025 4.710974 0.149900
v 2.744049 4.751401 0.147412
v 2.740971 4.795441 0.143569
v 2.753163 4.837780 0.138835
v 2.779155 4.873313 0.133780
v 2.815810 4.897754 0.129014
v 2.845803 4.843452 -0.103299
v 2.874748 4.840230 -0.104988
v 2.900905 4.827328 -0.105596
v 2.921120 4.806302 -0.105047
v 2.932954 4.779687 -0.103409
v 2.934980 4.750695 -0.100879
v 2.926954 4.722822 -0.097763
v 2.909843 4.699430 -0.094435
v 2.885712 4.683340 -0.091298
v 2.857471 4.676493 -0.088729
v 2.828526 4.679715 -0.087039
v 2.802368 4.692617 -0.086432
v 2.782153 4.713644 -0.086980
v 2.770319 4.740258 -0.088618
v 2.768293 4.769250 -0.091148
v 2.776319 4.797123 -0.094265
v 2.793430 4.820515 -0.097593
v 2.817561 4.836605 -0.100730
v 2.840776 4.863390 -0.153825
v 2.878180 4.859227 -0.156009
v 2.911980 4.842554 -0.156793
v 2.938102 4.815384 -0.156085
v 2.953395 4.780993 -0.153968
v 2.956013 4.743529 -0.150699
v 2.945641 4.707511 -0.146671
v 2.923531 4.677283 -0.142371
v 2.892348 4.656492 -0.138317
v 2.855854 4.647644 -0.134998
v 2.818451 4.651807 -0.132814
v 2.784650 4.668480 -0.132030
v 2.758528 4.695650 -0.132738
v 2.743236 4.730042 -0.134855
v 2.740618 4.767505 -0.138124
v 2.750989 4.803523 -0.142152
v 2.773100 4.833751 -0.146452
v 2.804282 4.854543 -0.150506
v 2.838470 4.806300 -0.233394
v 2.858756 4.804042 -0.234579
v 2.877088 4.795000 -0.235004
v 2.891255 4.780264 -0.234620
v 2.899549 4.761612 -0.233472
v 2.900969 4.741293 -0.231699
v 2.895344 4.721759 -0.229514
v 2.883352 4.705365 -0.227182
v 2.866440 4.694089 -0.224983
v 2.846648 4.689290 -0.223183
v 2.826362 4.691548 -0.221999
v 2.808030 4.700591 -0.221574
v 2.793863 4.715326 -0.221958
v 2.785569 4.733978 -0.223106
v 2.784149 4.754297 -0.224879
v 2.789774 4.773831 -0.227063
v 2.801766 4.790225 -0.229395
v 2.818678 4.801502 -0.231594
v 2.835020 4.855668 -0.237702
v 2.872423 4.851505 -0.239886
v 2.906224 4.834833 -0.240671
v 2.932346 4.807662 -0.239962
v 2.947638 4.773271 -0.237845
v 2.950257 4.735807 -0.234576
v 2.939885 4.699789 -0.230549
v 2.917774 4.669561 -0.226248
v 2.886592 4.648770 -0.222194
v 2.850098 4.639922 -0.218875
v 2.812695 4.644085 -0.216692
v 2.778894 4.660758 -0.215907
v 2.752772 4.687928 -0.216616
v 2.737479 4.722320 -0.218732
v 2.734861 4.759783 -0.222001
v 2.745233 4.795801 -0.226029
v 2.767344 4.826029 -0.230329
v 2.798526 4.846821 -0.234383
v 2.844649 4.814589 -0.143360
v 2.864935 4.812331 -0.144544
v 2.883266 4.803288 -0.144970
v 2.897434 4.788553 -0.144586
v 2.905728 4.769901 -0.143438
v 2.907148 4.749582 -0.141665
v 2.901522 4.730048 -0.139480
v 2.889531 4.713654 -0.137148
v 2.872619 4.702377 -0.134949
v 2.852827 4.697579 -0.133149
v 2.832541 4.699837 -0.131965
v 2.814209 4.708879 -0.131539
v 2.800042 4.723615 -0.131924
v 2.791748 4.742267 -0.133072
v 2.790328 4.762586 -0.134845
v 2.795953 4.782120 -0.137029
v 2.807945 4.798514 -0.139361
v 2.824857 4.809790 -0.141560
v 3.065802 4.847387 -0.262286
v 3.078634 4.848200 -0.263241
v 2.902637 4.505661 -0.219629
v 2.903092 4.499156 -0.219061
v 2.701637 4.947059 -0.246470
v 2.700327 4.965791 -0.248105
v 3.062738 4.843277 -0.306927
v 3.075570 4.844090 -0.307883
v 2.899574 4.501552 -0.264270
v 2.900028 4.495047 -0.263703
v 2.698573 4.942949 -0.291112
v 2.697264 4.961681 -0.292746
v 2.834634 4.836553 -0.259162
v 2.866141 4.833045 -0.261001
v 2.894614 4.819001 -0.261663
v 2.916619 4.796113 -0.261066
v 2.929501 4.767143 -0.259283
v 2.931706 4.735584 -0.256529
v 2.922969 4.705244 -0.253136
v 2.904344 4.679781 -0.249514
v 2.878076 4.662267 -0.246098
v 2.847335 4.654814 -0.243303
v 2.815828 4.658321 -0.241463
v 2.787355 4.672365 -0.240802
v 2.765350 4.695252 -0.241399
v 2.752468 4.724223 -0.243182
v 2.750263 4.755781 -0.245936
v 2.759000 4.786122 -0.249329
v 2.777625 4.811585 -0.252951
v 2.803892 4.829100 -0.256366
v 2.837540 4.794966 -0.255533
v 2.854628 4.793064 -0.256531
v 2.870070 4.785447 -0.256889
v 2.882004 4.773034 -0.256565
v 2.888991 4.757322 -0.255598
v 2.890187 4.740206 -0.254105
v 2.885449 4.723751 -0.252265
v 2.875347 4.709941 -0.250300
v 2.861101 4.700442 -0.248448
v 2.844429 4.696400 -0.246932
v 2.827341 4.698302 -0.245934
v 2.811898 4.705919 -0.245576
v 2.799964 4.718332 -0.245899
v 2.792978 4.734044 -0.246866
v 2.791781 4.751160 -0.248360
v 2.796520 4.767615 -0.250200
v 2.806622 4.781425 -0.252165
v 2.820868 4.790924 -0.254017
v 2.971924 4.829372 0.730677
v 2.972490 4.830132 0.738931
v 2.973057 4.830892 0.747185
v 2.973623 4.831652 0.755439
v 2.974190 4.832412 0.763693
v 2.891071 4.775463 0.741188
v 2.891638 4.776222 0.749443
v 2.892204 4.776982 0.757697
v 2.892770 4.777742 0.765951
v 2.893337 4.778502 0.774205
v 2.873470 4.788301 0.774666
v 2.872904 4.787541 0.766412
v 2.872337 4.786781 0.758158
v 2.871771 4.786022 0.749904
v 2.871204 4.785262 0.741650
v 2.926177 4.897375 0.727556
v 2.926743 4.898134 0.735810
v 2.927310 4.898894 0.744064
v 2.927876 4.899654 0.752318
v 2.928442 4.900414 0.760572
v 2.948309 4.890615 0.760111
v 2.947743 4.889855 0.751857
v 2.947176 4.889095 0.743603
v 2.946610 4.888335 0.735349
v 2.946043 4.887575 0.727095
v 2.851420 4.864635 0.735700
v 2.851986 4.865395 0.743955
v 2.852553 4.866154 0.752209
v 2.853119 4.866914 0.760463
v 2.853686 4.867674 0.768717
v 2.866681 4.885440 0.766189
v 2.866115 4.884681 0.757935
v 2.865548 4.883921 0.749681
v 2.864982 4.883161 0.741427
v 2.864416 4.882401 0.733173
v 2.965828 4.808203 0.733044
v 2.966394 4.808962 0.741298
v 2.966961 4.809722 0.749552
v 2.967527 4.810482 0.757806
v 2.968094 4.811242 0.766060
v 2.955098 4.793476 0.768588
v 2.954532 4.792716 0.760334
v 2.953965 4.791956 0.752080
v 2.953399 4.791196 0.743826
v 2.952832 4.790436 0.735572
v 2.961397 4.871606 0.727511
v 2.961963 4.872365 0.735765
v 2.962530 4.873126 0.744019
v 2.963096 4.873885 0.752273
v 2.963663 4.874645 0.760528
v 2.972651 4.854432 0.761772
v 2.972085 4.853672 0.753518
v 2.971518 4.852912 0.745263
v 2.970951 4.852152 0.737009
v 2.970385 4.851392 0.728755
v 2.906459 4.902861 0.761856
v 2.905892 4.902101 0.753602
v 2.905326 4.901341 0.745347
v 2.904759 4.900581 0.737093
v 2.904193 4.899822 0.728839
v 2.882743 4.894621 0.730790
v 2.883310 4.895381 0.739044
v 2.883876 4.896141 0.747298
v 2.884443 4.896901 0.755552
v 2.885009 4.897661 0.763807
v 2.849128 4.824484 0.773006
v 2.848562 4.823725 0.764751
v 2.847996 4.822965 0.756497
v 2.847429 4.822205 0.748243
v 2.846863 4.821445 0.739989
v 2.855851 4.801231 0.741233
v 2.856417 4.801991 0.749487
v 2.856984 4.802751 0.757741
v 2.857550 4.803511 0.765995
v 2.858117 4.804271 0.774250
v 2.936770 4.781255 0.770971
v 2.936204 4.780495 0.762717
v 2.935637 4.779736 0.754462
v 2.935071 4.778975 0.746208
v 2.934504 4.778215 0.737954
v 2.845324 4.843465 0.738068
v 2.845890 4.844224 0.746322
v 2.846457 4.844985 0.754576
v 2.847023 4.845744 0.762830
v 2.847590 4.846504 0.771084
v 2.913055 4.773015 0.739905
v 2.913621 4.773775 0.748159
v 2.914188 4.774535 0.756413
v 2.914754 4.775295 0.764667
v 2.915321 4.776055 0.772921
v 2.812360 4.893126 0.078740
v 2.855259 4.903526 0.074839
v 2.775705 4.868685 0.083506
v 2.749713 4.833152 0.088561
v 2.737521 4.790812 0.093295
v 2.740599 4.746773 0.097139
v 2.758575 4.706346 0.099627
v 2.789282 4.674407 0.100460
v 2.829015 4.654808 0.099537
v 2.872983 4.649914 0.096970
v 2.915882 4.660315 0.093069
v 2.952538 4.684755 0.088303
v 2.978529 4.720288 0.083248
v 2.990721 4.762628 0.078514
v 2.987643 4.806667 0.074671
v 2.969667 4.847095 0.072183
v 2.938960 4.879034 0.071350
v 2.899227 4.898632 0.072272
v 2.814633 4.896174 0.111854
v 2.858709 4.908154 0.125113
v 2.777977 4.871734 0.116620
v 2.751986 4.836200 0.121675
v 2.739794 4.793860 0.126409
v 2.742871 4.749822 0.130252
v 2.760848 4.709394 0.132741
v 2.791555 4.677455 0.133574
v 2.831288 4.657856 0.132651
v 2.875256 4.652962 0.130084
v 2.918155 4.663363 0.126183
v 2.954810 4.687804 0.121417
v 2.980802 4.723337 0.116362
v 2.992994 4.765676 0.111628
v 2.989916 4.809716 0.107785
v 2.971940 4.850143 0.105296
v 2.941233 4.882082 0.104463
v 2.901499 4.901680 0.105386
v 2.902689 4.906522 0.099941
v 2.902260 4.905947 0.093694
v 2.944146 4.886074 0.098978
v 2.943717 4.885499 0.092732
v 2.976185 4.852749 0.099848
v 2.975756 4.852174 0.093601
v 2.994941 4.810568 0.102444
v 2.994512 4.809993 0.096197
v 2.998152 4.764618 0.106453
v 2.997724 4.764043 0.100206
v 2.985431 4.720442 0.111393
v 2.985003 4.719867 0.105146
v 2.958313 4.683368 0.116668
v 2.957884 4.682793 0.110421
v 2.920067 4.657866 0.121640
v 2.919638 4.657291 0.115393
v 2.875307 4.647015 0.125711
v 2.874878 4.646440 0.119464
v 2.829432 4.652122 0.128389
v 2.829004 4.651546 0.122142
v 2.787975 4.672570 0.129351
v 2.787546 4.671995 0.123104
v 2.755936 4.705894 0.128482
v 2.755508 4.705319 0.122235
v 2.737180 4.748075 0.125886
v 2.736751 4.747500 0.119639
v 2.733969 4.794025 0.121876
v 2.733540 4.793450 0.115629
v 2.746690 4.838202 0.116937
v 2.746261 4.837626 0.110690
v 2.773808 4.875276 0.111662
v 2.773380 4.874701 0.105415
v 2.812054 4.900777 0.106690
v 2.811626 4.900202 0.100443
v 2.856385 4.911054 0.096372
v 2.856814 4.911629 0.102619
v 3.094483 4.417109 0.034754
v 3.132829 4.468548 0.593504
v 3.138451 4.412215 0.032187
v 3.176796 4.463654 0.590937
v 3.178184 4.392616 0.031265
v 3.216530 4.444055 0.590015
v 3.208891 4.360677 0.032098
v 3.247236 4.412116 0.590847
v 3.226867 4.320250 0.034586
v 3.265213 4.371689 0.593336
v 3.229946 4.276211 0.038429
v 3.268291 4.327650 0.597179
v 3.217753 4.233871 0.043163
v 3.256099 4.285310 0.601913
v 3.191762 4.198338 0.048218
v 3.230108 4.249777 0.606968
v 3.155106 4.173897 0.052984
v 3.193452 4.225336 0.611734
v 3.112207 4.163496 0.056885
v 3.150553 4.214935 0.615635
v 3.068240 4.168391 0.059452
v 3.106585 4.219830 0.618202
v 3.028506 4.187989 0.060375
v 3.066852 4.239428 0.619125
v 2.997799 4.219928 0.059542
v 3.036145 4.271367 0.618292
v 2.979823 4.260355 0.057054
v 3.018169 4.311794 0.615804
v 2.976745 4.304395 0.053211
v 3.015091 4.355834 0.611960
v 2.988937 4.346735 0.048476
v 3.027283 4.398173 0.607226
v 3.014929 4.382267 0.043421
v 3.053274 4.433707 0.602171
v 3.051584 4.406708 0.038656
v 3.089930 4.458147 0.597405
v 3.162991 4.370315 0.914940
v 3.162991 4.370315 0.914940
v 3.162991 4.370315 0.914940
v 3.162991 4.370315 0.914940
v 3.162991 4.370315 0.914940
v 3.162991 4.370315 0.914940
v 3.162991 4.370315 0.914940
v 3.162991 4.370315 0.914940
v 3.162991 4.370315 0.914940
v 3.162991 4.370315 0.914940
v 3.162991 4.370315 0.914940
v 3.162991 4.370315 0.914940
v 3.162991 4.370315 0.914940
v 3.162991 4.370315 0.914940
v 3.162991 4.370315 0.914940
v 3.162991 4.370315 0.914940
v 3.162991 4.370315 0.914940
v 3.162991 4.370315 0.914940
v 3.092526 4.367095 -0.034108
v 3.121471 4.363873 -0.035797
v 3.147628 4.350970 -0.036405
v 3.167843 4.329945 -0.035856
v 3.179677 4.303330 -0.034218
v 3.181704 4.274338 -0.031688
v 3.173677 4.246465 -0.028571
v 3.156567 4.223073 -0.025244
v 3.132435 4.206983 -0.022106
v 3.104194 4.200136 -0.019538
v 3.075249 4.203358 -0.017848
v 3.049092 4.216260 -0.017241
v 3.028877 4.237286 -0.017789
v 3.017043 4.263900 -0.019427
v 3.015016 4.292892 -0.021957
v 3.023043 4.320765 -0.025074
v 3.040154 4.344158 -0.028402
v 3.064285 4.360248 -0.031539
v 3.171593 4.419264 0.777701
v 3.191460 4.409465 0.777240
v 3.211244 4.330092 0.783189
v 3.198249 4.312325 0.785717
v 3.116621 4.307151 0.791795
v 3.101267 4.323121 0.791378
v 3.109832 4.404290 0.783318
v 3.128160 4.416511 0.780935
v 3.215801 4.373281 0.778900
v 3.217340 4.351262 0.780822
v 3.158471 4.294905 0.790050
v 3.136487 4.297352 0.791334
v 3.090740 4.365354 0.788213
v 3.096836 4.386524 0.785845
v 3.206813 4.393495 0.777656
v 3.179921 4.300105 0.788099
v 3.149609 4.421711 0.778984
v 3.092279 4.343334 0.790134
v 3.191055 4.409022 0.713235
v 3.198557 4.301668 0.722603
v 3.091378 4.313599 0.728861
v 3.121098 4.416809 0.717319
v 3.219657 4.344699 0.717194
v 3.130302 4.285120 0.728811
v 3.086481 4.383669 0.722746
v 3.208023 4.391373 0.713696
v 3.178302 4.288163 0.725237
v 3.081445 4.335938 0.727486
v 3.169099 4.419852 0.713745
v 3.212919 4.321303 0.719810
v 3.108346 4.295950 0.729321
v 3.100843 4.403304 0.719953
v 3.217956 4.369034 0.715070
v 3.154597 4.282416 0.727393
v 3.079744 4.360273 0.725362
v 3.144803 4.422556 0.715163
v 3.169099 4.419852 0.713745
v 3.168194 4.414704 0.728176
v 3.212919 4.321303 0.719810
v 3.207845 4.325533 0.733665
v 3.108346 4.295950 0.729321
v 3.113222 4.302592 0.742270
v 3.100843 4.403304 0.719953
v 3.106433 4.399731 0.733793
v 3.217956 4.369034 0.715070
v 3.212403 4.368722 0.729376
v 3.154597 4.282416 0.727393
v 3.155072 4.290345 0.740525
v 3.079744 4.360273 0.725362
v 3.087341 4.360795 0.738688
v 3.144803 4.422556 0.715163
v 3.146210 4.417151 0.729460
v 3.088880 4.338775 0.740610
v 3.176522 4.295546 0.738575
v 3.203414 4.388936 0.728132
v 3.093437 4.381965 0.736321
v 3.133089 4.292792 0.741809
v 3.213942 4.346703 0.731297
v 3.124761 4.411952 0.731411
v 3.097868 4.318562 0.741854
v 3.194850 4.307766 0.736192
v 3.188061 4.404905 0.727715
v 3.191055 4.409022 0.713235
v 3.198557 4.301668 0.722603
v 3.091378 4.313599 0.728861
v 3.121098 4.416809 0.717319
v 3.219657 4.344699 0.717194
v 3.130302 4.285120 0.728811
v 3.086481 4.383669 0.722746
v 3.208023 4.391373 0.713696
v 3.178302 4.288163 0.725237
v 3.081445 4.335938 0.727486
v 3.168387 4.417700 0.711782
v 3.167483 4.412553 0.726213
v 3.210939 4.322005 0.717671
v 3.205865 4.326235 0.731526
v 3.109394 4.297386 0.726907
v 3.114270 4.304029 0.739856
v 3.102108 4.401631 0.717810
v 3.107698 4.398058 0.731651
v 3.215830 4.368354 0.713069
v 3.210276 4.368042 0.727374
v 3.154306 4.284244 0.725034
v 3.154781 4.292174 0.738167
v 3.081620 4.359847 0.723062
v 3.089218 4.360368 0.736389
v 3.144795 4.420326 0.713159
v 3.146203 4.414922 0.727456
v 3.090707 4.339053 0.738249
v 3.175544 4.297208 0.736279
v 3.201576 4.387609 0.726170
v 3.095119 4.380860 0.734097
v 3.133501 4.294543 0.739409
v 3.211766 4.346727 0.729234
v 3.125440 4.409888 0.729344
v 3.099408 4.319487 0.739453
v 3.193285 4.309037 0.733972
v 3.186714 4.403067 0.725767
v 3.189707 4.407184 0.711287
v 3.196993 4.302939 0.720384
v 3.092917 4.314524 0.726460
v 3.121777 4.414745 0.715253
v 3.217481 4.344724 0.715131
v 3.130714 4.286870 0.726412
v 3.088162 4.382565 0.720522
v 3.206184 4.390046 0.711734
v 3.177324 4.289825 0.722941
v 3.083272 4.336216 0.725125
v 3.197423 4.417780 0.682430
v 3.203792 4.426538 0.651625
v 3.210161 4.435297 0.620820
v 3.206445 4.288695 0.693695
v 3.214332 4.275723 0.664786
v 3.222220 4.262750 0.635877
v 3.077570 4.303041 0.701218
v 3.063761 4.292483 0.673576
v 3.049953 4.281925 0.645934
v 3.113306 4.427144 0.687341
v 3.105514 4.437478 0.657362
v 3.097722 4.447813 0.627384
v 3.231815 4.340436 0.687190
v 3.243973 4.336174 0.657186
v 3.256132 4.331912 0.627182
v 3.124372 4.268797 0.701159
v 3.118443 4.252475 0.673507
v 3.112514 4.236152 0.645854
v 3.071681 4.387295 0.693866
v 3.056882 4.390921 0.664986
v 3.042082 4.394547 0.636106
v 3.217826 4.396559 0.682984
v 3.227630 4.401745 0.652272
v 3.237433 4.406930 0.621560
v 3.182090 4.272456 0.696861
v 3.185877 4.256749 0.668485
v 3.189665 4.241043 0.640109
v 3.065626 4.329902 0.699565
v 3.049806 4.323866 0.671645
v 3.033988 4.317830 0.643724
v 3.174872 4.452703 0.621639
v 3.172948 4.441753 0.652341
v 3.171023 4.430802 0.683043
v 3.245304 4.294308 0.631387
v 3.234509 4.303307 0.660862
v 3.223714 4.312304 0.690336
v 3.077225 4.253559 0.646674
v 3.087599 4.267689 0.674223
v 3.097972 4.281819 0.701772
v 3.065166 4.426106 0.631616
v 3.077059 4.418505 0.661062
v 3.088951 4.410904 0.690507
v 3.253399 4.371025 0.623769
v 3.241585 4.370361 0.654203
v 3.229770 4.369698 0.684637
v 3.151564 4.231806 0.643575
v 3.152575 4.248675 0.671514
v 3.153586 4.265546 0.699453
v 3.031254 4.356944 0.640311
v 3.047417 4.358053 0.668661
v 3.063581 4.359163 0.697012
v 3.135822 4.457050 0.623919
v 3.138816 4.445552 0.654334
v 3.141809 4.434054 0.684749
v 3.206977 4.430918 0.636222
v 3.218276 4.269236 0.650331
v 3.056857 4.287204 0.659755
v 3.101618 4.442646 0.642373
v 3.250053 4.334043 0.642184
v 3.115479 4.244314 0.659680
v 3.049482 4.392735 0.650546
v 3.232531 4.404337 0.636916
v 3.187771 4.248896 0.654297
v 3.041897 4.320848 0.657684
v 3.173910 4.447228 0.636990
v 3.239907 4.298807 0.646125
v 3.082412 4.260624 0.660448
v 3.071113 4.422306 0.646339
v 3.247492 4.370693 0.638986
v 3.152070 4.240241 0.657544
v 3.039335 4.357499 0.654486
v 3.137319 4.451301 0.639126
v 3.200536 4.422060 0.667376
v 3.210299 4.282356 0.679567
v 3.070822 4.297881 0.687710
v 3.109498 4.432194 0.672691
v 3.237757 4.338354 0.672528
v 3.121475 4.260821 0.687645
v 3.064449 4.389067 0.679753
v 3.222617 4.399093 0.667975
v 3.183940 4.264781 0.682994
v 3.057895 4.326952 0.685921
v 3.171964 4.436153 0.668039
v 3.228990 4.307908 0.675932
v 3.092903 4.274914 0.688309
v 3.083139 4.414618 0.676118
v 3.235544 4.370022 0.669764
v 3.153092 4.257301 0.685800
v 3.055682 4.358621 0.683157
v 3.140347 4.439673 0.669885
v 3.099021 4.423196 0.100873
v 3.142988 4.418302 0.098306
v 3.182722 4.398703 0.097384
v 3.213429 4.366764 0.098217
v 3.231405 4.326337 0.100705
v 3.234483 4.282298 0.104548
v 3.222291 4.239958 0.109283
v 3.196300 4.204425 0.114337
v 3.159644 4.179984 0.119103
v 3.116745 4.169583 0.123005
v 3.072777 4.174478 0.125571
v 3.033044 4.194076 0.126494
v 3.002337 4.226015 0.125661
v 2.984361 4.266443 0.123173
v 2.981283 4.310482 0.119330
v 2.993475 4.352821 0.114595
v 3.019466 4.388354 0.109540
v 3.056122 4.412796 0.104775
v 3.100116 4.424664 0.116827
v 3.145261 4.421350 0.131420
v 3.184994 4.401752 0.130498
v 3.215701 4.369813 0.131331
v 3.233678 4.329386 0.133819
v 3.236756 4.285346 0.137662
v 3.224563 4.243007 0.142396
v 3.198572 4.207473 0.147451
v 3.161916 4.183033 0.152217
v 3.119018 4.172632 0.156119
v 3.075050 4.177526 0.158685
v 3.035316 4.197124 0.159608
v 3.004610 4.229064 0.158775
v 2.986633 4.269491 0.156287
v 2.983555 4.313530 0.152444
v 2.995747 4.355870 0.147709
v 3.021739 4.391403 0.142654
v 3.058394 4.415844 0.137889
v 3.088387 4.361542 -0.094424
v 3.117332 4.358320 -0.096114
v 3.143489 4.345418 -0.096721
v 3.163704 4.324391 -0.096173
v 3.175538 4.297777 -0.094535
v 3.177564 4.268785 -0.092005
v 3.169538 4.240912 -0.088888
v 3.152427 4.217520 -0.085560
v 3.128296 4.201430 -0.082423
v 3.100055 4.194583 -0.079854
v 3.071110 4.197805 -0.078165
v 3.044952 4.210707 -0.077557
v 3.024737 4.231733 -0.078106
v 3.012903 4.258348 -0.079744
v 3.010877 4.287340 -0.082274
v 3.018903 4.315213 -0.085391
v 3.036014 4.338605 -0.088718
v 3.060145 4.354695 -0.091856
v 3.083360 4.381480 -0.144950
v 3.120764 4.377316 -0.147134
v 3.154564 4.360644 -0.147919
v 3.180686 4.333474 -0.147210
v 3.195979 4.299083 -0.145093
v 3.198597 4.261619 -0.141824
v 3.188225 4.225601 -0.137797
v 3.166115 4.195373 -0.133496
v 3.134932 4.174582 -0.129442
v 3.098438 4.165734 -0.126123
v 3.061035 4.169898 -0.123940
v 3.027234 4.186570 -0.123155
v 3.001112 4.213740 -0.123864
v 2.985820 4.248131 -0.125980
v 2.983202 4.285595 -0.129249
v 2.993573 4.321613 -0.133277
v 3.015684 4.351841 -0.137577
v 3.046867 4.372633 -0.141631
v 3.081054 4.324390 -0.224520
v 3.101340 4.322132 -0.225704
v 3.119672 4.313090 -0.226130
v 3.133839 4.298354 -0.225745
v 3.142133 4.279702 -0.224597
v 3.143553 4.259383 -0.222824
v 3.137928 4.239849 -0.220640
v 3.125936 4.223455 -0.218308
v 3.109024 4.212179 -0.216109
v 3.089232 4.207380 -0.214309
v 3.068946 4.209638 -0.213125
v 3.050614 4.218680 -0.212699
v 3.036447 4.233417 -0.213083
v 3.028153 4.252069 -0.214231
v 3.026733 4.272387 -0.216004
v 3.032358 4.291921 -0.218189
v 3.044350 4.308315 -0.220521
v 3.061262 4.319592 -0.222720
v 3.077604 4.373758 -0.228828
v 3.115007 4.369595 -0.231011
v 3.148808 4.352922 -0.231796
v 3.174930 4.325752 -0.231088
v 3.190223 4.291361 -0.228971
v 3.192841 4.253897 -0.225702
v 3.182469 4.217879 -0.221674
v 3.160358 4.187651 -0.217374
v 3.129176 4.166860 -0.213320
v 3.092682 4.158012 -0.210001
v 3.055279 4.162176 -0.207817
v 3.021478 4.178848 -0.207032
v 2.995356 4.206018 -0.207741
v 2.980063 4.240409 -0.209858
v 2.977445 4.277873 -0.213127
v 2.987817 4.313891 -0.217154
v 3.009928 4.344119 -0.221455
v 3.041111 4.364911 -0.225509
v 3.087233 4.332679 -0.134486
v 3.107519 4.330420 -0.135670
v 3.125850 4.321378 -0.136095
v 3.140018 4.306643 -0.135711
v 3.148312 4.287991 -0.134563
v 3.149732 4.267672 -0.132790
v 3.144107 4.248137 -0.130606
v 3.132115 4.231744 -0.128274
v 3.115203 4.220468 -0.126075
v 3.095411 4.215669 -0.124275
v 3.075125 4.217927 -0.123090
v 3.056793 4.226969 -0.122665
v 3.042626 4.241705 -0.123049
v 3.034332 4.260357 -0.124197
v 3.032912 4.280675 -0.125970
v 3.038537 4.300210 -0.128155
v 3.050529 4.316604 -0.130487
v 3.067441 4.327880 -0.132686
v 3.308386 4.365477 -0.253411
v 3.321218 4.366290 -0.254367
v 3.145221 4.023751 -0.210754
v 3.145676 4.017246 -0.210187
v 2.944221 4.465148 -0.237595
v 2.942911 4.483881 -0.239230
v 3.305322 4.361367 -0.298053
v 3.318154 4.362180 -0.299008
v 3.142158 4.019642 -0.255396
v 3.142612 4.013136 -0.254828
v 2.941157 4.461039 -0.282237
v 2.939848 4.479771 -0.283872
v 3.077218 4.354642 -0.250287
v 3.108725 4.351135 -0.252127
v 3.137198 4.337091 -0.252788
v 3.159203 4.314203 -0.252191
v 3.172085 4.285233 -0.250408
v 3.174290 4.253675 -0.247654
v 3.165553 4.223334 -0.244261
v 3.146928 4.197871 -0.240639
v 3.120660 4.180357 -0.237224
v 3.089919 4.172904 -0.234428
v 3.058412 4.176411 -0.232589
v 3.029939 4.190455 -0.231928
v 3.007934 4.213343 -0.232524
v 2.995052 4.242313 -0.234307
v 2.992847 4.273871 -0.237061
v 3.001584 4.304212 -0.240454
v 3.020209 4.329675 -0.244077
v 3.046477 4.347189 -0.247492
v 3.080124 4.313056 -0.246658
v 3.097212 4.311154 -0.247656
v 3.112654 4.303537 -0.248015
v 3.124589 4.291124 -0.247691
v 3.131575 4.275412 -0.246724
v 3.132771 4.258296 -0.245230
v 3.128033 4.241841 -0.243390
v 3.117931 4.228031 -0.241426
v 3.103685 4.218532 -0.239573
v 3.087013 4.214490 -0.238057
v 3.069925 4.216392 -0.237059
v 3.054482 4.224009 -0.236701
v 3.042548 4.236422 -0.237025
v 3.035562 4.252134 -0.237992
v 3.034366 4.269250 -0.239485
v 3.039104 4.285705 -0.241325
v 3.049206 4.299515 -0.243290
v 3.063452 4.309014 -0.245142
v 3.214508 4.347462 0.739551
v 3.215074 4.348222 0.747805
v 3.215641 4.348982 0.756060
v 3.216207 4.349742 0.764314
v 3.216774 4.350502 0.772568
v 3.133655 4.293552 0.750063
v 3.134222 4.294312 0.758317
v 3.134788 4.295072 0.766571
v 3.135355 4.295832 0.774825
v 3.135921 4.296592 0.783079
v 3.116054 4.306391 0.783541
v 3.115488 4.305631 0.775287
v 3.114921 4.304872 0.767033
v 3.114355 4.304111 0.758778
v 3.113788 4.303351 0.750524
v 3.168761 4.415464 0.736431
v 3.169327 4.416224 0.744685
v 3.169894 4.416984 0.752939
v 3.170460 4.417744 0.761193
v 3.171027 4.418504 0.769447
v 3.190893 4.408705 0.768986
v 3.190327 4.407945 0.760732
v 3.189760 4.407185 0.752477
v 3.189194 4.406425 0.744223
v 3.188627 4.405665 0.735969
v 3.094004 4.382724 0.744575
v 3.094570 4.383484 0.752829
v 3.095137 4.384244 0.761083
v 3.095703 4.385004 0.769337
v 3.096270 4.385764 0.777591
v 3.109265 4.403530 0.775064
v 3.108699 4.402771 0.766810
v 3.108133 4.402010 0.758556
v 3.107566 4.401251 0.750302
v 3.107000 4.400491 0.742047
v 3.208412 4.326293 0.741919
v 3.208978 4.327052 0.750173
v 3.209545 4.327812 0.758427
v 3.210111 4.328572 0.766681
v 3.210678 4.329332 0.774935
v 3.197682 4.311565 0.777462
v 3.197116 4.310805 0.769208
v 3.196549 4.310046 0.760954
v 3.195983 4.309286 0.752700
v 3.195416 4.308526 0.744446
v 3.203981 4.389696 0.736386
v 3.204547 4.390456 0.744640
v 3.205114 4.391215 0.752894
v 3.205680 4.391975 0.761148
v 3.206247 4.392735 0.769402
v 3.215235 4.372521 0.770646
v 3.214669 4.371761 0.762392
v 3.214102 4.371002 0.754138
v 3.213535 4.370242 0.745884
v 3.212969 4.369482 0.737630
v 3.149043 4.420951 0.770730
v 3.148476 4.420191 0.762476
v 3.147910 4.419431 0.754222
v 3.147343 4.418672 0.745968
v 3.146777 4.417912 0.737714
v 3.125327 4.412711 0.739665
v 3.125894 4.413471 0.747919
v 3.126460 4.414231 0.756173
v 3.127027 4.414991 0.764427
v 3.127593 4.415751 0.772681
v 3.091712 4.342574 0.781880
v 3.091146 4.341815 0.773626
v 3.090580 4.341054 0.765372
v 3.090013 4.340295 0.757118
v 3.089447 4.339535 0.748864
v 3.098435 4.319321 0.750108
v 3.099001 4.320081 0.758362
v 3.099568 4.320841 0.766616
v 3.100134 4.321601 0.774870
v 3.100701 4.322361 0.783124
v 3.179354 4.299345 0.779845
v 3.178788 4.298585 0.771591
v 3.178221 4.297825 0.763337
v 3.177655 4.297066 0.755083
v 3.177088 4.296306 0.746829
v 3.087908 4.361555 0.746942
v 3.088474 4.362314 0.755196
v 3.089041 4.363074 0.763451
v 3.089607 4.363834 0.771704
v 3.090174 4.364594 0.779959
v 3.155639 4.291105 0.748780
v 3.156205 4.291865 0.757034
v 3.156772 4.292625 0.765288
v 3.157338 4.293385 0.773542
v 3.157905 4.294145 0.781796
v 3.054944 4.411216 0.087615
v 3.097843 4.421616 0.083714
v 3.018289 4.386775 0.092381
v 2.992297 4.351242 0.097436
v 2.980105 4.308902 0.102170
v 2.983183 4.264863 0.106013
v 3.001159 4.224436 0.108501
v 3.031866 4.192496 0.109334
v 3.071599 4.172898 0.108412
v 3.115567 4.168004 0.105845
v 3.158466 4.178404 0.101943
v 3.195122 4.202845 0.097178
v 3.221113 4.238378 0.092123
v 3.233305 4.280718 0.087388
v 3.230228 4.324757 0.083545
v 3.212251 4.365184 0.081057
v 3.181544 4.397123 0.080224
v 3.141811 4.416722 0.081147
v 3.057217 4.414264 0.120729
v 3.101293 4.426244 0.133987
v 3.020561 4.389823 0.125495
v 2.994570 4.354290 0.130549
v 2.982378 4.311951 0.135284
v 2.985456 4.267911 0.139127
v 3.003432 4.227484 0.141615
v 3.034139 4.195545 0.142448
v 3.073872 4.175946 0.141526
v 3.117840 4.171052 0.138959
v 3.160739 4.181453 0.135057
v 3.197395 4.205894 0.130292
v 3.223386 4.241427 0.125237
v 3.235578 4.283766 0.120502
v 3.232500 4.327806 0.116659
v 3.214524 4.368233 0.114171
v 3.183817 4.400172 0.113338
v 3.144083 4.419770 0.114261
v 3.145273 4.424612 0.108816
v 3.144844 4.424037 0.102569
v 3.186730 4.404163 0.107853
v 3.186302 4.403588 0.101606
v 3.218769 4.370839 0.108722
v 3.218340 4.370264 0.102475
v 3.237525 4.328658 0.111318
v 3.237097 4.328083 0.105071
v 3.240737 4.282708 0.115328
v 3.240308 4.282133 0.109081
v 3.228015 4.238532 0.120268
v 3.227587 4.237957 0.114021
v 3.200897 4.201458 0.125542
v 3.200468 4.200882 0.119295
v 3.162651 4.175957 0.130514
v 3.162222 4.175382 0.124268
v 3.117891 4.165105 0.134585
v 3.117463 4.164530 0.128338
v 3.072016 4.170211 0.137263
v 3.071588 4.169636 0.131016
v 3.030559 4.190660 0.138226
v 3.030130 4.190085 0.131979
v 2.998520 4.223985 0.137357
v 2.998091 4.223410 0.131110
v 2.979764 4.266166 0.134761
v 2.979335 4.265590 0.128514
v 2.976553 4.312115 0.130751
v 2.976124 4.311540 0.124504
v 2.989274 4.356291 0.125811
v 2.988845 4.355716 0.119564
v 3.016392 4.393366 0.120537
v 3.015964 4.392791 0.114290
v 3.054639 4.418867 0.115565
v 3.054210 4.418292 0.109318
v 3.098969 4.429143 0.105247
v 3.099398 4.429718 0.111494
v 2.353101 4.647741 -0.058424
v 2.391446 4.699180 0.500326
v 2.397069 4.642847 -0.060991
v 2.435414 4.694286 0.497759
v 2.436802 4.623248 -0.061913
v 2.475148 4.674687 0.496837
v 2.467509 4.591310 -0.061080
v 2.505854 4.642748 0.497670
v 2.485485 4.550882 -0.058592
v 2.523831 4.602321 0.500158
v 2.488563 4.506843 -0.054749
v 2.526908 4.558282 0.504001
v 2.476371 4.464503 -0.050014
v 2.514717 4.515942 0.508736
v 2.450380 4.428970 -0.044959
v 2.488725 4.480409 0.513790
v 2.413724 4.404529 -0.040194
v 2.452070 4.455968 0.518556
v 2.370825 4.394129 -0.036292
v 2.409171 4.445568 0.522458
v 2.326857 4.399023 -0.033725
v 2.365203 4.450462 0.525024
v 2.287124 4.418622 -0.032803
v 2.325469 4.470060 0.525947
v 2.256417 4.450561 -0.033636
v 2.294763 4.501999 0.525114
v 2.238441 4.490988 -0.036124
v 2.276786 4.542427 0.522626
v 2.235363 4.535027 -0.039967
v 2.273708 4.586466 0.518783
v 2.247555 4.577367 -0.044702
v 2.285900 4.628806 0.514048
v 2.273546 4.612900 -0.049757
v 2.311892 4.664339 0.508993
v 2.310202 4.637341 -0.054522
v 2.348547 4.688779 0.504228
v 2.421608 4.600947 0.821763
v 2.421608 4.600947 0.821763
v 2.421608 4.600947 0.821763
v 2.421608 4.600947 0.821763
v 2.421608 4.600947 0.821763
v 2.421608 4.600947 0.821763
v 2.421608 4.600947 0.821763
v 2.421608 4.600947 0.821763
v 2.421608 4.600947 0.821763
v 2.421608 4.600947 0.821763
v 2.421608 4.600947 0.821763
v 2.421608 4.600947 0.821763
v 2.421608 4.600947 0.821763
v 2.421608 4.600947 0.821763
v 2.421608 4.600947 0.821763
v 2.421608 4.600947 0.821763
v 2.421608 4.600947 0.821763
v 2.421608 4.600947 0.821763
v 2.351144 4.597727 -0.127285
v 2.380089 4.594505 -0.128975
v 2.406246 4.581603 -0.129582
v 2.426461 4.560576 -0.129034
v 2.438295 4.533962 -0.127396
v 2.440321 4.504970 -0.124866
v 2.432295 4.477097 -0.121749
v 2.415184 4.453705 -0.118421
v 2.391053 4.437615 -0.115284
v 2.362812 4.430768 -0.112716
v 2.333867 4.433990 -0.111026
v 2.307709 4.446892 -0.110419
v 2.287494 4.467918 -0.110967
v 2.275660 4.494533 -0.112605
v 2.273634 4.523524 -0.115135
v 2.281660 4.551398 -0.118252
v 2.298771 4.574790 -0.121579
v 2.322902 4.590880 -0.124717
v 2.430211 4.649896 0.684523
v 2.450077 4.640097 0.684062
v 2.469862 4.560724 0.690011
v 2.456866 4.542957 0.692539
v 2.375238 4.537783 0.698617
v 2.359885 4.553753 0.698201
v 2.368449 4.634923 0.690140
v 2.386777 4.647143 0.687758
v 2.474419 4.603913 0.685723
v 2.475958 4.581894 0.687644
v 2.417089 4.525537 0.696872
v 2.395105 4.527984 0.698156
v 2.349358 4.595986 0.695035
v 2.355454 4.617156 0.692668
v 2.465431 4.624127 0.684479
v 2.438538 4.530737 0.694922
v 2.408227 4.652343 0.685807
v 2.350897 4.573967 0.696957
v 2.449672 4.639654 0.620058
v 2.457175 4.532300 0.629426
v 2.349996 4.544231 0.635683
v 2.379716 4.647441 0.624142
v 2.478274 4.575331 0.624016
v 2.388919 4.515752 0.635633
v 2.345098 4.614301 0.629568
v 2.466640 4.622005 0.620518
v 2.436920 4.518795 0.632059
v 2.340062 4.566570 0.634308
v 2.427716 4.650484 0.620567
v 2.471537 4.551935 0.626633
v 2.366963 4.526582 0.636143
v 2.359461 4.633936 0.626775
v 2.476573 4.599666 0.621893
v 2.413215 4.513048 0.634215
v 2.338361 4.590905 0.632184
v 2.403421 4.653188 0.621986
v 2.427716 4.650484 0.620567
v 2.426812 4.645337 0.634999
v 2.471537 4.551935 0.626633
v 2.466463 4.556165 0.640487
v 2.366963 4.526582 0.636143
v 2.371839 4.533224 0.649092
v 2.359461 4.633936 0.626775
v 2.365051 4.630363 0.640616
v 2.476573 4.599666 0.621893
v 2.471020 4.599354 0.636198
v 2.413215 4.513048 0.634215
v 2.413690 4.520977 0.647348
v 2.338361 4.590905 0.632184
v 2.345959 4.591427 0.645510
v 2.403421 4.653188 0.621986
v 2.404828 4.647784 0.636282
v 2.347498 4.569407 0.647432
v 2.435139 4.526178 0.645397
v 2.462032 4.619568 0.634954
v 2.352055 4.612597 0.643143
v 2.391706 4.523425 0.648631
v 2.472559 4.577334 0.638120
v 2.383379 4.642583 0.638233
v 2.356486 4.549193 0.648676
v 2.453467 4.538398 0.643014
v 2.446679 4.635537 0.634537
v 2.449672 4.639654 0.620058
v 2.457175 4.532300 0.629426
v 2.349996 4.544231 0.635683
v 2.379716 4.647441 0.624142
v 2.478274 4.575331 0.624016
v 2.388919 4.515752 0.635633
v 2.345098 4.614301 0.629568
v 2.466640 4.622005 0.620518
v 2.436920 4.518795 0.632059
v 2.340062 4.566570 0.634308
v 2.427005 4.648332 0.618604
v 2.426100 4.643185 0.633036
v 2.469557 4.552638 0.624494
v 2.464483 4.556867 0.638348
v 2.368011 4.528018 0.633729
v 2.372887 4.534660 0.646678
v 2.360726 4.632263 0.624632
v 2.366316 4.628691 0.638473
v 2.474447 4.598986 0.619891
v 2.468894 4.598674 0.634197
v 2.412923 4.514876 0.631857
v 2.413399 4.522806 0.644989
v 2.340238 4.590479 0.629885
v 2.347835 4.591001 0.643211
v 2.403413 4.650958 0.619981
v 2.404820 4.645554 0.634278
v 2.349325 4.569685 0.645071
v 2.434161 4.527840 0.643101
v 2.460193 4.618241 0.632992
v 2.353736 4.611493 0.640919
v 2.392118 4.525175 0.646232
v 2.470383 4.577359 0.636057
v 2.384057 4.640520 0.636166
v 2.358025 4.550119 0.646275
v 2.451903 4.539669 0.640795
v 2.445331 4.633699 0.632589
v 2.448325 4.637816 0.618109
v 2.455610 4.533571 0.627206
v 2.351535 4.545156 0.633282
v 2.380394 4.645378 0.622075
v 2.476099 4.575356 0.621953
v 2.389331 4.517502 0.633234
v 2.346780 4.613197 0.627344
v 2.464801 4.620678 0.618556
v 2.435942 4.520457 0.629763
v 2.341889 4.566848 0.631947
v 2.456041 4.648413 0.589252
v 2.462410 4.657171 0.558447
v 2.468779 4.665929 0.527642
v 2.465062 4.519328 0.600517
v 2.472950 4.506354 0.571608
v 2.480838 4.493382 0.542699
v 2.336187 4.533673 0.608041
v 2.322379 4.523115 0.580398
v 2.308571 4.512557 0.552756
v 2.371924 4.657776 0.594163
v 2.364132 4.668110 0.564185
v 2.356339 4.678445 0.534206
v 2.490433 4.571069 0.594012
v 2.502591 4.566806 0.564009
v 2.514750 4.562544 0.534005
v 2.382990 4.499430 0.607981
v 2.377061 4.483107 0.580329
v 2.371132 4.466784 0.552677
v 2.330299 4.617927 0.600688
v 2.315500 4.621553 0.571808
v 2.300700 4.625179 0.542928
v 2.476444 4.627191 0.589806
v 2.486247 4.632377 0.559094
v 2.496051 4.637563 0.528382
v 2.440707 4.503088 0.603683
v 2.444495 4.487381 0.575308
v 2.448282 4.471675 0.546932
v 2.324243 4.560534 0.606387
v 2.308424 4.554498 0.578467
v 2.292605 4.548462 0.550546
v 2.433490 4.683335 0.528461
v 2.431565 4.672385 0.559163
v 2.429641 4.661434 0.589865
v 2.503922 4.524940 0.538210
v 2.493127 4.533938 0.567684
v 2.482332 4.542937 0.597158
v 2.335843 4.484191 0.553496
v 2.346216 4.498321 0.581045
v 2.356590 4.512452 0.608594
v 2.323784 4.656738 0.538439
v 2.335676 4.649137 0.567884
v 2.347569 4.641537 0.597330
v 2.512017 4.601657 0.530592
v 2.500202 4.600994 0.561025
v 2.488388 4.600330 0.591459
v 2.410182 4.462438 0.550397
v 2.411193 4.479308 0.578336
v 2.412204 4.496178 0.606276
v 2.289871 4.587576 0.547133
v 2.306035 4.588686 0.575484
v 2.322198 4.589795 0.603834
v 2.394440 4.687682 0.530741
v 2.397434 4.676184 0.561156
v 2.400427 4.664686 0.591571
v 2.465594 4.661550 0.543045
v 2.476894 4.499868 0.557154
v 2.315475 4.517836 0.566577
v 2.360236 4.673278 0.549195
v 2.508671 4.564675 0.549007
v 2.374097 4.474946 0.566503
v 2.308100 4.623366 0.557368
v 2.491149 4.634970 0.543738
v 2.446388 4.479528 0.561120
v 2.300515 4.551480 0.564507
v 2.432528 4.677860 0.543812
v 2.498524 4.529439 0.552947
v 2.341030 4.491256 0.567271
v 2.329730 4.652938 0.553161
v 2.506109 4.601326 0.545808
v 2.410687 4.470873 0.564367
v 2.297953 4.588131 0.561308
v 2.395937 4.681933 0.545949
v 2.459153 4.652693 0.574198
v 2.468917 4.512988 0.586390
v 2.329439 4.528513 0.594532
v 2.368116 4.662826 0.579513
v 2.496375 4.568986 0.579350
v 2.380093 4.491453 0.594468
v 2.323067 4.619699 0.586575
v 2.481235 4.629725 0.574797
v 2.442558 4.495412 0.589817
v 2.316513 4.557585 0.592743
v 2.430581 4.666786 0.574862
v 2.487607 4.538539 0.582755
v 2.351521 4.505546 0.595131
v 2.341757 4.645251 0.582940
v 2.494161 4.600654 0.576586
v 2.411710 4.487934 0.592622
v 2.314299 4.589253 0.589980
v 2.398964 4.670305 0.576707
v 2.357638 4.653828 0.007696
v 2.401606 4.648934 0.005129
v 2.441340 4.629335 0.004206
v 2.472046 4.597396 0.005039
v 2.490023 4.556969 0.007527
v 2.493101 4.512930 0.011370
v 2.480909 4.470590 0.016105
v 2.454917 4.435057 0.021160
v 2.418262 4.410616 0.025925
v 2.375363 4.400216 0.029827
v 2.331395 4.405110 0.032394
v 2.291661 4.424708 0.033316
v 2.260955 4.456647 0.032483
v 2.242978 4.497075 0.029995
v 2.239900 4.541114 0.026152
v 2.252092 4.583454 0.021418
v 2.278084 4.618987 0.016363
v 2.314739 4.643427 0.011597
v 2.358733 4.655297 0.023650
v 2.403879 4.651982 0.038243
v 2.443612 4.632384 0.037320
v 2.474319 4.600445 0.038153
v 2.492295 4.560018 0.040641
v 2.495373 4.515978 0.044484
v 2.483181 4.473639 0.049219
v 2.457190 4.438106 0.054274
v 2.420534 4.413665 0.059039
v 2.377635 4.403264 0.062941
v 2.333667 4.408158 0.065508
v 2.293934 4.427757 0.066430
v 2.263227 4.459696 0.065597
v 2.245251 4.500123 0.063109
v 2.242173 4.544163 0.059266
v 2.254365 4.586502 0.054532
v 2.280356 4.622035 0.049477
v 2.317012 4.646476 0.044711
v 2.347004 4.592174 -0.187602
v 2.375949 4.588952 -0.189292
v 2.402107 4.576050 -0.189899
v 2.422322 4.555024 -0.189350
v 2.434156 4.528409 -0.187713
v 2.436182 4.499417 -0.185183
v 2.428156 4.471544 -0.182066
v 2.411045 4.448152 -0.178738
v 2.386914 4.432062 -0.175601
v 2.358672 4.425215 -0.173032
v 2.329727 4.428437 -0.171342
v 2.303570 4.441339 -0.170735
v 2.283355 4.462366 -0.171283
v 2.271521 4.488980 -0.172921
v 2.269495 4.517972 -0.175451
v 2.277521 4.545845 -0.178568
v 2.294632 4.569237 -0.181896
v 2.318763 4.585327 -0.185033
v 2.341978 4.612112 -0.238128
v 2.379381 4.607949 -0.240312
v 2.413182 4.591276 -0.241096
v 2.439304 4.564106 -0.240388
v 2.454596 4.529715 -0.238271
v 2.457215 4.492251 -0.235002
v 2.446843 4.456233 -0.230974
v 2.424732 4.426005 -0.226674
v 2.393550 4.405214 -0.222620
v 2.357056 4.396366 -0.219301
v 2.319653 4.400529 -0.217117
v 2.285852 4.417202 -0.216333
v 2.259730 4.444372 -0.217041
v 2.244437 4.478764 -0.219158
v 2.241819 4.516227 -0.222427
v 2.252191 4.552245 -0.226455
v 2.274302 4.582473 -0.230755
v 2.305484 4.603264 -0.234809
v 2.339672 4.555022 -0.317697
v 2.359957 4.552764 -0.318882
v 2.378289 4.543722 -0.319307
v 2.392457 4.528986 -0.318923
v 2.400750 4.510334 -0.317775
v 2.402170 4.490016 -0.316002
v 2.396545 4.470481 -0.313817
v 2.384554 4.454087 -0.311485
v 2.367642 4.442811 -0.309287
v 2.347849 4.438012 -0.307487
v 2.327564 4.440270 -0.306302
v 2.309232 4.449313 -0.305877
v 2.295065 4.464048 -0.306261
v 2.286771 4.482700 -0.307409
v 2.285351 4.503019 -0.309182
v 2.290976 4.522553 -0.311366
v 2.302968 4.538947 -0.313699
v 2.319880 4.550224 -0.315897
v 2.336222 4.604390 -0.322005
v 2.373625 4.600227 -0.324189
v 2.407426 4.583555 -0.324974
v 2.433548 4.556384 -0.324265
v 2.448840 4.521993 -0.322149
v 2.451458 4.484529 -0.318879
v 2.441087 4.448511 -0.314852
v 2.418976 4.418283 -0.310551
v 2.387793 4.397492 -0.306497
v 2.351300 4.388644 -0.303178
v 2.313897 4.392807 -0.300995
v 2.280096 4.409480 -0.300210
v 2.253973 4.436650 -0.300919
v 2.238681 4.471042 -0.303035
v 2.236063 4.508505 -0.306305
v 2.246434 4.544523 -0.310332
v 2.268545 4.574751 -0.314632
v 2.299728 4.595543 -0.318686
v 2.345851 4.563311 -0.227663
v 2.366136 4.561053 -0.228848
v 2.384468 4.552011 -0.229273
v 2.398635 4.537275 -0.228889
v 2.406929 4.518623 -0.227741
v 2.408349 4.498304 -0.225968
v 2.402724 4.478770 -0.223783
v 2.390732 4.462376 -0.221451
v 2.373821 4.451099 -0.219253
v 2.354028 4.446301 -0.217452
v 2.333743 4.448559 -0.216268
v 2.315411 4.457601 -0.215843
v 2.301243 4.472337 -0.216227
v 2.292950 4.490989 -0.217375
v 2.291530 4.511308 -0.219148
v 2.297155 4.530842 -0.221332
v 2.309146 4.547236 -0.223664
v 2.326058 4.558512 -0.225863
v 2.567003 4.596109 -0.346589
v 2.579835 4.596922 -0.347544
v 2.403839 4.254384 -0.303932
v 2.404294 4.247878 -0.303364
v 2.202838 4.695781 -0.330773
v 2.201529 4.714513 -0.332408
v 2.563940 4.591999 -0.391230
v 2.576771 4.592813 -0.392186
v 2.400775 4.250274 -0.348574
v 2.401230 4.243768 -0.348006
v 2.199775 4.691671 -0.375415
v 2.198465 4.710403 -0.377049
v 2.335835 4.585275 -0.343465
v 2.367343 4.581767 -0.345304
v 2.395816 4.567723 -0.345966
v 2.417820 4.544836 -0.345369
v 2.430702 4.515865 -0.343586
v 2.432908 4.484306 -0.340832
v 2.424171 4.453966 -0.337439
v 2.405545 4.428503 -0.333817
v 2.379278 4.410989 -0.330402
v 2.348537 4.403536 -0.327606
v 2.317029 4.407043 -0.325766
v 2.288556 4.421087 -0.325105
v 2.266552 4.443974 -0.325702
v 2.253670 4.472945 -0.327485
v 2.251464 4.504503 -0.330239
v 2.260201 4.534844 -0.333632
v 2.278827 4.560307 -0.337254
v 2.305094 4.577821 -0.340669
v 2.338742 4.543688 -0.339836
v 2.355830 4.541786 -0.340834
v 2.371272 4.534169 -0.341192
v 2.383206 4.521756 -0.340868
v 2.390193 4.506044 -0.339902
v 2.391389 4.488928 -0.338408
v 2.386651 4.472473 -0.336568
v 2.376549 4.458663 -0.334603
v 2.362303 4.449164 -0.332751
v 2.345630 4.445122 -0.331235
v 2.328542 4.447024 -0.330237
v 2.313100 4.454641 -0.329879
v 2.301166 4.467054 -0.330202
v 2.294179 4.482766 -0.331169
v 2.292983 4.499882 -0.332663
v 2.297722 4.516337 -0.334503
v 2.307823 4.530147 -0.336468
v 2.322069 4.539646 -0.338320
v 2.473125 4.578094 0.646374
v 2.473692 4.578855 0.654628
v 2.474258 4.579614 0.662882
v 2.474825 4.580374 0.671136
v 2.475391 4.581134 0.679390
v 2.392272 4.524184 0.656885
v 2.392839 4.524944 0.665139
v 2.393406 4.525704 0.673394
v 2.393972 4.526464 0.681648
v 2.394539 4.527224 0.689902
v 2.374672 4.537024 0.690363
v 2.374105 4.536263 0.682109
v 2.373539 4.535503 0.673855
v 2.372972 4.534744 0.665601
v 2.372406 4.533984 0.657347
v 2.427378 4.646097 0.643253
v 2.427945 4.646856 0.651507
v 2.428511 4.647616 0.659761
v 2.429078 4.648376 0.668015
v 2.429644 4.649136 0.676269
v 2.449511 4.639337 0.675808
v 2.448944 4.638577 0.667554
v 2.448378 4.637817 0.659300
v 2.447811 4.637057 0.651046
v 2.447245 4.636297 0.642792
v 2.352621 4.613357 0.651397
v 2.353188 4.614116 0.659651
v 2.353755 4.614876 0.667906
v 2.354321 4.615636 0.676160
v 2.354887 4.616396 0.684414
v 2.367883 4.634162 0.681886
v 2.367316 4.633403 0.673632
v 2.366750 4.632643 0.665378
v 2.366184 4.631883 0.657124
v 2.365617 4.631123 0.648870
v 2.467029 4.556925 0.648741
v 2.467596 4.557684 0.656995
v 2.468162 4.558444 0.665249
v 2.468729 4.559204 0.673503
v 2.469296 4.559964 0.681757
v 2.456300 4.542198 0.684285
v 2.455733 4.541438 0.676031
v 2.455167 4.540678 0.667777
v 2.454600 4.539918 0.659522
v 2.454034 4.539158 0.651268
v 2.462598 4.620328 0.643208
v 2.463165 4.621088 0.651462
v 2.463732 4.621848 0.659716
v 2.464298 4.622607 0.667970
v 2.464864 4.623367 0.676224
v 2.473852 4.603154 0.677469
v 2.473286 4.602394 0.669214
v 2.472719 4.601634 0.660960
v 2.472153 4.600874 0.652706
v 2.471587 4.600114 0.644452
v 2.407660 4.651583 0.677553
v 2.407094 4.650823 0.669299
v 2.406528 4.650064 0.661044
v 2.405961 4.649303 0.652790
v 2.405395 4.648544 0.644536
v 2.383945 4.643343 0.646487
v 2.384511 4.644103 0.654741
v 2.385078 4.644863 0.662995
v 2.385644 4.645623 0.671249
v 2.386211 4.646383 0.679503
v 2.350330 4.573206 0.688702
v 2.349764 4.572447 0.680448
v 2.349197 4.571687 0.672194
v 2.348631 4.570927 0.663940
v 2.348064 4.570167 0.655686
v 2.357053 4.549953 0.656930
v 2.357619 4.550713 0.665184
v 2.358185 4.551473 0.673438
v 2.358752 4.552233 0.681692
v 2.359318 4.552993 0.689947
v 2.437972 4.529977 0.686668
v 2.437405 4.529217 0.678413
v 2.436839 4.528458 0.670159
v 2.436272 4.527698 0.661905
v 2.435706 4.526937 0.653651
v 2.346525 4.592186 0.653765
v 2.347092 4.592947 0.662019
v 2.347658 4.593706 0.670273
v 2.348225 4.594466 0.678527
v 2.348791 4.595226 0.686781
v 2.414257 4.521738 0.655602
v 2.414823 4.522497 0.663856
v 2.415389 4.523257 0.672110
v 2.415956 4.524017 0.680364
v 2.416522 4.524777 0.688618
v 2.313562 4.641848 -0.005563
v 2.356461 4.652248 -0.009464
v 2.276906 4.617407 -0.000797
v 2.250915 4.581874 0.004258
v 2.238723 4.539534 0.008992
v 2.241801 4.495495 0.012835
v 2.259777 4.455068 0.015324
v 2.290484 4.423129 0.016157
v 2.330217 4.403530 0.015234
v 2.374185 4.398636 0.012667
v 2.417084 4.409037 0.008766
v 2.453739 4.433477 0.004000
v 2.479731 4.469010 -0.001055
v 2.491923 4.511350 -0.005789
v 2.488845 4.555389 -0.009632
v 2.470869 4.595817 -0.012121
v 2.440162 4.627756 -0.012954
v 2.400429 4.647354 -0.012031
v 2.315835 4.644897 0.027551
v 2.359911 4.656877 0.040809
v 2.279179 4.620456 0.032317
v 2.253187 4.584922 0.037372
v 2.240995 4.542583 0.042106
v 2.244073 4.498543 0.045949
v 2.262049 4.458116 0.048437
v 2.292756 4.426177 0.049270
v 2.332490 4.406579 0.048348
v 2.376457 4.401684 0.045781
v 2.419356 4.412085 0.041880
v 2.456012 4.436526 0.037114
v 2.482003 4.472059 0.032059
v 2.494195 4.514399 0.027325
v 2.491118 4.558438 0.023481
v 2.473141 4.598865 0.020993
v 2.442435 4.630804 0.020160
v 2.402701 4.650403 0.021083
v 2.403891 4.655244 0.015638
v 2.403462 4.654669 0.009391
v 2.445348 4.634796 0.014675
v 2.444919 4.634221 0.008428
v 2.477387 4.601471 0.015545
v 2.476958 4.600896 0.009298
v 2.496143 4.559290 0.018141
v 2.495714 4.558715 0.011894
v 2.499354 4.513340 0.022150
v 2.498925 4.512765 0.015903
v 2.486633 4.469164 0.027090
v 2.486204 4.468589 0.020843
v 2.459514 4.432090 0.032364
v 2.459086 4.431515 0.026117
v 2.421269 4.406589 0.037337
v 2.420840 4.406013 0.031090
v 2.376509 4.395737 0.041408
v 2.376080 4.395162 0.035161
v 2.330634 4.400844 0.044086
v 2.330205 4.400269 0.037839
v 2.289177 4.421292 0.045048
v 2.288748 4.420717 0.038801
v 2.257138 4.454617 0.044179
v 2.256709 4.454041 0.037932
v 2.238382 4.496798 0.041583
v 2.237953 4.496222 0.035336
v 2.235170 4.542747 0.037573
v 2.234742 4.542172 0.031326
v 2.247891 4.586924 0.032633
v 2.247463 4.586349 0.026386
v 2.275010 4.623998 0.027359
v 2.274581 4.623423 0.021112
v 2.313256 4.649499 0.022387
v 2.312827 4.648924 0.016140
v 2.357587 4.659776 0.012069
v 2.358016 4.660351 0.018316
v 2.571778 4.164316 -0.047769
v 2.610124 4.215755 0.510981
v 2.615746 4.159422 -0.050336
v 2.654092 4.210861 0.508414
v 2.655479 4.139823 -0.051258
v 2.693825 4.191262 0.507491
v 2.686186 4.107884 -0.050425
v 2.724532 4.159323 0.508324
v 2.704163 4.067457 -0.047937
v 2.742508 4.118896 0.510813
v 2.707241 4.023418 -0.044094
v 2.745586 4.074857 0.514656
v 2.695048 3.981078 -0.039360
v 2.733394 4.032517 0.519390
v 2.669057 3.945545 -0.034305
v 2.707403 3.996984 0.524445
v 2.632401 3.921104 -0.029539
v 2.670747 3.972543 0.529211
v 2.589503 3.910704 -0.025638
v 2.627848 3.962143 0.533112
v 2.545535 3.915598 -0.023071
v 2.583880 3.967037 0.535679
v 2.505801 3.935197 -0.022148
v 2.544147 3.986635 0.536602
v 2.475095 3.967136 -0.022981
v 2.513440 4.018575 0.535769
v 2.457118 4.007563 -0.025469
v 2.495464 4.059002 0.533280
v 2.454040 4.051602 -0.029312
v 2.492386 4.103041 0.529437
v 2.466233 4.093942 -0.034047
v 2.504578 4.145381 0.524703
v 2.492224 4.129475 -0.039102
v 2.530569 4.180914 0.519648
v 2.528879 4.153916 -0.043868
v 2.567225 4.205355 0.514882
v 2.640286 4.117522 0.832417
v 2.640286 4.117522 0.832417
v 2.640286 4.117522 0.832417
v 2.640286 4.117522 0.832417
v 2.640286 4.117522 0.832417
v 2.640286 4.117522 0.832417
v 2.640286 4.117522 0.832417
v 2.640286 4.117522 0.832417
v 2.640286 4.117522 0.832417
v 2.640286 4.117522 0.832417
v 2.640286 4.117522 0.832417
v 2.640286 4.117522 0.832417
v 2.640286 4.117522 0.832417
v 2.640286 4.117522 0.832417
v 2.640286 4.117522 0.832417
v 2.640286 4.117522 0.832417
v 2.640286 4.117522 0.832417
v 2.640286 4.117522 0.832417
v 2.569821 4.114302 -0.116631
v 2.598766 4.111080 -0.118320
v 2.624923 4.098178 -0.118928
v 2.645139 4.077152 -0.118379
v 2.656973 4.050538 -0.116741
v 2.658999 4.021545 -0.114211
v 2.650972 3.993672 -0.111095
v 2.633862 3.970280 -0.107767
v 2.609730 3.954190 -0.104629
v 2.581489 3.947343 -0.102061
v 2.552544 3.950565 -0.100371
v 2.526387 3.963467 -0.099764
v 2.506172 3.984493 -0.100312
v 2.494338 4.011107 -0.101950
v 2.492311 4.040100 -0.104480
v 2.500338 4.067973 -0.107597
v 2.517449 4.091365 -0.110925
v 2.541580 4.107455 -0.114062
v 2.648888 4.166471 0.695178
v 2.668755 4.156672 0.694717
v 2.688539 4.077299 0.700666
v 2.675544 4.059533 0.703193
v 2.593916 4.054358 0.709272
v 2.578562 4.070328 0.708855
v 2.587127 4.151498 0.700795
v 2.605455 4.163718 0.698412
v 2.693096 4.120489 0.696377
v 2.694635 4.098469 0.698299
v 2.635766 4.042112 0.707527
v 2.613782 4.044559 0.708811
v 2.568035 4.112561 0.705690
v 2.574131 4.133731 0.703322
v 2.684108 4.140702 0.695133
v 2.657216 4.047312 0.705576
v 2.626904 4.168918 0.696461
v 2.569574 4.090541 0.707611
v 2.668350 4.156229 0.630712
v 2.675852 4.048876 0.640080
v 2.568673 4.060806 0.646337
v 2.598393 4.164016 0.634796
v 2.696952 4.091906 0.634671
v 2.607597 4.032328 0.646288
v 2.563776 4.130876 0.640223
v 2.685318 4.138581 0.631172
v 2.655597 4.035370 0.642714
v 2.558740 4.083145 0.644963
v 2.646394 4.167059 0.631222
v 2.690215 4.068510 0.637287
v 2.585641 4.043157 0.646798
v 2.578138 4.150511 0.637430
v 2.695251 4.116241 0.632547
v 2.631892 4.029623 0.644870
v 2.557039 4.107480 0.642839
v 2.622098 4.169764 0.632640
v 2.646394 4.167059 0.631222
v 2.645489 4.161912 0.645653
v 2.690215 4.068511 0.637287
v 2.685141 4.072740 0.651141
v 2.585641 4.043157 0.646798
v 2.590517 4.049799 0.659747
v 2.578138 4.150511 0.637430
v 2.583728 4.146938 0.651270
v 2.695251 4.116241 0.632547
v 2.689698 4.115930 0.646853
v 2.631892 4.029623 0.644870
v 2.632368 4.037553 0.658002
v 2.557039 4.107480 0.642839
v 2.564636 4.108002 0.656165
v 2.622098 4.169764 0.632640
v 2.623506 4.164359 0.646937
v 2.566175 4.085982 0.658087
v 2.653817 4.042753 0.656052
v 2.680710 4.136143 0.645609
v 2.570733 4.129172 0.653798
v 2.610384 4.040000 0.659286
v 2.691237 4.093910 0.648774
v 2.602056 4.159159 0.648888
v 2.575164 4.065769 0.659331
v 2.672145 4.054974 0.653669
v 2.665356 4.152112 0.645192
v 2.668350 4.156229 0.630712
v 2.675852 4.048876 0.640080
v 2.568673 4.060806 0.646337
v 2.598393 4.164016 0.634796
v 2.696952 4.091906 0.634671
v 2.607597 4.032328 0.646288
v 2.563776 4.130876 0.640223
v 2.685318 4.138581 0.631172
v 2.655597 4.035370 0.642714
v 2.558740 4.083145 0.644963
v 2.645683 4.164907 0.629259
v 2.644778 4.159760 0.643690
v 2.688234 4.069212 0.635148
v 2.683160 4.073442 0.649003
v 2.586689 4.044594 0.644384
v 2.591565 4.051236 0.657333
v 2.579403 4.148839 0.635287
v 2.584994 4.145266 0.649127
v 2.693125 4.115561 0.630546
v 2.687571 4.115249 0.644851
v 2.631601 4.031451 0.642511
v 2.632076 4.039381 0.655644
v 2.558915 4.107054 0.640539
v 2.566513 4.107575 0.653866
v 2.622091 4.167533 0.630636
v 2.623498 4.162129 0.644933
v 2.568002 4.086261 0.655726
v 2.652839 4.044415 0.653756
v 2.678871 4.134816 0.643647
v 2.572414 4.128068 0.651574
v 2.610796 4.041750 0.656886
v 2.689061 4.093935 0.646711
v 2.602735 4.157095 0.646821
v 2.576703 4.066694 0.656930
v 2.670580 4.056244 0.651449
v 2.664009 4.150274 0.643244
v 2.667002 4.154391 0.628764
v 2.674288 4.050147 0.637861
v 2.570212 4.061731 0.643937
v 2.599072 4.161953 0.632730
v 2.694776 4.091931 0.632608
v 2.608009 4.034078 0.643888
v 2.565457 4.129772 0.637999
v 2.683479 4.137254 0.629211
v 2.654619 4.037032 0.640418
v 2.560567 4.083424 0.642601
v 2.674719 4.164988 0.599907
v 2.681087 4.173746 0.569102
v 2.687456 4.182504 0.538297
v 2.683740 4.035903 0.611172
v 2.691628 4.022930 0.582263
v 2.699515 4.009957 0.553354
v 2.554865 4.050248 0.618695
v 2.541056 4.039690 0.591053
v 2.527248 4.029132 0.563411
v 2.590601 4.174351 0.604818
v 2.582809 4.184686 0.574839
v 2.575017 4.195020 0.544861
v 2.709110 4.087644 0.604667
v 2.721269 4.083382 0.574663
v 2.733428 4.079119 0.544659
v 2.601668 4.016005 0.618636
v 2.595738 3.999682 0.590984
v 2.589809 3.983360 0.563331
v 2.548977 4.134502 0.611343
v 2.534177 4.138128 0.582463
v 2.519377 4.141755 0.553583
v 2.695121 4.143766 0.600460
v 2.704925 4.148952 0.569749
v 2.714728 4.154138 0.539036
v 2.659385 4.019663 0.614338
v 2.663172 4.003957 0.585962
v 2.666960 3.988250 0.557586
v 2.542921 4.077109 0.617042
v 2.527102 4.071074 0.589122
v 2.511283 4.065038 0.561201
v 2.652167 4.199911 0.539116
v 2.650243 4.188960 0.569818
v 2.648318 4.178010 0.600520
v 2.722599 4.041515 0.548864
v 2.711804 4.050514 0.578339
v 2.701010 4.059512 0.607813
v 2.554520 4.000766 0.564151
v 2.564894 4.014896 0.591700
v 2.575267 4.029027 0.619249
v 2.542462 4.173313 0.549093
v 2.554354 4.165712 0.578539
v 2.566246 4.158112 0.607984
v 2.730694 4.118233 0.541246
v 2.718880 4.117569 0.571680
v 2.707065 4.116905 0.602114
v 2.628859 3.979013 0.561052
v 2.629870 3.995883 0.588991
v 2.630881 4.012753 0.616930
v 2.508549 4.104151 0.557788
v 2.524712 4.105261 0.586138
v 2.540876 4.106370 0.614489
v 2.613117 4.204257 0.541396
v 2.616111 4.192760 0.571811
v 2.619105 4.181262 0.602225
v 2.684272 4.178125 0.553699
v 2.695571 4.016443 0.567808
v 2.534152 4.034411 0.577232
v 2.578913 4.189853 0.559850
v 2.727348 4.081250 0.559661
v 2.592774 3.991521 0.577157
v 2.526777 4.139942 0.568023
v 2.709826 4.151545 0.554392
v 2.665066 3.996103 0.571774
v 2.519192 4.068056 0.575161
v 2.651205 4.194435 0.554467
v 2.717202 4.046015 0.563601
v 2.559707 4.007831 0.577925
v 2.548408 4.169513 0.563816
v 2.724787 4.117901 0.556463
v 2.629364 3.987448 0.575021
v 2.516631 4.104706 0.571963
v 2.614614 4.198508 0.556603
v 2.677831 4.169268 0.584853
v 2.687595 4.029563 0.597044
v 2.548117 4.045089 0.605187
v 2.586793 4.179401 0.590168
v 2.715052 4.085561 0.590005
v 2.598770 4.008028 0.605122
v 2.541744 4.136274 0.597230
v 2.699912 4.146300 0.585452
v 2.661236 4.011988 0.600471
v 2.535190 4.074160 0.603398
v 2.649259 4.183361 0.585516
v 2.706285 4.055115 0.593409
v 2.570198 4.022121 0.605786
v 2.560435 4.161826 0.593595
v 2.712839 4.117229 0.587241
v 2.630387 4.004509 0.603277
v 2.532977 4.105828 0.600634
v 2.617642 4.186881 0.587362
v 2.576316 4.170403 0.018350
v 2.620284 4.165509 0.015783
v 2.660017 4.145911 0.014861
v 2.690724 4.113972 0.015694
v 2.708700 4.073545 0.018182
v 2.711778 4.029505 0.022025
v 2.699586 3.987165 0.026760
v 2.673595 3.951632 0.031814
v 2.636939 3.927191 0.036580
v 2.594040 3.916791 0.040482
v 2.550072 3.921685 0.043048
v 2.510339 3.941283 0.043971
v 2.479632 3.973223 0.043138
v 2.461656 4.013650 0.040650
v 2.458578 4.057689 0.036807
v 2.470770 4.100029 0.032072
v 2.496761 4.135562 0.027017
v 2.533417 4.160003 0.022252
v 2.577411 4.171872 0.034304
v 2.622556 4.168558 0.048897
v 2.662290 4.148959 0.047975
v 2.692997 4.117020 0.048808
v 2.710973 4.076593 0.051296
v 2.714051 4.032554 0.055139
v 2.701859 3.990214 0.059873
v 2.675867 3.954681 0.064928
v 2.639211 3.930240 0.069694
v 2.596313 3.919839 0.073595
v 2.552345 3.924734 0.076162
v 2.512611 3.944332 0.077085
v 2.481905 3.976271 0.076252
v 2.463928 4.016698 0.073764
v 2.460850 4.060738 0.069921
v 2.473042 4.103077 0.065186
v 2.499034 4.138610 0.060131
v 2.535690 4.163051 0.055366
v 2.565682 4.108749 -0.176947
v 2.594627 4.105527 -0.178637
v 2.620784 4.092625 -0.179244
v 2.640999 4.071599 -0.178696
v 2.652833 4.044985 -0.177058
v 2.654860 4.015993 -0.174528
v 2.646833 3.988120 -0.171411
v 2.629723 3.964727 -0.168083
v 2.605591 3.948637 -0.164946
v 2.577350 3.941791 -0.162378
v 2.548405 3.945012 -0.160688
v 2.522248 3.957914 -0.160080
v 2.502033 3.978941 -0.160629
v 2.490198 4.005555 -0.162267
v 2.488172 4.034547 -0.164797
v 2.496198 4.062420 -0.167914
v 2.513309 4.085812 -0.171241
v 2.537440 4.101902 -0.174379
v 2.560655 4.128687 -0.227473
v 2.598059 4.124524 -0.229657
v 2.631860 4.107852 -0.230442
v 2.657981 4.080681 -0.229733
v 2.673274 4.046290 -0.227617
v 2.675892 4.008826 -0.224347
v 2.665520 3.972808 -0.220320
v 2.643410 3.942580 -0.216019
v 2.612227 3.921789 -0.211965
v 2.575733 3.912941 -0.208646
v 2.538330 3.917105 -0.206463
v 2.504529 3.933777 -0.205678
v 2.478407 3.960947 -0.206387
v 2.463115 3.995338 -0.208503
v 2.460497 4.032803 -0.211773
v 2.470868 4.068820 -0.215800
v 2.492979 4.099048 -0.220100
v 2.524162 4.119840 -0.224154
v 2.558349 4.071598 -0.307043
v 2.578635 4.069339 -0.308227
v 2.596967 4.060297 -0.308653
v 2.611134 4.045561 -0.308268
v 2.619428 4.026909 -0.307120
v 2.620848 4.006591 -0.305347
v 2.615223 3.987056 -0.303163
v 2.603231 3.970662 -0.300831
v 2.586319 3.959386 -0.298632
v 2.566527 3.954587 -0.296832
v 2.546241 3.956846 -0.295648
v 2.527910 3.965888 -0.295222
v 2.513742 3.980624 -0.295606
v 2.505448 3.999276 -0.296754
v 2.504028 4.019594 -0.298527
v 2.509654 4.039128 -0.300712
v 2.521645 4.055522 -0.303044
v 2.538557 4.066799 -0.305243
v 2.554899 4.120965 -0.311351
v 2.592302 4.116802 -0.313534
v 2.626103 4.100130 -0.314319
v 2.652225 4.072959 -0.313611
v 2.667517 4.038568 -0.311494
v 2.670136 4.001104 -0.308225
v 2.659764 3.965086 -0.304197
v 2.637654 3.934859 -0.299897
v 2.606471 3.914067 -0.295843
v 2.569977 3.905219 -0.292524
v 2.532574 3.909383 -0.290340
v 2.498773 3.926055 -0.289555
v 2.472651 3.953225 -0.290264
v 2.457359 3.987617 -0.292381
v 2.454741 4.025081 -0.295650
v 2.465112 4.061099 -0.299678
v 2.487223 4.091326 -0.303978
v 2.518406 4.112118 -0.308032
v 2.564528 4.079886 -0.217009
v 2.584814 4.077628 -0.218193
v 2.603146 4.068586 -0.218619
v 2.617313 4.053850 -0.218234
v 2.625607 4.035198 -0.217086
v 2.627027 4.014879 -0.215313
v 2.621402 3.995345 -0.213129
v 2.609410 3.978951 -0.210797
v 2.592498 3.967675 -0.208598
v 2.572706 3.962876 -0.206798
v 2.552420 3.965134 -0.205614
v 2.534088 3.974176 -0.205188
v 2.519921 3.988912 -0.205572
v 2.511627 4.007564 -0.206720
v 2.510207 4.027883 -0.208493
v 2.515832 4.047417 -0.210678
v 2.527824 4.063811 -0.213010
v 2.544736 4.075088 -0.215209
v 2.785681 4.112684 -0.335934
v 2.798513 4.113497 -0.336890
v 2.622517 3.770959 -0.293277
v 2.622971 3.764453 -0.292710
v 2.421516 4.212356 -0.320119
v 2.420207 4.231088 -0.321753
v 2.782617 4.108574 -0.380576
v 2.795449 4.109388 -0.381531
v 2.619453 3.766849 -0.337919
v 2.619908 3.760344 -0.337351
v 2.418452 4.208246 -0.364760
v 2.417143 4.226978 -0.366395
v 2.554513 4.101850 -0.332810
v 2.586020 4.098342 -0.334650
v 2.614493 4.084298 -0.335311
v 2.636498 4.061410 -0.334714
v 2.649380 4.032440 -0.332931
v 2.651585 4.000882 -0.330177
v 2.642848 3.970541 -0.326784
v 2.624223 3.945078 -0.323162
v 2.597955 3.927564 -0.319747
v 2.567214 3.920111 -0.316951
v 2.535707 3.923618 -0.315112
v 2.507234 3.937662 -0.314451
v 2.485229 3.960550 -0.315048
v 2.472347 3.989520 -0.316831
v 2.470142 4.021079 -0.319584
v 2.478879 4.051419 -0.322977
v 2.497504 4.076882 -0.326600
v 2.523772 4.094397 -0.330015
v 2.557419 4.060263 -0.329181
v 2.574507 4.058361 -0.330179
v 2.589950 4.050744 -0.330538
v 2.601884 4.038331 -0.330214
v 2.608870 4.022619 -0.329247
v 2.610066 4.005503 -0.327753
v 2.605328 3.989048 -0.325913
v 2.595227 3.975238 -0.323949
v 2.580981 3.965739 -0.322096
v 2.564308 3.961697 -0.320580
v 2.547220 3.963599 -0.319583
v 2.531777 3.971216 -0.319224
v 2.519843 3.983629 -0.319548
v 2.512857 3.999341 -0.320515
v 2.511661 4.016457 -0.322008
v 2.516399 4.032912 -0.323848
v 2.526501 4.046722 -0.325813
v 2.540747 4.056221 -0.327665
v 2.691803 4.094670 0.657028
v 2.692369 4.095429 0.665282
v 2.692936 4.096189 0.673536
v 2.693502 4.096950 0.681791
v 2.694069 4.097709 0.690045
v 2.610950 4.040760 0.667540
v 2.611517 4.041520 0.675794
v 2.612083 4.042279 0.684048
v 2.612649 4.043039 0.692302
v 2.613216 4.043799 0.700556
v 2.593349 4.053598 0.701018
v 2.592783 4.052839 0.692764
v 2.592216 4.052079 0.684509
v 2.591650 4.051319 0.676255
v 2.591084 4.050559 0.668001
v 2.646056 4.162672 0.653907
v 2.646622 4.163432 0.662162
v 2.647189 4.164192 0.670416
v 2.647755 4.164951 0.678670
v 2.648322 4.165711 0.686924
v 2.668188 4.155912 0.686463
v 2.667622 4.155152 0.678208
v 2.667056 4.154392 0.669954
v 2.666489 4.153632 0.661700
v 2.665923 4.152873 0.653446
v 2.571299 4.129931 0.662052
v 2.571866 4.130692 0.670306
v 2.572432 4.131452 0.678560
v 2.572998 4.132211 0.686814
v 2.573565 4.132971 0.695068
v 2.586560 4.150738 0.692541
v 2.585994 4.149978 0.684287
v 2.585428 4.149218 0.676033
v 2.584861 4.148458 0.667779
v 2.584295 4.147698 0.659524
v 2.685707 4.073500 0.659396
v 2.686274 4.074260 0.667650
v 2.686840 4.075020 0.675904
v 2.687406 4.075779 0.684158
v 2.687973 4.076540 0.692412
v 2.674977 4.058773 0.694939
v 2.674411 4.058013 0.686685
v 2.673844 4.057253 0.678431
v 2.673278 4.056493 0.670177
v 2.672711 4.055733 0.661923
v 2.681276 4.136903 0.653863
v 2.681842 4.137663 0.662117
v 2.682409 4.138423 0.670371
v 2.682975 4.139183 0.678625
v 2.683542 4.139942 0.686879
v 2.692530 4.119729 0.688123
v 2.691964 4.118969 0.679869
v 2.691397 4.118209 0.671615
v 2.690830 4.117449 0.663361
v 2.690264 4.116689 0.655107
v 2.626338 4.168159 0.688207
v 2.625771 4.167398 0.679953
v 2.625205 4.166638 0.671699
v 2.624638 4.165879 0.663445
v 2.624072 4.165119 0.655191
v 2.602623 4.159919 0.657142
v 2.603189 4.160678 0.665396
v 2.603755 4.161438 0.673650
v 2.604322 4.162198 0.681904
v 2.604888 4.162958 0.690158
v 2.569008 4.089782 0.699357
v 2.568441 4.089022 0.691103
v 2.567875 4.088262 0.682849
v 2.567308 4.087502 0.674595
v 2.566742 4.086742 0.666341
v 2.575730 4.066528 0.667585
v 2.576297 4.067288 0.675839
v 2.576863 4.068048 0.684093
v 2.577429 4.068808 0.692347
v 2.577996 4.069568 0.700601
v 2.656649 4.046553 0.697322
v 2.656083 4.045793 0.689068
v 2.655516 4.045033 0.680814
v 2.654950 4.044273 0.672560
v 2.654383 4.043513 0.664306
v 2.565203 4.108762 0.664419
v 2.565769 4.109522 0.672673
v 2.566336 4.110281 0.680927
v 2.566902 4.111042 0.689181
v 2.567469 4.111801 0.697436
v 2.632934 4.038313 0.666257
v 2.633501 4.039073 0.674511
v 2.634067 4.039832 0.682765
v 2.634634 4.040592 0.691019
v 2.635200 4.041352 0.699273
v 2.532239 4.158423 0.005092
v 2.575138 4.168823 0.001190
v 2.495584 4.133982 0.009858
v 2.469592 4.098449 0.014913
v 2.457400 4.056109 0.019647
v 2.460478 4.012070 0.023490
v 2.478454 3.971643 0.025978
v 2.509161 3.939704 0.026811
v 2.548895 3.920105 0.025889
v 2.592863 3.915211 0.023322
v 2.635761 3.925612 0.019420
v 2.672417 3.950052 0.014655
v 2.698408 3.985586 0.009600
v 2.710601 4.027925 0.004865
v 2.707523 4.071964 0.001022
v 2.689546 4.112392 -0.001466
v 2.658839 4.144331 -0.002299
v 2.619106 4.163929 -0.001376
v 2.534512 4.161471 0.038206
v 2.578588 4.173452 0.051464
v 2.497856 4.137031 0.042971
v 2.471865 4.101498 0.048026
v 2.459673 4.059158 0.052761
v 2.462750 4.015119 0.056604
v 2.480727 3.974691 0.059092
v 2.511434 3.942752 0.059925
v 2.551167 3.923154 0.059003
v 2.595135 3.918260 0.056436
v 2.638034 3.928660 0.052534
v 2.674690 3.953101 0.047769
v 2.700681 3.988634 0.042714
v 2.712873 4.030973 0.037979
v 2.709795 4.075013 0.034136
v 2.691819 4.115440 0.031648
v 2.661112 4.147379 0.030815
v 2.621378 4.166978 0.031738
v 2.622568 4.171819 0.026293
v 2.622139 4.171244 0.020046
v 2.664025 4.151371 0.025330
v 2.663597 4.150795 0.019083
v 2.696064 4.118046 0.026199
v 2.695635 4.117471 0.019952
v 2.714820 4.075865 0.028795
v 2.714391 4.075290 0.022548
v 2.718032 4.029916 0.032805
v 2.717603 4.029340 0.026558
v 2.705311 3.985739 0.037745
v 2.704882 3.985164 0.031498
v 2.678192 3.948665 0.043019
v 2.677763 3.948090 0.036772
v 2.639946 3.923164 0.047991
v 2.639517 3.922589 0.041744
v 2.595186 3.912312 0.052062
v 2.594758 3.911737 0.045815
v 2.549311 3.917418 0.054740
v 2.548883 3.916843 0.048493
v 2.507854 3.937867 0.055703
v 2.507426 3.937292 0.049456
v 2.475816 3.971192 0.054834
v 2.475387 3.970617 0.048587
v 2.457059 4.013373 0.052238
v 2.456630 4.012798 0.045991
v 2.453848 4.059322 0.048228
v 2.453419 4.058747 0.041981
v 2.466569 4.103498 0.043288
v 2.466140 4.102923 0.037041
v 2.493688 4.140573 0.038014
v 2.493259 4.139998 0.031767
v 2.531934 4.166074 0.033042
v 2.531505 4.165499 0.026795
v 2.576265 4.176351 0.022724
v 2.576693 4.176926 0.028971
v -2.989973 4.859460 0.038274
v -2.981841 4.870290 0.600532
v -2.957757 4.889869 0.037222
v -2.949625 4.900699 0.599480
v -2.917079 4.907423 0.036296
v -2.908947 4.918253 0.598554
v -2.872846 4.910007 0.035606
v -2.864714 4.920836 0.597864
v -2.830393 4.897305 0.035237
v -2.822261 4.908135 0.597495
v -2.794840 4.870853 0.035232
v -2.786708 4.881683 0.597490
v -2.770476 4.833840 0.035593
v -2.762344 4.844670 0.597851
v -2.760239 4.790731 0.036275
v -2.752107 4.801561 0.598533
v -2.765364 4.746724 0.037197
v -2.757232 4.757554 0.599455
v -2.785233 4.707129 0.038247
v -2.777101 4.717958 0.600505
v -2.817449 4.676719 0.039298
v -2.809317 4.687549 0.601557
v -2.858127 4.659164 0.040225
v -2.849995 4.669994 0.602483
v -2.902360 4.656582 0.040914
v -2.894228 4.667412 0.603173
v -2.944813 4.669282 0.041284
v -2.936681 4.680112 0.603542
v -2.980366 4.695735 0.041288
v -2.972234 4.706564 0.603547
v -3.004730 4.732748 0.040928
v -2.996598 4.743577 0.603186
v -3.014967 4.775857 0.040246
v -3.006835 4.786687 0.602504
v -3.009842 4.819864 0.039324
v -3.001710 4.830694 0.601582
v -2.874954 4.800140 0.912838
v -2.874954 4.800140 0.912838
v -2.874954 4.800140 0.912838
v -2.874954 4.800140 0.912838
v -2.874954 4.800140 0.912838
v -2.874954 4.800140 0.912838
v -2.874954 4.800140 0.912838
v -2.874954 4.800140 0.912838
v -2.874954 4.800140 0.912838
v -2.874954 4.800140 0.912838
v -2.874954 4.800140 0.912838
v -2.874954 4.800140 0.912838
v -2.874954 4.800140 0.912838
v -2.874954 4.800140 0.912838
v -2.874954 4.800140 0.912838
v -2.874954 4.800140 0.912838
v -2.874954 4.800140 0.912838
v -2.874954 4.800140 0.912838
v -2.956053 4.832027 -0.034829
v -2.934844 4.852047 -0.035522
v -2.908065 4.863603 -0.036132
v -2.878945 4.865304 -0.036586
v -2.850997 4.856943 -0.036829
v -2.827592 4.839529 -0.036832
v -2.811553 4.815162 -0.036594
v -2.804814 4.786782 -0.036145
v -2.808188 4.757812 -0.035539
v -2.821268 4.731745 -0.034847
v -2.842476 4.711726 -0.034155
v -2.869256 4.700169 -0.033545
v -2.898375 4.698469 -0.033091
v -2.926323 4.706830 -0.032848
v -2.949728 4.724244 -0.032845
v -2.965767 4.748610 -0.033082
v -2.972507 4.776990 -0.033531
v -2.969132 4.805961 -0.034138
v -2.911929 4.850899 0.781077
v -2.891590 4.859676 0.780614
v -2.818289 4.822885 0.780262
v -2.813170 4.801330 0.780603
v -2.862114 4.735547 0.782578
v -2.884231 4.734256 0.782923
v -2.940534 4.793893 0.782589
v -2.937971 4.815897 0.782128
v -2.848247 4.854618 0.780084
v -2.830471 4.841392 0.780082
v -2.825667 4.759529 0.781589
v -2.841775 4.744325 0.782115
v -2.923234 4.753832 0.783110
v -2.935416 4.772338 0.782930
v -2.869473 4.860968 0.780269
v -2.815733 4.779327 0.781064
v -2.928037 4.835695 0.781603
v -2.905457 4.740606 0.783108
v -2.894060 4.864977 0.716874
v -2.807394 4.800496 0.716863
v -2.885927 4.726368 0.719426
v -2.945319 4.816594 0.718547
v -2.826514 4.844769 0.716286
v -2.839007 4.737495 0.718533
v -2.942494 4.768456 0.719434
v -2.869618 4.866405 0.716493
v -2.810226 4.776178 0.717372
v -2.909385 4.733386 0.719630
v -2.916538 4.855277 0.717386
v -2.813051 4.824317 0.716486
v -2.861485 4.727795 0.719045
v -2.948151 4.792277 0.719057
v -2.846159 4.859386 0.716289
v -2.821205 4.754299 0.717952
v -2.929031 4.748003 0.719633
v -2.934340 4.838473 0.717967
v -2.916538 4.855277 0.717386
v -2.912649 4.849939 0.731241
v -2.813051 4.824317 0.716486
v -2.819009 4.821925 0.730427
v -2.861485 4.727795 0.719045
v -2.862835 4.734587 0.732743
v -2.948151 4.792277 0.719057
v -2.941255 4.792933 0.732753
v -2.846159 4.859386 0.716289
v -2.848968 4.853658 0.730249
v -2.821205 4.754299 0.717952
v -2.826388 4.758569 0.731754
v -2.929031 4.748003 0.719633
v -2.923954 4.752872 0.733275
v -2.934340 4.838473 0.717967
v -2.928758 4.834735 0.731767
v -2.906178 4.739646 0.733272
v -2.816453 4.778367 0.731229
v -2.870194 4.860008 0.730433
v -2.936136 4.771379 0.733094
v -2.842496 4.743364 0.732280
v -2.831191 4.840432 0.730246
v -2.938692 4.814937 0.732292
v -2.884951 4.733296 0.733087
v -2.813891 4.800370 0.730768
v -2.892311 4.858716 0.730778
v -2.894060 4.864977 0.716874
v -2.807394 4.800496 0.716863
v -2.885927 4.726368 0.719426
v -2.945319 4.816594 0.718547
v -2.826514 4.844769 0.716286
v -2.839007 4.737495 0.718533
v -2.942494 4.768456 0.719434
v -2.869618 4.866405 0.716493
v -2.810226 4.776178 0.717372
v -2.909385 4.733386 0.719630
v -2.915447 4.853529 0.715208
v -2.911559 4.848191 0.729063
v -2.814957 4.823466 0.714333
v -2.820915 4.821074 0.728274
v -2.861988 4.729739 0.716819
v -2.863338 4.736531 0.730516
v -2.946144 4.792354 0.716830
v -2.939248 4.793010 0.730526
v -2.847106 4.857520 0.714142
v -2.849915 4.851791 0.728102
v -2.822875 4.755475 0.715757
v -2.828058 4.759746 0.729559
v -2.927578 4.749362 0.717389
v -2.922502 4.754231 0.731031
v -2.932733 4.837213 0.715772
v -2.927151 4.833474 0.729572
v -2.905294 4.741428 0.731029
v -2.818441 4.778910 0.729051
v -2.870462 4.857938 0.728281
v -2.934294 4.772145 0.730857
v -2.843650 4.745028 0.730068
v -2.832708 4.838988 0.728100
v -2.936768 4.814309 0.730080
v -2.884747 4.735281 0.730850
v -2.815961 4.800209 0.728605
v -2.891871 4.856688 0.728615
v -2.893620 4.862948 0.714710
v -2.809464 4.800334 0.714699
v -2.885722 4.728354 0.717189
v -2.943394 4.815966 0.716335
v -2.828030 4.843326 0.714140
v -2.840162 4.739159 0.716322
v -2.940652 4.769222 0.717196
v -2.869886 4.864334 0.714341
v -2.812214 4.776721 0.715194
v -2.908502 4.735168 0.717387
v -2.897782 4.878296 0.687294
v -2.901503 4.891615 0.657714
v -2.905225 4.904934 0.628134
v -2.793572 4.800762 0.687280
v -2.779751 4.801028 0.657698
v -2.765929 4.801294 0.628116
v -2.888002 4.711629 0.690363
v -2.890077 4.696890 0.661299
v -2.892153 4.682151 0.632236
v -2.959417 4.820119 0.689306
v -2.973514 4.823644 0.660065
v -2.987612 4.827169 0.630823
v -2.816562 4.853998 0.686587
v -2.806611 4.863226 0.656888
v -2.796659 4.872455 0.627189
v -2.831584 4.725009 0.689289
v -2.824162 4.712522 0.660045
v -2.816740 4.700036 0.630801
v -2.956020 4.762236 0.690372
v -2.969546 4.756016 0.661310
v -2.983072 4.749797 0.632248
v -2.868392 4.880013 0.686836
v -2.867166 4.893620 0.657179
v -2.865940 4.907228 0.627522
v -2.796978 4.771523 0.687893
v -2.783729 4.766866 0.658413
v -2.770480 4.762210 0.628934
v -2.916209 4.720068 0.690608
v -2.923033 4.706749 0.661586
v -2.929857 4.693431 0.632564
v -2.941353 4.889343 0.628957
v -2.933081 4.877988 0.658433
v -2.924809 4.866632 0.687910
v -2.775021 4.839582 0.627510
v -2.787697 4.834494 0.657168
v -2.800374 4.829405 0.686827
v -2.852868 4.684444 0.631624
v -2.855740 4.698895 0.660764
v -2.858612 4.713345 0.689905
v -2.992164 4.788085 0.631642
v -2.977493 4.789482 0.660780
v -2.962822 4.790879 0.689919
v -2.828235 4.895948 0.627194
v -2.834210 4.883761 0.656892
v -2.840185 4.871573 0.686590
v -2.788127 4.727043 0.629867
v -2.799153 4.736128 0.659229
v -2.810179 4.745214 0.688590
v -2.961433 4.716924 0.632568
v -2.950632 4.727283 0.661590
v -2.939832 4.737643 0.690611
v -2.969965 4.862336 0.629891
v -2.958090 4.854382 0.659250
v -2.946215 4.846427 0.688608
v -2.903364 4.898275 0.642924
v -2.772840 4.801161 0.642907
v -2.891115 4.689520 0.646768
v -2.980563 4.825406 0.645444
v -2.801635 4.867841 0.642039
v -2.820451 4.706279 0.645423
v -2.976309 4.752907 0.646779
v -2.866553 4.900424 0.642350
v -2.777105 4.764538 0.643674
v -2.926445 4.700090 0.647075
v -2.937217 4.883666 0.643695
v -2.781359 4.837038 0.642339
v -2.854304 4.691669 0.646194
v -2.984828 4.788783 0.646211
v -2.831223 4.889854 0.642043
v -2.793640 4.731586 0.644548
v -2.956033 4.722104 0.647079
v -2.964028 4.858358 0.644570
v -2.899601 4.884805 0.672839
v -2.786818 4.800892 0.672824
v -2.889016 4.704426 0.676160
v -2.966306 4.821841 0.675016
v -2.811699 4.858508 0.672074
v -2.827957 4.718906 0.674998
v -2.962630 4.759196 0.676170
v -2.867793 4.886662 0.672343
v -2.790503 4.769247 0.673487
v -2.919544 4.713559 0.676426
v -2.928852 4.872182 0.673505
v -2.794179 4.831892 0.672333
v -2.857209 4.706283 0.675664
v -2.969991 4.790196 0.675679
v -2.837265 4.877530 0.672077
v -2.804791 4.740774 0.674242
v -2.945110 4.732581 0.676429
v -2.952018 4.850315 0.674261
v -2.989010 4.860742 0.104808
v -2.956794 4.891150 0.103756
v -2.916116 4.908705 0.102830
v -2.871883 4.911288 0.102141
v -2.829430 4.898587 0.101771
v -2.793878 4.872135 0.101766
v -2.769514 4.835122 0.102127
v -2.759277 4.792012 0.102809
v -2.764402 4.748006 0.103731
v -2.784271 4.708410 0.104781
v -2.816487 4.678001 0.105833
v -2.857165 4.660446 0.106759
v -2.901398 4.657864 0.107449
v -2.943851 4.670564 0.107818
v -2.979403 4.697016 0.107823
v -3.003767 4.734029 0.107462
v -3.014004 4.777139 0.106780
v -3.008879 4.821146 0.105858
v -2.988778 4.861051 0.120862
v -2.956312 4.891792 0.137078
v -2.915635 4.909347 0.136152
v -2.871402 4.911930 0.135462
v -2.828948 4.899229 0.135093
v -2.793396 4.872777 0.135088
v -2.769032 4.835764 0.135449
v -2.758795 4.792654 0.136131
v -2.763920 4.748648 0.137053
v -2.783789 4.709052 0.138103
v -2.816005 4.678643 0.139155
v -2.856683 4.661088 0.140081
v -2.900916 4.658505 0.140771
v -2.943369 4.671206 0.141140
v -2.978921 4.697658 0.141145
v -3.003286 4.734671 0.140784
v -3.013523 4.777781 0.140102
v -3.008398 4.821787 0.139180
v -2.956930 4.830859 -0.095525
v -2.935722 4.850878 -0.096217
v -2.908942 4.862434 -0.096827
v -2.879823 4.864135 -0.097281
v -2.851875 4.855773 -0.097524
v -2.828470 4.838359 -0.097527
v -2.812431 4.813993 -0.097290
v -2.805691 4.785613 -0.096841
v -2.809065 4.756642 -0.096234
v -2.822146 4.730576 -0.095542
v -2.843354 4.710557 -0.094850
v -2.870133 4.699000 -0.094240
v -2.899253 4.697299 -0.093786
v -2.927201 4.705661 -0.093543
v -2.950606 4.723075 -0.093540
v -2.966645 4.747441 -0.093777
v -2.973384 4.775821 -0.094227
v -2.970011 4.804792 -0.094833
v -2.977327 4.844573 -0.144223
v -2.949921 4.870441 -0.145118
v -2.915317 4.885375 -0.145906
v -2.877688 4.887572 -0.146493
v -2.841574 4.876768 -0.146807
v -2.811330 4.854265 -0.146811
v -2.790603 4.822779 -0.146504
v -2.781895 4.786106 -0.145924
v -2.786255 4.748670 -0.145140
v -2.803157 4.714985 -0.144247
v -2.830563 4.689116 -0.143352
v -2.865167 4.674183 -0.142564
v -2.902796 4.671986 -0.141977
v -2.938910 4.682790 -0.141663
v -2.969155 4.705293 -0.141659
v -2.989881 4.736779 -0.141966
v -2.998590 4.773453 -0.142546
v -2.994230 4.810889 -0.143330
v -2.938694 4.813294 -0.228633
v -2.923830 4.827324 -0.229118
v -2.905062 4.835423 -0.229545
v -2.884655 4.836615 -0.229864
v -2.865068 4.830755 -0.230034
v -2.848665 4.818551 -0.230036
v -2.837424 4.801474 -0.229870
v -2.832701 4.781585 -0.229555
v -2.835065 4.761281 -0.229130
v -2.844232 4.743012 -0.228645
v -2.859096 4.728982 -0.228160
v -2.877864 4.720883 -0.227733
v -2.898272 4.719692 -0.227415
v -2.917858 4.725552 -0.227244
v -2.934261 4.737756 -0.227242
v -2.945502 4.754832 -0.227408
v -2.950225 4.774722 -0.227723
v -2.947860 4.795026 -0.228148
v -2.978548 4.842947 -0.228628
v -2.951142 4.868815 -0.229522
v -2.916538 4.883749 -0.230310
v -2.878909 4.885946 -0.230897
v -2.842795 4.875142 -0.231211
v -2.812550 4.852639 -0.231215
v -2.791824 4.821153 -0.230908
v -2.783116 4.784480 -0.230328
v -2.787475 4.747044 -0.229544
v -2.804378 4.713360 -0.228651
v -2.831784 4.687491 -0.227756
v -2.866388 4.672557 -0.226968
v -2.904017 4.670360 -0.226381
v -2.940131 4.681165 -0.226067
v -2.970376 4.703667 -0.226063
v -2.991102 4.735154 -0.226370
v -2.999810 4.771827 -0.226950
v -2.995451 4.809263 -0.227734
v -2.937383 4.815039 -0.138033
v -2.922519 4.829069 -0.138519
v -2.903752 4.837168 -0.138946
v -2.883344 4.838360 -0.139264
v -2.863757 4.832500 -0.139435
v -2.847354 4.820296 -0.139437
v -2.836113 4.803219 -0.139270
v -2.831390 4.783329 -0.138956
v -2.833755 4.763026 -0.138530
v -2.842922 4.744758 -0.138046
v -2.857786 4.730728 -0.137561
v -2.876553 4.722629 -0.137133
v -2.896961 4.721437 -0.136815
v -2.916548 4.727296 -0.136645
v -2.932951 4.739501 -0.136643
v -2.944192 4.756577 -0.136809
v -2.948915 4.776467 -0.137124
v -2.946550 4.796771 -0.137549
v -2.823091 5.014822 -0.243635
v -2.815397 5.025163 -0.243946
v -2.668406 4.666582 -0.239165
v -2.663155 4.662674 -0.239166
v -3.134986 4.801636 -0.235018
v -3.150108 4.812887 -0.235016
v -2.823741 5.013957 -0.288557
v -2.816047 5.024298 -0.288867
v -2.669056 4.665717 -0.284087
v -2.663804 4.661809 -0.284087
v -3.135636 4.800771 -0.279940
v -3.150758 4.812022 -0.279938
v -2.965155 4.832289 -0.251717
v -2.942069 4.854080 -0.252471
v -2.912919 4.866660 -0.253134
v -2.881222 4.868511 -0.253629
v -2.850800 4.859409 -0.253893
v -2.825323 4.840454 -0.253897
v -2.807864 4.813931 -0.253638
v -2.800528 4.783038 -0.253149
v -2.804201 4.751503 -0.252489
v -2.818439 4.723128 -0.251736
v -2.841525 4.701337 -0.250983
v -2.870675 4.688757 -0.250319
v -2.902372 4.686907 -0.249825
v -2.932794 4.696008 -0.249560
v -2.958271 4.714963 -0.249557
v -2.975730 4.741487 -0.249815
v -2.983066 4.772379 -0.250304
v -2.979393 4.803915 -0.250965
v -2.931583 4.807310 -0.251721
v -2.919062 4.819129 -0.252130
v -2.903253 4.825951 -0.252490
v -2.886062 4.826955 -0.252758
v -2.869562 4.822019 -0.252902
v -2.855745 4.811738 -0.252904
v -2.846276 4.797353 -0.252763
v -2.842297 4.780599 -0.252498
v -2.844289 4.763496 -0.252140
v -2.852011 4.748107 -0.251732
v -2.864532 4.736289 -0.251323
v -2.880341 4.729466 -0.250963
v -2.897532 4.728462 -0.250695
v -2.914032 4.733398 -0.250552
v -2.927849 4.743679 -0.250550
v -2.937318 4.758064 -0.250690
v -2.941297 4.774818 -0.250955
v -2.939305 4.791922 -0.251313
v -2.831071 4.840591 0.738552
v -2.830951 4.840752 0.746858
v -2.830831 4.840912 0.755164
v -2.830711 4.841072 0.763470
v -2.830591 4.841231 0.771776
v -2.842376 4.743525 0.740586
v -2.842256 4.743684 0.748891
v -2.842136 4.743845 0.757197
v -2.842015 4.744004 0.765503
v -2.841895 4.744164 0.773809
v -2.862234 4.735387 0.774272
v -2.862354 4.735227 0.765966
v -2.862474 4.735067 0.757660
v -2.862595 4.734907 0.749355
v -2.862715 4.734747 0.741049
v -2.912529 4.850100 0.739547
v -2.912409 4.850259 0.747853
v -2.912289 4.850419 0.756159
v -2.912169 4.850579 0.764465
v -2.912049 4.850739 0.772771
v -2.891710 4.859517 0.772308
v -2.891830 4.859356 0.764002
v -2.891950 4.859197 0.755696
v -2.892071 4.859036 0.747390
v -2.892191 4.858877 0.739084
v -2.936016 4.771539 0.741400
v -2.935896 4.771698 0.749706
v -2.935776 4.771859 0.758012
v -2.935656 4.772018 0.766318
v -2.935536 4.772179 0.774624
v -2.940654 4.793734 0.774283
v -2.940774 4.793573 0.765977
v -2.940894 4.793413 0.757671
v -2.941015 4.793253 0.749365
v -2.941135 4.793094 0.741059
v -2.818889 4.822085 0.738733
v -2.818769 4.822245 0.747039
v -2.818649 4.822405 0.755344
v -2.818529 4.822565 0.763650
v -2.818408 4.822725 0.771956
v -2.813290 4.801170 0.772297
v -2.813410 4.801010 0.763991
v -2.813530 4.800850 0.755686
v -2.813651 4.800690 0.747380
v -2.813771 4.800530 0.739074
v -2.870074 4.860168 0.738739
v -2.869954 4.860328 0.747045
v -2.869834 4.860488 0.755351
v -2.869714 4.860648 0.763657
v -2.869593 4.860808 0.771963
v -2.848367 4.854458 0.771778
v -2.848487 4.854298 0.763472
v -2.848607 4.854137 0.755166
v -2.848727 4.853978 0.746861
v -2.848848 4.853818 0.738555
v -2.928157 4.835535 0.773297
v -2.928277 4.835375 0.764991
v -2.928397 4.835215 0.756685
v -2.928517 4.835054 0.748379
v -2.928638 4.834895 0.740073
v -2.938572 4.815097 0.740598
v -2.938452 4.815257 0.748904
v -2.938332 4.815417 0.757210
v -2.938212 4.815577 0.765516
v -2.938091 4.815737 0.773822
v -2.905577 4.740446 0.774802
v -2.905697 4.740286 0.766496
v -2.905818 4.740126 0.758190
v -2.905938 4.739966 0.749884
v -2.906058 4.739806 0.741578
v -2.884831 4.733456 0.741393
v -2.884711 4.733616 0.749699
v -2.884591 4.733776 0.758005
v -2.884471 4.733936 0.766311
v -2.884351 4.734096 0.774617
v -2.815853 4.779167 0.772758
v -2.815973 4.779007 0.764452
v -2.816093 4.778847 0.756146
v -2.816213 4.778687 0.747841
v -2.816333 4.778527 0.739535
v -2.923834 4.753032 0.741580
v -2.923714 4.753192 0.749886
v -2.923594 4.753352 0.758192
v -2.923474 4.753512 0.766498
v -2.923353 4.753672 0.774804
v -2.826268 4.758729 0.740060
v -2.826148 4.758889 0.748366
v -2.826027 4.759049 0.756671
v -2.825907 4.759209 0.764977
v -2.825787 4.759369 0.773283
v -3.009129 4.820813 0.088591
v -2.989260 4.860409 0.087541
v -3.014254 4.776806 0.089512
v -3.004017 4.733696 0.090195
v -2.979653 4.696683 0.090555
v -2.944101 4.670231 0.090551
v -2.901648 4.657531 0.090181
v -2.857414 4.660114 0.089492
v -2.816737 4.677669 0.088565
v -2.784520 4.708077 0.087514
v -2.764652 4.747673 0.086464
v -2.759526 4.791680 0.085542
v -2.769763 4.834790 0.084860
v -2.794127 4.871803 0.084499
v -2.829680 4.898254 0.084504
v -2.872133 4.910955 0.084873
v -2.916366 4.908372 0.085563
v -2.957044 4.890818 0.086489
v -3.008647 4.821455 0.121913
v -2.988528 4.861383 0.138130
v -3.013772 4.777448 0.122834
v -3.003535 4.734338 0.123517
v -2.979171 4.697325 0.123877
v -2.943619 4.670873 0.123872
v -2.901165 4.658173 0.123503
v -2.856932 4.660756 0.122814
v -2.816255 4.678310 0.121887
v -2.784039 4.708719 0.120835
v -2.764169 4.748315 0.119785
v -2.759044 4.792322 0.118864
v -2.769281 4.835432 0.118181
v -2.793646 4.872445 0.117821
v -2.829198 4.898897 0.117826
v -2.871651 4.911597 0.118195
v -2.915884 4.909014 0.118884
v -2.956562 4.891459 0.119811
v -2.959676 4.895988 0.114882
v -2.959767 4.895867 0.108596
v -2.917233 4.914305 0.113915
v -2.917324 4.914184 0.107629
v -2.871082 4.917000 0.113196
v -2.871173 4.916879 0.106909
v -2.826787 4.903748 0.112810
v -2.826878 4.903627 0.106524
v -2.789692 4.876149 0.112805
v -2.789783 4.876028 0.106519
v -2.764271 4.837530 0.113182
v -2.764362 4.837409 0.106895
v -2.753590 4.792550 0.113894
v -2.753681 4.792429 0.107607
v -2.758938 4.746634 0.114855
v -2.759029 4.746513 0.108569
v -2.779668 4.705321 0.115951
v -2.779759 4.705200 0.109665
v -2.813282 4.673593 0.117048
v -2.813373 4.673472 0.110762
v -2.855725 4.655277 0.118015
v -2.855815 4.655156 0.111729
v -2.901876 4.652582 0.118734
v -2.901967 4.652461 0.112448
v -2.946171 4.665833 0.119120
v -2.946262 4.665712 0.112833
v -2.983266 4.693433 0.119124
v -2.983357 4.693312 0.112838
v -3.008687 4.732052 0.118748
v -3.008778 4.731931 0.112462
v -3.019368 4.777031 0.118036
v -3.019459 4.776910 0.111750
v -3.014020 4.822947 0.117075
v -3.014111 4.822826 0.110788
v -2.993381 4.864140 0.109693
v -2.993289 4.864261 0.115979
v -2.474227 4.626954 0.003412
v -2.475297 4.625416 0.565830
v -2.442003 4.657373 0.003556
v -2.443073 4.655835 0.565975
v -2.401319 4.674936 0.003682
v -2.402389 4.673398 0.566100
v -2.357081 4.677526 0.003773
v -2.358151 4.675988 0.566191
v -2.314626 4.664828 0.003819
v -2.315695 4.663291 0.566237
v -2.279073 4.638376 0.003814
v -2.280142 4.636838 0.566233
v -2.254711 4.601360 0.003759
v -2.255781 4.599822 0.566178
v -2.244479 4.558244 0.003661
v -2.245549 4.556706 0.566079
v -2.249611 4.514228 0.003531
v -2.250681 4.512691 0.565949
v -2.269487 4.474623 0.003385
v -2.270557 4.473085 0.565803
v -2.301711 4.444203 0.003240
v -2.302781 4.442666 0.565659
v -2.342395 4.426641 0.003115
v -2.343465 4.425103 0.565533
v -2.386633 4.424051 0.003024
v -2.387703 4.422513 0.565442
v -2.429089 4.436748 0.002978
v -2.430159 4.435211 0.565396
v -2.464642 4.463200 0.002982
v -2.465711 4.461663 0.565401
v -2.489003 4.500216 0.003037
v -2.490073 4.498679 0.565455
v -2.499235 4.543333 0.003136
v -2.500305 4.541795 0.565554
v -2.494103 4.587348 0.003266
v -2.495173 4.585811 0.565684
v -2.373521 4.548397 0.878225
v -2.373521 4.548397 0.878225
v -2.373521 4.548397 0.878225
v -2.373521 4.548397 0.878225
v -2.373521 4.548397 0.878225
v -2.373521 4.548397 0.878225
v -2.373521 4.548397 0.878225
v -2.373521 4.548397 0.878225
v -2.373521 4.548397 0.878225
v -2.373521 4.548397 0.878225
v -2.373521 4.548397 0.878225
v -2.373521 4.548397 0.878225
v -2.373521 4.548397 0.878225
v -2.373521 4.548397 0.878225
v -2.373521 4.548397 0.878225
v -2.373521 4.548397 0.878225
v -2.373521 4.548397 0.878225
v -2.373521 4.548397 0.878225
v -2.439111 4.601130 -0.069712
v -2.417897 4.621155 -0.069617
v -2.391114 4.632718 -0.069535
v -2.361990 4.634422 -0.069474
v -2.334041 4.626063 -0.069444
v -2.310636 4.608649 -0.069447
v -2.294598 4.584280 -0.069483
v -2.287862 4.555896 -0.069548
v -2.291241 4.526920 -0.069634
v -2.304326 4.500846 -0.069730
v -2.325539 4.480821 -0.069825
v -2.352323 4.469259 -0.069908
v -2.381445 4.467554 -0.069968
v -2.409395 4.475913 -0.069998
v -2.432800 4.493327 -0.069995
v -2.448838 4.517695 -0.069959
v -2.455574 4.546080 -0.069894
v -2.452195 4.575056 -0.069808
v -2.408345 4.602048 0.747025
v -2.388002 4.610829 0.747087
v -2.314698 4.574041 0.747126
v -2.309582 4.552483 0.747077
v -2.358541 4.486681 0.746804
v -2.380659 4.485387 0.746758
v -2.436960 4.545028 0.746814
v -2.434395 4.567036 0.746879
v -2.344656 4.605775 0.747156
v -2.326879 4.592549 0.747154
v -2.322087 4.510673 0.746939
v -2.338198 4.495463 0.746867
v -2.419664 4.504961 0.746738
v -2.431844 4.523470 0.746765
v -2.365883 4.612124 0.747133
v -2.312148 4.530476 0.747012
v -2.424456 4.586838 0.746952
v -2.401887 4.491735 0.746735
v -2.389430 4.617531 0.683448
v -2.302764 4.553049 0.683436
v -2.381315 4.478897 0.683084
v -2.440701 4.569132 0.683218
v -2.321880 4.597329 0.683521
v -2.334389 4.490033 0.683204
v -2.437883 4.520985 0.683092
v -2.364985 4.618961 0.683498
v -2.305600 4.528728 0.683365
v -2.404775 4.485913 0.683059
v -2.411911 4.607826 0.683379
v -2.308418 4.576874 0.683491
v -2.356870 4.480328 0.683135
v -2.443537 4.544810 0.683146
v -2.341525 4.611946 0.683524
v -2.316583 4.506842 0.683284
v -2.424421 4.500530 0.683061
v -2.429718 4.591017 0.683299
v -2.411911 4.607826 0.683379
v -2.408250 4.602184 0.697175
v -2.308418 4.576874 0.683491
v -2.314604 4.574178 0.697276
v -2.356870 4.480328 0.683135
v -2.358446 4.486818 0.696954
v -2.443537 4.544810 0.683146
v -2.436866 4.545164 0.696965
v -2.341525 4.611945 0.683524
v -2.344561 4.605912 0.697306
v -2.316583 4.506842 0.683284
v -2.321992 4.510809 0.697089
v -2.424421 4.500530 0.683061
v -2.419569 4.505098 0.696888
v -2.429718 4.591017 0.683299
v -2.424362 4.586975 0.697103
v -2.401793 4.491872 0.696886
v -2.312054 4.530612 0.697162
v -2.365788 4.612260 0.697283
v -2.431750 4.523606 0.696915
v -2.338104 4.495599 0.697017
v -2.326784 4.592686 0.697304
v -2.434300 4.567172 0.697030
v -2.380565 4.485523 0.696909
v -2.309488 4.552619 0.697227
v -2.387908 4.610966 0.697238
v -2.389430 4.617531 0.683448
v -2.302764 4.553049 0.683436
v -2.381315 4.478897 0.683084
v -2.440701 4.569132 0.683218
v -2.321880 4.597329 0.683521
v -2.334389 4.490033 0.683204
v -2.437883 4.520985 0.683092
v -2.364985 4.618961 0.683498
v -2.305600 4.528728 0.683365
v -2.404775 4.485913 0.683059
v -2.410785 4.606126 0.681180
v -2.407123 4.600484 0.694977
v -2.310288 4.576071 0.681289
v -2.316474 4.573374 0.695075
v -2.357338 4.482321 0.680944
v -2.358913 4.488811 0.694763
v -2.441494 4.544935 0.680955
v -2.434823 4.545289 0.694773
v -2.342437 4.610126 0.681321
v -2.345472 4.604093 0.695104
v -2.318217 4.508067 0.681088
v -2.323626 4.512033 0.694894
v -2.422932 4.501938 0.680872
v -2.418080 4.506505 0.694699
v -2.428075 4.589804 0.681103
v -2.422719 4.585762 0.694907
v -2.400872 4.493703 0.694697
v -2.314006 4.531203 0.694964
v -2.366021 4.610238 0.695082
v -2.429871 4.524421 0.694726
v -2.339222 4.497311 0.694824
v -2.328265 4.591290 0.695102
v -2.432339 4.566593 0.694836
v -2.380324 4.487557 0.694719
v -2.311522 4.552506 0.695027
v -2.387432 4.608985 0.695037
v -2.388955 4.615550 0.681248
v -2.304798 4.552936 0.681236
v -2.381075 4.480931 0.680895
v -2.438740 4.568552 0.681024
v -2.323360 4.595933 0.681319
v -2.335508 4.491745 0.681011
v -2.436004 4.521800 0.680902
v -2.365218 4.616940 0.681297
v -2.307552 4.529318 0.681167
v -2.403855 4.487744 0.680870
v -2.392670 4.631498 0.654111
v -2.395909 4.645465 0.624774
v -2.399149 4.659431 0.595437
v -2.288460 4.553963 0.654097
v -2.274157 4.554877 0.624758
v -2.259853 4.555792 0.595419
v -2.382912 4.464801 0.653674
v -2.384509 4.450706 0.624263
v -2.386106 4.436609 0.594853
v -2.454319 4.573301 0.653835
v -2.467937 4.577471 0.624451
v -2.481555 4.581641 0.595068
v -2.311445 4.607206 0.654199
v -2.301011 4.617084 0.624877
v -2.290577 4.626961 0.595555
v -2.326487 4.478191 0.653818
v -2.318585 4.466350 0.624431
v -2.310683 4.454508 0.595045
v -2.450930 4.515409 0.653683
v -2.463978 4.509832 0.624274
v -2.477025 4.504255 0.594865
v -2.363277 4.633218 0.654171
v -2.361568 4.647475 0.624845
v -2.359859 4.661731 0.595518
v -2.291870 4.524718 0.654011
v -2.278140 4.520709 0.624657
v -2.264410 4.516700 0.595303
v -2.411121 4.473238 0.653643
v -2.417467 4.460562 0.624227
v -2.423813 4.447886 0.594812
v -2.435283 4.643833 0.595326
v -2.427492 4.631831 0.624677
v -2.419702 4.619828 0.654028
v -2.268940 4.594085 0.595506
v -2.282099 4.588348 0.624834
v -2.295259 4.582611 0.654162
v -2.346817 4.438909 0.594934
v -2.350168 4.452715 0.624334
v -2.353519 4.466522 0.653734
v -2.486113 4.542549 0.594952
v -2.471921 4.543303 0.624350
v -2.457729 4.544056 0.653748
v -2.322153 4.650455 0.595559
v -2.328610 4.637618 0.624880
v -2.335068 4.624782 0.654202
v -2.282064 4.481524 0.595173
v -2.293570 4.489964 0.624543
v -2.305077 4.498403 0.653914
v -2.455389 4.471380 0.594816
v -2.445066 4.481096 0.624231
v -2.434744 4.490813 0.653646
v -2.463902 4.616817 0.595197
v -2.452507 4.608216 0.624564
v -2.441113 4.599617 0.653932
v -2.397529 4.652448 0.610105
v -2.267005 4.555335 0.610088
v -2.385308 4.443657 0.609558
v -2.474746 4.579556 0.609759
v -2.295794 4.622023 0.610216
v -2.314634 4.460429 0.609738
v -2.470501 4.507044 0.609569
v -2.360714 4.654603 0.610181
v -2.271275 4.518704 0.609980
v -2.420640 4.454224 0.609519
v -2.431387 4.637832 0.610001
v -2.275520 4.591217 0.610170
v -2.348492 4.445812 0.609634
v -2.479017 4.542926 0.609651
v -2.325382 4.644036 0.610220
v -2.287817 4.485744 0.609858
v -2.450227 4.476238 0.609523
v -2.458205 4.612516 0.609881
v -2.394253 4.638323 0.639774
v -2.281470 4.554410 0.639759
v -2.383693 4.457913 0.639301
v -2.460974 4.575339 0.639475
v -2.306346 4.612033 0.639870
v -2.322625 4.472404 0.639457
v -2.457306 4.512683 0.639311
v -2.362442 4.640185 0.639840
v -2.285161 4.522759 0.639666
v -2.414222 4.467043 0.639268
v -2.423509 4.625693 0.639684
v -2.288828 4.585415 0.639830
v -2.351882 4.459775 0.639367
v -2.464664 4.543688 0.639382
v -2.331912 4.631055 0.639873
v -2.299453 4.494278 0.639561
v -2.439788 4.486065 0.639271
v -2.446681 4.603819 0.639580
v -2.474354 4.626772 0.069965
v -2.442130 4.657191 0.070110
v -2.401445 4.674754 0.070235
v -2.357208 4.677343 0.070326
v -2.314752 4.664646 0.070372
v -2.279199 4.638194 0.070368
v -2.254838 4.601178 0.070313
v -2.244606 4.558062 0.070214
v -2.249738 4.514046 0.070084
v -2.269614 4.474441 0.069938
v -2.301838 4.444022 0.069794
v -2.342522 4.426458 0.069668
v -2.386760 4.423869 0.069577
v -2.429215 4.436566 0.069531
v -2.464768 4.463018 0.069536
v -2.489130 4.500035 0.069591
v -2.499362 4.543151 0.069689
v -2.494230 4.587166 0.069819
v -2.474384 4.626728 0.086024
v -2.442193 4.657100 0.103441
v -2.401509 4.674663 0.103566
v -2.357271 4.677252 0.103658
v -2.314815 4.664555 0.103704
v -2.279263 4.638103 0.103699
v -2.254901 4.601087 0.103644
v -2.244669 4.557971 0.103546
v -2.249801 4.513955 0.103416
v -2.269677 4.474349 0.103269
v -2.301901 4.443931 0.103125
v -2.342585 4.426367 0.103000
v -2.386823 4.423778 0.102908
v -2.429279 4.436475 0.102862
v -2.464832 4.462927 0.102867
v -2.489193 4.499944 0.102922
v -2.499425 4.543060 0.103020
v -2.494293 4.587075 0.103150
v -2.438995 4.601295 -0.130425
v -2.417781 4.621321 -0.130330
v -2.390998 4.632884 -0.130247
v -2.361875 4.634588 -0.130187
v -2.333925 4.626229 -0.130157
v -2.310520 4.608815 -0.130160
v -2.294483 4.584446 -0.130196
v -2.287747 4.556062 -0.130261
v -2.291125 4.527086 -0.130346
v -2.304210 4.501012 -0.130442
v -2.325424 4.480987 -0.130538
v -2.352207 4.469425 -0.130620
v -2.381330 4.467720 -0.130680
v -2.409280 4.476079 -0.130710
v -2.432685 4.493493 -0.130707
v -2.448722 4.517862 -0.130671
v -2.455458 4.546246 -0.130607
v -2.452080 4.575222 -0.130521
v -2.458595 4.616081 -0.179137
v -2.431183 4.641958 -0.179014
v -2.396573 4.656899 -0.178908
v -2.358940 4.659101 -0.178830
v -2.322823 4.648300 -0.178791
v -2.292579 4.625798 -0.178795
v -2.271855 4.594308 -0.178842
v -2.263150 4.557630 -0.178925
v -2.267516 4.520186 -0.179036
v -2.284425 4.486494 -0.179160
v -2.311837 4.460617 -0.179283
v -2.346447 4.445675 -0.179390
v -2.384080 4.443473 -0.179467
v -2.420197 4.454274 -0.179507
v -2.450441 4.476777 -0.179503
v -2.471165 4.508266 -0.179456
v -2.479869 4.544945 -0.179372
v -2.475504 4.582388 -0.179262
v -2.418580 4.586659 -0.263571
v -2.403713 4.600693 -0.263504
v -2.384942 4.608797 -0.263446
v -2.364532 4.609991 -0.263404
v -2.344944 4.604133 -0.263383
v -2.328541 4.591929 -0.263385
v -2.317301 4.574851 -0.263410
v -2.312581 4.554958 -0.263456
v -2.314948 4.534650 -0.263516
v -2.324119 4.516377 -0.263583
v -2.338986 4.502343 -0.263650
v -2.357756 4.494240 -0.263708
v -2.378167 4.493045 -0.263750
v -2.397754 4.498903 -0.263771
v -2.414158 4.511107 -0.263769
v -2.425397 4.528186 -0.263744
v -2.430118 4.548079 -0.263698
v -2.427751 4.568386 -0.263638
v -2.458435 4.616312 -0.263566
v -2.431022 4.642189 -0.263443
v -2.396412 4.657130 -0.263336
v -2.358779 4.659332 -0.263258
v -2.322663 4.648531 -0.263219
v -2.292418 4.626029 -0.263223
v -2.271694 4.594539 -0.263270
v -2.262990 4.557860 -0.263354
v -2.267355 4.520417 -0.263464
v -2.284264 4.486724 -0.263589
v -2.311677 4.460847 -0.263711
v -2.346287 4.445907 -0.263818
v -2.383919 4.443704 -0.263896
v -2.420036 4.454505 -0.263935
v -2.450280 4.477008 -0.263931
v -2.471005 4.508497 -0.263884
v -2.479709 4.545176 -0.263800
v -2.475343 4.582619 -0.263690
v -2.418752 4.586411 -0.172946
v -2.403885 4.600446 -0.172879
v -2.385114 4.608549 -0.172821
v -2.364704 4.609744 -0.172779
v -2.345116 4.603885 -0.172758
v -2.328713 4.591681 -0.172760
v -2.317474 4.574603 -0.172785
v -2.312753 4.554710 -0.172831
v -2.315120 4.534402 -0.172891
v -2.324291 4.516129 -0.172958
v -2.339158 4.502095 -0.173025
v -2.357929 4.493992 -0.173083
v -2.378339 4.492797 -0.173125
v -2.397927 4.498655 -0.173146
v -2.414330 4.510859 -0.173144
v -2.425570 4.527938 -0.173118
v -2.430290 4.547831 -0.173073
v -2.427923 4.568138 -0.173013
v -2.302783 4.788446 -0.272245
v -2.295087 4.798791 -0.272202
v -2.148131 4.440165 -0.272903
v -2.142879 4.436257 -0.272904
v -2.614740 4.575180 -0.273421
v -2.629862 4.586431 -0.273419
v -2.302698 4.788569 -0.317179
v -2.295002 4.798913 -0.317137
v -2.148045 4.440288 -0.317837
v -2.142793 4.436380 -0.317838
v -2.614654 4.575303 -0.318356
v -2.629776 4.586554 -0.318354
v -2.444664 4.606162 -0.286661
v -2.421572 4.627960 -0.286558
v -2.392418 4.640546 -0.286468
v -2.360717 4.642401 -0.286403
v -2.330293 4.633302 -0.286370
v -2.304816 4.614347 -0.286373
v -2.287359 4.587821 -0.286412
v -2.280026 4.556924 -0.286483
v -2.283704 4.525382 -0.286576
v -2.297947 4.497001 -0.286681
v -2.321039 4.475203 -0.286784
v -2.350193 4.462617 -0.286874
v -2.381894 4.460761 -0.286940
v -2.412318 4.469860 -0.286972
v -2.437795 4.488815 -0.286969
v -2.455252 4.515342 -0.286930
v -2.462584 4.546239 -0.286859
v -2.458907 4.577780 -0.286766
v -2.411091 4.581183 -0.286666
v -2.398567 4.593005 -0.286610
v -2.382756 4.599831 -0.286561
v -2.365563 4.600837 -0.286525
v -2.349062 4.595902 -0.286508
v -2.335245 4.585622 -0.286509
v -2.325777 4.571236 -0.286531
v -2.321800 4.554479 -0.286569
v -2.323795 4.537372 -0.286620
v -2.331520 4.521979 -0.286676
v -2.344043 4.510157 -0.286732
v -2.359855 4.503331 -0.286781
v -2.377048 4.502325 -0.286817
v -2.393548 4.507260 -0.286835
v -2.407366 4.517540 -0.286833
v -2.416834 4.531927 -0.286811
v -2.420810 4.548684 -0.286773
v -2.418816 4.565790 -0.286723
v -2.326800 4.592663 0.705612
v -2.326816 4.592640 0.713921
v -2.326832 4.592618 0.722229
v -2.326848 4.592595 0.730537
v -2.326863 4.592572 0.738845
v -2.338119 4.495577 0.705325
v -2.338135 4.495554 0.713634
v -2.338151 4.495531 0.721942
v -2.338167 4.495509 0.730250
v -2.338183 4.495486 0.738558
v -2.358525 4.486704 0.738496
v -2.358509 4.486727 0.730187
v -2.358493 4.486750 0.721879
v -2.358477 4.486773 0.713571
v -2.358462 4.486795 0.705263
v -2.408266 4.602161 0.705483
v -2.408281 4.602139 0.713792
v -2.408297 4.602116 0.722100
v -2.408313 4.602093 0.730408
v -2.408329 4.602070 0.738716
v -2.387987 4.610852 0.738779
v -2.387971 4.610875 0.730471
v -2.387955 4.610898 0.722162
v -2.387939 4.610920 0.713854
v -2.387923 4.610943 0.705546
v -2.431766 4.523583 0.705224
v -2.431781 4.523561 0.713532
v -2.431797 4.523538 0.721840
v -2.431813 4.523515 0.730148
v -2.431829 4.523492 0.738457
v -2.436944 4.545051 0.738506
v -2.436929 4.545073 0.730198
v -2.436913 4.545096 0.721889
v -2.436897 4.545118 0.713581
v -2.436881 4.545141 0.705273
v -2.314620 4.574155 0.705585
v -2.314635 4.574132 0.713893
v -2.314651 4.574109 0.722201
v -2.314667 4.574087 0.730510
v -2.314683 4.574064 0.738818
v -2.309567 4.552506 0.738769
v -2.309551 4.552528 0.730460
v -2.309535 4.552551 0.722152
v -2.309519 4.552574 0.713844
v -2.309503 4.552597 0.705536
v -2.365804 4.612237 0.705592
v -2.365820 4.612215 0.713900
v -2.365836 4.612192 0.722208
v -2.365852 4.612169 0.730516
v -2.365868 4.612147 0.738825
v -2.344640 4.605798 0.738848
v -2.344624 4.605821 0.730539
v -2.344608 4.605844 0.722231
v -2.344592 4.605866 0.713923
v -2.344577 4.605889 0.705615
v -2.424440 4.586861 0.738644
v -2.424425 4.586884 0.730336
v -2.424409 4.586906 0.722027
v -2.424393 4.586929 0.713719
v -2.424377 4.586952 0.705411
v -2.434315 4.567149 0.705338
v -2.434331 4.567126 0.713646
v -2.434347 4.567103 0.721955
v -2.434363 4.567081 0.730263
v -2.434379 4.567058 0.738571
v -2.401872 4.491758 0.738427
v -2.401856 4.491781 0.730119
v -2.401840 4.491804 0.721810
v -2.401824 4.491826 0.713502
v -2.401808 4.491849 0.705194
v -2.380581 4.485500 0.705217
v -2.380596 4.485477 0.713525
v -2.380612 4.485455 0.721834
v -2.380628 4.485432 0.730142
v -2.380644 4.485410 0.738450
v -2.312132 4.530498 0.738704
v -2.312117 4.530521 0.730395
v -2.312101 4.530543 0.722087
v -2.312085 4.530566 0.713779
v -2.312069 4.530589 0.705471
v -2.419585 4.505075 0.705196
v -2.419600 4.505053 0.713505
v -2.419616 4.505030 0.721813
v -2.419632 4.505007 0.730121
v -2.419648 4.504984 0.738429
v -2.322007 4.510786 0.705397
v -2.322023 4.510764 0.713706
v -2.322039 4.510741 0.722014
v -2.322055 4.510718 0.730322
v -2.322071 4.510695 0.738631
v -2.494197 4.587214 0.052547
v -2.474321 4.626819 0.052693
v -2.499329 4.543198 0.052417
v -2.489097 4.500082 0.052318
v -2.464735 4.463066 0.052263
v -2.429183 4.436613 0.052259
v -2.386727 4.423916 0.052305
v -2.342489 4.426506 0.052396
v -2.301805 4.444069 0.052521
v -2.269581 4.474488 0.052666
v -2.249705 4.514093 0.052812
v -2.244573 4.558109 0.052942
v -2.254805 4.601225 0.053040
v -2.279166 4.638241 0.053095
v -2.314719 4.664694 0.053100
v -2.357175 4.677391 0.053054
v -2.401413 4.674801 0.052963
v -2.442097 4.657238 0.052837
v -2.494261 4.587122 0.085878
v -2.474417 4.626681 0.103296
v -2.499392 4.543107 0.085748
v -2.489160 4.499991 0.085649
v -2.464799 4.462975 0.085595
v -2.429246 4.436522 0.085590
v -2.386790 4.423825 0.085636
v -2.342552 4.426414 0.085727
v -2.301868 4.443977 0.085853
v -2.269644 4.474397 0.085997
v -2.249768 4.514002 0.086143
v -2.244636 4.558018 0.086273
v -2.254868 4.601134 0.086372
v -2.279230 4.638150 0.086427
v -2.314783 4.664602 0.086431
v -2.357238 4.677299 0.086385
v -2.401476 4.674710 0.086294
v -2.442160 4.657147 0.086169
v -2.445194 4.661784 0.081290
v -2.445182 4.661801 0.075002
v -2.402745 4.680109 0.081421
v -2.402733 4.680126 0.075133
v -2.356588 4.682811 0.081516
v -2.356576 4.682828 0.075228
v -2.312290 4.669563 0.081564
v -2.312279 4.669580 0.075276
v -2.275196 4.641963 0.081559
v -2.275184 4.641980 0.075271
v -2.249777 4.603341 0.081502
v -2.249765 4.603358 0.075214
v -2.239102 4.558354 0.081399
v -2.239089 4.558372 0.075111
v -2.244456 4.512430 0.081263
v -2.244444 4.512447 0.074975
v -2.265194 4.471106 0.081111
v -2.265182 4.471123 0.074823
v -2.298816 4.439368 0.080960
v -2.298804 4.439384 0.074672
v -2.341265 4.421042 0.080829
v -2.341253 4.421060 0.074541
v -2.387422 4.418341 0.080734
v -2.387410 4.418358 0.074446
v -2.431719 4.431589 0.080686
v -2.431707 4.431606 0.074398
v -2.468814 4.459188 0.080691
v -2.468802 4.459206 0.074403
v -2.494233 4.497810 0.080748
v -2.494220 4.497828 0.074460
v -2.504909 4.542797 0.080851
v -2.504896 4.542814 0.074563
v -2.499554 4.588722 0.080987
v -2.499542 4.588738 0.074699
v -2.478804 4.630063 0.074851
v -2.478815 4.630045 0.081139
v -3.217495 4.410436 -0.046053
v -3.207710 4.423488 0.516132
v -3.185282 4.440840 -0.047319
v -3.175497 4.453892 0.514866
v -3.144607 4.458391 -0.048435
v -3.134822 4.471443 0.513750
v -3.100377 4.460971 -0.049264
v -3.090592 4.474022 0.512920
v -3.057925 4.448268 -0.049708
v -3.048140 4.461320 0.512476
v -3.022372 4.421816 -0.049713
v -3.012587 4.434868 0.512472
v -2.998007 4.384805 -0.049278
v -2.988222 4.397857 0.512907
v -2.987768 4.341698 -0.048455
v -2.977983 4.354750 0.513729
v -2.992890 4.297696 -0.047345
v -2.983105 4.310748 0.514840
v -3.012755 4.258104 -0.046080
v -3.002970 4.271156 0.516105
v -3.044968 4.227700 -0.044813
v -3.035183 4.240752 0.517372
v -3.085643 4.210149 -0.043698
v -3.075858 4.223201 0.518487
v -3.129874 4.207570 -0.042868
v -3.120089 4.220621 0.519317
v -3.172325 4.220272 -0.042424
v -3.162540 4.233324 0.519761
v -3.207878 4.246724 -0.042419
v -3.198093 4.259776 0.519765
v -3.232244 4.283735 -0.042854
v -3.222458 4.296787 0.519330
v -3.242483 4.326842 -0.043677
v -3.232697 4.339894 0.518508
v -3.237360 4.370844 -0.044788
v -3.227575 4.383896 0.517397
v -3.099905 4.354572 0.828397
v -3.099905 4.354572 0.828397
v -3.099905 4.354572 0.828397
v -3.099905 4.354572 0.828397
v -3.099905 4.354572 0.828397
v -3.099905 4.354572 0.828397
v -3.099905 4.354572 0.828397
v -3.099905 4.354572 0.828397
v -3.099905 4.354572 0.828397
v -3.099905 4.354572 0.828397
v -3.099905 4.354572 0.828397
v -3.099905 4.354572 0.828397
v -3.099905 4.354572 0.828397
v -3.099905 4.354572 0.828397
v -3.099905 4.354572 0.828397
v -3.099905 4.354572 0.828397
v -3.099905 4.354572 0.828397
v -3.099905 4.354572 0.828397
v -3.183790 4.382715 -0.119146
v -3.162583 4.402731 -0.119980
v -3.135806 4.414285 -0.120714
v -3.106688 4.415983 -0.121261
v -3.078741 4.407621 -0.121553
v -3.055336 4.390207 -0.121556
v -3.039296 4.365841 -0.121270
v -3.032555 4.337463 -0.120728
v -3.035927 4.308496 -0.119997
v -3.049005 4.282432 -0.119164
v -3.070211 4.262416 -0.118330
v -3.096988 4.250862 -0.117596
v -3.126107 4.249164 -0.117050
v -3.154053 4.257525 -0.116757
v -3.177459 4.274940 -0.116754
v -3.193499 4.299305 -0.117041
v -3.200239 4.327683 -0.117582
v -3.196868 4.356651 -0.118314
v -3.137267 4.404810 0.696546
v -3.116930 4.413586 0.695988
v -3.043630 4.376793 0.695567
v -3.038510 4.355239 0.695978
v -3.087448 4.289465 0.698357
v -3.109563 4.288175 0.698772
v -3.165868 4.347811 0.698367
v -3.163306 4.369812 0.697812
v -3.073589 4.408525 0.695351
v -3.055812 4.395298 0.695349
v -3.051004 4.313442 0.697166
v -3.067110 4.298240 0.697799
v -3.148565 4.307752 0.698996
v -3.160748 4.326258 0.698778
v -3.094815 4.414876 0.695573
v -3.041071 4.333238 0.696533
v -3.153374 4.389608 0.697179
v -3.130789 4.294526 0.698994
v -3.119587 4.418634 0.632236
v -3.032921 4.354153 0.632224
v -3.111446 4.280036 0.635312
v -3.170841 4.370258 0.634251
v -3.052043 4.398424 0.631529
v -3.064529 4.291160 0.634237
v -3.168013 4.322124 0.635319
v -3.095147 4.420060 0.631777
v -3.035752 4.329838 0.632838
v -3.134904 4.287055 0.635557
v -3.142064 4.408937 0.632852
v -3.038579 4.377973 0.631770
v -3.087005 4.281462 0.634853
v -3.173671 4.345943 0.634865
v -3.071689 4.413041 0.631532
v -3.046729 4.307961 0.633537
v -3.154549 4.301672 0.635560
v -3.159863 4.392136 0.633552
v -3.142064 4.408937 0.632852
v -3.138135 4.403654 0.646717
v -3.038579 4.377973 0.631770
v -3.044497 4.375636 0.645738
v -3.087005 4.281462 0.634853
v -3.088315 4.288308 0.648528
v -3.173671 4.345943 0.634865
v -3.166735 4.346654 0.648538
v -3.071689 4.413041 0.631532
v -3.074456 4.407368 0.645522
v -3.046729 4.307961 0.633537
v -3.051871 4.312285 0.647337
v -3.154549 4.301672 0.635560
v -3.149433 4.306595 0.649167
v -3.159863 4.392136 0.633552
v -3.154241 4.388452 0.647350
v -3.131656 4.293369 0.649165
v -3.041939 4.332081 0.646704
v -3.095682 4.413719 0.645744
v -3.161615 4.325101 0.648949
v -3.067977 4.297083 0.647970
v -3.056680 4.394142 0.645520
v -3.164174 4.368656 0.647983
v -3.110430 4.287018 0.648943
v -3.039377 4.354083 0.646149
v -3.117797 4.412429 0.646159
v -3.119587 4.418634 0.632236
v -3.032921 4.354153 0.632224
v -3.111446 4.280036 0.635312
v -3.170841 4.370258 0.634251
v -3.052043 4.398424 0.631529
v -3.064529 4.291160 0.634237
v -3.168013 4.322124 0.635319
v -3.095147 4.420060 0.631777
v -3.035752 4.329838 0.632838
v -3.134904 4.287055 0.635557
v -3.140979 4.407180 0.630677
v -3.137050 4.401897 0.644542
v -3.040492 4.377113 0.629626
v -3.046409 4.374776 0.643594
v -3.087515 4.283397 0.632621
v -3.088825 4.290243 0.646295
v -3.171671 4.346011 0.632632
v -3.164735 4.346722 0.646305
v -3.072642 4.411166 0.629395
v -3.075410 4.405492 0.643386
v -3.048405 4.309129 0.631342
v -3.053548 4.313454 0.645142
v -3.153103 4.303022 0.633307
v -3.147986 4.307945 0.646914
v -3.158263 4.390866 0.631357
v -3.152641 4.387181 0.645155
v -3.130779 4.295143 0.646912
v -3.043933 4.332616 0.644530
v -3.095956 4.411640 0.643601
v -3.159779 4.325859 0.646703
v -3.069138 4.298738 0.645755
v -3.058202 4.392690 0.643384
v -3.162256 4.368020 0.645768
v -3.110233 4.288995 0.646697
v -3.041454 4.353913 0.643992
v -3.117364 4.410392 0.644002
v -3.119154 4.416597 0.630079
v -3.034998 4.353983 0.630068
v -3.111248 4.282013 0.633066
v -3.168923 4.369622 0.632036
v -3.053566 4.396972 0.629393
v -3.065690 4.292814 0.632022
v -3.166177 4.322881 0.633073
v -3.095421 4.417982 0.629634
v -3.037746 4.330372 0.630664
v -3.134027 4.288828 0.633304
v -3.123396 4.431837 0.602614
v -3.127205 4.445039 0.572993
v -3.131014 4.458241 0.543371
v -3.019187 4.354302 0.602601
v -3.005452 4.354451 0.572977
v -2.991717 4.354601 0.543353
v -3.113606 4.265182 0.606313
v -3.115767 4.250329 0.577314
v -3.117928 4.235475 0.548316
v -3.185024 4.373668 0.605037
v -3.199208 4.377077 0.575824
v -3.213392 4.380487 0.546610
v -3.042179 4.407536 0.601765
v -3.032315 4.416646 0.572001
v -3.022451 4.425757 0.542236
v -3.057193 4.278558 0.605021
v -3.049856 4.265956 0.575804
v -3.042520 4.253354 0.546588
v -3.181625 4.315789 0.606322
v -3.195236 4.309455 0.577325
v -3.208847 4.303121 0.548328
v -3.094008 4.433551 0.602063
v -3.092869 4.447042 0.572349
v -3.091730 4.460532 0.542635
v -3.022590 4.325065 0.603339
v -3.009428 4.320292 0.573839
v -2.996267 4.315520 0.544340
v -3.141813 4.273622 0.606608
v -3.148722 4.260189 0.577659
v -3.155631 4.246757 0.548710
v -3.167139 4.442653 0.544362
v -3.158780 4.431414 0.573859
v -3.150422 4.420176 0.603355
v -3.000811 4.392886 0.542623
v -3.013401 4.387915 0.572338
v -3.025990 4.382944 0.602054
v -3.078645 4.237766 0.547579
v -3.081431 4.252331 0.576670
v -3.084218 4.266897 0.605762
v -3.217941 4.341406 0.547597
v -3.203184 4.342918 0.576686
v -3.188428 4.344431 0.605775
v -3.054027 4.449251 0.542240
v -3.059914 4.437181 0.572004
v -3.065801 4.425111 0.601768
v -3.013910 4.280357 0.545463
v -3.024850 4.289558 0.574821
v -3.035789 4.298759 0.604179
v -3.187207 4.270250 0.548714
v -3.176321 4.280724 0.577663
v -3.165436 4.291198 0.606611
v -3.195748 4.415649 0.545487
v -3.183787 4.407812 0.574842
v -3.171825 4.399973 0.604197
v -3.129109 4.451640 0.558182
v -2.998585 4.354526 0.558165
v -3.116848 4.242902 0.562815
v -3.206300 4.378782 0.561217
v -3.027383 4.421202 0.557118
v -3.046188 4.259655 0.561196
v -3.202041 4.306288 0.562826
v -3.092300 4.453787 0.557492
v -3.002847 4.317906 0.559089
v -3.152177 4.253473 0.563184
v -3.162960 4.437034 0.559110
v -3.007106 4.390400 0.557480
v -3.080038 4.245049 0.562124
v -3.210563 4.342162 0.562142
v -3.056971 4.443216 0.557122
v -3.019380 4.284958 0.560142
v -3.181764 4.275487 0.563188
v -3.189767 4.411731 0.560165
v -3.125257 4.438288 0.588139
v -3.012475 4.354375 0.588124
v -3.114662 4.257924 0.592142
v -3.191956 4.375334 0.590761
v -3.037359 4.411988 0.587219
v -3.053607 4.272399 0.590743
v -3.188276 4.312694 0.592151
v -3.093451 4.440144 0.587542
v -3.016158 4.322733 0.588923
v -3.145190 4.267057 0.592461
v -3.154507 4.425668 0.588941
v -3.019838 4.385373 0.587532
v -3.082856 4.259779 0.591545
v -3.195639 4.343692 0.591560
v -3.062924 4.431009 0.587223
v -3.030443 4.294263 0.589832
v -3.170755 4.286079 0.592464
v -3.177671 4.403804 0.589852
v -3.216337 4.411980 0.020473
v -3.184124 4.442385 0.019206
v -3.143450 4.459935 0.018091
v -3.099219 4.462515 0.017261
v -3.056767 4.449813 0.016817
v -3.021214 4.423361 0.016813
v -2.996849 4.386350 0.017248
v -2.986610 4.343243 0.018070
v -2.991732 4.299240 0.019181
v -3.011597 4.259649 0.020446
v -3.043810 4.229244 0.021713
v -3.084485 4.211694 0.022828
v -3.128716 4.209114 0.023658
v -3.171168 4.221816 0.024102
v -3.206720 4.248268 0.024106
v -3.231086 4.285279 0.023671
v -3.241325 4.328386 0.022849
v -3.236202 4.372389 0.021738
v -3.216058 4.412353 0.036525
v -3.183544 4.443158 0.052524
v -3.142870 4.460709 0.051409
v -3.098639 4.463289 0.050579
v -3.056187 4.450586 0.050135
v -3.020634 4.424134 0.050130
v -2.996269 4.387123 0.050565
v -2.986030 4.344016 0.051388
v -2.991152 4.300014 0.052499
v -3.011018 4.260422 0.053763
v -3.043230 4.230018 0.055030
v -3.083905 4.212467 0.056145
v -3.128136 4.209888 0.056975
v -3.170588 4.222589 0.057419
v -3.206140 4.249042 0.057424
v -3.230506 4.286053 0.056989
v -3.240745 4.329160 0.056166
v -3.235623 4.373162 0.055055
v -3.184846 4.381306 -0.179834
v -3.163640 4.401322 -0.180667
v -3.136863 4.412876 -0.181402
v -3.107744 4.414574 -0.181948
v -3.079797 4.406212 -0.182240
v -3.056392 4.388798 -0.182243
v -3.040352 4.364432 -0.181957
v -3.033612 4.336054 -0.181415
v -3.036983 4.307086 -0.180684
v -3.050061 4.281023 -0.179851
v -3.071268 4.261007 -0.179018
v -3.098045 4.249453 -0.178283
v -3.127163 4.247755 -0.177737
v -3.155110 4.256116 -0.177445
v -3.178515 4.273530 -0.177442
v -3.194555 4.297896 -0.177728
v -3.201296 4.326274 -0.178270
v -3.197924 4.355242 -0.179001
v -3.205386 4.394827 -0.228526
v -3.177983 4.420692 -0.229604
v -3.143382 4.435622 -0.230552
v -3.105755 4.437817 -0.231258
v -3.069641 4.427011 -0.231636
v -3.039397 4.404509 -0.231640
v -3.018669 4.373024 -0.231270
v -3.009959 4.336353 -0.230570
v -3.014317 4.298920 -0.229625
v -3.031216 4.265240 -0.228549
v -3.058619 4.239375 -0.227472
v -3.093221 4.224445 -0.226523
v -3.130847 4.222250 -0.225817
v -3.166961 4.233056 -0.225439
v -3.197205 4.255559 -0.225435
v -3.217933 4.287044 -0.225805
v -3.226643 4.323715 -0.226505
v -3.222286 4.361147 -0.227450
v -3.167001 4.363215 -0.312924
v -3.152138 4.377243 -0.313509
v -3.133373 4.385341 -0.314023
v -3.112966 4.386531 -0.314406
v -3.093379 4.380670 -0.314611
v -3.076976 4.368466 -0.314613
v -3.065735 4.351390 -0.314412
v -3.061011 4.331501 -0.314033
v -3.063374 4.311200 -0.313520
v -3.072539 4.292933 -0.312937
v -3.087401 4.278906 -0.312353
v -3.106168 4.270808 -0.311838
v -3.126575 4.269618 -0.311455
v -3.146161 4.275479 -0.311250
v -3.162564 4.287683 -0.311248
v -3.173805 4.304759 -0.311449
v -3.178529 4.324647 -0.311828
v -3.176166 4.344949 -0.312341
v -3.206855 4.392868 -0.312919
v -3.179452 4.418733 -0.313997
v -3.144850 4.433663 -0.314945
v -3.107224 4.435858 -0.315651
v -3.071110 4.425052 -0.316029
v -3.040866 4.402550 -0.316033
v -3.020139 4.371064 -0.315663
v -3.011428 4.334394 -0.314963
v -3.015785 4.296961 -0.314018
v -3.032685 4.263281 -0.312942
v -3.060088 4.237416 -0.311865
v -3.094690 4.222486 -0.310916
v -3.132317 4.220291 -0.310210
v -3.168430 4.231097 -0.309832
v -3.198674 4.253599 -0.309828
v -3.219402 4.285085 -0.310198
v -3.228112 4.321755 -0.310898
v -3.223755 4.359188 -0.311843
v -3.165424 4.365318 -0.222337
v -3.150562 4.379346 -0.222921
v -3.131796 4.387444 -0.223436
v -3.111389 4.388634 -0.223819
v -3.091803 4.382773 -0.224024
v -3.075400 4.370569 -0.224026
v -3.064158 4.353493 -0.223825
v -3.059434 4.333605 -0.223445
v -3.061797 4.313303 -0.222933
v -3.070963 4.295037 -0.222349
v -3.085825 4.281009 -0.221765
v -3.104591 4.272912 -0.221250
v -3.124998 4.271721 -0.220868
v -3.144584 4.277582 -0.220663
v -3.160987 4.289786 -0.220661
v -3.172229 4.306862 -0.220861
v -3.176953 4.326750 -0.221241
v -3.174589 4.347052 -0.221753
v -3.051445 4.564682 -0.329063
v -3.043751 4.575021 -0.329437
v -2.896745 4.216461 -0.323671
v -2.891493 4.212554 -0.323672
v -3.363311 4.351533 -0.318686
v -3.378433 4.362784 -0.318684
v -3.052226 4.563639 -0.373979
v -3.044533 4.573978 -0.374353
v -2.897527 4.215419 -0.368587
v -2.892275 4.211511 -0.368588
v -3.364093 4.350490 -0.363602
v -3.379215 4.361741 -0.363600
v -3.193530 4.382119 -0.336006
v -3.170446 4.403907 -0.336913
v -3.141299 4.416483 -0.337712
v -3.109603 4.418332 -0.338307
v -3.079182 4.409230 -0.338625
v -3.053705 4.390274 -0.338629
v -3.036245 4.363752 -0.338317
v -3.028907 4.332861 -0.337727
v -3.032578 4.301329 -0.336931
v -3.046813 4.272958 -0.336025
v -3.069897 4.251170 -0.335117
v -3.099045 4.238594 -0.334318
v -3.130741 4.236745 -0.333723
v -3.161162 4.245847 -0.333405
v -3.186639 4.264803 -0.333402
v -3.204099 4.291325 -0.333714
v -3.211436 4.322215 -0.334303
v -3.207766 4.353748 -0.335099
v -3.159958 4.357140 -0.336010
v -3.147438 4.368957 -0.336502
v -3.131630 4.375778 -0.336936
v -3.114440 4.376781 -0.337258
v -3.097941 4.371844 -0.337431
v -3.084124 4.361563 -0.337433
v -3.074654 4.347179 -0.337263
v -3.070675 4.330425 -0.336944
v -3.072665 4.313324 -0.336512
v -3.080386 4.297937 -0.336020
v -3.092906 4.286120 -0.335528
v -3.108714 4.279299 -0.335095
v -3.125904 4.278296 -0.334772
v -3.142403 4.283233 -0.334600
v -3.156220 4.293514 -0.334598
v -3.165690 4.307899 -0.334767
v -3.169669 4.324652 -0.335087
v -3.167678 4.341753 -0.335518
v -3.056535 4.394334 0.653825
v -3.056391 4.394527 0.662130
v -3.056246 4.394720 0.670435
v -3.056101 4.394913 0.678739
v -3.055957 4.395106 0.687044
v -3.067833 4.297276 0.656275
v -3.067688 4.297469 0.664580
v -3.067544 4.297662 0.672885
v -3.067399 4.297854 0.681189
v -3.067255 4.298048 0.689494
v -3.087592 4.289272 0.690052
v -3.087737 4.289079 0.681747
v -3.087881 4.288887 0.673442
v -3.088026 4.288694 0.665137
v -3.088170 4.288501 0.656833
v -3.137990 4.403846 0.655022
v -3.137846 4.404039 0.663327
v -3.137701 4.404232 0.671631
v -3.137557 4.404425 0.679936
v -3.137412 4.404618 0.688241
v -3.117074 4.413393 0.687683
v -3.117219 4.413200 0.679379
v -3.117363 4.413007 0.671074
v -3.117508 4.412815 0.662769
v -3.117653 4.412621 0.654464
v -3.161471 4.325294 0.657254
v -3.161326 4.325487 0.665559
v -3.161182 4.325679 0.673864
v -3.161037 4.325872 0.682169
v -3.160892 4.326065 0.690474
v -3.166012 4.347619 0.690062
v -3.166157 4.347425 0.681757
v -3.166301 4.347233 0.673452
v -3.166446 4.347040 0.665148
v -3.166590 4.346847 0.656843
v -3.044352 4.375829 0.654042
v -3.044208 4.376021 0.662347
v -3.044063 4.376215 0.670652
v -3.043919 4.376407 0.678957
v -3.043774 4.376600 0.687262
v -3.038655 4.355047 0.687673
v -3.038799 4.354854 0.679368
v -3.038944 4.354661 0.671063
v -3.039088 4.354468 0.662759
v -3.039233 4.354275 0.654454
v -3.095537 4.413912 0.654049
v -3.095393 4.414104 0.662354
v -3.095248 4.414297 0.670659
v -3.095104 4.414490 0.678964
v -3.094959 4.414683 0.687269
v -3.073733 4.408332 0.687047
v -3.073878 4.408139 0.678742
v -3.074022 4.407946 0.670437
v -3.074167 4.407753 0.662132
v -3.074311 4.407560 0.653827
v -3.153518 4.389415 0.688874
v -3.153663 4.389223 0.680570
v -3.153807 4.389030 0.672265
v -3.153952 4.388837 0.663960
v -3.154096 4.388644 0.655655
v -3.164029 4.368849 0.656288
v -3.163885 4.369041 0.664592
v -3.163740 4.369234 0.672897
v -3.163595 4.369427 0.681202
v -3.163451 4.369620 0.689507
v -3.130934 4.294333 0.690689
v -3.131078 4.294140 0.682384
v -3.131223 4.293948 0.674079
v -3.131367 4.293755 0.665774
v -3.131512 4.293562 0.657469
v -3.110286 4.287211 0.657247
v -3.110141 4.287404 0.665552
v -3.109997 4.287597 0.673857
v -3.109852 4.287789 0.682162
v -3.109708 4.287982 0.690467
v -3.041216 4.333045 0.688228
v -3.041360 4.332852 0.679924
v -3.041505 4.332660 0.671619
v -3.041649 4.332467 0.663314
v -3.041794 4.332274 0.655009
v -3.149288 4.306788 0.657472
v -3.149143 4.306981 0.665777
v -3.148999 4.307174 0.674081
v -3.148854 4.307366 0.682386
v -3.148710 4.307559 0.690691
v -3.051727 4.312479 0.655642
v -3.051582 4.312671 0.663946
v -3.051438 4.312864 0.672251
v -3.051293 4.313057 0.680556
v -3.051148 4.313250 0.688861
v -3.236503 4.371988 0.004473
v -3.216638 4.411579 0.003208
v -3.241625 4.327986 0.005583
v -3.231386 4.284879 0.006406
v -3.207021 4.247868 0.006841
v -3.171468 4.221415 0.006837
v -3.129016 4.208713 0.006393
v -3.084785 4.211293 0.005563
v -3.044111 4.228844 0.004447
v -3.011898 4.259248 0.003181
v -2.992033 4.298840 0.001916
v -2.986910 4.342842 0.000805
v -2.997149 4.385949 -0.000017
v -3.021515 4.422960 -0.000453
v -3.057067 4.449412 -0.000448
v -3.099519 4.462114 -0.000004
v -3.143750 4.459535 0.000826
v -3.184425 4.441984 0.001941
v -3.235923 4.372762 0.037790
v -3.215757 4.412754 0.053790
v -3.241045 4.328759 0.038901
v -3.230806 4.285652 0.039724
v -3.206441 4.248641 0.040159
v -3.170888 4.222189 0.040154
v -3.128436 4.209486 0.039710
v -3.084205 4.212067 0.038880
v -3.043531 4.229617 0.037765
v -3.011318 4.260022 0.036498
v -2.991452 4.299613 0.035233
v -2.986331 4.343616 0.034123
v -2.996570 4.386722 0.033300
v -3.020935 4.423734 0.032865
v -3.056488 4.450186 0.032870
v -3.098939 4.462888 0.033314
v -3.143170 4.460308 0.034143
v -3.183845 4.442758 0.035259
v -3.186973 4.447267 0.030321
v -3.187083 4.447121 0.024036
v -3.144534 4.465579 0.029157
v -3.144643 4.465433 0.022872
v -3.098385 4.468270 0.028291
v -3.098494 4.468124 0.022006
v -3.054091 4.455017 0.027828
v -3.054201 4.454871 0.021543
v -3.016996 4.427418 0.027823
v -3.017106 4.427272 0.021538
v -2.991574 4.388801 0.028277
v -2.991683 4.388655 0.021992
v -2.980891 4.343824 0.029136
v -2.981000 4.343678 0.022850
v -2.986235 4.297913 0.030294
v -2.986345 4.297767 0.024009
v -3.006962 4.256604 0.031614
v -3.007072 4.256458 0.025329
v -3.040572 4.224881 0.032936
v -3.040682 4.224735 0.026650
v -3.083012 4.206569 0.034100
v -3.083121 4.206423 0.027814
v -3.129161 4.203877 0.034965
v -3.129270 4.203731 0.028680
v -3.173455 4.217130 0.035429
v -3.173564 4.216984 0.029143
v -3.210549 4.244730 0.035433
v -3.210659 4.244584 0.029148
v -3.235972 4.283347 0.034979
v -3.236081 4.283201 0.028694
v -3.246655 4.328323 0.034121
v -3.246764 4.328177 0.027836
v -3.241311 4.374235 0.032962
v -3.241420 4.374089 0.026677
v -3.220693 4.415398 0.025357
v -3.220583 4.415544 0.031642
v -2.708006 4.090665 -0.064906
v -2.677500 4.131568 0.495196
v -2.675890 4.120941 -0.068866
v -2.645384 4.161843 0.491236
v -2.635300 4.138377 -0.072350
v -2.604794 4.179280 0.487752
v -2.591132 4.140872 -0.074938
v -2.560626 4.181775 0.485164
v -2.548714 4.128125 -0.076317
v -2.518208 4.169028 0.483785
v -2.513161 4.101674 -0.076322
v -2.482655 4.142576 0.483780
v -2.488763 4.064707 -0.074951
v -2.458256 4.105609 0.485151
v -2.478460 4.021685 -0.072371
v -2.447954 4.062587 0.487731
v -2.483497 3.977796 -0.068891
v -2.452991 4.018698 0.491211
v -2.503266 3.938334 -0.064933
v -2.472760 3.979237 0.495169
v -2.535382 3.908059 -0.060973
v -2.504876 3.948961 0.499129
v -2.575972 3.890622 -0.057489
v -2.545466 3.931525 0.502613
v -2.620140 3.888127 -0.054901
v -2.589633 3.929029 0.505201
v -2.662558 3.900874 -0.053521
v -2.632052 3.941777 0.506581
v -2.698111 3.927326 -0.053517
v -2.667604 3.968229 0.506585
v -2.722510 3.964293 -0.054887
v -2.692003 4.005195 0.505215
v -2.732812 4.007315 -0.057468
v -2.702306 4.048217 0.502634
v -2.727775 4.051204 -0.060947
v -2.697268 4.092106 0.499155
v -2.558184 4.078122 0.806305
v -2.558184 4.078122 0.806305
v -2.558184 4.078122 0.806305
v -2.558184 4.078122 0.806305
v -2.558184 4.078122 0.806305
v -2.558184 4.078122 0.806305
v -2.558184 4.078122 0.806305
v -2.558184 4.078122 0.806305
v -2.558184 4.078122 0.806305
v -2.558184 4.078122 0.806305
v -2.558184 4.078122 0.806305
v -2.558184 4.078122 0.806305
v -2.558184 4.078122 0.806305
v -2.558184 4.078122 0.806305
v -2.558184 4.078122 0.806305
v -2.558184 4.078122 0.806305
v -2.558184 4.078122 0.806305
v -2.558184 4.078122 0.806305
v -2.676995 4.059324 -0.137729
v -2.655852 4.079255 -0.140336
v -2.629131 4.090734 -0.142629
v -2.600054 4.092376 -0.144333
v -2.572129 4.083984 -0.145241
v -2.548724 4.066570 -0.145244
v -2.532662 4.042234 -0.144342
v -2.525880 4.013912 -0.142643
v -2.529196 3.985019 -0.140352
v -2.542210 3.959041 -0.137746
v -2.563353 3.939110 -0.135139
v -2.590074 3.927631 -0.132846
v -2.619150 3.925988 -0.131142
v -2.647075 3.934380 -0.130234
v -2.670480 3.951794 -0.130231
v -2.686543 3.976130 -0.131133
v -2.693325 4.004452 -0.132832
v -2.690009 4.033345 -0.135123
v -2.600432 4.121795 0.673593
v -2.580137 4.130514 0.671851
v -2.506868 4.093678 0.670550
v -2.501717 4.072167 0.671840
v -2.550473 4.006636 0.679281
v -2.572557 4.005389 0.680575
v -2.628893 4.064982 0.679292
v -2.626374 4.086927 0.677552
v -2.536844 4.125388 0.669867
v -2.519068 4.112162 0.669865
v -2.514120 4.030492 0.675559
v -2.530178 4.015355 0.677539
v -2.611542 4.024988 0.681267
v -2.623742 4.043471 0.680582
v -2.558053 4.131762 0.670557
v -2.504236 4.050223 0.673580
v -2.616490 4.106658 0.675573
v -2.593766 4.011762 0.681265
v -2.585150 4.132398 0.608068
v -2.498483 4.067916 0.608056
v -2.576772 3.994115 0.617710
v -2.636249 4.084228 0.614368
v -2.517658 4.112116 0.605873
v -2.529937 4.005129 0.614354
v -2.633339 4.036202 0.617717
v -2.560743 4.133777 0.606638
v -2.501267 4.043664 0.609979
v -2.600212 4.001159 0.618472
v -2.607579 4.122763 0.609993
v -2.504176 4.091689 0.606630
v -2.552366 3.995494 0.616280
v -2.639032 4.059976 0.616291
v -2.537304 4.126733 0.605875
v -2.512190 4.021858 0.612166
v -2.619857 4.015776 0.618474
v -2.625325 4.106033 0.612181
v -2.607579 4.122762 0.609993
v -2.603136 4.118170 0.623948
v -2.504176 4.091689 0.606630
v -2.509572 4.090053 0.620905
v -2.552366 3.995494 0.616280
v -2.553177 4.003011 0.629637
v -2.639032 4.059976 0.616291
v -2.631597 4.061357 0.629647
v -2.537304 4.126733 0.605875
v -2.539548 4.121762 0.620222
v -2.512190 4.021858 0.612166
v -2.516824 4.026867 0.625915
v -2.619857 4.015776 0.618474
v -2.614246 4.021363 0.631623
v -2.625325 4.106033 0.612181
v -2.619194 4.103033 0.625928
v -2.596470 4.008137 0.631620
v -2.506940 4.046597 0.623935
v -2.560757 4.128136 0.620912
v -2.626446 4.039846 0.630937
v -2.532882 4.011729 0.627895
v -2.521772 4.108536 0.620220
v -2.629078 4.083302 0.627907
v -2.575261 4.001763 0.630931
v -2.504421 4.068542 0.622196
v -2.582841 4.126888 0.622206
v -2.585150 4.132398 0.608068
v -2.498483 4.067916 0.608056
v -2.576772 3.994115 0.617710
v -2.636249 4.084228 0.614368
v -2.517658 4.112116 0.605873
v -2.529937 4.005129 0.614354
v -2.633339 4.036202 0.617717
v -2.560743 4.133777 0.606638
v -2.501267 4.043664 0.609979
v -2.600212 4.001159 0.618472
v -2.606573 4.120899 0.607869
v -2.602131 4.116307 0.621825
v -2.506166 4.090726 0.604604
v -2.511562 4.089090 0.618879
v -2.552960 3.997316 0.613974
v -2.553771 4.004834 0.627331
v -2.637116 4.059931 0.613985
v -2.629681 4.061313 0.627341
v -2.538334 4.124754 0.603871
v -2.540578 4.119784 0.618218
v -2.513948 4.022917 0.609980
v -2.518581 4.027926 0.623728
v -2.618496 4.017011 0.616105
v -2.612885 4.022598 0.629254
v -2.623806 4.104654 0.609994
v -2.617675 4.101654 0.623741
v -2.595678 4.009795 0.629251
v -2.509013 4.047025 0.621812
v -2.561108 4.125954 0.618886
v -2.624695 4.040490 0.628590
v -2.534126 4.013273 0.625645
v -2.523371 4.106982 0.618216
v -2.627243 4.082554 0.625657
v -2.575148 4.003626 0.628584
v -2.506576 4.068267 0.620128
v -2.582485 4.124746 0.620138
v -2.584794 4.130256 0.606000
v -2.500638 4.067641 0.605989
v -2.576659 3.995977 0.615363
v -2.634413 4.083480 0.612118
v -2.519257 4.110561 0.603869
v -2.531180 4.006672 0.612105
v -2.631588 4.036846 0.615370
v -2.561095 4.131594 0.604611
v -2.503340 4.044092 0.607856
v -2.599420 4.002817 0.616103
v -2.590061 4.144118 0.577989
v -2.594972 4.155838 0.547910
v -2.599883 4.167559 0.517831
v -2.485851 4.066584 0.577975
v -2.473219 4.065251 0.547894
v -2.460586 4.063919 0.517813
v -2.579988 3.977844 0.589583
v -2.583203 3.961572 0.561455
v -2.586418 3.945301 0.533328
v -2.651504 4.086197 0.585565
v -2.666759 4.088167 0.556762
v -2.682014 4.090137 0.527958
v -2.508908 4.119731 0.575350
v -2.500157 4.127346 0.544826
v -2.491406 4.134961 0.514303
v -2.523672 3.991087 0.585548
v -2.517407 3.977045 0.556742
v -2.511141 3.963003 0.527936
v -2.648005 4.028450 0.589592
v -2.662671 4.020699 0.561466
v -2.677337 4.012947 0.533340
v -2.560714 4.145776 0.576269
v -2.560685 4.157776 0.545901
v -2.560656 4.169775 0.515533
v -2.489198 4.037423 0.580287
v -2.477129 4.031181 0.550595
v -2.465060 4.024940 0.520903
v -2.608171 3.986313 0.590499
v -2.616132 3.971467 0.562526
v -2.624092 3.956622 0.534554
v -2.635932 4.152073 0.520925
v -2.626481 4.142303 0.550615
v -2.617030 4.132533 0.580304
v -2.469736 4.102129 0.515521
v -2.481216 4.098649 0.545890
v -2.492696 4.095169 0.576260
v -2.547191 3.947517 0.531030
v -2.548916 3.963509 0.559447
v -2.550641 3.979501 0.587863
v -2.686487 4.051157 0.531048
v -2.670669 4.054096 0.559463
v -2.654850 4.057036 0.587877
v -2.522982 4.158454 0.514307
v -2.527756 4.147880 0.544830
v -2.532530 4.137306 0.575353
v -2.482618 3.989892 0.524418
v -2.492475 4.000547 0.553668
v -2.502333 4.011203 0.582917
v -2.655668 3.980115 0.534558
v -2.643731 3.992002 0.562530
v -2.631794 4.003889 0.590502
v -2.664456 4.125184 0.524442
v -2.651412 4.118801 0.553689
v -2.638369 4.112417 0.582935
v -2.597427 4.161699 0.532870
v -2.466902 4.064585 0.532853
v -2.584810 3.953436 0.547392
v -2.674386 4.089151 0.542360
v -2.495781 4.131153 0.529565
v -2.514274 3.970024 0.542339
v -2.670004 4.016823 0.547403
v -2.560670 4.163775 0.530717
v -2.471095 4.028060 0.535749
v -2.620112 3.964045 0.548540
v -2.631207 4.147188 0.535770
v -2.475476 4.100389 0.530705
v -2.548054 3.955513 0.545238
v -2.678578 4.052627 0.545255
v -2.525369 4.153167 0.529569
v -2.487546 3.995220 0.539043
v -2.649699 3.986059 0.548544
v -2.657934 4.121992 0.539066
v -2.592461 4.149846 0.563290
v -2.479678 4.065933 0.563275
v -2.581559 3.969892 0.575837
v -2.658959 4.087160 0.571489
v -2.504631 4.123452 0.560433
v -2.520610 3.984225 0.571471
v -2.655173 4.024662 0.575847
v -2.560700 4.151640 0.561429
v -2.483300 4.034372 0.565777
v -2.612062 3.979058 0.576829
v -2.621649 4.137307 0.565795
v -2.487086 4.096869 0.561419
v -2.549798 3.971686 0.573976
v -2.662581 4.055599 0.573991
v -2.530197 4.142474 0.560437
v -2.497515 4.005996 0.568623
v -2.637627 3.998080 0.576833
v -2.644743 4.115536 0.568643
v -2.704396 4.095506 0.001374
v -2.672280 4.125781 -0.002587
v -2.631690 4.143218 -0.006071
v -2.587523 4.145713 -0.008659
v -2.545104 4.132966 -0.010038
v -2.509552 4.106514 -0.010043
v -2.485153 4.069547 -0.008672
v -2.474850 4.026525 -0.006091
v -2.479887 3.982636 -0.002612
v -2.499656 3.943174 0.001346
v -2.531772 3.912899 0.005307
v -2.572362 3.895463 0.008791
v -2.616530 3.892967 0.011379
v -2.658948 3.905715 0.012758
v -2.694501 3.932167 0.012763
v -2.718899 3.969133 0.011392
v -2.729202 4.012155 0.008811
v -2.724165 4.056044 0.005332
v -2.703525 4.096673 0.017366
v -2.670472 4.128205 0.030607
v -2.629882 4.145641 0.027123
v -2.585715 4.148137 0.024536
v -2.543296 4.135390 0.023156
v -2.507744 4.108938 0.023151
v -2.483345 4.071971 0.024522
v -2.473043 4.028949 0.027103
v -2.478080 3.985060 0.030582
v -2.497848 3.945598 0.034541
v -2.529964 3.915323 0.038501
v -2.570554 3.897887 0.041985
v -2.614722 3.895391 0.044573
v -2.657140 3.908139 0.045952
v -2.692693 3.934591 0.045957
v -2.717092 3.971557 0.044586
v -2.727394 4.014579 0.042005
v -2.722357 4.058468 0.038526
v -2.680288 4.054908 -0.198191
v -2.659145 4.074839 -0.200798
v -2.632424 4.086318 -0.203092
v -2.603347 4.087961 -0.204795
v -2.575422 4.079569 -0.205703
v -2.552017 4.062155 -0.205707
v -2.535955 4.037819 -0.204804
v -2.529173 4.009497 -0.203105
v -2.532489 3.980604 -0.200815
v -2.545503 3.954625 -0.198209
v -2.566646 3.934695 -0.195602
v -2.593367 3.923216 -0.193308
v -2.622443 3.921573 -0.191605
v -2.650368 3.929965 -0.190696
v -2.673774 3.947379 -0.190693
v -2.689836 3.971714 -0.191596
v -2.696618 4.000037 -0.193295
v -2.693302 4.028930 -0.195585
v -2.702623 4.066018 -0.246703
v -2.675302 4.091772 -0.250072
v -2.640773 4.106606 -0.253036
v -2.603199 4.108728 -0.255237
v -2.567115 4.097884 -0.256411
v -2.536870 4.075382 -0.256415
v -2.516114 4.043935 -0.255249
v -2.507350 4.007336 -0.253053
v -2.511635 3.970000 -0.250094
v -2.528452 3.936430 -0.246726
v -2.555773 3.910676 -0.243357
v -2.590303 3.895842 -0.240393
v -2.627876 3.893720 -0.238192
v -2.663961 3.904563 -0.237018
v -2.694205 3.927066 -0.237014
v -2.714961 3.958513 -0.238180
v -2.723725 3.995112 -0.240376
v -2.719440 4.032448 -0.243336
v -2.667348 4.030225 -0.330789
v -2.652530 4.044193 -0.332616
v -2.633803 4.052238 -0.334223
v -2.613426 4.053389 -0.335417
v -2.593855 4.047508 -0.336054
v -2.577452 4.035304 -0.336056
v -2.566195 4.018248 -0.335424
v -2.561442 3.998399 -0.334233
v -2.563766 3.978150 -0.332628
v -2.572886 3.959943 -0.330801
v -2.587704 3.945975 -0.328974
v -2.606431 3.937930 -0.327367
v -2.626809 3.936779 -0.326173
v -2.646379 3.942660 -0.325536
v -2.662782 3.954865 -0.325534
v -2.674039 3.971920 -0.326167
v -2.678793 3.991769 -0.327357
v -2.676469 4.012018 -0.328962
v -2.707202 4.059877 -0.330783
v -2.679882 4.085632 -0.334152
v -2.645352 4.100465 -0.337116
v -2.607779 4.102588 -0.339318
v -2.571694 4.091744 -0.340491
v -2.541450 4.069242 -0.340495
v -2.520694 4.037795 -0.339329
v -2.511930 4.001196 -0.337134
v -2.516215 3.963860 -0.334174
v -2.533032 3.930290 -0.330806
v -2.560353 3.904536 -0.327438
v -2.594882 3.889702 -0.324474
v -2.632455 3.887579 -0.322272
v -2.668540 3.898423 -0.321099
v -2.698785 3.920926 -0.321095
v -2.719541 3.952373 -0.322261
v -2.728305 3.988972 -0.324456
v -2.724020 4.026308 -0.327416
v -2.662432 4.036816 -0.240537
v -2.647615 4.050784 -0.242364
v -2.628888 4.058828 -0.243971
v -2.608510 4.059979 -0.245165
v -2.588939 4.054099 -0.245802
v -2.572536 4.041894 -0.245804
v -2.561279 4.024839 -0.245172
v -2.556526 4.004990 -0.243981
v -2.558850 3.984740 -0.242376
v -2.567971 3.966534 -0.240549
v -2.582788 3.952566 -0.238722
v -2.601515 3.944521 -0.237115
v -2.621893 3.943370 -0.235921
v -2.641464 3.949251 -0.235284
v -2.657867 3.961455 -0.235282
v -2.669124 3.978510 -0.235915
v -2.673877 3.998360 -0.237105
v -2.671553 4.018609 -0.238710
v -2.552651 4.230538 -0.361149
v -2.544987 4.240839 -0.362319
v -2.397537 3.882873 -0.344209
v -2.392285 3.878965 -0.344209
v -2.863726 4.018449 -0.328718
v -2.878848 4.029701 -0.328716
v -2.555089 4.227270 -0.405899
v -2.547424 4.237571 -0.407068
v -2.399975 3.879605 -0.388958
v -2.394723 3.875697 -0.388959
v -2.866163 4.015182 -0.373468
v -2.881286 4.026433 -0.373466
v -2.694728 4.047985 -0.353784
v -2.671714 4.069680 -0.356622
v -2.642627 4.082175 -0.359119
v -2.610976 4.083963 -0.360973
v -2.580580 4.074829 -0.361962
v -2.555103 4.055873 -0.361965
v -2.537618 4.029383 -0.360983
v -2.530236 3.998553 -0.359134
v -2.533845 3.967102 -0.356640
v -2.548012 3.938824 -0.353804
v -2.571026 3.917129 -0.350966
v -2.600112 3.904634 -0.348469
v -2.631763 3.902845 -0.346615
v -2.662160 3.911980 -0.345626
v -2.687637 3.930936 -0.345623
v -2.705121 3.957426 -0.346605
v -2.712504 3.988256 -0.348454
v -2.708894 4.019706 -0.350948
v -2.661156 4.023006 -0.353789
v -2.648674 4.034772 -0.355328
v -2.632899 4.041549 -0.356682
v -2.615733 4.042519 -0.357688
v -2.599247 4.037565 -0.358224
v -2.585430 4.027284 -0.358226
v -2.575947 4.012917 -0.357693
v -2.571943 3.996197 -0.356690
v -2.573901 3.979139 -0.355338
v -2.581584 3.963803 -0.353799
v -2.594066 3.952036 -0.352260
v -2.609841 3.945260 -0.350906
v -2.627007 3.944290 -0.349900
v -2.643492 3.949244 -0.349364
v -2.657310 3.959524 -0.349362
v -2.666793 3.973891 -0.349895
v -2.670796 3.990612 -0.350898
v -2.668839 4.007669 -0.352250
v -2.521321 4.109140 0.628494
v -2.520870 4.109745 0.636768
v -2.520420 4.110349 0.645042
v -2.519969 4.110953 0.653316
v -2.519519 4.111557 0.661591
v -2.532431 4.012333 0.636169
v -2.531981 4.012938 0.644443
v -2.531530 4.013542 0.652717
v -2.531080 4.014146 0.660991
v -2.530629 4.014750 0.669265
v -2.550924 4.006032 0.671007
v -2.551374 4.005428 0.662733
v -2.551825 4.004824 0.654459
v -2.552276 4.004219 0.646185
v -2.552726 4.003615 0.637911
v -2.602685 4.118774 0.632222
v -2.602235 4.119379 0.640496
v -2.601784 4.119983 0.648770
v -2.601333 4.120587 0.657044
v -2.600883 4.121191 0.665319
v -2.580588 4.129910 0.663576
v -2.581038 4.129305 0.655302
v -2.581489 4.128701 0.647028
v -2.581940 4.128097 0.638754
v -2.582391 4.127492 0.630480
v -2.625995 4.040450 0.639212
v -2.625545 4.041055 0.647486
v -2.625094 4.041659 0.655760
v -2.624643 4.042263 0.664034
v -2.624192 4.042867 0.672308
v -2.629344 4.064378 0.671018
v -2.629794 4.063774 0.662743
v -2.630245 4.063170 0.654469
v -2.630696 4.062566 0.646195
v -2.631146 4.061961 0.637921
v -2.509122 4.090657 0.629180
v -2.508671 4.091262 0.637454
v -2.508220 4.091866 0.645728
v -2.507770 4.092470 0.654002
v -2.507319 4.093074 0.662276
v -2.502168 4.071563 0.663566
v -2.502619 4.070959 0.655292
v -2.503069 4.070354 0.647018
v -2.503520 4.069750 0.638744
v -2.503971 4.069146 0.630470
v -2.560307 4.128740 0.629186
v -2.559856 4.129344 0.637460
v -2.559405 4.129949 0.645734
v -2.558955 4.130553 0.654008
v -2.558504 4.131157 0.662283
v -2.537295 4.124784 0.661593
v -2.537745 4.124179 0.653319
v -2.538196 4.123575 0.645045
v -2.538647 4.122971 0.636771
v -2.539097 4.122366 0.628497
v -2.616941 4.106053 0.667299
v -2.617391 4.105449 0.659025
v -2.617842 4.104845 0.650750
v -2.618293 4.104241 0.642476
v -2.618743 4.103637 0.634202
v -2.628628 4.083906 0.636182
v -2.628177 4.084510 0.644456
v -2.627726 4.085114 0.652730
v -2.627276 4.085719 0.661004
v -2.626825 4.086323 0.669278
v -2.594217 4.011158 0.672991
v -2.594667 4.010554 0.664717
v -2.595118 4.009950 0.656443
v -2.595569 4.009345 0.648169
v -2.596020 4.008741 0.639895
v -2.574810 4.002367 0.639205
v -2.574360 4.002972 0.647479
v -2.573909 4.003576 0.655753
v -2.573458 4.004180 0.664027
v -2.573008 4.004785 0.672301
v -2.504686 4.049619 0.665306
v -2.505137 4.049015 0.657032
v -2.505588 4.048410 0.648758
v -2.506038 4.047806 0.640484
v -2.506489 4.047202 0.632210
v -2.613796 4.021967 0.639897
v -2.613345 4.022571 0.648171
v -2.612894 4.023176 0.656445
v -2.612444 4.023780 0.664719
v -2.611993 4.024384 0.672993
v -2.516373 4.027471 0.634189
v -2.515923 4.028075 0.642463
v -2.515472 4.028679 0.650737
v -2.515021 4.029284 0.659011
v -2.514571 4.029888 0.667285
v -2.725102 4.054788 -0.011869
v -2.705333 4.094250 -0.015828
v -2.730139 4.010899 -0.008390
v -2.719836 3.967877 -0.005809
v -2.695438 3.930910 -0.004439
v -2.659885 3.904458 -0.004443
v -2.617467 3.891711 -0.005823
v -2.573299 3.894207 -0.008411
v -2.532709 3.911643 -0.011895
v -2.500593 3.941918 -0.015855
v -2.480824 3.981380 -0.019813
v -2.475787 4.025269 -0.023293
v -2.486089 4.068291 -0.025873
v -2.510489 4.105258 -0.027244
v -2.546041 4.131710 -0.027239
v -2.588459 4.144456 -0.025860
v -2.632627 4.141961 -0.023272
v -2.673217 4.124525 -0.019788
v -2.723294 4.057212 0.021325
v -2.702588 4.097930 0.034568
v -2.728331 4.013323 0.024804
v -2.718029 3.970301 0.027385
v -2.693630 3.933334 0.028755
v -2.658077 3.906882 0.028751
v -2.615659 3.894135 0.027371
v -2.571491 3.896631 0.024783
v -2.530901 3.914067 0.021299
v -2.498785 3.944342 0.017339
v -2.479016 3.983804 0.013381
v -2.473979 4.027693 0.009901
v -2.484282 4.070715 0.007321
v -2.508681 4.107681 0.005950
v -2.544233 4.134133 0.005955
v -2.586651 4.146881 0.007334
v -2.630819 4.144385 0.009922
v -2.671409 4.126949 0.013406
v -2.674721 4.131211 0.008370
v -2.675062 4.130754 0.002108
v -2.632371 4.149404 0.004734
v -2.632712 4.148946 -0.001528
v -2.586287 4.152007 0.002034
v -2.586628 4.151550 -0.004228
v -2.542029 4.138707 0.000595
v -2.542370 4.138250 -0.005667
v -2.504934 4.111108 0.000590
v -2.505275 4.110650 -0.005672
v -2.479477 4.072537 0.002020
v -2.479818 4.072080 -0.004242
v -2.468728 4.027649 0.004713
v -2.469069 4.027192 -0.001549
v -2.473983 3.981857 0.008343
v -2.474324 3.981399 0.002081
v -2.494610 3.940683 0.012473
v -2.494951 3.940226 0.006211
v -2.528119 3.909095 0.016605
v -2.528460 3.908637 0.010343
v -2.570469 3.890902 0.020241
v -2.570810 3.890444 0.013978
v -2.616553 3.888298 0.022941
v -2.616894 3.887841 0.016678
v -2.660811 3.901598 0.024380
v -2.661152 3.901141 0.018118
v -2.697906 3.929198 0.024385
v -2.698247 3.928740 0.018123
v -2.723363 3.967768 0.022955
v -2.723705 3.967310 0.016693
v -2.734112 4.012656 0.020262
v -2.734453 4.012199 0.014000
v -2.728857 4.058449 0.016632
v -2.729198 4.057992 0.010370
v -2.708572 4.099165 0.006239
v -2.708231 4.099622 0.012502
vn -0.9222 0.3772 0.0854
vn 0.8328 -0.3767 0.4057
vn 0.0634 -0.9975 0.0309
vn -0.0004 -0.9977 0.0680
vn 0.9009 0.4246 0.0902
vn 0.5941 0.2582 -0.7619
vn -0.5502 -0.2391 -0.8000
vn 0.9009 -0.4246 0.0902
vn -0.9009 -0.4246 -0.0902
vn -0.0000 -0.9085 0.4178
vn -0.0000 -0.9217 0.3880
vn 0.7892 0.3719 0.4888
vn 0.7715 -0.3636 0.5221
vn -0.7715 -0.3636 0.5221
vn -0.8328 -0.3767 0.4057
vn -0.0000 0.6804 -0.7328
vn -0.8116 0.3700 0.4522
vn -0.0000 0.9398 0.3417
vn 0.8116 0.3700 0.4522
vn -0.7884 0.4076 0.4608
vn 0.7884 0.4076 0.4608
vn 0.7715 0.3636 0.5221
vn -0.7715 0.3636 0.5221
vn -0.0000 0.9013 0.4332
vn 0.7636 0.3599 0.5360
vn -0.7636 0.3599 0.5360
vn 0.7347 0.4616 -0.4971
vn 0.7914 0.4159 -0.4479
vn -0.7914 0.4159 -0.4479
vn -0.0000 -0.6804 0.7328
vn -0.7347 0.4616 -0.4971
vn -0.0000 -0.0000 1.0000
vn 0.7892 -0.3719 0.4888
vn -0.7892 -0.3719 0.4888
vn -0.0000 0.9217 0.3880
vn -0.7892 0.3719 0.4888
vn -0.9009 -0.4246 0.0902
vn 0.9009 -0.4246 -0.0902
vn -0.4136 0.8665 -0.2797
vn -0.0004 -0.9977 -0.0680
vn -0.9009 0.4246 0.0902
vn -0.0307 0.4977 -0.8668
vn -0.0000 1.0000 0.0073
vn -0.9417 0.3361 -0.0176
vn -0.0000 -0.7155 -0.6986
vn -0.0000 0.0696 -0.9976
vn -0.6089 0.2646 -0.7478
vn 0.5636 -0.2449 -0.7889
vn -0.0000 -0.9639 -0.2663
vn -0.0000 0.4841 0.8750
vn 0.9410 -0.3358 -0.0414
vn 0.9417 0.3361 -0.0176
vn -0.9410 -0.3358 -0.0414
vn -0.0000 -0.9980 -0.0634
vn -0.8873 -0.4469 -0.1141
vn -0.8882 0.4444 -0.1163
vn -0.4386 0.8962 -0.0663
vn 0.8882 -0.4444 0.1163
vn -0.0028 0.9998 0.0191
vn 0.1458 0.0005 -0.9893
vn -0.0042 -0.9996 0.0283
vn -0.1455 -0.0686 0.9870
vn -0.1455 0.0686 0.9870
vn 0.1458 -0.0005 -0.9893
vn 0.8815 0.4627 0.0946
vn 0.9004 0.4188 0.1181
vn 0.8860 0.4430 0.1368
vn 0.8775 0.4702 0.0946
vn 0.8886 0.4435 0.1171
vn 0.4450 -0.8954 0.0147
vn -0.1336 0.0060 0.9910
vn 0.1059 0.0499 -0.9931
vn 0.9016 0.4183 -0.1100
vn 0.8985 -0.4254 -0.1084
vn -0.9016 -0.4183 0.1100
vn 0.0970 -0.0485 0.9941
vn 0.0022 0.9999 0.0156
vn 0.1377 -0.0614 0.9886
vn -0.1376 0.0688 -0.9881
vn 0.1377 0.0604 0.9886
vn 0.0030 -0.9998 0.0215
vn -0.1376 -0.0672 -0.9882
vn -0.9097 0.4005 0.1095
vn -0.9002 0.4262 0.0893
vn -0.8965 0.4244 0.1274
vn -0.8872 0.4488 0.1073
vn -0.8985 0.4254 0.1084
vn -0.4252 -0.9047 0.0260
vn 0.4213 0.9050 -0.0587
vn -0.0990 0.0442 -0.9941
vn -0.9009 0.4246 -0.0902
vn 0.9009 0.4246 -0.0902
vn -0.0000 1.0000 -0.0000
vn -0.2408 -0.1204 0.9631
vn -0.4191 -0.8772 -0.2344
vn 0.4066 0.9130 -0.0321
vn -0.6499 0.7596 -0.0235
vn 0.4463 -0.8938 -0.0447
vn -0.4463 -0.8938 -0.0447
vn -0.7517 0.6592 -0.0204
vn 0.9980 0.0637 -0.0020
vn -0.9979 -0.0649 0.0020
vn -0.6499 -0.7596 0.0235
vn -0.7525 0.6583 -0.0204
vn 0.0804 0.0396 0.9960
vn 0.0797 0.0399 0.9960
vn 0.0799 0.0406 0.9960
vn 0.0807 0.0404 0.9959
vn -0.0816 0.0401 0.9959
vn -0.0819 0.0409 0.9958
vn -0.0812 0.0412 0.9958
vn -0.0808 0.0405 0.9959
vn -0.0804 0.0396 0.9960
vn -0.0807 0.0404 0.9959
vn -0.0799 0.0406 0.9960
vn -0.0797 0.0399 0.9960
vn -0.0810 0.0383 0.9960
vn -0.0813 0.0391 0.9959
vn -0.0806 0.0393 0.9960
vn -0.0803 0.0386 0.9960
vn -0.0822 0.0389 0.9959
vn -0.0824 0.0396 0.9958
vn -0.0817 0.0399 0.9959
vn -0.0814 0.0392 0.9959
vn 0.0816 0.0401 0.9959
vn 0.0808 0.0405 0.9959
vn 0.0812 0.0412 0.9958
vn 0.0819 0.0409 0.9958
vn 0.0822 0.0389 0.9959
vn 0.0814 0.0392 0.9959
vn 0.0817 0.0399 0.9959
vn 0.0824 0.0396 0.9958
vn 0.0810 0.0383 0.9960
vn 0.0803 0.0386 0.9960
vn 0.0806 0.0393 0.9960
vn 0.0813 0.0391 0.9959
vn 0.6620 0.7491 -0.0232
vn -0.0794 0.9964 -0.0308
vn 0.0646 -0.9974 0.0309
vn -0.6620 -0.7492 0.0232
vn 0.0794 -0.9964 0.0308
vn 0.9979 0.0649 -0.0020
vn -0.7518 0.6591 -0.0204
vn 0.6499 0.7596 -0.0235
vn 0.7518 -0.6591 0.0204
vn 0.6620 -0.7492 0.0232
vn 0.6620 0.7492 -0.0232
vn -0.0634 -0.9975 0.0309
vn -0.9968 -0.0796 0.0025
vn 0.0634 0.9975 -0.0309
vn -0.7622 0.6471 -0.0200
vn -0.9980 0.0637 -0.0020
vn 0.7622 -0.6471 0.0200
vn 0.6620 -0.7491 0.0232
vn 0.9968 0.0796 -0.0025
vn -0.7517 -0.6592 0.0204
vn 0.9980 -0.0637 0.0020
vn 0.7517 0.6592 -0.0204
vn -0.7518 -0.6591 0.0204
vn -0.9980 0.0636 -0.0020
vn -0.7519 -0.6588 0.0263
vn 0.9979 0.0649 -0.0026
vn -0.0641 -0.9972 0.0398
vn 0.6617 -0.7492 0.0299
vn 0.9980 -0.0635 0.0025
vn 0.6617 -0.7491 0.0299
vn -0.0642 -0.9971 0.0398
vn -0.6607 0.7500 -0.0299
vn 0.0642 0.9971 -0.0398
vn 0.7527 0.6578 -0.0262
vn -0.9980 0.0637 -0.0025
vn -0.7527 -0.6578 0.0262
vn 0.9979 -0.0649 0.0026
vn -0.6496 0.7596 -0.0303
vn -0.9979 0.0649 -0.0026
vn 0.7519 0.6588 -0.0263
vn 0.0801 0.9960 -0.0397
vn 0.0653 0.9971 -0.0398
vn -0.9980 0.0635 -0.0025
vn -0.0801 -0.9960 0.0397
vn -0.0653 -0.9971 0.0398
vn 0.6607 -0.7500 0.0299
vn 0.9968 -0.0796 0.0032
vn 0.6607 0.7500 -0.0299
vn 0.0653 -0.9971 0.0398
vn -0.7527 0.6578 -0.0262
vn 0.6496 -0.7596 0.0303
vn -0.6607 -0.7500 0.0299
vn -0.9968 0.0796 -0.0032
vn 0.7624 0.6466 -0.0258
vn -0.7624 -0.6466 0.0258
vn -0.0653 0.9971 -0.0398
vn 0.6617 0.7491 -0.0299
vn 0.7527 -0.6578 0.0262
vn 0.7519 -0.6588 0.0263
vn -0.0641 0.9972 -0.0398
vn -0.6617 -0.7491 0.0299
vn -0.7519 0.6588 -0.0263
vn 0.0641 -0.9972 0.0398
vn -0.6617 -0.7492 0.0299
vn -0.9979 -0.0649 0.0026
vn -0.7520 0.6587 -0.0263
vn 0.6617 0.7492 -0.0299
vn 0.7520 -0.6587 0.0263
vn 0.0802 0.0401 0.9960
vn -0.0814 0.0407 0.9959
vn -0.0802 0.0401 0.9960
vn -0.0808 0.0388 0.9960
vn -0.0819 0.0394 0.9959
vn 0.0814 0.0407 0.9959
vn 0.0819 0.0394 0.9959
vn 0.0808 0.0388 0.9960
vn -0.6620 -0.7491 0.0232
vn 0.7622 0.6471 -0.0200
vn -0.0634 0.9975 -0.0309
vn 0.6610 0.7500 -0.0232
vn -0.7622 -0.6471 0.0200
vn -0.9980 -0.0637 0.0020
vn 0.7525 -0.6583 0.0204
vn 0.9968 -0.0796 0.0025
vn 0.9980 0.0636 -0.0020
vn -0.0646 0.9974 -0.0309
vn -0.6610 0.7500 -0.0232
vn 0.7517 -0.6592 0.0204
vn -0.6610 -0.7500 0.0232
vn 0.0646 0.9974 -0.0309
vn -0.9968 0.0796 -0.0025
vn -0.0646 -0.9974 0.0309
vn -0.9980 -0.0636 0.0020
vn 0.0794 0.9964 -0.0308
vn 0.9979 -0.0649 0.0020
vn -0.0794 -0.9964 0.0308
vn -0.6620 0.7491 -0.0232
vn 0.6499 -0.7596 0.0235
vn -0.9979 0.0649 -0.0020
vn 0.7525 0.6583 -0.0204
vn 0.9980 -0.0636 0.0020
vn -0.7525 -0.6583 0.0204
vn -0.6620 0.7492 -0.0232
vn 0.6610 -0.7500 0.0232
vn 0.7518 0.6591 -0.0204
vn -0.6602 -0.7500 0.0409
vn 0.9979 -0.0642 -0.0130
vn 0.6612 0.7491 -0.0409
vn -0.7524 -0.6576 0.0386
vn 0.7514 -0.6596 0.0151
vn 0.7524 0.6576 -0.0386
vn -0.0641 0.9972 -0.0396
vn -0.6621 0.7491 -0.0202
vn -0.9964 -0.0821 0.0189
vn -0.6612 -0.7491 0.0409
vn 0.9979 -0.0641 -0.0130
vn 0.9981 0.0584 -0.0180
vn 0.6611 0.7491 -0.0409
vn -0.0642 -0.9971 0.0416
vn -0.9208 -0.3889 0.0303
vn 0.7515 -0.6595 0.0151
vn 0.0642 0.9971 -0.0416
vn 0.7201 0.6928 -0.0395
vn -0.7515 0.6595 -0.0151
vn -0.6622 0.7491 -0.0202
vn -0.9978 -0.0630 0.0182
vn -0.6611 -0.7491 0.0409
vn 0.9978 -0.0654 -0.0130
vn 0.9967 0.0790 -0.0188
vn -0.0655 -0.9970 0.0417
vn 0.7619 -0.6475 0.0145
vn 0.0655 0.9970 -0.0417
vn 0.9978 0.0630 -0.0182
vn -0.7619 0.6475 -0.0145
vn -0.6611 0.7500 -0.0202
vn -0.9978 -0.0631 0.0182
vn -0.9967 -0.0790 0.0188
vn 0.9967 -0.0801 -0.0123
vn -0.0642 0.9972 -0.0396
vn -0.9979 0.0642 0.0130
vn -0.7627 -0.6456 0.0383
vn 0.0642 -0.9972 0.0396
vn 0.7628 0.6456 -0.0383
vn 0.9978 0.0631 -0.0182
vn -0.6501 0.7596 -0.0208
vn -0.6491 -0.7596 0.0411
vn 0.6621 -0.7491 0.0202
vn -0.9978 -0.0643 0.0182
vn -0.0800 0.9960 -0.0393
vn -0.9979 0.0641 0.0130
vn -0.7523 0.6587 -0.0151
vn 0.0800 -0.9960 0.0394
vn 0.0653 -0.9971 0.0396
vn 0.6491 0.7596 -0.0411
vn 0.9978 0.0643 -0.0182
vn 0.6622 -0.7491 0.0202
vn -0.0643 -0.9971 0.0416
vn -0.9978 0.0654 0.0130
vn 0.0641 -0.9972 0.0396
vn 0.0643 0.9971 -0.0416
vn 0.6496 0.7596 -0.0303
vn 0.0641 0.9972 -0.0398
vn 0.0801 -0.9960 0.0397
vn -0.6617 0.7491 -0.0299
vn -0.0801 0.9960 -0.0397
vn 0.9980 -0.0637 0.0025
vn -0.6496 -0.7596 0.0303
vn 0.9980 0.0637 -0.0025
vn 0.0642 -0.9971 0.0398
vn -0.6617 0.7492 -0.0299
vn -0.0642 0.9971 -0.0398
vn -0.9980 -0.0637 0.0025
vn -0.7520 -0.6587 0.0263
vn 0.9980 0.0635 -0.0025
vn 0.7520 0.6587 -0.0263
vn -0.9980 -0.0635 0.0025
vn -0.9968 -0.0796 0.0032
vn -0.7624 0.6466 -0.0258
vn 0.7624 -0.6466 0.0258
vn 0.9968 0.0796 -0.0032
vn -0.0825 -0.0384 -0.9959
vn 0.0808 -0.0376 -0.9960
vn -0.0792 -0.0409 -0.9960
vn 0.0809 -0.0418 -0.9958
vn -0.0820 -0.0402 -0.9958
vn -0.0797 -0.0391 -0.9961
vn 0.0797 -0.0391 -0.9961
vn 0.0820 -0.0402 -0.9958
vn -0.0816 -0.0400 -0.9959
vn 0.0801 -0.0393 -0.9960
vn 0.8091 0.4124 -0.4186
vn -0.8392 -0.3949 -0.3738
vn 0.4136 0.8665 -0.2797
vn 0.4191 -0.8772 -0.2344
vn -0.8091 0.4124 -0.4186
vn 0.8392 -0.3949 -0.3738
vn 0.8872 0.4527 -0.0888
vn -0.4015 0.9153 -0.0326
vn -0.4504 -0.8917 -0.0451
vn -0.9121 -0.4001 0.0893
vn 0.2281 0.1075 0.9677
vn -0.0000 0.1104 0.9939
vn -0.8872 0.4527 -0.0888
vn 0.0645 -0.0646 -0.9958
vn 0.4015 0.9153 -0.0326
vn -0.6739 0.1494 -0.7236
vn -0.4066 0.9130 -0.0321
vn 0.0709 0.0648 0.9954
vn -0.9977 -0.0075 -0.0674
vn -0.3646 0.9300 -0.0459
vn 0.8632 0.4993 -0.0745
vn -0.8633 0.4992 -0.0738
vn 0.3646 0.9300 -0.0464
vn 0.0823 0.0443 0.9956
vn -0.0921 -0.0497 -0.9945
vn 0.9121 -0.4001 0.0893
vn 0.0867 -0.0384 -0.9955
vn -0.1006 0.0452 0.9939
vn 0.4504 -0.8917 -0.0451
vn -0.0709 -0.0648 -0.9954
vn -0.0638 0.0645 0.9959
vn -0.0000 0.6228 0.7824
vn -0.0195 -0.1104 -0.9937
vn -0.9214 -0.3288 -0.2070
vn 0.3237 0.2339 0.9168
vn -0.0000 0.5475 -0.8368
vn 0.0004 -0.9977 -0.0680
vn 0.0004 -0.9977 0.0680
vn -0.9687 -0.2028 0.1434
vn -0.0022 -0.9977 0.0682
vn -0.0000 -0.9977 -0.0679
vn -0.0022 -0.9977 -0.0682
vn -0.0000 -0.9977 0.0679
vn 0.0022 -0.9977 -0.0682
vn 0.0022 -0.9977 0.0682
vn 0.0002 0.9968 -0.0802
vn 0.0002 0.9998 0.0200
vn -0.0002 0.9998 0.0201
vn -0.0002 0.9968 -0.0801
vn -0.0002 -0.9951 0.0989
vn -0.0002 -0.9994 -0.0349
vn 0.0002 -0.9994 -0.0350
vn 0.0002 -0.9951 0.0987
vn -0.9972 0.0018 -0.0745
vn -0.9821 -0.0017 0.1883
vn 0.9852 -0.0018 -0.1715
vn 0.9971 0.0017 -0.0758
vn -0.9956 0.0018 0.0938
vn -0.0000 -0.0000 -1.0000
vn 0.9824 -0.0018 0.1867
vn 0.9954 0.0017 0.0955
vn -0.9850 -0.0017 -0.1728
vn -0.0004 -0.9965 -0.0832
vn 0.0003 -0.9965 -0.0834
vn 0.0004 0.9965 0.0832
vn -0.0003 0.9965 0.0834
vn 0.8053 -0.5044 -0.3115
vn -0.0000 0.5531 -0.8331
vn 0.0001 -0.3195 0.9476
vn -0.8043 -0.5087 -0.3072
vn 0.5762 0.7866 -0.2222
vn -0.5740 0.7877 -0.2238
vn -0.0002 -0.3181 0.9481
vn -0.0000 0.5513 -0.8343
vn -0.0003 -0.9963 0.0861
vn 0.0003 -0.9964 0.0852
vn 0.0004 0.9972 0.0743
vn -0.0004 0.9972 0.0746
vn 0.6006 -0.7686 -0.2203
vn -0.0000 -0.4304 -0.9026
vn -0.0003 0.6213 0.7836
vn -0.5947 -0.7744 -0.2158
vn 0.6531 0.6988 -0.2918
vn -0.6572 0.6925 -0.2975
vn 0.0003 0.6292 0.7772
vn -0.0000 -0.4390 -0.8985
vn 0.0199 -0.9911 0.1313
vn -0.0193 -0.9995 -0.0246
vn -0.2398 0.9696 -0.0492
vn 0.1333 -0.9853 -0.1068
vn -0.0141 -0.9694 -0.2451
vn -0.2297 -0.9681 0.0998
vn 0.0681 0.9971 0.0353
vn 0.2324 -0.9670 0.1045
vn -0.0807 -0.9963 -0.0285
vn 0.0953 0.9951 -0.0260
vn 0.0142 -0.9685 -0.2485
vn 0.0154 0.9728 0.2311
vn 0.0194 -0.9995 -0.0242
vn -0.0692 0.9970 0.0353
vn -0.0204 -0.9911 0.1312
vn 0.0235 0.9995 0.0231
vn -0.9487 0.0662 -0.3093
vn 0.8701 -0.2623 -0.4173
vn -0.0001 -0.2089 0.9779
vn -0.0000 -0.0390 -0.9992
vn -0.9522 0.0069 -0.3053
vn 0.8251 -0.3643 -0.4319
vn -0.0000 -0.0038 1.0000
vn -0.0000 -0.2471 -0.9690
vn 0.9507 0.0067 -0.3100
vn -0.0000 -0.2441 -0.9697
vn -0.0000 -0.0009 1.0000
vn -0.8233 -0.3636 -0.4358
vn 0.9477 0.0623 -0.3131
vn -0.0000 -0.0438 -0.9990
vn 0.0001 -0.2139 0.9769
vn -0.8669 -0.2707 -0.4185
vn -0.8795 -0.2311 -0.4160
vn -0.0025 -0.1548 0.9879
vn 0.0054 0.0541 -0.9985
vn 0.9383 0.1878 -0.2905
vn -0.8367 -0.3525 -0.4193
vn -0.0102 0.2219 0.9750
vn 0.0104 -0.1497 -0.9887
vn 0.9464 0.1451 -0.2885
vn -0.0055 0.0557 -0.9984
vn 0.0025 -0.1590 0.9873
vn 0.8803 -0.2331 -0.4132
vn -0.9382 0.1948 -0.2859
vn -0.0105 -0.1470 -0.9891
vn 0.0101 0.2095 0.9778
vn 0.8424 -0.3417 -0.4166
vn -0.9478 0.1449 -0.2840
vn -0.0148 0.9991 -0.0390
vn 0.0125 -0.9962 0.0860
vn -0.0184 0.9887 -0.1491
vn 0.0189 0.9887 -0.1490
vn 0.2302 -0.9722 0.0437
vn -0.1042 0.9898 0.0970
vn 0.0151 0.9991 -0.0409
vn 0.2395 0.9697 -0.0481
vn -0.1346 -0.9852 -0.1061
vn -0.0968 0.9949 -0.0279
vn 0.1055 0.9897 0.0966
vn -0.2297 -0.9723 0.0424
vn -0.0154 0.9720 0.2343
vn -0.0128 -0.9961 0.0872
vn -0.0235 0.9995 0.0220
vn 0.0824 -0.9962 -0.0265
vn -0.0681 0.9976 0.0140
vn -0.9937 0.0331 -0.1072
vn 0.9301 -0.3319 -0.1574
vn -0.0000 0.9997 0.0238
vn -0.7514 0.6596 -0.0151
vn -0.0000 -0.2682 -0.9634
vn 0.6141 0.7882 -0.0398
vn -0.6129 0.7867 -0.0735
vn 0.2179 -0.1738 -0.9604
vn 0.0677 0.9975 0.0178
vn -0.3918 0.2673 0.8804
vn -0.0298 -0.9919 -0.1237
vn 0.0379 -0.9917 -0.1229
vn -0.1787 -0.1560 -0.9715
vn 0.5502 -0.2391 -0.8000
vn -0.5636 -0.2449 -0.7889
vn -0.1667 -0.1495 -0.9746
vn -0.3686 0.2549 0.8940
vn 0.2303 -0.1806 -0.9562
vn 0.3470 0.2463 0.9050
vn -0.0872 0.0379 0.9955
vn 0.0994 -0.0453 -0.9940
vn -0.0822 -0.0443 -0.9956
vn 0.0925 0.0499 0.9945
vn -0.8627 0.4990 -0.0821
vn 0.8627 0.4990 -0.0824
vn 0.0816 -0.0400 -0.9959
vn -0.0801 -0.0393 -0.9960
vn 0.0792 -0.0409 -0.9960
vn -0.0809 -0.0418 -0.9958
vn 0.0825 -0.0384 -0.9959
vn -0.0808 -0.0376 -0.9960
vn -0.5941 0.2582 -0.7619
vn 0.6089 0.2646 -0.7478
vn -0.0000 0.9977 -0.0679
vn -0.0000 -0.1104 -0.9939
vn -0.2281 0.1075 0.9677
vn 0.9977 -0.0075 -0.0674
vn 0.0195 -0.1104 -0.9937
vn 0.9964 0.0484 -0.0697
vn 0.9973 0.0596 -0.0418
vn 0.9971 0.0467 -0.0597
vn 0.9964 0.0596 -0.0594
vn 0.9968 0.0532 -0.0596
vn 0.6602 0.7500 -0.0409
vn -0.0802 -0.9959 0.0418
vn 0.0803 0.9959 -0.0419
vn 0.9978 -0.0654 -0.0129
vn -0.7531 -0.6568 0.0386
vn 0.7531 0.6568 -0.0386
vn -0.7522 -0.6578 0.0386
vn 0.7523 -0.6587 0.0151
vn 0.7522 0.6578 -0.0386
vn -0.0653 0.9971 -0.0396
vn -0.9967 0.0801 0.0123
vn 0.0802 0.9959 -0.0418
vn -0.0803 -0.9959 0.0419
vn 0.6501 -0.7596 0.0208
vn -0.0800 0.9960 -0.0394
vn 0.7531 0.6568 -0.0385
vn 0.0800 -0.9960 0.0393
vn 0.6611 -0.7500 0.0202
vn -0.7628 -0.6456 0.0382
vn 0.7627 0.6456 -0.0382
vn -0.0000 0.9977 0.0679
vn 0.0021 0.9977 0.0684
vn 0.0191 0.9977 -0.0647
vn -0.0021 0.9977 0.0684
vn -0.0191 0.9977 -0.0647
vn -0.0000 0.9923 -0.1236
vn 0.0010 0.9975 0.0705
vn 0.0010 0.9984 -0.0557
vn -0.0052 0.9984 -0.0556
vn 0.0017 0.9976 0.0694
vn 0.9310 0.3545 0.0877
vn 0.9667 -0.2090 0.1478
vn -0.8992 0.4311 -0.0751
vn 0.9249 0.3731 -0.0732
vn -0.0722 0.9957 -0.0573
vn -0.0000 0.8644 -0.5028
vn -0.0054 0.8676 -0.4973
vn 0.0054 0.8676 -0.4973
vn 0.0722 0.9957 -0.0573
vn 0.0025 0.8650 -0.5018
vn 0.0162 0.9986 -0.0503
vn -0.0162 0.9986 -0.0503
vn -0.0025 0.8650 -0.5018
vn 0.8869 0.4559 -0.0750
vn 0.6739 0.1494 -0.7236
vn -0.8869 0.4559 -0.0750
vn -0.0000 0.5775 0.8164
vn -0.0000 -0.8164 0.5775
vn -0.0000 0.8164 -0.5775
vn -0.0000 -1.0000 -0.0000
vn -0.0000 0.2845 -0.9587
vn 1.0000 -0.0000 -0.0000
vn 0.9587 0.2845 -0.0000
vn -0.9587 0.2845 -0.0000
vn -0.0000 0.2845 0.9587
vn 0.8676 0.4973 -0.0000
vn -1.0000 -0.0000 -0.0000
vn -0.8676 0.4973 -0.0000
vn -0.0000 0.4973 0.8676
vn -0.0000 0.4973 -0.8676
vn -0.0618 -0.9981 -0.0000
vn 0.1231 -0.0000 -0.9924
vn -0.9924 -0.0000 0.1231
vn -0.1231 -0.0000 0.9924
vn 0.0618 -0.9981 -0.0000
vn -0.0618 0.9981 -0.0000
vn 0.0618 0.9981 -0.0000
vn -0.1231 -0.0000 -0.9924
vn 0.1231 -0.0000 0.9924
vn -0.9924 -0.0000 -0.1231
vn 0.9924 -0.0000 0.1231
vn -0.0000 -0.9981 -0.0618
vn -0.0000 -0.9981 0.0618
vn -0.0000 0.9981 -0.0618
vn -0.0000 0.9981 0.0618
vn 0.9924 -0.0000 -0.1231
vn -0.9876 -0.1570 -0.0026
vn 0.3149 -0.8629 0.3954
vn -0.2923 -0.4463 -0.8458
vn 0.8543 0.5148 -0.0724
vn -0.2812 -0.5061 -0.8153
vn 0.0160 -0.9388 0.3440
vn 0.0654 -0.3958 -0.9160
vn 0.0654 -0.3959 -0.9159
vn 0.0654 -0.3959 -0.9160
vn -0.0654 0.3959 0.9160
vn -0.0654 0.3958 0.9160
vn 0.1428 -0.9048 0.4012
vn -0.1428 0.9048 -0.4012
vn -0.3596 -0.5585 -0.7475
vn 0.0811 0.9412 -0.3281
vn 0.3596 0.5585 0.7475
vn -0.0811 -0.9412 0.3281
vn 0.8590 0.4907 -0.1457
vn 0.2959 0.4249 0.8555
vn 0.7561 0.3850 0.5293
vn 0.7633 0.3307 0.5550
vn -0.8548 -0.5132 0.0776
vn -0.8589 -0.4926 0.1405
vn 0.0135 -0.8640 0.5032
vn -0.7558 -0.3864 -0.5286
vn -0.0135 0.8646 -0.5023
vn -0.7634 -0.3296 -0.5555
vn -0.0159 0.9384 -0.3453
vn 0.2772 0.5258 0.8042
vn 0.9876 0.1570 0.0026
vn 0.2387 -0.3619 -0.9011
vn 0.1100 0.4173 0.9021
vn 0.0338 0.9183 -0.3944
vn -0.1424 0.9076 -0.3949
vn -0.9323 -0.2794 0.2298
vn 0.8785 0.4404 0.1853
vn 0.1352 -0.8573 0.4968
vn -0.0009 0.4071 0.9134
vn -0.8753 -0.4319 -0.2176
vn 0.9261 0.0212 0.3766
vn 0.0328 -0.5775 -0.8157
vn -0.1352 0.8573 -0.4968
vn 0.1424 -0.9076 0.3949
vn -0.8785 -0.4404 -0.1853
vn 0.9323 0.2794 -0.2298
vn -0.9261 -0.0212 -0.3766
vn 0.8753 0.4319 0.2176
vn -0.0328 0.5775 0.8157
vn 0.0009 -0.4071 -0.9134
vn 0.0059 -0.3307 -0.9437
vn -0.0059 0.3307 0.9437
vn 0.1162 -0.8818 0.4572
vn -0.1162 0.8818 -0.4572
vn 0.8503 0.5252 0.0350
vn 0.7302 0.5579 0.3945
vn -0.7958 -0.2920 0.5306
vn -0.7705 -0.0489 -0.6356
vn 0.0813 0.9193 -0.3850
vn -0.3889 -0.3058 -0.8690
vn -0.0813 -0.9193 0.3850
vn 0.3889 0.3058 0.8690
vn 0.7958 0.2920 -0.5306
vn -0.8503 -0.5252 -0.0350
vn 0.7705 0.0489 0.6356
vn -0.7302 -0.5579 -0.3945
vn -0.0872 0.9962 -0.0000
vn 0.0872 -0.9962 -0.0000
vn -0.9962 -0.0872 -0.0000
vn 0.4085 0.0357 -0.9120
vn 0.4880 -0.8728 -0.0000
vn 0.3290 0.9443 -0.0000
vn 0.4085 0.0357 0.9120
vn 0.9962 0.0872 -0.0000
vn 0.9953 0.0631 -0.0741
vn 0.1044 0.9897 -0.0983
vn 0.4375 0.8922 -0.1122
vn 0.7178 0.6871 -0.1125
vn 0.9115 0.3992 -0.0993
vn 0.9590 -0.2806 -0.0400
vn 0.8071 -0.5905 -0.0010
vn 0.5578 -0.8291 0.0381
vn 0.2412 -0.9678 0.0725
vn -0.1044 -0.9897 0.0983
vn -0.4375 -0.8922 0.1122
vn -0.7178 -0.6871 0.1125
vn -0.9115 -0.3992 0.0993
vn -0.9953 -0.0631 0.0741
vn -0.9590 0.2806 0.0400
vn -0.8071 0.5905 0.0010
vn 0.4240 0.8443 0.3277
vn -0.5578 0.8291 -0.0381
vn -0.2412 0.9678 -0.0725
vn 0.8237 0.0081 -0.5669
vn 0.7574 -0.4931 0.4280
vn -0.6180 -0.5803 0.5304
vn -0.4737 0.7874 0.3946
vn 0.9272 0.0964 0.3620
vn -0.0648 -0.8532 0.5175
vn -0.8356 0.2926 0.4649
vn 0.6769 0.6593 0.3274
vn 0.5326 -0.7084 0.4632
vn 0.1236 0.9322 0.3402
vn -0.7927 -0.3206 0.5184
vn -0.1882 0.9124 0.3635
vn 0.8945 -0.2136 0.3928
vn -0.3652 -0.7653 0.5301
vn -0.6985 0.5721 0.4298
vn 0.8516 0.3996 0.3393
vn 0.2470 -0.8334 0.4943
vn -0.8683 -0.0174 0.4957
vn -0.1246 -0.8997 -0.4183
vn -0.8615 0.1957 -0.4686
vn 0.5844 0.5462 -0.6001
vn 0.4465 -0.7613 -0.4702
vn 0.0555 0.8071 -0.5878
vn -0.8205 -0.3905 -0.4174
vn -0.2425 0.7882 -0.5656
vn 0.7924 -0.2883 -0.5375
vn -0.4118 -0.8157 -0.4063
vn -0.7305 0.4629 -0.5022
vn 0.7515 0.2979 -0.5887
vn 0.1735 -0.8808 -0.4405
vn -0.8928 -0.1007 -0.4391
vn 0.3427 0.7231 -0.5998
vn 0.6614 -0.5555 -0.5039
vn -0.6535 -0.6388 -0.4060
vn -0.5155 0.6687 -0.5359
vn -0.4375 -0.8922 0.1121
vn 0.8070 -0.5905 -0.0010
vn 0.4241 0.8443 0.3277
vn -0.7927 -0.3206 0.5185
vn -0.1882 0.9124 0.3634
vn -0.3652 -0.7653 0.5300
vn 0.2470 -0.8335 0.4943
vn -0.1231 -0.7916 -0.5985
vn 0.7182 0.3562 0.5977
vn -0.7532 0.1452 -0.6415
vn -0.0310 -0.6681 0.7435
vn 0.4833 0.4449 -0.7540
vn -0.3653 0.6732 0.6429
vn 0.3653 -0.6732 -0.6430
vn -0.4833 -0.4450 0.7539
vn 0.0310 0.6681 -0.7435
vn 0.7533 -0.1452 0.6414
vn -0.7183 -0.3562 -0.5977
vn 0.1231 0.7916 0.5985
vn -0.2239 0.6519 -0.7245
vn -0.6879 0.0152 0.7257
vn 0.6612 -0.2687 -0.7005
vn 0.7800 0.1083 0.6164
vn 0.4574 -0.5497 0.6991
vn -0.3687 -0.7197 -0.5883
vn -0.9952 -0.0631 0.0742
vn -0.5578 0.8291 -0.0380
vn 0.2239 -0.6519 0.7245
vn 0.6879 -0.0152 -0.7256
vn -0.6612 0.2687 0.7004
vn -0.7799 -0.1083 -0.6164
vn -0.4574 0.5496 -0.6991
vn 0.3687 0.7197 0.5883
vn 0.1318 -0.7754 -0.6175
vn -0.2766 -0.5962 0.7537
vn -0.5753 -0.5685 -0.5880
vn 0.6412 -0.3737 0.6703
vn 0.6262 0.2326 -0.7442
vn -0.5491 0.4972 0.6717
vn 0.5491 -0.4972 -0.6718
vn -0.6261 -0.2326 0.7442
vn -0.6412 0.3737 -0.6702
vn 0.5753 0.5685 0.5881
vn 0.2766 0.5962 -0.7537
vn -0.1318 0.7754 0.6175
vn -0.4737 0.7874 0.3945
vn 0.7574 -0.4931 0.4279
vn 0.5578 -0.8291 0.0380
vn 0.1102 -0.7140 -0.6914
vn -0.6135 0.0260 0.7893
vn 0.1205 0.7286 0.6742
vn -0.1205 -0.7286 -0.6742
vn -0.5893 0.2554 0.7665
vn 0.3428 0.6636 0.6649
vn -0.3428 -0.6636 -0.6649
vn -0.4879 0.4622 0.7405
vn 0.5298 0.5267 0.6647
vn -0.5298 -0.5267 -0.6647
vn -0.3215 0.6215 0.7144
vn 0.6591 0.3345 0.6735
vn -0.6591 -0.3345 -0.6735
vn -0.1102 0.7140 0.6914
vn 0.7150 0.1102 0.6903
vn -0.7150 -0.1102 -0.6903
vn 0.0189 0.5924 -0.8054
vn 0.6908 -0.1192 0.7131
vn 0.7532 -0.4883 0.4407
vn -0.8287 0.2920 0.4774
vn 0.5299 -0.7021 0.4757
vn 0.1238 0.9272 0.3536
vn -0.6926 0.5696 0.4425
vn 0.2464 -0.8262 0.5066
vn 0.4222 0.8399 0.3411
vn -0.4693 0.7834 0.4075
vn -0.0632 -0.8459 0.5296
vn 0.6733 0.6562 0.3408
vn -0.1858 0.9076 0.3766
vn -0.3616 -0.7586 0.5421
vn 0.8468 0.3982 0.3526
vn -0.6127 -0.5749 0.5424
vn 0.9218 0.0972 0.3752
vn -0.7862 -0.3169 0.5305
vn 0.8893 -0.2107 0.4058
vn -0.8612 -0.0159 0.5080
vn 0.5026 -0.8634 0.0450
vn -0.8799 -0.4639 0.1031
vn 0.2738 -0.4243 0.8631
vn 0.9505 0.0923 0.2966
vn 0.1547 -0.8357 -0.5270
vn 0.8726 0.4048 0.2732
vn 0.4104 -0.7237 -0.5548
vn 0.6925 0.6726 0.2609
vn 0.6118 -0.5309 -0.5864
vn 0.4319 0.8633 0.2612
vn 0.7345 -0.2806 -0.6178
vn 0.1222 0.9539 0.2742
vn 0.7638 -0.0029 -0.6454
vn -0.1992 0.9335 0.2981
vn -0.2351 0.7279 -0.6442
vn 0.6961 0.2686 -0.6658
vn -0.4936 0.8046 0.3302
vn -0.4908 0.6159 -0.6163
vn 0.5396 0.5012 -0.6765
vn -0.7253 0.5827 0.3665
vn -0.6922 0.4231 -0.5847
vn -0.0682 -0.0915 -0.9935
vn -0.8070 0.5905 0.0010
vn -0.0694 0.9938 -0.0867
vn -0.3399 -0.3154 -0.8860
vn -0.9315 -0.3508 0.0962
vn -0.3930 0.4151 0.8205
vn -0.2950 0.9531 -0.0675
vn 0.4818 0.4300 0.7635
vn -0.2040 0.2385 -0.9495
vn 0.9909 0.1097 -0.0781
vn 0.7727 0.6251 -0.1106
vn 0.2296 -0.3065 -0.9238
vn -0.1245 -0.8534 -0.5062
vn -0.0720 -0.8866 0.4569
vn 0.9168 -0.2273 0.3284
vn -0.3936 -0.7747 -0.4949
vn -0.3817 -0.7960 0.4698
vn 0.7755 -0.5154 0.3646
vn -0.6200 -0.6090 -0.4947
vn -0.6423 -0.6053 0.4702
vn 0.5437 -0.7373 0.4009
vn -0.7765 -0.3764 -0.5053
vn -0.8225 -0.3375 0.4579
vn 0.2494 -0.8662 0.4330
vn -0.8442 -0.1049 -0.5257
vn -0.9004 -0.0250 0.4344
vn 0.0442 0.7456 -0.6649
vn -0.8149 0.1728 -0.5533
vn -0.8666 0.2946 0.4027
vn 0.3132 0.6669 -0.6762
vn -0.9590 0.2806 0.0399
vn -0.8071 0.5905 0.0011
vn 0.4375 0.8922 -0.1121
vn -0.5576 -0.1983 0.8061
vn 0.3215 -0.6215 -0.7144
vn -0.4283 -0.3905 0.8149
vn 0.4879 -0.4622 -0.7405
vn -0.2412 -0.5274 0.8147
vn 0.5893 -0.2554 -0.7665
vn -0.0189 -0.5924 0.8054
vn 0.6135 -0.0260 -0.7893
vn -0.2118 0.5778 -0.7882
vn 0.2118 -0.5778 0.7882
vn 0.5576 0.1983 -0.8061
vn -0.4230 0.4853 -0.7652
vn 0.4230 -0.4853 0.7652
vn 0.4283 0.3905 -0.8149
vn -0.5894 0.3260 -0.7391
vn 0.5894 -0.3260 0.7391
vn 0.2412 0.5274 -0.8147
vn -0.6908 0.1192 -0.7131
vn 0.8516 0.3995 0.3393
vn -0.5155 0.6687 -0.5358
vn 0.7182 0.3561 0.5978
vn -0.7533 0.1452 -0.6415
vn -0.0310 -0.6681 0.7434
vn 0.4833 0.4450 -0.7539
vn 0.3653 -0.6732 -0.6429
vn -0.4833 -0.4450 0.7540
vn 0.7532 -0.1452 0.6415
vn -0.7182 -0.3562 -0.5977
vn 0.6611 -0.2687 -0.7005
vn 0.7800 0.1083 0.6163
vn 0.4574 -0.5497 0.6990
vn 0.7178 0.6871 -0.1126
vn 0.6879 -0.0153 -0.7256
vn -0.7800 -0.1083 -0.6163
vn -0.4574 0.5497 -0.6991
vn -0.5754 -0.5685 -0.5880
vn 0.6412 -0.3737 0.6702
vn 0.6261 0.2326 -0.7442
vn -0.5491 0.4972 0.6718
vn 0.5491 -0.4972 -0.6717
vn 0.5754 0.5685 0.5880
vn -0.1318 0.7755 0.6175
vn 0.9272 0.0964 0.3621
vn -0.8356 0.2926 0.4650
vn 0.3428 0.6636 0.6650
vn 0.7150 0.1102 0.6904
vn -0.7150 -0.1102 -0.6904
vn 0.6909 -0.1192 0.7131
vn 0.7533 -0.4883 0.4407
vn 0.4319 0.8633 0.2613
vn 0.7345 -0.2806 -0.6179
vn 0.5397 0.5012 -0.6764
vn -0.7254 0.5827 0.3665
vn -0.0695 0.9938 -0.0867
vn -0.9003 -0.0250 0.4345
vn 0.9115 0.3992 -0.0992
vn 0.9590 -0.2806 -0.0399
vn -0.4231 0.4853 -0.7652
vn 0.4231 -0.4853 0.7652
vn 0.1240 -0.0000 0.9923
vn -0.4833 -0.4449 0.7540
vn 0.7533 -0.1452 0.6415
vn -0.7182 -0.3562 -0.5978
vn -0.6879 0.0153 0.7256
vn -0.7800 -0.1083 -0.6164
vn 0.1318 -0.7755 -0.6175
vn -0.7151 -0.1102 -0.6903
vn 0.5397 0.5012 -0.6765
vn -0.3936 -0.7747 -0.4950
vn 0.8071 -0.5905 -0.0011
vn 0.6135 -0.0260 -0.7892
vn -0.3653 0.6732 0.6430
vn -0.6879 0.0152 0.7256
vn 0.6879 -0.0152 -0.7257
vn -0.6612 0.2687 0.7005
vn 0.5492 -0.4973 -0.6717
vn -0.6921 0.4231 -0.5847
vn -0.8224 -0.3375 0.4579
vn -0.6865 0.7271 -0.0041
vn -0.3964 0.9180 -0.0119
vn -0.0586 0.9981 -0.0184
vn 0.2864 0.9579 -0.0226
vn 0.5968 0.8021 -0.0241
vn 0.8352 0.5495 -0.0227
vn 0.9728 0.2307 -0.0185
vn 0.9932 -0.1159 -0.0121
vn 0.8937 -0.4486 -0.0043
vn 0.6865 -0.7271 0.0041
vn 0.3964 -0.9180 0.0119
vn 0.0586 -0.9981 0.0184
vn -0.2864 -0.9579 0.0226
vn -0.5968 -0.8021 0.0241
vn -0.8352 -0.5495 0.0227
vn -0.9728 -0.2307 0.0185
vn -0.3513 0.8364 0.4208
vn -0.9932 0.1159 0.0121
vn -0.8937 0.4486 0.0043
vn 0.5073 0.6819 -0.5270
vn 0.8838 0.2164 0.4149
vn 0.0591 -0.8920 0.4482
vn -0.8896 0.1129 0.4425
vn 0.5445 0.7318 0.4098
vn 0.6255 -0.6476 0.4352
vn -0.7471 -0.4874 0.4520
vn -0.0466 0.9086 0.4150
vn 0.9021 -0.0963 0.4206
vn -0.6130 0.6642 0.4279
vn -0.2521 -0.8557 0.4519
vn -0.7999 0.4129 0.4354
vn 0.7596 0.5040 0.4111
vn 0.3638 -0.8197 0.4423
vn -0.8713 -0.1998 0.4483
vn 0.2645 0.8723 0.4112
vn 0.8124 -0.3963 0.4277
vn -0.5320 -0.7152 0.4533
vn 0.5847 -0.6368 -0.5027
vn -0.7275 -0.4836 -0.4867
vn -0.0578 0.8510 -0.5220
vn 0.8491 -0.1097 -0.5167
vn -0.5993 0.6173 -0.5097
vn -0.2543 -0.8357 -0.4867
vn -0.7780 0.3771 -0.5025
vn 0.7129 0.4641 -0.5257
vn 0.3345 -0.8014 -0.4959
vn -0.8462 -0.2087 -0.4902
vn 0.2396 0.8162 -0.5257
vn 0.7634 -0.3966 -0.5099
vn -0.5219 -0.7014 -0.4854
vn -0.3492 0.7819 -0.5165
vn 0.8316 0.1892 -0.5222
vn 0.0432 -0.8705 -0.4904
vn -0.8638 0.0902 -0.4957
vn 0.9932 -0.1159 -0.0122
vn 0.8352 0.5495 -0.0226
vn 0.3964 -0.9180 0.0120
vn -0.3964 0.9180 -0.0120
vn -0.3514 0.8364 0.4208
vn 0.0591 -0.8920 0.4481
vn 0.9021 -0.0962 0.4206
vn 0.3638 -0.8197 0.4424
vn 0.4965 -0.5493 -0.6722
vn 0.2209 0.7194 0.6586
vn -0.6256 -0.4182 -0.6585
vn 0.5160 -0.5232 0.6782
vn -0.0530 0.7231 -0.6887
vn -0.7226 0.0985 0.6842
vn 0.7227 -0.0985 -0.6841
vn 0.0530 -0.7231 0.6887
vn -0.5160 0.5232 -0.6782
vn 0.6256 0.4183 0.6585
vn -0.2209 -0.7194 -0.6585
vn -0.4965 0.5493 0.6722
vn -0.6688 0.3178 -0.6721
vn -0.4303 -0.5785 0.6929
vn 0.6061 0.3923 -0.6919
vn 0.4499 0.6045 0.6574
vn 0.7422 -0.0725 0.6663
vn 0.2826 -0.6900 -0.6664
vn 0.5967 0.8021 -0.0241
vn -0.5967 -0.8021 0.0241
vn -0.7999 0.4129 0.4355
vn -0.2521 -0.8557 0.4520
vn 0.6689 -0.3178 0.6720
vn 0.4303 0.5785 -0.6930
vn -0.6061 -0.3922 0.6919
vn -0.4498 -0.6045 -0.6574
vn -0.7422 0.0725 -0.6663
vn -0.2826 0.6900 0.6664
vn 0.6493 -0.3438 -0.6784
vn 0.3021 -0.6640 0.6840
vn 0.0334 -0.7491 -0.6616
vn 0.7272 0.1832 0.6615
vn 0.2014 0.6934 -0.6919
vn -0.7077 -0.1571 0.6889
vn 0.7076 0.1571 -0.6889
vn -0.2014 -0.6934 0.6919
vn -0.7272 -0.1832 -0.6615
vn -0.0334 0.7491 0.6616
vn -0.3021 0.6640 -0.6840
vn -0.6493 0.3438 0.6784
vn 0.6255 -0.6476 0.4353
vn 0.5445 0.7318 0.4099
vn 0.5858 -0.3137 -0.7473
vn -0.3875 -0.5210 0.7605
vn -0.4474 0.4996 0.7417
vn 0.4474 -0.4997 -0.7417
vn -0.5466 -0.3524 0.7596
vn -0.2538 0.6270 0.7365
vn 0.2538 -0.6270 -0.7365
vn -0.6385 -0.1397 0.7568
vn -0.0283 0.6805 0.7322
vn 0.0283 -0.6805 -0.7322
vn -0.6521 0.0917 0.7525
vn 0.2019 0.6536 0.7294
vn -0.2019 -0.6536 -0.7294
vn -0.5857 0.3137 0.7473
vn 0.4091 0.5497 0.7284
vn -0.4091 -0.5497 -0.7284
vn -0.4689 0.4710 -0.7472
vn 0.5682 0.3811 0.7293
vn 0.8779 0.2152 0.4278
vn -0.7417 -0.4837 0.4647
vn 0.8961 -0.0953 0.4335
vn -0.6085 0.6599 0.4407
vn -0.8650 -0.1981 0.4609
vn 0.8070 -0.3933 0.4405
vn -0.3487 0.8309 0.4337
vn -0.8833 0.1124 0.4552
vn 0.6214 -0.6428 0.4480
vn -0.0460 0.9027 0.4279
vn -0.7942 0.4104 0.4482
vn 0.3615 -0.8138 0.4551
vn 0.2629 0.8666 0.4241
vn 0.0589 -0.8855 0.4608
vn 0.5410 0.7270 0.4228
vn -0.2501 -0.8495 0.4646
vn 0.7546 0.5008 0.4241
vn -0.5281 -0.7099 0.4659
vn 0.9835 -0.1805 -0.0107
vn -0.2165 -0.9760 0.0219
vn 0.5342 -0.1458 0.8327
vn 0.5602 0.7529 0.3454
vn 0.7135 -0.3737 -0.5927
vn 0.2716 0.8977 0.3468
vn 0.7938 -0.1050 -0.5990
vn -0.0491 0.9352 0.3507
vn 0.7774 0.1750 -0.6042
vn -0.3633 0.8607 0.3567
vn 0.6662 0.4326 -0.6075
vn -0.6330 0.6832 0.3640
vn 0.4736 0.6366 -0.6087
vn -0.8257 0.4242 0.3718
vn -0.7305 0.3510 -0.5858
vn 0.2228 0.7624 -0.6075
vn -0.9182 0.1149 0.3791
vn -0.8109 0.0823 -0.5794
vn -0.0558 0.7950 -0.6041
vn -0.8993 -0.2074 0.3850
vn -0.7944 -0.1977 -0.5743
vn -0.0145 -0.0193 -0.9997
vn -0.8023 0.5969 0.0001
vn -0.0172 -0.3797 -0.9249
vn -0.3362 -0.9415 0.0230
vn -0.5379 -0.1055 0.8364
vn -0.9174 0.3979 0.0056
vn 0.0177 0.5725 0.8197
vn -0.3514 0.0868 -0.9322
vn 0.5584 0.8292 -0.0240
vn 0.0243 0.9995 -0.0196
vn 0.3451 0.0612 -0.9366
vn 0.5460 -0.5988 -0.5859
vn 0.6436 -0.6690 0.3716
vn 0.7819 0.5181 0.3468
vn 0.3117 -0.7529 -0.5796
vn 0.3739 -0.8465 0.3789
vn 0.9099 0.2216 0.3506
vn 0.0388 -0.8177 -0.5744
vn 0.0598 -0.9210 0.3849
vn 0.9288 -0.1007 0.3566
vn -0.2399 -0.7851 -0.5710
vn -0.2610 -0.8836 0.3888
vn 0.8364 -0.4100 0.3638
vn -0.4906 -0.6593 -0.5698
vn -0.5496 -0.7387 0.3902
vn -0.5631 0.5761 -0.5925
vn -0.6832 -0.4553 -0.5709
vn -0.7713 -0.5039 0.3889
vn -0.3288 0.7302 -0.5989
vn -0.9932 0.1159 0.0122
vn -0.8352 -0.5495 0.0226
vn -0.6865 0.7271 -0.0040
vn -0.9728 -0.2307 0.0186
vn -0.1804 -0.6250 0.7595
vn 0.6521 -0.0917 -0.7526
vn 0.0499 -0.6518 0.7567
vn 0.6386 0.1397 -0.7568
vn 0.2754 -0.5984 0.7524
vn 0.5466 0.3524 -0.7596
vn 0.4689 -0.4710 0.7472
vn 0.3875 0.5210 -0.7605
vn -0.6073 0.2851 -0.7416
vn 0.6073 -0.2851 0.7416
vn 0.1804 0.6250 -0.7595
vn -0.6737 0.0630 -0.7363
vn 0.6737 -0.0630 0.7363
vn -0.0499 0.6518 -0.7567
vn -0.6601 -0.1683 -0.7321
vn 0.6601 0.1683 0.7321
vn -0.2754 0.5984 -0.7524
vn -0.5682 -0.3811 -0.7293
vn -0.6865 0.7272 0.0007
vn -0.3963 0.9181 0.0018
vn -0.0584 0.9983 0.0026
vn 0.2865 0.9581 0.0032
vn 0.5969 0.8023 0.0033
vn 0.8353 0.5497 0.0031
vn 0.9730 0.2309 0.0025
vn 0.9933 -0.1158 0.0016
vn 0.8938 -0.4485 0.0005
vn 0.6865 -0.7272 -0.0007
vn 0.3963 -0.9181 -0.0018
vn 0.0584 -0.9983 -0.0026
vn -0.2865 -0.9581 -0.0032
vn -0.5969 -0.8023 -0.0033
vn -0.8353 -0.5497 -0.0031
vn -0.9730 -0.2309 -0.0025
vn -0.3583 0.8270 0.4333
vn -0.9933 0.1158 -0.0016
vn -0.8938 0.4485 -0.0005
vn 0.5157 0.6932 -0.5035
vn 0.8768 0.2071 0.4339
vn 0.0519 -0.9017 0.4293
vn -0.8968 0.1033 0.4303
vn 0.5376 0.7225 0.4347
vn 0.6184 -0.6571 0.4311
vn -0.7543 -0.4971 0.4289
vn -0.0535 0.8993 0.4341
vn 0.8951 -0.1056 0.4331
vn -0.6200 0.6547 0.4323
vn -0.2593 -0.8654 0.4288
vn -0.8070 0.4034 0.4313
vn 0.7527 0.4947 0.4345
vn 0.3567 -0.8293 0.4301
vn -0.8785 -0.2095 0.4295
vn 0.2576 0.8630 0.4345
vn 0.8054 -0.4058 0.4321
vn -0.5393 -0.7249 0.4287
vn 0.5929 -0.6257 -0.5069
vn -0.7194 -0.4727 -0.5090
vn -0.0494 0.8622 -0.5041
vn 0.8575 -0.0985 -0.5050
vn -0.5910 0.6284 -0.5058
vn -0.2461 -0.8248 -0.5091
vn -0.7698 0.3882 -0.5068
vn 0.7213 0.4754 -0.5037
vn 0.3427 -0.7903 -0.5079
vn -0.8381 -0.1977 -0.5085
vn 0.2480 0.8276 -0.5036
vn 0.7717 -0.3854 -0.5059
vn -0.5138 -0.6905 -0.5092
vn -0.3408 0.7931 -0.5048
vn 0.8400 0.2005 -0.5042
vn 0.0513 -0.8595 -0.5086
vn -0.8556 0.1012 -0.5077
vn -0.8938 0.4485 -0.0004
vn -0.3964 0.9181 0.0017
vn -0.0039 -0.0000 1.0000
vn -0.8785 -0.2095 0.4294
vn 0.5075 -0.5344 -0.6759
vn 0.2100 0.7047 0.6777
vn -0.6147 -0.4036 -0.6777
vn 0.5050 -0.5381 0.6749
vn -0.0418 0.7380 -0.6735
vn -0.7338 0.0836 0.6742
vn 0.7338 -0.0836 -0.6742
vn 0.0418 -0.7380 0.6735
vn -0.5050 0.5381 -0.6749
vn 0.6148 0.4036 0.6776
vn -0.2100 -0.7047 -0.6777
vn -0.5075 0.5344 0.6759
vn -0.6578 0.3326 -0.6757
vn -0.4415 -0.5935 0.6729
vn 0.6173 0.4073 -0.6731
vn 0.4389 0.5898 0.6778
vn 0.7312 -0.0872 0.6766
vn 0.2936 -0.6752 -0.6767
vn 0.8938 -0.4485 0.0004
vn -0.8785 -0.2094 0.4295
vn 0.6579 -0.3326 0.6757
vn 0.4415 0.5935 -0.6729
vn -0.6173 -0.4073 0.6731
vn -0.4389 -0.5898 -0.6778
vn -0.7312 0.0873 -0.6765
vn -0.2936 0.6752 0.6767
vn 0.6604 -0.3290 -0.6750
vn 0.2910 -0.6789 0.6741
vn 0.0444 -0.7343 -0.6773
vn 0.7162 0.1684 0.6772
vn 0.2126 0.7084 -0.6731
vn -0.7188 -0.1721 0.6736
vn 0.7188 0.1721 -0.6736
vn -0.2126 -0.7084 0.6731
vn -0.7163 -0.1684 -0.6772
vn -0.0444 0.7344 0.6773
vn -0.2910 0.6789 -0.6741
vn -0.6604 0.3289 0.6750
vn -0.0535 0.8993 0.4340
vn 0.5980 -0.2973 -0.7443
vn -0.3998 -0.5375 0.7424
vn -0.4596 0.4833 0.7451
vn 0.4596 -0.4833 -0.7451
vn -0.5589 -0.3690 0.7426
vn -0.2660 0.6107 0.7458
vn 0.2660 -0.6107 -0.7458
vn -0.6508 -0.1561 0.7430
vn -0.0404 0.6643 0.7464
vn 0.0404 -0.6643 -0.7464
vn -0.6644 0.0753 0.7436
vn 0.1898 0.6374 0.7468
vn -0.1898 -0.6374 -0.7468
vn -0.5980 0.2973 0.7443
vn 0.3970 0.5334 0.7469
vn -0.3970 -0.5334 -0.7469
vn -0.4567 0.4874 -0.7442
vn 0.5561 0.3649 0.7467
vn 0.8707 0.2056 0.4467
vn -0.7491 -0.4937 0.4417
vn 0.8889 -0.1050 0.4459
vn -0.6158 0.6502 0.4451
vn -0.8724 -0.2080 0.4423
vn 0.7998 -0.4030 0.4449
vn -0.3559 0.8212 0.4461
vn -0.8906 0.1025 0.4431
vn 0.6141 -0.6526 0.4439
vn -0.0532 0.8930 0.4468
vn -0.8015 0.4006 0.4441
vn 0.3542 -0.8236 0.4429
vn 0.2558 0.8570 0.4473
vn 0.0515 -0.8955 0.4421
vn 0.5339 0.7175 0.4475
vn -0.2575 -0.8594 0.4417
vn 0.7474 0.4912 0.4473
vn -0.5356 -0.7199 0.4415
vn 0.9836 -0.1804 0.0014
vn -0.2167 -0.9762 -0.0031
vn 0.5205 -0.1642 0.8379
vn -0.8353 -0.5498 -0.0031
vn 0.5543 0.7450 0.3710
vn 0.7231 -0.3607 -0.5890
vn 0.2657 0.8899 0.3709
vn 0.8035 -0.0919 -0.5881
vn -0.0550 0.9273 0.3704
vn 0.7871 0.1881 -0.5874
vn -0.3692 0.8527 0.3696
vn 0.6759 0.4457 -0.5869
vn -0.6390 0.6752 0.3686
vn 0.4833 0.6497 -0.5867
vn -0.8318 0.4161 0.3675
vn -0.7209 0.3640 -0.5898
vn 0.2326 0.7756 -0.5868
vn -0.9243 0.1067 0.3665
vn -0.8013 0.0952 -0.5907
vn -0.0461 0.8081 -0.5873
vn -0.9054 -0.2157 0.3656
vn -0.7849 -0.1849 -0.5914
vn 0.0019 0.0027 -1.0000
vn -0.0020 -0.3593 -0.9332
vn -0.3364 -0.9417 -0.0032
vn -0.5515 -0.1237 0.8250
vn -0.9175 0.3978 -0.0007
vn 0.0042 0.5544 0.8323
vn -0.3361 0.1073 -0.9357
vn 0.5586 0.8294 0.0033
vn 0.0245 0.9997 0.0028
vn 0.3603 0.0817 -0.9292
vn 0.5557 -0.5858 -0.5899
vn 0.6376 -0.6772 0.3673
vn 0.7760 0.5102 0.3708
vn 0.3213 -0.7401 -0.5908
vn 0.3678 -0.8547 0.3663
vn 0.9040 0.2137 0.3703
vn 0.0483 -0.8048 -0.5915
vn 0.0536 -0.9293 0.3655
vn 0.9229 -0.1087 0.3694
vn -0.2303 -0.7724 -0.5920
vn -0.2671 -0.8919 0.3650
vn 0.8304 -0.4181 0.3684
vn -0.4811 -0.6465 -0.5921
vn -0.5557 -0.7470 0.3648
vn -0.5534 0.5891 -0.5888
vn -0.6737 -0.4425 -0.5919
vn -0.7774 -0.5122 0.3651
vn -0.3191 0.7433 -0.5880
vn -0.5969 -0.8023 -0.0034
vn 0.6864 -0.7272 -0.0007
vn -0.8353 -0.5497 -0.0032
vn -0.3963 0.9181 0.0017
vn -0.3964 0.9181 0.0018
vn 0.3963 -0.9181 -0.0017
vn 0.9933 -0.1158 0.0015
vn -0.9933 0.1158 -0.0015
vn -0.1927 -0.6415 0.7426
vn 0.6644 -0.0753 -0.7436
vn 0.0376 -0.6683 0.7429
vn 0.6508 0.1561 -0.7430
vn 0.2631 -0.6148 0.7435
vn 0.5589 0.3690 -0.7426
vn 0.4567 -0.4874 0.7442
vn 0.3998 0.5375 -0.7424
vn -0.5951 0.3014 -0.7450
vn 0.5951 -0.3014 0.7450
vn 0.1927 0.6415 -0.7425
vn -0.6615 0.0793 -0.7457
vn 0.6615 -0.0793 0.7457
vn -0.0376 0.6683 -0.7429
vn -0.6480 -0.1521 -0.7463
vn 0.6480 0.1521 0.7463
vn -0.2631 0.6148 -0.7435
vn -0.5561 -0.3649 -0.7467
vn -0.6865 0.7271 -0.0049
vn -0.3965 0.9179 -0.0144
vn -0.0586 0.9980 -0.0222
vn 0.2863 0.9578 -0.0272
vn 0.5967 0.8020 -0.0290
vn 0.8351 0.5494 -0.0273
vn 0.9728 0.2306 -0.0223
vn 0.9931 -0.1160 -0.0146
vn 0.8937 -0.4486 -0.0051
vn 0.6865 -0.7271 0.0049
vn 0.3965 -0.9179 0.0144
vn 0.0586 -0.9980 0.0222
vn -0.2863 -0.9578 0.0272
vn -0.5967 -0.8020 0.0290
vn -0.8351 -0.5494 0.0273
vn -0.9728 -0.2306 0.0223
vn -0.3501 0.8380 0.4185
vn -0.9931 0.1160 0.0146
vn -0.8937 0.4486 0.0051
vn 0.5057 0.6798 -0.5311
vn 0.8850 0.2181 0.4114
vn 0.0604 -0.8902 0.4515
vn -0.8883 0.1146 0.4447
vn 0.5457 0.7334 0.4054
vn 0.6267 -0.6459 0.4360
vn -0.7458 -0.4856 0.4561
vn -0.0454 0.9103 0.4115
vn 0.9033 -0.0946 0.4184
vn -0.6117 0.6659 0.4271
vn -0.2507 -0.8539 0.4561
vn -0.7986 0.4147 0.4361
vn 0.7608 0.5056 0.4069
vn 0.3651 -0.8180 0.4445
vn -0.8700 -0.1980 0.4516
vn 0.2657 0.8739 0.4070
vn 0.8137 -0.3946 0.4269
vn -0.5307 -0.7134 0.4577
vn 0.5832 -0.6388 -0.5019
vn -0.7289 -0.4855 -0.4826
vn -0.0594 0.8489 -0.5252
vn 0.8476 -0.1118 -0.5187
vn -0.6008 0.6153 -0.5104
vn -0.2557 -0.8377 -0.4827
vn -0.7795 0.3751 -0.5017
vn 0.7113 0.4620 -0.5297
vn 0.3331 -0.8033 -0.4937
vn -0.8477 -0.2106 -0.4869
vn 0.2381 0.8142 -0.5296
vn 0.7619 -0.3986 -0.5106
vn -0.5233 -0.7033 -0.4811
vn -0.3507 0.7798 -0.5186
vn 0.8301 0.1871 -0.5253
vn 0.0417 -0.8724 -0.4870
vn -0.8652 0.0883 -0.4936
vn 0.5457 0.7334 0.4053
vn 0.9033 -0.0946 0.4183
vn 0.4945 -0.5519 -0.6715
vn 0.2229 0.7220 0.6551
vn -0.6276 -0.4209 -0.6550
vn 0.5180 -0.5205 0.6788
vn -0.0550 0.7203 -0.6914
vn -0.7206 0.1012 0.6859
vn 0.7207 -0.1012 -0.6858
vn 0.0550 -0.7203 0.6914
vn -0.5180 0.5205 -0.6788
vn 0.6276 0.4209 0.6550
vn -0.2229 -0.7220 -0.6550
vn -0.4945 0.5519 0.6715
vn -0.6708 0.3152 -0.6713
vn -0.4283 -0.5757 0.6965
vn 0.6041 0.3895 -0.6953
vn 0.4518 0.6071 0.6537
vn 0.7442 -0.0699 0.6643
vn 0.2806 -0.6926 -0.6645
vn 0.0312 -0.0000 0.9995
vn 0.0156 -0.0000 -0.9999
vn -0.7986 0.4147 0.4362
vn 0.9034 -0.0946 0.4183
vn 0.6268 -0.6459 0.4359
vn 0.6708 -0.3152 0.6713
vn 0.4283 0.5757 -0.6965
vn -0.6041 -0.3895 0.6952
vn -0.4518 -0.6071 -0.6537
vn -0.7441 0.0699 -0.6644
vn -0.2806 0.6926 0.6645
vn 0.6474 -0.3465 -0.6789
vn 0.3041 -0.6612 0.6858
vn 0.0315 -0.7517 -0.6588
vn 0.7291 0.1857 0.6587
vn 0.1994 0.6906 -0.6952
vn -0.7056 -0.1544 0.6916
vn 0.7056 0.1544 -0.6916
vn -0.1994 -0.6907 0.6952
vn -0.7292 -0.1858 -0.6587
vn -0.0315 0.7517 0.6588
vn -0.3041 0.6613 -0.6857
vn -0.6473 0.3465 0.6789
vn -0.7987 0.4147 0.4361
vn 0.5836 -0.3167 -0.7478
vn -0.3853 -0.5180 0.7637
vn -0.4452 0.5026 0.7411
vn 0.4452 -0.5026 -0.7411
vn -0.5444 -0.3494 0.7626
vn -0.2517 0.6299 0.7347
vn 0.2517 -0.6299 -0.7347
vn -0.6363 -0.1367 0.7592
vn -0.0262 0.6834 0.7296
vn 0.0262 -0.6834 -0.7296
vn -0.6499 0.0947 0.7541
vn 0.2040 0.6565 0.7262
vn -0.2040 -0.6565 -0.7262
vn -0.5835 0.3167 0.7478
vn 0.4112 0.5525 0.7250
vn -0.4112 -0.5525 -0.7250
vn -0.4711 0.4680 -0.7477
vn 0.5703 0.3840 0.7261
vn -0.0586 0.9980 -0.0221
vn 0.8791 0.2169 0.4243
vn -0.7403 -0.4819 0.4687
vn 0.8974 -0.0936 0.4312
vn -0.6072 0.6617 0.4399
vn -0.8637 -0.1963 0.4643
vn 0.8083 -0.3915 0.4397
vn -0.3474 0.8326 0.4314
vn -0.8819 0.1142 0.4574
vn 0.6227 -0.6410 0.4487
vn -0.0448 0.9043 0.4245
vn -0.7928 0.4122 0.4489
vn 0.3629 -0.8120 0.4572
vn 0.2642 0.8683 0.4199
vn 0.0602 -0.8837 0.4641
vn 0.5422 0.7287 0.4183
vn -0.2487 -0.8476 0.4687
vn 0.7558 0.5025 0.4199
vn -0.5268 -0.7081 0.4703
vn 0.9835 -0.1806 -0.0129
vn -0.2165 -0.9759 0.0264
vn 0.5366 -0.1425 0.8317
vn 0.0586 -0.9980 0.0221
vn 0.5612 0.7542 0.3408
vn 0.7117 -0.3761 -0.5933
vn 0.2726 0.8991 0.3425
vn 0.7920 -0.1074 -0.6009
vn -0.0481 0.9366 0.3472
vn 0.7756 0.1726 -0.6072
vn -0.3623 0.8621 0.3544
vn 0.6644 0.4302 -0.6112
vn -0.6319 0.6846 0.3632
vn 0.4718 0.6342 -0.6126
vn -0.8246 0.4257 0.3726
vn -0.7322 0.3487 -0.5850
vn 0.2210 0.7600 -0.6111
vn -0.9171 0.1164 0.3814
vn -0.8126 0.0800 -0.5774
vn -0.0576 0.7926 -0.6070
vn -0.8981 -0.2059 0.3885
vn -0.7961 -0.2000 -0.5712
vn -0.0174 -0.0232 -0.9996
vn -0.0199 -0.3834 -0.9234
vn -0.3361 -0.9414 0.0277
vn -0.5354 -0.1022 0.8384
vn -0.9174 0.3979 0.0067
vn 0.0201 0.5758 0.8174
vn -0.3541 0.0831 -0.9315
vn 0.5583 0.8291 -0.0290
vn 0.0243 0.9994 -0.0236
vn 0.3423 0.0575 -0.9378
vn 0.5443 -0.6011 -0.5852
vn 0.6447 -0.6676 0.3724
vn 0.7829 0.5194 0.3424
vn 0.3100 -0.7552 -0.5775
vn 0.3751 -0.8450 0.3812
vn 0.9109 0.2230 0.3471
vn 0.0371 -0.8199 -0.5713
vn 0.0609 -0.9195 0.3884
vn 0.9299 -0.0993 0.3542
vn -0.2415 -0.7874 -0.5672
vn -0.2598 -0.8820 0.3931
vn 0.8374 -0.4086 0.3630
vn -0.4923 -0.6615 -0.5657
vn -0.5484 -0.7372 0.3948
vn -0.5648 0.5737 -0.5931
vn -0.6849 -0.4575 -0.5671
vn -0.7701 -0.5023 0.3932
vn -0.3305 0.7279 -0.6008
vn 0.8937 -0.4486 -0.0052
vn 0.6865 -0.7271 0.0050
vn 0.9728 0.2306 -0.0222
vn -0.9728 -0.2306 0.0222
vn -0.8937 0.4486 0.0052
vn -0.6865 0.7271 -0.0050
vn -0.1781 -0.6220 0.7625
vn 0.6499 -0.0947 -0.7541
vn 0.0521 -0.6488 0.7591
vn 0.6363 0.1367 -0.7592
vn 0.2776 -0.5954 0.7540
vn 0.5444 0.3494 -0.7626
vn 0.4711 -0.4680 0.7477
vn 0.3853 0.5180 -0.7637
vn -0.6094 0.2821 -0.7409
vn 0.6094 -0.2821 0.7409
vn 0.1781 0.6220 -0.7625
vn -0.6758 0.0601 -0.7346
vn 0.6758 -0.0601 0.7346
vn -0.0521 0.6488 -0.7591
vn -0.6622 -0.1712 -0.7295
vn 0.6622 0.1712 0.7295
vn -0.2776 0.5954 -0.7540
vn -0.5703 -0.3840 -0.7261
vn -0.6869 0.7266 -0.0156
vn -0.3976 0.9165 -0.0453
vn -0.0603 0.9958 -0.0694
vn 0.2842 0.9550 -0.0852
vn 0.5945 0.7990 -0.0907
vn 0.8330 0.5466 -0.0853
vn 0.9711 0.2284 -0.0696
vn 0.9920 -0.1175 -0.0455
vn 0.8933 -0.4491 -0.0159
vn 0.6869 -0.7266 0.0156
vn 0.3976 -0.9165 0.0453
vn 0.0603 -0.9958 0.0694
vn -0.2842 -0.9550 0.0852
vn -0.5945 -0.7990 0.0907
vn -0.8330 -0.5466 0.0853
vn -0.9711 -0.2284 0.0696
vn -0.3352 0.8580 0.3891
vn -0.9920 0.1175 0.0455
vn -0.8933 0.4491 0.0159
vn 0.4852 0.6522 -0.5825
vn 0.8994 0.2374 0.3672
vn 0.0778 -0.8668 0.4925
vn -0.8714 0.1373 0.4709
vn 0.5596 0.7521 0.3481
vn 0.6430 -0.6240 0.4440
vn -0.7280 -0.4617 0.5068
vn -0.0310 0.9296 0.3673
vn 0.9183 -0.0746 0.3889
vn -0.5962 0.6868 0.4158
vn -0.2329 -0.8300 0.5068
vn -0.7824 0.4365 0.4442
vn 0.7748 0.5245 0.3530
vn 0.3820 -0.7953 0.4708
vn -0.8525 -0.1746 0.4927
vn 0.2798 0.8928 0.3530
vn 0.8292 -0.3737 0.4156
vn -0.5128 -0.6893 0.5117
vn 0.5649 -0.6634 -0.4908
vn -0.7458 -0.5082 -0.4307
vn -0.0795 0.8219 -0.5641
vn 0.8280 -0.1381 -0.5435
vn -0.6198 0.5897 -0.5178
vn -0.2725 -0.8603 -0.4308
vn -0.7978 0.3505 -0.4906
vn 0.6909 0.4346 -0.5778
vn 0.3154 -0.8271 -0.4652
vn -0.8649 -0.2338 -0.4443
vn 0.2176 0.7867 -0.5777
vn 0.7429 -0.4241 -0.5179
vn -0.5401 -0.7258 -0.4260
vn -0.3703 0.7535 -0.5433
vn 0.8099 0.1601 -0.5642
vn 0.0246 -0.8955 -0.4444
vn -0.8829 0.0645 -0.4651
vn 0.0624 -0.0000 0.9981
vn -0.6869 0.7266 -0.0157
vn 0.8330 0.5467 -0.0853
vn -0.3976 0.9164 -0.0453
vn -0.9711 -0.2284 0.0695
vn -0.3352 0.8581 0.3891
vn 0.3820 -0.7953 0.4707
vn 0.4699 -0.5849 -0.6611
vn 0.2462 0.7534 0.6098
vn -0.6510 -0.4523 -0.6097
vn 0.5432 -0.4867 0.6841
vn -0.0811 0.6852 -0.7238
vn -0.6950 0.1357 0.7061
vn 0.6950 -0.1358 -0.7061
vn 0.0811 -0.6852 0.7238
vn -0.5432 0.4867 -0.6842
vn 0.6510 0.4523 0.6096
vn -0.2462 -0.7534 -0.6098
vn -0.4699 0.5849 0.6611
vn -0.6955 0.2821 -0.6609
vn -0.4018 -0.5401 0.7395
vn 0.5777 0.3540 -0.7355
vn 0.4750 0.6383 0.6057
vn 0.7682 -0.0375 0.6391
vn 0.2566 -0.7250 -0.6392
vn 0.6869 -0.7266 0.0157
vn 0.8933 -0.4491 -0.0158
vn -0.5128 -0.6893 0.5118
vn -0.7280 -0.4617 0.5069
vn 0.6954 -0.2821 0.6609
vn 0.4018 0.5401 -0.7395
vn -0.5777 -0.3540 0.7355
vn -0.4750 -0.6383 -0.6057
vn -0.7682 0.0375 -0.6391
vn -0.2566 0.7250 0.6392
vn 0.6222 -0.3803 -0.6843
vn 0.3298 -0.6267 0.7060
vn 0.0079 -0.7834 -0.6214
vn 0.7528 0.2175 0.6212
vn 0.1730 0.6551 -0.7354
vn -0.6795 -0.1193 0.7239
vn 0.6794 0.1193 -0.7240
vn -0.1730 -0.6551 0.7355
vn -0.7528 -0.2175 -0.6213
vn -0.0079 0.7835 0.6214
vn -0.3298 0.6267 -0.7060
vn -0.6222 0.3803 0.6843
vn 0.2798 0.8928 0.3531
vn 0.8994 0.2374 0.3671
vn 0.5559 -0.3539 -0.7522
vn -0.3564 -0.4791 0.8022
vn -0.4180 0.5391 0.7312
vn 0.4181 -0.5391 -0.7311
vn -0.5156 -0.3107 0.7985
vn -0.2250 0.6658 0.7114
vn 0.2250 -0.6658 -0.7114
vn -0.6077 -0.0983 0.7880
vn 0.0001 0.7188 0.6953
vn -0.0001 -0.7188 -0.6953
vn -0.6217 0.1326 0.7719
vn 0.2301 0.6915 0.6847
vn -0.2301 -0.6915 -0.6847
vn -0.5558 0.3539 0.7522
vn 0.4371 0.5874 0.6811
vn -0.4372 -0.5874 -0.6810
vn -0.4988 0.4308 -0.7520
vn 0.5964 0.4190 0.6847
vn -0.9920 0.1175 0.0454
vn 0.8940 0.2369 0.3803
vn -0.7221 -0.4573 0.5191
vn 0.9128 -0.0729 0.4019
vn -0.5912 0.6832 0.4286
vn -0.8458 -0.1722 0.5050
vn 0.8243 -0.3700 0.4285
vn -0.3320 0.8533 0.4021
vn -0.8645 0.1375 0.4834
vn 0.6394 -0.6186 0.4567
vn -0.0299 0.9243 0.3805
vn -0.7761 0.4346 0.4569
vn 0.3803 -0.7886 0.4832
vn 0.2787 0.8878 0.3663
vn 0.0781 -0.8597 0.5049
vn 0.5566 0.7481 0.3614
vn -0.2305 -0.8231 0.5190
vn 0.7703 0.5220 0.3663
vn -0.5084 -0.6834 0.5239
vn 0.9825 -0.1819 -0.0402
vn -0.2144 -0.9732 0.0828
vn 0.3976 -0.9164 0.0453
vn 0.5671 -0.1016 0.8174
vn 0.5727 0.7697 0.2821
vn 0.6897 -0.4057 -0.5998
vn 0.2842 0.9147 0.2872
vn 0.7694 -0.1378 -0.6237
vn -0.0361 0.9527 0.3019
vn 0.7525 0.1416 -0.6432
vn -0.3497 0.8789 0.3243
vn 0.6410 0.3987 -0.6559
vn -0.6187 0.7024 0.3519
vn 0.4483 0.6026 -0.6603
vn -0.8107 0.4444 0.3812
vn -0.7536 0.3199 -0.5742
vn 0.1976 0.7286 -0.6558
vn -0.9025 0.1360 0.4087
vn -0.8334 0.0520 -0.5503
vn -0.0807 0.7615 -0.6431
vn -0.8830 -0.1856 0.4311
vn -0.8164 -0.2273 -0.5308
vn -0.0542 -0.0727 -0.9959
vn -0.0536 -0.4287 -0.9019
vn -0.3340 -0.9386 0.0867
vn -0.5040 -0.0600 0.8616
vn -0.9169 0.3986 0.0208
vn 0.0498 0.6156 0.7865
vn -0.3883 0.0371 -0.9208
vn 0.5561 0.8262 -0.0906
vn 0.0225 0.9970 -0.0740
vn 0.3074 0.0106 -0.9515
vn 0.5229 -0.6298 -0.5743
vn 0.6587 -0.6489 0.3810
vn 0.7945 0.5351 0.2871
vn 0.2892 -0.7832 -0.5504
vn 0.3896 -0.8254 0.4085
vn 0.9229 0.2391 0.3018
vn 0.0168 -0.8473 -0.5309
vn 0.0760 -0.8991 0.4310
vn 0.9424 -0.0825 0.3242
vn -0.2616 -0.8143 -0.5181
vn -0.2443 -0.8612 0.4457
vn 0.8506 -0.3909 0.3517
vn -0.5122 -0.6883 -0.5137
vn -0.5328 -0.7162 0.4508
vn -0.5869 0.5441 -0.5996
vn -0.7049 -0.4845 -0.5181
vn -0.7546 -0.4815 0.4457
vn -0.3531 0.6975 -0.6235
vn 0.9711 0.2284 -0.0695
vn -0.8933 0.4491 0.0158
vn 0.9920 -0.1175 -0.0454
vn -0.1493 -0.5832 0.7985
vn 0.6217 -0.1326 -0.7719
vn 0.0807 -0.6104 0.7879
vn 0.6078 0.0983 -0.7880
vn 0.3058 -0.5575 0.7718
vn 0.5156 0.3107 -0.7985
vn 0.4988 -0.4308 0.7520
vn 0.3564 0.4791 -0.8022
vn -0.6366 0.2456 -0.7310
vn 0.6366 -0.2456 0.7310
vn 0.1493 0.5832 -0.7985
vn -0.7025 0.0242 -0.7113
vn 0.7025 -0.0242 0.7113
vn -0.0807 0.6104 -0.7879
vn -0.6885 -0.2066 -0.6952
vn 0.6885 0.2066 0.6951
vn -0.3058 0.5575 -0.7718
vn -0.5964 -0.4190 -0.6847
vt 0.702067 0.687062
vt 0.577067 0.392225
vt 0.577067 0.392225
vt 0.577067 0.392225
vt 0.733317 0.968446
vt 0.577067 0.392225
vt 0.470951 0.642311
vt 0.464069 0.206374
vt 0.562065 0.164402
vt 0.499566 0.075814
vt 0.499565 0.075814
vt 0.499566 0.075814
vt 0.499565 0.075814
vt 0.499566 0.075814
vt 0.499565 0.075814
vt 0.499566 0.075814
vt 0.499566 0.075814
vt 0.499566 0.075814
vt 0.499565 0.075814
vt 0.499566 0.075814
vt 0.514567 0.403094
vt 0.514567 0.403094
vt 0.736235 0.078029
vt 0.849213 0.120310
vt 0.661713 0.402919
vt 0.000000 0.000000
vt 1.000000 0.000000
vt 1.000000 1.000000
vt 0.000000 1.000000
vt 0.865368 0.207348
vt 0.666943 0.827426
vt 0.865368 0.207348
vt 0.815761 0.957643
vt 0.716549 0.097284
vt 0.766155 0.822776
vt 0.617336 0.884783
vt 0.666943 0.142239
vt 0.716549 0.881683
vt 0.716549 0.881683
vt 0.716549 0.881683
vt 0.716549 0.881683
vt 0.865368 0.207348
vt 0.865368 0.207348
vt 0.666943 0.112786
vt 0.666942 0.112786
vt 0.666942 0.112786
vt 0.666943 0.112786
vt 0.666942 0.112786
vt 0.666942 0.112786
vt 0.666943 0.112786
vt 0.666943 0.112786
vt 0.518124 0.855330
vt 0.518124 0.855330
s 0
usemtl Material.001
f 99/1/1 1033/1/1 1032/1/1 1008/1/1
f 7/1/2 10/1/2 31/1/2 27/1/2
f 152/1/3 182/1/3 261/1/3 313/1/3
f 528/1/4 44/1/4 4/1/4 521/1/4
f 106/1/5 1000/1/5 1001/1/5 22/1/5
f 689/2/6 102/3/6 49/3/6 691/3/6
f 673/3/7 103/3/7 50/3/7 682/3/7
f 680/3/8 106/3/8 22/3/8 672/4/8
f 679/3/9 104/3/9 103/3/9 673/3/9
f 523/1/10 524/1/10 16/1/10 501/1/10
f 501/1/11 16/1/11 38/1/11 507/1/11
f 26/1/12 25/1/12 39/1/12 37/1/12
f 672/4/13 22/3/13 26/3/13 675/3/13
f 674/1/14 518/1/14 18/1/14 676/1/14
f 11/1/15 3/1/15 30/1/15 32/1/15
f 503/1/16 17/1/16 29/1/16 505/1/16
f 10/1/17 7/1/17 999/1/17 19/1/17
f 502/1/18 3/1/18 1001/1/18 998/1/18
f 3/1/19 11/1/19 22/1/19 1001/1/19
f 14/1/20 13/1/20 23/1/20 24/1/20
f 503/1/18 14/1/18 24/1/18 500/1/18
f 15/1/21 17/1/21 25/1/21 26/1/21
f 11/1/22 15/1/22 26/1/22 22/1/22
f 13/1/23 10/1/23 19/1/23 23/1/23
f 504/5/24 27/5/24 28/5/24 505/5/24
f 32/5/25 30/5/25 29/5/25 34/5/25
f 27/5/26 31/5/26 33/5/26 28/5/26
f 10/1/27 13/1/27 33/1/27 31/1/27
f 17/1/28 15/1/28 34/1/28 29/1/28
f 13/1/29 14/1/29 28/1/29 33/1/29
f 502/1/30 7/1/30 27/1/30 504/1/30
f 15/1/31 11/1/31 32/1/31 34/1/31
f 508/1/32 506/1/32 36/1/32 35/1/32
f 685/3/32 508/3/32 35/3/32 678/3/32
f 675/3/33 26/3/33 37/3/33 677/3/33
f 676/1/34 18/1/34 40/1/34 678/1/34
f 500/1/35 24/1/35 36/1/35 506/1/35
f 24/1/36 23/1/36 35/1/36 36/1/36
f 674/2/37 19/3/37 104/3/37 679/3/37
f 671/6/38 102/3/38 106/3/38 680/3/38
f 1/1/39 109/1/39 465/1/39 461/1/39
f 519/1/40 2/1/40 44/1/40 528/1/40
f 19/1/41 999/1/41 1003/1/41 104/1/41
f 470/1/42 515/1/42 1009/1/42 1013/1/42
f 1017/1/43 1018/1/43 863/1/43 513/1/43
f 692/1/44 1020/1/44 57/1/44 694/1/44
f 527/1/45 520/1/45 48/1/45 510/1/45
f 52/1/46 511/1/46 1027/1/46 1029/1/46
f 690/1/47 1016/1/47 1020/1/47 692/1/47
f 671/1/48 526/1/48 47/1/48 681/1/48
f 512/1/49 54/1/49 650/1/49 649/1/49
f 57/1/50 513/1/50 514/1/50 659/1/50
f 681/1/51 47/1/51 53/1/51 683/1/51
f 691/3/52 49/3/52 55/3/52 693/4/52
f 682/3/53 50/3/53 56/3/53 684/3/53
f 510/1/54 48/1/54 54/1/54 512/1/54
f 64/7/55 61/7/55 60/7/55 62/7/55
f 63/7/56 59/7/56 61/7/56 64/7/56
f 65/7/57 69/7/57 78/7/57 77/7/57
f 70/7/58 74/7/58 73/7/58 66/7/58
f 62/7/59 60/7/59 72/7/59 71/7/59
f 64/7/60 62/7/60 71/7/60 74/7/60
f 59/7/61 63/7/61 70/7/61 66/7/61
f 60/7/62 61/7/62 73/7/62 72/7/62
f 61/7/63 59/7/63 66/7/63 73/7/63
f 63/7/64 64/7/64 74/7/64 70/7/64
f 68/7/65 67/7/65 71/7/65 72/7/65
f 65/7/66 68/7/66 72/7/66 73/7/66
f 69/7/67 65/7/67 73/7/67 74/7/67
f 67/7/68 69/7/68 74/7/68 71/7/68
f 78/8/69 75/8/69 76/8/69 77/8/69
f 67/7/70 68/7/70 76/7/70 75/7/70
f 69/7/71 67/7/71 75/7/71 78/7/71
f 68/7/72 65/7/72 77/7/72 76/7/72
f 79/7/73 82/7/73 84/7/73 80/7/73
f 80/7/74 84/7/74 83/7/74 81/7/74
f 86/7/75 91/7/75 94/7/75 85/7/75
f 89/7/76 90/7/76 98/7/76 97/7/76
f 81/7/77 83/7/77 93/7/77 92/7/77
f 80/7/78 81/7/78 92/7/78 91/7/78
f 83/7/79 84/7/79 94/7/79 93/7/79
f 79/7/80 80/7/80 91/7/80 86/7/80
f 82/7/81 79/7/81 86/7/81 85/7/81
f 84/7/82 82/7/82 85/7/82 94/7/82
f 88/7/83 87/7/83 91/7/83 92/7/83
f 89/7/84 88/7/84 92/7/84 93/7/84
f 87/7/85 90/7/85 94/7/85 91/7/85
f 90/7/86 89/7/86 93/7/86 94/7/86
f 95/8/87 96/8/87 97/8/87 98/8/87
f 88/7/88 89/7/88 97/7/88 96/7/88
f 90/7/89 87/7/89 95/7/89 98/7/89
f 87/7/90 88/7/90 96/7/90 95/7/90
f 471/1/91 43/1/91 1003/1/91 1004/1/91
f 695/6/92 454/3/92 102/3/92 689/2/92
f 696/1/91 455/1/91 1016/1/91 690/1/91
f 46/3/91 456/3/91 103/3/91 104/3/91
f 482/1/92 453/1/92 101/1/92 1021/1/92
f 454/3/92 45/3/92 106/3/92 102/3/92
f 45/1/92 115/1/92 42/1/92 1000/1/92 106/1/92
f 43/1/91 116/1/91 46/1/91 104/1/91 1003/1/91
f 112/1/93 118/1/93 107/1/93 709/1/93
f 114/1/93 707/1/93 113/1/93 117/1/93
f 42/1/94 120/1/94 113/1/94
f 12/1/95 111/1/95 468/1/95 464/1/95
f 478/1/96 455/1/96 459/1/96 479/1/96
f 129/1/97 161/1/97 285/1/97 296/1/97
f 45/1/98 454/1/98 458/1/98 484/1/98 474/1/98 114/1/98 119/1/98
f 456/1/99 46/1/99 122/1/99 112/1/99 475/1/99 480/1/99 460/1/99
f 187/1/100 155/1/100 316/1/100 257/1/100
f 149/1/101 181/1/101 260/1/101 311/1/101
f 127/1/102 160/1/102 289/1/102 295/1/102
f 156/1/3 186/1/3 256/1/3 315/1/3
f 180/1/103 148/1/103 323/1/103 264/1/103
f 159/1/104 127/1/104 295/1/104 292/1/104
f 124/1/105 119/1/105 245/1/105 189/1/105 190/1/105
f 119/1/106 114/1/106 194/1/106 193/1/106 245/1/106
f 114/1/107 117/1/107 192/1/107 195/1/107 194/1/107
f 117/1/108 124/1/108 190/1/108 191/1/108 192/1/108
f 123/1/109 121/1/109 201/1/109 196/1/109 197/1/109
f 121/1/110 107/1/110 246/1/110 200/1/110 201/1/110
f 107/1/111 118/1/111 199/1/111 202/1/111 246/1/111
f 118/1/112 123/1/112 197/1/112 198/1/112 199/1/112
f 122/1/113 123/1/113 247/1/113 203/1/113 204/1/113
f 123/1/114 118/1/114 207/1/114 206/1/114 247/1/114
f 118/1/115 112/1/115 209/1/115 208/1/115 207/1/115
f 112/1/116 122/1/116 204/1/116 205/1/116 209/1/116
f 46/1/117 116/1/117 248/1/117 210/1/117 211/1/117
f 116/1/118 123/1/118 214/1/118 213/1/118 248/1/118
f 123/1/119 122/1/119 216/1/119 215/1/119 214/1/119
f 122/1/120 46/1/120 211/1/120 212/1/120 216/1/120
f 116/1/121 43/1/121 222/1/121 217/1/121 218/1/121
f 43/1/122 121/1/122 249/1/122 221/1/122 222/1/122
f 121/1/123 123/1/123 220/1/123 223/1/123 249/1/123
f 123/1/124 116/1/124 218/1/124 219/1/124 220/1/124
f 120/1/125 124/1/125 250/1/125 224/1/125 225/1/125
f 124/1/126 117/1/126 228/1/126 227/1/126 250/1/126
f 117/1/127 113/1/127 251/1/127 229/1/127 228/1/127
f 113/1/128 120/1/128 225/1/128 226/1/128 251/1/128
f 42/1/129 115/1/129 231/1/129 230/1/129 233/1/129
f 115/1/130 124/1/130 235/1/130 234/1/130 231/1/130
f 124/1/131 120/1/131 237/1/131 236/1/131 235/1/131
f 120/1/132 42/1/132 233/1/132 232/1/132 237/1/132
f 115/1/133 45/1/133 239/1/133 238/1/133 252/1/133
f 45/1/134 119/1/134 243/1/134 242/1/134 239/1/134
f 119/1/135 124/1/135 241/1/135 244/1/135 243/1/135
f 124/1/136 115/1/136 252/1/136 240/1/136 241/1/136
f 185/1/137 154/1/137 314/1/137 255/1/137
f 146/1/138 179/1/138 267/1/138 322/1/138
f 128/1/139 158/1/139 291/1/139 294/1/139
f 184/1/140 152/1/140 313/1/140 259/1/140
f 148/1/141 178/1/141 266/1/141 323/1/141
f 125/1/142 157/1/142 290/1/142 293/1/142
f 183/1/143 151/1/143 312/1/143 262/1/143
f 177/1/144 146/1/144 322/1/144 265/1/144
f 182/1/145 149/1/145 311/1/145 261/1/145
f 143/1/146 176/1/146 269/1/146 321/1/146
f 181/1/147 150/1/147 310/1/147 260/1/147
f 175/1/148 143/1/148 321/1/148 272/1/148
f 147/1/149 180/1/149 264/1/149 309/1/149
f 174/1/150 141/1/150 305/1/150 271/1/150
f 179/1/151 147/1/151 309/1/151 267/1/151
f 173/1/152 142/1/152 307/1/152 270/1/152
f 178/1/153 145/1/153 308/1/153 266/1/153
f 139/1/154 172/1/154 274/1/154 303/1/154
f 145/1/155 177/1/155 265/1/155 308/1/155
f 138/1/156 171/1/156 277/1/156 320/1/156
f 176/1/157 144/1/157 306/1/157 269/1/157
f 140/1/158 170/1/158 276/1/158 304/1/158
f 142/1/159 175/1/159 272/1/159 307/1/159
f 169/1/160 138/1/160 320/1/160 275/1/160
f 216/1/161 212/1/161 757/1/161 761/1/161
f 157/1/162 125/1/162 799/1/162 798/1/162
f 212/1/163 211/1/163 756/1/163 757/1/163
f 176/1/164 143/1/164 858/1/164 832/1/164
f 210/1/165 248/1/165 793/1/165 755/1/165
f 211/1/166 210/1/166 755/1/166 756/1/166
f 143/1/167 175/1/167 830/1/167 858/1/167
f 207/1/168 208/1/168 753/1/168 752/1/168
f 141/1/169 174/1/169 828/1/169 827/1/169
f 247/1/170 206/1/170 751/1/170 792/1/170
f 142/1/171 173/1/171 826/1/171 831/1/171
f 209/1/172 205/1/172 750/1/172 754/1/172
f 172/1/166 139/1/166 823/1/166 824/1/166
f 203/1/173 247/1/173 792/1/173 748/1/173
f 171/1/161 138/1/161 857/1/161 822/1/161
f 246/1/174 202/1/174 747/1/174 791/1/174
f 208/1/175 209/1/175 754/1/175 753/1/175
f 170/1/176 140/1/176 825/1/176 821/1/176
f 200/1/177 246/1/177 791/1/177 745/1/177
f 206/1/178 207/1/178 752/1/178 751/1/178
f 138/1/179 169/1/179 819/1/179 857/1/179
f 198/1/180 197/1/180 742/1/180 743/1/180
f 205/1/181 204/1/181 749/1/181 750/1/181
f 168/1/182 135/1/182 816/1/182 817/1/182
f 196/1/183 201/1/183 746/1/183 741/1/183
f 204/1/182 203/1/182 748/1/182 749/1/182
f 167/1/172 134/1/172 856/1/172 815/1/172
f 195/1/184 192/1/184 737/1/184 740/1/184
f 166/1/170 136/1/170 818/1/170 814/1/170
f 245/1/185 193/1/185 738/1/185 790/1/185
f 134/1/175 165/1/175 812/1/175 856/1/175
f 191/1/186 190/1/186 735/1/186 736/1/186
f 164/1/187 131/1/187 855/1/187 811/1/187
f 189/1/188 245/1/188 790/1/188 734/1/188
f 131/1/180 163/1/180 809/1/180 855/1/180
f 202/1/189 199/1/189 744/1/189 747/1/189
f 129/1/177 162/1/177 807/1/177 806/1/177
f 201/1/190 200/1/190 745/1/190 746/1/190
f 130/1/189 161/1/189 805/1/189 810/1/189
f 199/1/191 198/1/191 743/1/191 744/1/191
f 128/1/188 160/1/188 804/1/188 801/1/188
f 197/1/187 196/1/187 741/1/187 742/1/187
f 159/1/192 126/1/192 854/1/192 802/1/192
f 244/1/193 241/1/193 786/1/193 789/1/193
f 125/1/194 158/1/194 800/1/194 799/1/194
f 242/1/195 243/1/195 788/1/195 787/1/195
f 126/1/184 157/1/184 798/1/184 854/1/184
f 241/1/196 240/1/196 785/1/196 786/1/196
f 156/1/197 188/1/197 853/1/197 850/1/197
f 238/1/197 239/1/197 784/1/197 783/1/197
f 155/1/198 187/1/198 851/1/198 852/1/198
f 194/1/162 195/1/162 740/1/162 739/1/162
f 186/1/199 156/1/199 850/1/199 849/1/199
f 193/1/194 194/1/194 739/1/194 738/1/194
f 154/1/193 185/1/193 847/1/193 848/1/193
f 192/1/192 191/1/192 736/1/192 737/1/192
f 152/1/200 184/1/200 845/1/200 846/1/200
f 190/1/201 189/1/201 734/1/201 735/1/201
f 151/1/202 183/1/202 843/1/202 844/1/202
f 236/1/203 237/1/203 782/1/203 781/1/203
f 149/1/204 182/1/204 841/1/204 842/1/204
f 234/1/204 235/1/204 780/1/204 779/1/204
f 150/1/203 181/1/203 839/1/203 840/1/203
f 232/1/202 233/1/202 778/1/202 777/1/202
f 288/1/205 292/1/205 295/1/205 289/1/205
f 283/1/206 287/1/206 318/1/206 284/1/206
f 278/1/207 282/1/207 300/1/207 279/1/207
f 273/1/208 277/1/208 303/1/208 274/1/208
f 268/1/209 272/1/209 321/1/209 269/1/209
f 263/1/210 267/1/210 309/1/210 264/1/210
f 258/1/211 262/1/211 312/1/211 259/1/211
f 253/1/212 257/1/212 316/1/212 254/1/212
f 256/1/212 253/1/212 254/1/212 315/1/212
f 324/1/212 255/1/212 253/1/212 256/1/212
f 255/1/212 314/1/212 257/1/212 253/1/212
f 261/1/211 258/1/211 259/1/211 313/1/211
f 311/1/211 260/1/211 258/1/211 261/1/211
f 260/1/211 310/1/211 262/1/211 258/1/211
f 266/1/210 263/1/210 264/1/210 323/1/210
f 308/1/210 265/1/210 263/1/210 266/1/210
f 265/1/210 322/1/210 267/1/210 263/1/210
f 271/1/209 268/1/209 269/1/209 306/1/209
f 305/1/209 270/1/209 268/1/209 271/1/209
f 270/1/209 307/1/209 272/1/209 268/1/209
f 276/1/208 273/1/208 274/1/208 304/1/208
f 302/1/208 275/1/208 273/1/208 276/1/208
f 275/1/208 320/1/208 277/1/208 273/1/208
f 281/1/207 278/1/207 279/1/207 301/1/207
f 299/1/207 280/1/207 278/1/207 281/1/207
f 280/1/207 319/1/207 282/1/207 278/1/207
f 286/1/206 283/1/206 284/1/206 297/1/206
f 296/1/206 285/1/206 283/1/206 286/1/206
f 285/1/206 298/1/206 287/1/206 283/1/206
f 291/1/205 288/1/205 289/1/205 294/1/205
f 293/1/205 290/1/205 288/1/205 291/1/205
f 290/1/205 317/1/205 292/1/205 288/1/205
f 188/1/213 156/1/213 315/1/213 254/1/213
f 132/1/214 162/1/214 286/1/214 297/1/214
f 150/1/215 183/1/215 262/1/215 310/1/215
f 157/1/216 126/1/216 317/1/216 290/1/216
f 130/1/217 163/1/217 287/1/217 298/1/217
f 151/1/218 184/1/218 259/1/218 312/1/218
f 158/1/219 125/1/219 293/1/219 291/1/219
f 164/1/220 132/1/220 297/1/220 284/1/220
f 153/1/221 185/1/221 255/1/221 324/1/221
f 126/1/222 159/1/222 292/1/222 317/1/222
f 133/1/223 165/1/223 280/1/223 299/1/223
f 186/1/224 153/1/224 324/1/224 256/1/224
f 160/1/225 128/1/225 294/1/225 289/1/225
f 166/1/226 133/1/226 299/1/226 281/1/226
f 154/1/215 187/1/215 257/1/215 314/1/215
f 161/1/227 130/1/227 298/1/227 285/1/227
f 167/1/228 135/1/228 300/1/228 282/1/228
f 155/1/229 188/1/229 254/1/229 316/1/229
f 162/1/230 129/1/230 296/1/230 286/1/230
f 168/1/231 136/1/231 301/1/231 279/1/231
f 163/1/232 131/1/232 318/1/232 287/1/232
f 137/1/233 169/1/233 275/1/233 302/1/233
f 131/1/234 164/1/234 284/1/234 318/1/234
f 170/1/150 137/1/150 302/1/150 276/1/150
f 165/1/235 134/1/235 319/1/235 280/1/235
f 171/1/148 139/1/148 303/1/148 277/1/148
f 136/1/236 166/1/236 281/1/236 301/1/236
f 172/1/237 140/1/237 304/1/237 274/1/237
f 134/1/238 167/1/238 282/1/238 319/1/238
f 141/1/239 173/1/239 270/1/239 305/1/239
f 135/1/240 168/1/240 279/1/240 300/1/240
f 144/1/241 174/1/241 271/1/241 306/1/241
f 325/1/242 381/1/242 978/1/242 866/1/242
f 420/1/243 423/1/243 934/1/243 928/1/243
f 380/1/244 377/1/244 971/1/244 977/1/244
f 421/1/245 422/1/245 932/1/245 931/1/245
f 378/1/246 379/1/246 972/1/246 975/1/246
f 419/1/247 420/1/247 928/1/247 927/1/247
f 377/1/248 376/1/248 968/1/248 971/1/248
f 417/1/249 418/1/249 924/1/249 923/1/249
f 658/1/250 58/1/250 995/1/250 997/1/250
f 374/1/251 375/1/251 964/1/251 967/1/251
f 416/1/252 415/1/252 920/1/252 919/1/252
f 655/1/253 660/1/253 996/1/253 994/1/253
f 372/1/254 373/1/254 960/1/254 963/1/254
f 414/1/255 413/1/255 916/1/255 915/1/255
f 660/1/256 658/1/256 997/1/256 996/1/256
f 370/1/257 371/1/257 956/1/257 959/1/257
f 411/1/258 412/1/258 912/1/258 910/1/258
f 58/1/259 655/1/259 994/1/259 995/1/259
f 368/1/260 369/1/260 952/1/260 955/1/260
f 410/1/261 411/1/261 910/1/261 909/1/261
f 444/1/262 443/1/262 973/1/262 976/1/262
f 366/1/263 367/1/263 948/1/263 951/1/263
f 409/1/264 408/1/264 906/1/264 905/1/264
f 442/1/248 439/1/248 965/1/248 974/1/248
f 364/1/265 365/1/265 946/1/265 942/1/265
f 407/1/266 406/1/266 902/1/266 901/1/266
f 452/1/246 440/1/246 969/1/246 992/1/246
f 363/1/267 364/1/267 942/1/267 945/1/267
f 404/1/268 405/1/268 898/1/268 896/1/268
f 438/1/269 452/1/269 992/1/269 966/1/269
f 362/1/270 361/1/270 939/1/270 941/1/270
f 403/1/271 404/1/271 896/1/271 895/1/271
f 436/1/272 435/1/272 957/1/272 962/1/272
f 361/1/273 360/1/273 936/1/273 939/1/273
f 399/1/274 402/1/274 892/1/274 886/1/274
f 434/1/275 431/1/275 949/1/275 958/1/275
f 359/1/276 356/1/276 929/1/276 935/1/276
f 400/1/277 401/1/277 890/1/277 889/1/277
f 432/1/278 437/1/278 961/1/278 954/1/278
f 358/1/247 357/1/247 930/1/247 933/1/247
f 398/1/279 399/1/279 886/1/279 885/1/279
f 430/1/280 433/1/280 953/1/280 950/1/280
f 356/1/245 355/1/245 926/1/245 929/1/245
f 396/1/281 397/1/281 882/1/281 881/1/281
f 451/1/282 429/1/282 947/1/282 990/1/282
f 354/1/283 353/1/283 922/1/283 925/1/283
f 395/1/284 394/1/284 875/1/284 879/1/284
f 427/1/285 450/1/285 989/1/285 944/1/285
f 351/1/286 352/1/286 918/1/286 921/1/286
f 394/1/287 393/1/287 876/1/287 875/1/287
f 426/1/288 451/1/288 990/1/288 940/1/288
f 349/1/258 350/1/258 914/1/258 917/1/258
f 391/1/289 392/1/289 872/1/289 871/1/289
f 450/1/290 424/1/290 937/1/290 989/1/290
f 348/1/255 347/1/255 911/1/255 913/1/255
f 389/1/291 390/1/291 868/1/291 867/1/291
f 423/1/283 449/1/283 987/1/283 934/1/283
f 347/1/292 346/1/292 908/1/292 911/1/292
f 379/1/269 380/1/269 977/1/269 972/1/269
f 449/1/293 421/1/293 931/1/293 987/1/293
f 344/1/294 345/1/294 904/1/294 907/1/294
f 375/1/295 378/1/295 975/1/295 964/1/295
f 418/1/296 419/1/296 927/1/296 924/1/296
f 342/1/268 343/1/268 900/1/268 903/1/268
f 146/1/297 177/1/297 833/1/297 859/1/297
f 213/1/298 214/1/298 759/1/298 758/1/298
f 158/1/185 128/1/185 801/1/185 800/1/185
f 248/1/176 213/1/176 758/1/176 793/1/176
f 178/1/299 148/1/299 860/1/299 835/1/299
f 215/1/179 216/1/179 761/1/179 760/1/179
f 127/1/186 159/1/186 802/1/186 803/1/186
f 214/1/300 215/1/300 760/1/300 759/1/300
f 179/1/301 146/1/301 859/1/301 836/1/301
f 160/1/201 127/1/201 803/1/201 804/1/201
f 217/1/302 222/1/302 767/1/302 762/1/302
f 148/1/303 180/1/303 838/1/303 860/1/303
f 161/1/174 129/1/174 806/1/174 805/1/174
f 219/1/167 218/1/167 763/1/167 764/1/167
f 181/1/304 149/1/304 842/1/304 839/1/304
f 162/1/190 132/1/190 808/1/190 807/1/190
f 221/1/169 249/1/169 794/1/169 766/1/169
f 182/1/305 152/1/305 846/1/305 841/1/305
f 163/1/191 130/1/191 810/1/191 809/1/191
f 249/1/306 223/1/306 768/1/306 794/1/306
f 183/1/307 150/1/307 840/1/307 843/1/307
f 218/1/164 217/1/164 762/1/164 763/1/164
f 132/1/183 164/1/183 811/1/183 808/1/183
f 224/1/303 250/1/303 795/1/303 769/1/303
f 184/1/308 151/1/308 844/1/308 845/1/308
f 220/1/309 219/1/309 764/1/309 765/1/309
f 165/1/168 133/1/168 813/1/168 812/1/168
f 251/1/301 226/1/301 771/1/301 796/1/301
f 185/1/310 153/1/310 861/1/310 847/1/310
f 222/1/311 221/1/311 766/1/311 767/1/311
f 133/1/178 166/1/178 814/1/178 813/1/178
f 250/1/299 227/1/299 772/1/299 795/1/299
f 153/1/195 186/1/195 849/1/195 861/1/195
f 223/1/171 220/1/171 765/1/171 768/1/171
f 135/1/181 167/1/181 815/1/181 816/1/181
f 229/1/297 251/1/297 796/1/297 774/1/297
f 187/1/196 154/1/196 848/1/196 851/1/196
f 136/1/173 168/1/173 817/1/173 818/1/173
f 233/1/308 230/1/308 775/1/308 778/1/308
f 188/1/312 155/1/312 852/1/312 853/1/312
f 169/1/300 137/1/300 820/1/300 819/1/300
f 237/1/307 232/1/307 777/1/307 782/1/307
f 137/1/298 170/1/298 821/1/298 820/1/298
f 231/1/305 234/1/305 779/1/305 776/1/305
f 139/1/163 171/1/163 822/1/163 823/1/163
f 235/1/304 236/1/304 781/1/304 780/1/304
f 225/1/313 224/1/313 769/1/313 770/1/313
f 140/1/165 172/1/165 824/1/165 825/1/165
f 252/1/312 238/1/312 783/1/312 797/1/312
f 226/1/314 225/1/314 770/1/314 771/1/314
f 173/1/306 141/1/306 827/1/306 826/1/306
f 240/1/198 252/1/198 797/1/198 785/1/198
f 227/1/315 228/1/315 773/1/315 772/1/315
f 174/1/311 144/1/311 829/1/311 828/1/311
f 239/1/199 242/1/199 787/1/199 784/1/199
f 228/1/316 229/1/316 774/1/316 773/1/316
f 175/1/309 142/1/309 831/1/309 830/1/309
f 243/1/310 244/1/310 789/1/310 788/1/310
f 144/1/302 176/1/302 832/1/302 829/1/302
f 177/1/316 145/1/316 834/1/316 833/1/316
f 145/1/315 178/1/315 835/1/315 834/1/315
f 147/1/314 179/1/314 836/1/314 837/1/314
f 230/1/200 231/1/200 776/1/200 775/1/200
f 180/1/313 147/1/313 837/1/313 838/1/313
f 699/1/317 9/1/317 454/1/317 695/1/317
f 700/1/318 5/1/318 455/1/318 696/1/318
f 701/1/319 109/1/319 457/1/319 697/1/319
f 702/1/320 111/1/320 460/1/320 698/1/320
f 109/1/321 1/1/321 453/1/321 457/1/321
f 9/1/322 110/1/322 458/1/322 454/1/322
f 111/1/323 12/1/323 456/1/323 460/1/323
f 5/1/324 108/1/324 459/1/324 455/1/324
f 703/1/325 461/1/325 465/1/325 705/1/325
f 704/1/326 464/1/326 468/1/326 706/1/326
f 701/1/327 110/1/327 466/1/327 705/1/327
f 699/1/328 1/1/328 461/1/328 703/1/328
f 108/1/329 5/1/329 463/1/329 467/1/329
f 110/1/330 9/1/330 462/1/330 466/1/330
f 702/1/331 108/1/331 467/1/331 706/1/331
f 700/1/332 12/1/332 464/1/332 704/1/332
f 708/1/333 473/1/333 113/1/333 707/1/333
f 472/1/334 42/1/334 113/1/334 473/1/334
f 480/1/335 475/1/335 491/1/335 496/1/335
f 482/1/336 472/1/336 486/1/336 485/1/336
f 42/1/92 472/1/92 1002/1/92 1000/1/92
f 1002/1/337 472/1/337 727/1/337 725/1/337
f 1004/1/338 1005/1/338 730/1/338 729/1/338
f 121/1/93 43/1/93 107/1/93
f 710/1/339 709/1/339 107/1/339 476/1/339
f 478/1/340 479/1/340 495/1/340 494/1/340
f 43/1/341 471/1/341 476/1/341 107/1/341
f 698/1/339 711/1/339 479/1/339 459/1/339
f 51/1/342 100/1/342 1025/1/342 1030/1/342
f 455/1/91 478/1/91 1015/1/91 1016/1/91
f 697/1/333 457/1/333 483/1/333 712/1/333
f 453/1/343 482/1/343 483/1/343 457/1/343
f 472/1/344 473/1/344 488/1/344 486/1/344
f 478/1/345 471/1/345 728/1/345 732/1/345
f 485/1/346 486/1/346 488/1/346 487/1/346
f 716/1/347 487/1/347 488/1/347 713/1/347
f 715/1/348 714/1/348 492/1/348 495/1/348
f 493/1/349 494/1/349 495/1/349 492/1/349
f 708/1/350 474/1/350 490/1/350 713/1/350
f 712/1/351 483/1/351 487/1/351 716/1/351
f 471/1/352 478/1/352 494/1/352 493/1/352
f 711/1/353 480/1/353 496/1/353 715/1/353
f 710/1/354 476/1/354 492/1/354 714/1/354
f 474/1/355 484/1/355 489/1/355 490/1/355
f 483/1/356 482/1/356 485/1/356 487/1/356
f 476/1/357 471/1/357 493/1/357 492/1/357
f 516/1/358 481/1/358 1031/1/358 1026/1/358
f 482/1/359 1021/1/359 724/1/359 726/1/359
f 47/1/54 510/1/54 512/1/54 53/1/54
f 684/3/360 56/3/360 653/3/360 687/3/360
f 693/1/361 55/1/361 664/1/361 720/1/361
f 477/1/358 516/1/358 1026/1/358 1028/1/358
f 526/1/45 527/1/45 510/1/45 47/1/45
f 1020/1/43 1017/1/43 513/1/43 57/1/43
f 515/1/362 469/1/362 1014/1/362 1009/1/362
f 6/1/363 497/1/363 522/1/363 41/1/363
f 25/1/35 500/1/35 506/1/35 39/1/35
f 677/3/32 37/3/32 508/3/32 685/3/32
f 37/1/32 39/1/32 506/1/32 508/1/32
f 3/1/30 502/1/30 504/1/30 30/1/30
f 30/5/24 504/5/24 505/5/24 29/5/24
f 17/1/18 503/1/18 500/1/18 25/1/18
f 7/1/18 502/1/18 998/1/18 999/1/18
f 14/1/16 503/1/16 505/1/16 28/1/16
f 18/1/11 501/1/11 507/1/11 40/1/11
f 518/1/10 523/1/10 501/1/10 18/1/10
f 41/1/364 522/1/364 499/1/364 8/1/364
f 21/1/365 1012/1/365 1043/1/365 1042/1/365
f 41/1/366 8/1/366 518/1/366 517/1/366
f 497/1/367 6/1/367 520/1/367 527/1/367
f 6/1/368 41/1/368 517/1/368 520/1/368
f 8/1/369 499/1/369 523/1/369 518/1/369
f 522/1/367 497/1/367 527/1/367 509/1/367
f 499/1/369 522/1/369 509/1/369 523/1/369
f 521/1/369 4/1/369 524/1/369 523/1/369
f 44/1/370 2/1/370 526/1/370 525/1/370
f 4/1/371 44/1/371 525/1/371 524/1/371
f 2/1/367 519/1/367 527/1/367 526/1/367
f 519/1/367 528/1/367 509/1/367 527/1/367
f 528/1/369 521/1/369 523/1/369 509/1/369
f 540/9/372 538/9/372 530/9/372 534/9/372
f 537/9/373 540/9/373 534/9/373 529/9/373
f 531/9/374 533/9/374 539/9/374 535/9/374
f 533/9/375 532/9/375 536/9/375 539/9/375
f 544/9/376 543/9/376 550/9/376 549/9/376
f 552/9/377 551/9/377 543/9/377 544/9/377
f 547/9/378 546/9/378 541/9/378 542/9/378
f 542/9/379 541/9/379 548/9/379 545/9/379
f 536/9/32 532/9/32 545/9/32 548/9/32
f 540/9/380 537/9/380 552/9/380 544/9/380
f 532/9/381 533/9/381 542/9/381 545/9/381
f 529/9/382 534/9/382 543/9/382 551/9/382
f 535/9/383 539/9/383 541/9/383 546/9/383
f 538/9/384 540/9/384 544/9/384 549/9/384
f 531/9/385 535/9/385 546/9/385 547/9/385
f 534/9/386 530/9/386 550/9/386 543/9/386
f 539/9/387 536/9/387 548/9/387 541/9/387
f 533/9/388 531/9/388 547/9/388 542/9/388
f 537/9/385 529/9/385 551/9/385 552/9/385
f 530/9/32 538/9/32 549/9/32 550/9/32
f 558/10/389 553/10/389 556/10/389 560/10/389
f 554/10/390 557/10/390 559/10/390 555/10/390
f 568/10/391 564/10/391 563/10/391 567/10/391
f 566/10/392 562/10/392 561/10/392 565/10/392
f 590/11/393 589/12/393 565/10/393 561/10/393
f 589/12/394 591/13/394 566/10/394 565/10/394
f 592/14/395 590/11/395 561/10/395 562/10/395
f 598/11/396 597/14/396 564/10/396 568/10/396
f 600/14/397 599/12/397 567/10/397 563/10/397
f 591/13/398 592/14/398 562/10/398 566/10/398
f 597/14/399 600/14/399 563/10/399 564/10/399
f 599/12/400 598/11/400 568/10/400 567/10/400
f 574/10/401 569/10/401 572/10/401 576/10/401
f 570/10/402 573/10/402 575/10/402 571/10/402
f 584/10/403 580/10/403 579/10/403 583/10/403
f 582/10/404 578/10/404 577/10/404 581/10/404
f 586/11/405 585/15/405 581/10/405 577/10/405
f 585/15/406 587/14/406 582/10/406 581/10/406
f 588/11/407 586/11/407 577/10/407 578/10/407
f 594/16/408 593/17/408 580/10/408 584/10/408
f 596/11/409 595/13/409 583/10/409 579/10/409
f 587/14/410 588/11/410 578/10/410 582/10/410
f 593/17/411 596/11/411 579/10/411 580/10/411
f 595/13/412 594/16/412 584/10/412 583/10/412
f 611/16/413 612/16/413 625/16/413 623/16/413
f 604/13/414 601/16/414 641/16/414 631/13/414
f 592/14/415 591/13/415 626/13/415 627/14/415
f 609/15/416 611/16/416 623/16/416 645/15/416
f 603/17/417 602/18/417 642/18/417 629/17/417
f 602/18/418 604/13/418 631/13/418 642/18/418
f 593/17/419 594/16/419 633/16/419 630/17/419
f 616/14/420 614/14/420 648/14/420 619/14/420
f 601/16/421 603/17/421 629/17/421 641/16/421
f 595/13/422 596/11/422 634/11/422 632/13/422
f 614/14/423 613/11/423 647/11/423 648/14/423
f 596/11/424 593/17/424 630/17/424 634/11/424
f 615/19/425 616/14/425 619/14/425 617/19/425
f 585/15/426 586/11/426 622/11/426 618/15/426
f 608/13/427 605/11/427 643/11/427 637/13/427
f 594/16/428 595/13/428 632/13/428 633/16/428
f 574/10/429 576/10/429 603/17/429 601/16/429
f 572/10/430 569/10/430 604/13/430 602/18/430
f 576/10/431 572/10/431 602/18/431 603/17/431
f 569/10/432 574/10/432 601/16/432 604/13/432
f 558/10/433 560/10/433 607/20/433 605/11/433
f 556/10/434 553/10/434 608/13/434 606/20/434
f 560/10/435 556/10/435 606/20/435 607/20/435
f 553/10/436 558/10/436 605/11/436 608/13/436
f 559/10/437 557/10/437 611/16/437 609/15/437
f 557/10/438 554/10/438 612/16/438 611/16/438
f 555/10/439 559/10/439 609/15/439 610/20/439
f 554/10/440 555/10/440 610/20/440 612/16/440
f 575/10/441 573/10/441 615/19/441 613/11/441
f 573/10/442 570/10/442 616/14/442 615/19/442
f 571/10/443 575/10/443 613/11/443 614/14/443
f 570/10/444 571/10/444 614/14/444 616/14/444
f 619/14/445 648/14/445 621/11/445 620/14/445
f 648/14/446 647/11/446 622/11/446 621/11/446
f 617/19/447 619/14/447 620/14/447 618/15/447
f 647/11/448 617/19/448 618/15/448 622/11/448
f 625/16/449 646/20/449 627/14/449 626/13/449
f 646/20/450 645/15/450 628/11/450 627/14/450
f 623/16/451 625/16/451 626/13/451 624/12/451
f 645/15/452 623/16/452 624/12/452 628/11/452
f 631/13/453 641/16/453 633/16/453 632/13/453
f 629/17/454 642/18/454 634/11/454 630/17/454
f 642/18/455 631/13/455 632/13/455 634/11/455
f 641/16/456 629/17/456 630/17/456 633/16/456
f 637/13/457 643/11/457 639/11/457 638/12/457
f 635/20/458 644/20/458 640/14/458 636/14/458
f 644/20/459 637/13/459 638/12/459 640/14/459
f 643/11/460 635/20/460 636/14/460 639/11/460
f 590/11/461 592/14/461 627/14/461 628/11/461
f 610/20/462 609/15/462 645/15/462 646/20/462
f 591/13/463 589/12/463 624/12/463 626/13/463
f 598/11/464 599/12/464 638/12/464 639/11/464
f 612/16/465 610/20/465 646/20/465 625/16/465
f 589/12/466 590/11/466 628/11/466 624/12/466
f 600/14/467 597/14/467 636/14/467 640/14/467
f 599/12/468 600/14/468 640/14/468 638/12/468
f 605/11/469 607/20/469 635/20/469 643/11/469
f 588/11/470 587/14/470 620/14/470 621/11/470
f 597/14/471 598/11/471 639/11/471 636/14/471
f 606/20/472 608/13/472 637/13/472 644/20/472
f 586/11/473 588/11/473 621/11/473 622/11/473
f 607/20/474 606/20/474 644/20/474 635/20/474
f 587/14/475 585/15/475 618/15/475 620/14/475
f 613/11/476 615/19/476 617/19/476 647/11/476
f 719/1/385 654/1/385 862/1/385 717/1/385
f 688/1/385 657/1/385 651/1/385 686/1/385
f 687/1/385 653/1/385 657/1/385 688/1/385
f 718/1/385 656/1/385 654/1/385 719/1/385
f 57/1/477 656/1/477 670/1/477 665/1/477
f 656/1/478 57/1/478 659/1/478 662/1/478
f 683/1/479 53/1/479 652/1/479 686/1/479
f 53/1/49 512/1/49 649/1/49 652/1/49
f 659/1/480 514/1/480 661/1/480 662/1/480
f 514/1/480 865/1/480 864/1/480 661/1/480
f 376/1/481 388/1/481 993/1/481 968/1/481
f 862/1/482 654/1/482 661/1/482 864/1/482
f 513/1/50 863/1/50 865/1/50 514/1/50
f 654/1/482 656/1/482 662/1/482 661/1/482
f 720/1/483 664/1/483 669/1/483 722/1/483
f 721/1/484 665/1/484 670/1/484 723/1/484
f 718/1/485 653/1/485 667/1/485 723/1/485
f 862/1/486 863/1/486 663/1/486 668/1/486
f 694/1/487 57/1/487 665/1/487 721/1/487
f 653/1/488 56/1/488 666/1/488 667/1/488
f 55/1/489 651/1/489 669/1/489 664/1/489
f 717/1/490 862/1/490 668/1/490 722/1/490
f 55/3/479 683/3/479 686/6/479 651/3/479
f 650/1/385 687/1/385 688/1/385 649/1/385
f 649/1/385 688/1/385 686/1/385 652/1/385
f 38/1/32 677/1/32 685/1/32 507/1/32
f 54/1/360 684/1/360 687/1/360 650/1/360
f 48/1/53 682/1/53 684/1/53 54/1/53
f 49/3/51 681/2/51 683/3/51 55/3/51
f 102/3/491 671/6/491 681/2/491 49/3/491
f 526/1/38 671/1/38 680/1/38 525/1/38
f 518/1/37 674/1/37 679/1/37 517/1/37
f 23/3/34 676/3/34 678/3/34 35/3/34
f 16/1/33 675/1/33 677/1/33 38/1/33
f 507/1/32 685/1/32 678/1/32 40/1/32
f 19/3/14 674/2/14 676/3/14 23/3/14
f 524/1/13 672/1/13 675/1/13 16/1/13
f 517/1/9 679/1/9 673/1/9 520/1/9
f 525/1/8 680/1/8 672/1/8 524/1/8
f 520/1/492 673/1/492 682/1/492 48/1/492
f 651/1/493 717/1/493 722/1/493 669/1/493
f 56/1/494 694/1/494 721/1/494 666/1/494
f 656/1/495 718/1/495 723/1/495 670/1/495
f 666/1/484 721/1/484 723/1/484 667/1/484
f 663/1/483 720/1/483 722/1/483 668/1/483
f 653/1/385 718/1/385 719/1/385 657/1/385
f 657/1/385 719/1/385 717/1/385 651/1/385
f 863/1/496 693/1/496 720/1/496 663/1/496
f 475/1/497 710/1/497 714/1/497 491/1/497
f 479/1/498 711/1/498 715/1/498 495/1/498
f 484/1/499 712/1/499 716/1/499 489/1/499
f 473/1/500 708/1/500 713/1/500 488/1/500
f 496/1/501 491/1/501 714/1/501 715/1/501
f 489/1/502 716/1/502 713/1/502 490/1/502
f 458/1/333 697/1/333 712/1/333 484/1/333
f 460/1/339 480/1/339 711/1/339 698/1/339
f 475/1/339 112/1/339 709/1/339 710/1/339
f 474/1/333 708/1/333 707/1/333 114/1/333
f 5/1/332 700/1/332 704/1/332 463/1/332
f 111/1/331 702/1/331 706/1/331 468/1/331
f 9/1/328 699/1/328 703/1/328 462/1/328
f 109/1/327 701/1/327 705/1/327 465/1/327
f 463/1/503 704/1/503 706/1/503 467/1/503
f 462/1/504 703/1/504 705/1/504 466/1/504
f 108/1/505 702/1/505 698/1/505 459/1/505
f 110/1/506 701/1/506 697/1/506 458/1/506
f 12/1/507 700/1/507 696/1/507 456/1/507
f 1/1/508 699/1/508 695/1/508 453/1/508
f 456/3/91 696/6/91 690/2/91 103/3/91
f 453/1/92 695/1/92 689/1/92 101/1/92
f 1018/1/52 691/1/52 693/1/52 863/1/52
f 103/3/509 690/2/509 692/6/509 50/3/509
f 50/3/44 692/6/44 694/6/44 56/3/44
f 101/1/510 689/1/510 691/1/510 1018/1/510
f 732/1/91 728/1/91 729/1/91 731/1/91
f 733/1/511 731/1/511 729/1/511 730/1/511
f 727/1/92 726/1/92 724/1/92 725/1/92
f 724/1/511 733/1/511 730/1/511 725/1/511
f 1022/1/512 1015/1/512 731/1/512 733/1/512
f 471/1/513 1004/1/513 729/1/513 728/1/513
f 1021/1/512 1022/1/512 733/1/512 724/1/512
f 472/1/514 482/1/514 726/1/514 727/1/514
f 1005/1/338 1002/1/338 725/1/338 730/1/338
f 1015/1/515 478/1/515 732/1/515 731/1/515
f 325/1/205 326/1/205 735/1/205 734/1/205
f 327/1/205 328/1/205 737/1/205 736/1/205
f 330/1/205 329/1/205 738/1/205 739/1/205
f 331/1/205 330/1/205 739/1/205 740/1/205
f 332/1/206 333/1/206 742/1/206 741/1/206
f 334/1/206 335/1/206 744/1/206 743/1/206
f 336/1/206 337/1/206 746/1/206 745/1/206
f 335/1/206 338/1/206 747/1/206 744/1/206
f 339/1/207 340/1/207 749/1/207 748/1/207
f 340/1/207 341/1/207 750/1/207 749/1/207
f 343/1/207 342/1/207 751/1/207 752/1/207
f 345/1/207 344/1/207 753/1/207 754/1/207
f 346/1/208 347/1/208 756/1/208 755/1/208
f 347/1/208 348/1/208 757/1/208 756/1/208
f 350/1/208 349/1/208 758/1/208 759/1/208
f 352/1/208 351/1/208 760/1/208 761/1/208
f 353/1/209 354/1/209 763/1/209 762/1/209
f 355/1/209 356/1/209 765/1/209 764/1/209
f 357/1/209 358/1/209 767/1/209 766/1/209
f 356/1/209 359/1/209 768/1/209 765/1/209
f 360/1/210 361/1/210 770/1/210 769/1/210
f 361/1/210 362/1/210 771/1/210 770/1/210
f 364/1/210 363/1/210 772/1/210 773/1/210
f 365/1/210 364/1/210 773/1/210 774/1/210
f 367/1/211 366/1/211 775/1/211 776/1/211
f 369/1/211 368/1/211 777/1/211 778/1/211
f 371/1/211 370/1/211 779/1/211 780/1/211
f 373/1/211 372/1/211 781/1/211 782/1/211
f 375/1/212 374/1/212 783/1/212 784/1/212
f 376/1/212 377/1/212 786/1/212 785/1/212
f 379/1/212 378/1/212 787/1/212 788/1/212
f 377/1/212 380/1/212 789/1/212 786/1/212
f 381/1/205 325/1/205 734/1/205 790/1/205
f 326/1/205 327/1/205 736/1/205 735/1/205
f 329/1/205 381/1/205 790/1/205 738/1/205
f 328/1/205 331/1/205 740/1/205 737/1/205
f 337/1/206 332/1/206 741/1/206 746/1/206
f 333/1/206 334/1/206 743/1/206 742/1/206
f 382/1/206 336/1/206 745/1/206 791/1/206
f 338/1/206 382/1/206 791/1/206 747/1/206
f 383/1/207 339/1/207 748/1/207 792/1/207
f 341/1/207 345/1/207 754/1/207 750/1/207
f 342/1/207 383/1/207 792/1/207 751/1/207
f 344/1/207 343/1/207 752/1/207 753/1/207
f 384/1/208 346/1/208 755/1/208 793/1/208
f 348/1/208 352/1/208 761/1/208 757/1/208
f 349/1/208 384/1/208 793/1/208 758/1/208
f 351/1/208 350/1/208 759/1/208 760/1/208
f 358/1/209 353/1/209 762/1/209 767/1/209
f 354/1/209 355/1/209 764/1/209 763/1/209
f 385/1/209 357/1/209 766/1/209 794/1/209
f 359/1/209 385/1/209 794/1/209 768/1/209
f 386/1/210 360/1/210 769/1/210 795/1/210
f 362/1/210 387/1/210 796/1/210 771/1/210
f 363/1/210 386/1/210 795/1/210 772/1/210
f 387/1/210 365/1/210 774/1/210 796/1/210
f 366/1/211 369/1/211 778/1/211 775/1/211
f 368/1/211 373/1/211 782/1/211 777/1/211
f 370/1/211 367/1/211 776/1/211 779/1/211
f 372/1/211 371/1/211 780/1/211 781/1/211
f 374/1/212 388/1/212 797/1/212 783/1/212
f 388/1/212 376/1/212 785/1/212 797/1/212
f 378/1/212 375/1/212 784/1/212 787/1/212
f 380/1/212 379/1/212 788/1/212 789/1/212
f 390/1/205 389/1/205 798/1/205 799/1/205
f 392/1/205 391/1/205 800/1/205 801/1/205
f 393/1/205 394/1/205 803/1/205 802/1/205
f 394/1/205 395/1/205 804/1/205 803/1/205
f 397/1/206 396/1/206 805/1/206 806/1/206
f 399/1/206 398/1/206 807/1/206 808/1/206
f 401/1/206 400/1/206 809/1/206 810/1/206
f 402/1/206 399/1/206 808/1/206 811/1/206
f 404/1/207 403/1/207 812/1/207 813/1/207
f 405/1/207 404/1/207 813/1/207 814/1/207
f 406/1/207 407/1/207 816/1/207 815/1/207
f 408/1/207 409/1/207 818/1/207 817/1/207
f 411/1/208 410/1/208 819/1/208 820/1/208
f 412/1/208 411/1/208 820/1/208 821/1/208
f 413/1/208 414/1/208 823/1/208 822/1/208
f 415/1/208 416/1/208 825/1/208 824/1/208
f 418/1/209 417/1/209 826/1/209 827/1/209
f 420/1/209 419/1/209 828/1/209 829/1/209
f 422/1/209 421/1/209 830/1/209 831/1/209
f 423/1/209 420/1/209 829/1/209 832/1/209
f 425/1/210 424/1/210 833/1/210 834/1/210
f 426/1/210 425/1/210 834/1/210 835/1/210
f 427/1/210 428/1/210 837/1/210 836/1/210
f 428/1/210 429/1/210 838/1/210 837/1/210
f 430/1/211 431/1/211 840/1/211 839/1/211
f 432/1/211 433/1/211 842/1/211 841/1/211
f 434/1/211 435/1/211 844/1/211 843/1/211
f 436/1/211 437/1/211 846/1/211 845/1/211
f 438/1/212 439/1/212 848/1/212 847/1/212
f 441/1/212 440/1/212 849/1/212 850/1/212
f 442/1/212 443/1/212 852/1/212 851/1/212
f 444/1/212 441/1/212 850/1/212 853/1/212
f 389/1/205 445/1/205 854/1/205 798/1/205
f 391/1/205 390/1/205 799/1/205 800/1/205
f 445/1/205 393/1/205 802/1/205 854/1/205
f 395/1/205 392/1/205 801/1/205 804/1/205
f 396/1/206 401/1/206 810/1/206 805/1/206
f 398/1/206 397/1/206 806/1/206 807/1/206
f 400/1/206 446/1/206 855/1/206 809/1/206
f 446/1/206 402/1/206 811/1/206 855/1/206
f 403/1/207 447/1/207 856/1/207 812/1/207
f 409/1/207 405/1/207 814/1/207 818/1/207
f 447/1/207 406/1/207 815/1/207 856/1/207
f 407/1/207 408/1/207 817/1/207 816/1/207
f 410/1/208 448/1/208 857/1/208 819/1/208
f 416/1/208 412/1/208 821/1/208 825/1/208
f 448/1/208 413/1/208 822/1/208 857/1/208
f 414/1/208 415/1/208 824/1/208 823/1/208
f 417/1/209 422/1/209 831/1/209 826/1/209
f 419/1/209 418/1/209 827/1/209 828/1/209
f 421/1/209 449/1/209 858/1/209 830/1/209
f 449/1/209 423/1/209 832/1/209 858/1/209
f 424/1/210 450/1/210 859/1/210 833/1/210
f 451/1/210 426/1/210 835/1/210 860/1/210
f 450/1/210 427/1/210 836/1/210 859/1/210
f 429/1/210 451/1/210 860/1/210 838/1/210
f 433/1/211 430/1/211 839/1/211 842/1/211
f 437/1/211 432/1/211 841/1/211 846/1/211
f 431/1/211 434/1/211 843/1/211 840/1/211
f 435/1/211 436/1/211 845/1/211 844/1/211
f 452/1/212 438/1/212 847/1/212 861/1/212
f 440/1/212 452/1/212 861/1/212 849/1/212
f 439/1/212 442/1/212 851/1/212 848/1/212
f 443/1/212 444/1/212 853/1/212 852/1/212
f 655/1/516 58/1/516 863/1/516 862/1/516
f 658/1/517 660/1/517 864/1/517 865/1/517
f 660/1/518 655/1/518 862/1/518 864/1/518
f 58/1/519 658/1/519 865/1/519 863/1/519
f 867/21/205 868/21/205 869/21/205 866/21/205
f 871/21/205 872/21/205 873/21/205 870/21/205
f 875/21/205 876/21/205 877/21/205 874/21/205
f 879/21/205 875/21/205 874/21/205 878/21/205
f 881/21/206 882/21/206 883/21/206 880/21/206
f 885/21/206 886/21/206 887/21/206 884/21/206
f 889/21/206 890/21/206 891/21/206 888/21/206
f 886/21/206 892/21/206 893/22/206 887/21/206
f 895/21/207 896/21/207 897/21/207 894/21/207
f 896/21/207 898/21/207 899/21/207 897/21/207
f 901/21/207 902/21/207 903/21/207 900/21/207
f 905/21/207 906/21/207 907/21/207 904/21/207
f 909/21/208 910/21/208 911/21/208 908/21/208
f 910/21/208 912/21/208 913/21/208 911/21/208
f 915/21/208 916/21/208 917/21/208 914/21/208
f 919/21/208 920/21/208 921/21/208 918/21/208
f 923/21/209 924/21/209 925/21/209 922/21/209
f 927/21/209 928/21/209 929/21/209 926/21/209
f 931/21/209 932/21/209 933/21/209 930/21/209
f 928/21/209 934/21/209 935/21/209 929/21/209
f 937/21/210 938/21/210 939/21/210 936/21/210
f 938/21/210 940/21/210 941/22/210 939/21/210
f 943/21/210 944/21/210 945/21/210 942/21/210
f 947/21/210 943/21/210 942/21/210 946/21/210
f 949/21/211 950/21/211 951/21/211 948/21/211
f 953/21/211 954/21/211 955/21/211 952/21/211
f 957/21/211 958/21/211 959/21/211 956/21/211
f 961/21/211 962/21/211 963/21/211 960/21/211
f 965/21/212 966/21/212 967/21/212 964/21/212
f 969/21/212 970/21/212 971/21/212 968/21/212
f 973/21/212 974/21/212 975/22/212 972/21/212
f 970/21/212 976/21/212 977/21/212 971/21/212
f 979/21/205 867/21/205 866/21/205 978/21/205
f 868/21/205 871/21/205 870/21/205 869/21/205
f 876/21/205 979/21/205 978/21/205 877/21/205
f 872/21/205 879/21/205 878/21/205 873/21/205
f 890/21/206 881/21/206 880/21/206 891/21/206
f 882/21/206 885/21/206 884/21/206 883/21/206
f 981/21/206 889/21/206 888/21/206 980/21/206
f 892/21/206 981/21/206 980/21/206 893/22/206
f 983/21/207 895/21/207 894/21/207 982/21/207
f 898/21/207 905/21/207 904/21/207 899/21/207
f 902/21/207 983/21/207 982/21/207 903/21/207
f 906/21/207 901/21/207 900/21/207 907/21/207
f 985/21/208 909/21/208 908/21/208 984/21/208
f 912/21/208 919/21/208 918/21/208 913/21/208
f 916/21/208 985/21/208 984/21/208 917/21/208
f 920/21/208 915/21/208 914/21/208 921/21/208
f 932/21/209 923/21/209 922/21/209 933/21/209
f 924/21/209 927/21/209 926/21/209 925/21/209
f 987/21/209 931/21/209 930/21/209 986/21/209
f 934/21/209 987/21/209 986/21/209 935/21/209
f 989/21/210 937/21/210 936/21/210 988/21/210
f 940/21/210 990/21/210 991/21/210 941/22/210
f 944/21/210 989/21/210 988/21/210 945/21/210
f 990/21/210 947/21/210 946/21/210 991/21/210
f 950/21/211 953/21/211 952/21/211 951/21/211
f 954/21/211 961/21/211 960/21/211 955/21/211
f 958/21/211 949/21/211 948/21/211 959/21/211
f 962/21/211 957/21/211 956/21/211 963/21/211
f 966/21/212 992/21/212 993/21/212 967/21/212
f 992/21/212 969/21/212 968/21/212 993/21/212
f 974/21/212 965/21/212 964/21/212 975/22/212
f 976/21/212 973/21/212 972/21/212 977/21/212
f 995/1/520 994/1/520 996/1/520 997/1/520
f 424/1/265 425/1/265 938/1/265 937/1/265
f 327/1/287 326/1/287 869/1/287 870/1/287
f 425/1/267 426/1/267 940/1/267 938/1/267
f 381/1/289 329/1/289 877/1/289 978/1/289
f 428/1/270 427/1/270 944/1/270 943/1/270
f 331/1/521 328/1/521 873/1/521 878/1/521
f 429/1/273 428/1/273 943/1/273 947/1/273
f 332/1/274 337/1/274 891/1/274 880/1/274
f 431/1/254 430/1/254 950/1/254 949/1/254
f 334/1/522 333/1/522 883/1/522 884/1/522
f 433/1/257 432/1/257 954/1/257 953/1/257
f 336/1/523 382/1/523 980/1/523 888/1/523
f 435/1/260 434/1/260 958/1/260 957/1/260
f 382/1/281 338/1/281 893/1/281 980/1/281
f 437/1/263 436/1/263 962/1/263 961/1/263
f 339/1/524 383/1/524 982/1/524 894/1/524
f 439/1/244 438/1/244 966/1/244 965/1/244
f 345/1/525 341/1/525 899/1/525 904/1/525
f 440/1/295 441/1/295 970/1/295 969/1/295
f 383/1/526 342/1/526 903/1/526 982/1/526
f 443/1/481 442/1/481 974/1/481 973/1/481
f 343/1/271 344/1/271 907/1/271 900/1/271
f 441/1/251 444/1/251 976/1/251 970/1/251
f 346/1/252 384/1/252 984/1/252 908/1/252
f 445/1/521 389/1/521 867/1/521 979/1/521
f 352/1/527 348/1/527 913/1/527 918/1/527
f 390/1/528 391/1/528 871/1/528 868/1/528
f 384/1/529 349/1/529 917/1/529 984/1/529
f 393/1/530 445/1/530 979/1/530 876/1/530
f 350/1/261 351/1/261 921/1/261 914/1/261
f 392/1/242 395/1/242 879/1/242 872/1/242
f 353/1/243 358/1/243 933/1/243 922/1/243
f 401/1/531 396/1/531 881/1/531 890/1/531
f 355/1/293 354/1/293 925/1/293 926/1/293
f 397/1/532 398/1/532 885/1/532 882/1/532
f 357/1/296 385/1/296 986/1/296 930/1/296
f 446/1/533 400/1/533 889/1/533 981/1/533
f 385/1/249 359/1/249 935/1/249 986/1/249
f 326/1/284 325/1/284 866/1/284 869/1/284
f 402/1/534 446/1/534 981/1/534 892/1/534
f 360/1/282 386/1/282 988/1/282 936/1/282
f 328/1/530 327/1/530 870/1/530 873/1/530
f 447/1/294 403/1/294 895/1/294 983/1/294
f 387/1/535 362/1/535 941/1/535 991/1/535
f 329/1/528 330/1/528 874/1/528 877/1/528
f 405/1/536 409/1/536 905/1/536 898/1/536
f 386/1/537 363/1/537 945/1/537 988/1/537
f 330/1/291 331/1/291 878/1/291 874/1/291
f 406/1/525 447/1/525 983/1/525 902/1/525
f 365/1/290 387/1/290 991/1/290 946/1/290
f 333/1/534 332/1/534 880/1/534 883/1/534
f 408/1/538 407/1/538 901/1/538 906/1/538
f 369/1/272 366/1/272 951/1/272 952/1/272
f 335/1/539 334/1/539 884/1/539 887/1/539
f 448/1/286 410/1/286 909/1/286 985/1/286
f 373/1/275 368/1/275 955/1/275 960/1/275
f 337/1/540 336/1/540 888/1/540 891/1/540
f 412/1/529 416/1/529 919/1/529 912/1/529
f 367/1/278 370/1/278 959/1/278 948/1/278
f 338/1/531 335/1/531 887/1/531 893/1/531
f 413/1/527 448/1/527 985/1/527 916/1/527
f 371/1/280 372/1/280 963/1/280 956/1/280
f 340/1/538 339/1/538 894/1/538 897/1/538
f 415/1/292 414/1/292 915/1/292 920/1/292
f 388/1/262 374/1/262 967/1/262 993/1/262
f 341/1/266 340/1/266 897/1/266 899/1/266
f 422/1/276 417/1/276 923/1/276 932/1/276
f 498/1/541 1033/1/541 999/1/541 998/1/541
f 105/1/542 1035/1/542 1001/1/542 1000/1/542
f 470/1/543 105/1/543 1000/1/543 1002/1/543
f 1033/1/544 99/1/544 1003/1/544 999/1/544
f 99/1/545 469/1/545 1004/1/545 1003/1/545
f 515/1/546 470/1/546 1002/1/546 1005/1/546
f 1035/1/541 498/1/541 998/1/541 1001/1/541
f 469/1/546 515/1/546 1005/1/546 1004/1/546
f 1006/1/547 1008/1/547 1032/1/547 1010/1/547
f 1009/1/548 1014/1/548 1008/1/548 1006/1/548
f 1013/1/549 1009/1/549 1006/1/549 1007/1/549
f 1007/1/550 1006/1/550 1010/1/550 1037/1/550
f 1035/1/551 105/1/551 1007/1/551 1037/1/551
f 1011/1/552 20/1/552 1041/1/552 1040/1/552
f 469/1/553 99/1/553 1008/1/553 1014/1/553
f 105/1/554 470/1/554 1013/1/554 1007/1/554
f 477/1/555 100/1/555 1016/1/555 1015/1/555
f 511/1/556 52/1/556 1018/1/556 1017/1/556
f 52/1/557 1019/1/557 101/1/557 1018/1/557
f 100/1/558 51/1/558 1020/1/558 1016/1/558
f 1019/1/559 481/1/559 1021/1/559 101/1/559
f 481/1/511 516/1/511 1022/1/511 1021/1/511
f 51/1/556 511/1/556 1017/1/556 1020/1/556
f 516/1/511 477/1/511 1015/1/511 1022/1/511
f 1023/1/560 1024/1/560 1029/1/560 1027/1/560
f 1023/1/561 1025/1/561 1028/1/561 1026/1/561
f 1024/1/562 1023/1/562 1026/1/562 1031/1/562
f 1025/1/563 1023/1/563 1027/1/563 1030/1/563
f 511/1/46 51/1/46 1030/1/46 1027/1/46
f 481/1/564 1019/1/564 1024/1/564 1031/1/564
f 1019/1/565 52/1/565 1029/1/565 1024/1/565
f 100/1/566 477/1/566 1028/1/566 1025/1/566
f 20/1/567 1011/1/567 1032/1/567 1033/1/567
f 1034/1/567 20/1/567 1033/1/567 498/1/567
f 21/1/567 1034/1/567 498/1/567 1035/1/567
f 1011/1/567 1036/1/567 1010/1/567 1032/1/567
f 1036/1/567 1012/1/567 1037/1/567 1010/1/567
f 1012/1/567 21/1/567 1035/1/567 1037/1/567
f 1041/5/567 1038/5/567 1039/5/567 1040/5/567
f 1038/5/567 1042/5/567 1043/5/567 1039/5/567
f 1036/1/568 1011/1/568 1040/1/568 1039/1/568
f 20/1/569 1034/1/569 1038/1/569 1041/1/569
f 1012/1/568 1036/1/568 1039/1/568 1043/1/568
f 1034/1/569 21/1/569 1042/1/569 1038/1/569
f 1073/23/93 1074/23/93 1091/23/93 1088/23/93
f 1066/23/385 1067/23/385 1082/23/385 1083/23/385
f 1079/23/570 1076/23/570 1093/23/570 1094/23/570
f 1069/23/93 1070/23/93 1087/23/93 1084/23/93
f 1046/23/570 1050/23/570 1048/23/570 1044/23/570
f 1051/23/571 1047/23/571 1053/23/571 1054/23/571
f 1055/23/572 1054/23/572 1058/23/572 1059/23/572
f 1049/23/573 1051/23/573 1054/23/573 1055/23/573
f 1047/23/574 1045/23/574 1052/23/574 1053/23/574
f 1045/23/575 1049/23/575 1055/23/575 1052/23/575
f 1059/23/576 1058/23/576 1062/23/576 1063/23/576
f 1053/23/577 1052/23/577 1056/23/577 1057/23/577
f 1052/23/32 1055/23/32 1059/23/32 1056/23/32
f 1054/23/385 1053/23/385 1057/23/385 1058/23/385
f 1062/23/93 1061/23/93 1060/23/93 1063/23/93
f 1057/23/578 1056/23/578 1060/23/578 1061/23/578
f 1056/23/579 1059/23/579 1063/23/579 1060/23/579
f 1058/23/580 1057/23/580 1061/23/580 1062/23/580
f 1044/23/577 1045/23/577 1065/23/577 1064/23/577
f 1045/23/577 1047/23/577 1066/23/577 1065/23/577
f 1047/23/577 1046/23/577 1067/23/577 1066/23/577
f 1046/23/577 1044/23/577 1064/23/577 1067/23/577
f 1046/23/385 1047/23/385 1069/23/385 1068/23/385
f 1047/23/385 1051/23/385 1070/23/385 1069/23/385
f 1051/23/385 1050/23/385 1071/23/385 1070/23/385
f 1050/23/385 1046/23/385 1068/23/385 1071/23/385
f 1050/23/572 1051/23/572 1073/23/572 1072/23/572
f 1051/23/572 1049/23/572 1074/23/572 1073/23/572
f 1049/23/572 1048/23/572 1075/23/572 1074/23/572
f 1048/23/572 1050/23/572 1072/23/572 1075/23/572
f 1048/23/32 1049/23/32 1077/23/32 1076/23/32
f 1049/23/32 1045/23/32 1078/23/32 1077/23/32
f 1045/23/32 1044/23/32 1079/23/32 1078/23/32
f 1044/23/32 1048/23/32 1076/23/32 1079/23/32
f 1082/23/581 1080/23/581 1096/23/581 1098/23/581
f 1089/23/582 1088/23/582 1104/23/582 1105/23/582
f 1095/23/583 1094/23/583 1110/23/583 1111/23/583
f 1080/23/584 1081/23/584 1097/23/584 1096/23/584
f 1070/23/572 1071/23/572 1086/23/572 1087/23/572
f 1077/23/93 1078/23/93 1095/23/93 1092/23/93
f 1074/23/32 1075/23/32 1090/23/32 1091/23/32
f 1078/23/577 1079/23/577 1094/23/577 1095/23/577
f 1064/23/32 1065/23/32 1081/23/32 1080/23/32
f 1068/23/577 1069/23/577 1084/23/577 1085/23/577
f 1067/23/570 1064/23/570 1080/23/570 1082/23/570
f 1072/23/385 1073/23/385 1088/23/385 1089/23/385
f 1071/23/570 1068/23/570 1085/23/570 1086/23/570
f 1076/23/572 1077/23/572 1092/23/572 1093/23/572
f 1065/23/93 1066/23/93 1083/23/93 1081/23/93
f 1075/23/570 1072/23/570 1089/23/570 1090/23/570
f 1097/23/572 1099/23/572 1129/23/572 1128/23/572
f 1127/23/32 1124/23/32 1142/23/32 1143/23/32
f 1106/23/570 1105/23/570 1121/23/570 1122/23/570
f 1098/23/570 1096/23/570 1112/23/570 1114/23/570
f 1090/23/585 1089/23/585 1105/23/585 1106/23/585
f 1081/23/586 1083/23/586 1099/23/586 1097/23/586
f 1088/23/587 1091/23/587 1107/23/587 1104/23/587
f 1083/23/588 1082/23/588 1098/23/588 1099/23/588
f 1091/23/589 1090/23/589 1106/23/589 1107/23/589
f 1085/23/590 1084/23/590 1100/23/590 1101/23/590
f 1093/23/591 1092/23/591 1108/23/591 1109/23/591
f 1086/23/592 1085/23/592 1101/23/592 1102/23/592
f 1094/23/593 1093/23/593 1109/23/593 1110/23/593
f 1084/23/594 1087/23/594 1103/23/594 1100/23/594
f 1092/23/595 1095/23/595 1111/23/595 1108/23/595
f 1087/23/596 1086/23/596 1102/23/596 1103/23/596
f 1112/23/577 1113/23/577 1115/23/577 1114/23/577
f 1117/23/385 1116/23/385 1119/23/385 1118/23/385
f 1121/23/572 1120/23/572 1123/23/572 1122/23/572
f 1125/23/32 1124/23/32 1127/23/32 1126/23/32
f 1099/23/385 1098/23/385 1114/23/385 1115/23/385
f 1107/23/32 1106/23/32 1122/23/32 1123/23/32
f 1101/23/577 1100/23/577 1116/23/577 1117/23/577
f 1109/23/572 1108/23/572 1124/23/572 1125/23/572
f 1102/23/570 1101/23/570 1117/23/570 1118/23/570
f 1110/23/570 1109/23/570 1125/23/570 1126/23/570
f 1113/23/32 1097/23/32 1128/23/32 1136/23/32
f 1119/23/385 1116/23/385 1138/23/385 1139/23/385
f 1103/23/572 1102/23/572 1118/23/572 1119/23/572
f 1096/23/32 1097/23/32 1113/23/32 1112/23/32
f 1111/23/577 1110/23/577 1126/23/577 1127/23/577
f 1105/23/385 1104/23/385 1120/23/385 1121/23/385
f 1132/23/93 1133/23/93 1141/23/93 1140/23/93
f 1128/23/93 1129/23/93 1137/23/93 1136/23/93
f 1130/23/93 1131/23/93 1139/23/93 1138/23/93
f 1134/23/93 1135/23/93 1143/23/93 1142/23/93
f 1107/23/32 1123/23/32 1141/23/32 1133/23/32
f 1104/23/577 1107/23/577 1133/23/577 1132/23/577
f 1103/23/572 1119/23/572 1139/23/572 1131/23/572
f 1120/23/385 1104/23/385 1132/23/385 1140/23/385
f 1111/23/577 1127/23/577 1143/23/577 1135/23/577
f 1116/23/577 1100/23/577 1130/23/577 1138/23/577
f 1115/23/577 1113/23/577 1136/23/577 1137/23/577
f 1123/23/572 1120/23/572 1140/23/572 1141/23/572
f 1100/23/32 1103/23/32 1131/23/32 1130/23/32
f 1124/23/572 1108/23/572 1134/23/572 1142/23/572
f 1108/23/385 1111/23/385 1135/23/385 1134/23/385
f 1099/23/385 1115/23/385 1137/23/385 1129/23/385
f 1146/24/597 1147/24/597 1144/24/597 1145/24/597
f 1186/25/598 1187/25/598 1190/25/598 1191/25/598
f 1197/24/599 1196/24/599 1179/24/599 1176/24/599
f 1201/24/600 1200/24/600 1170/24/600 1171/24/600
f 1205/24/601 1204/24/601 1181/24/601 1182/24/601
f 1193/24/602 1192/24/602 1175/24/602 1172/24/602
f 1147/24/603 1146/24/603 1153/24/603 1152/24/603
f 1146/24/604 1150/24/604 1154/24/604 1153/24/604
f 1150/24/605 1151/24/605 1155/24/605 1154/24/605
f 1151/24/603 1147/24/603 1152/24/603 1155/24/603
f 1145/24/606 1144/24/606 1157/24/606 1156/24/606
f 1144/24/607 1148/24/607 1158/24/607 1157/24/607
f 1148/24/607 1149/24/607 1159/24/607 1158/24/607
f 1149/24/607 1145/24/607 1156/24/607 1159/24/607
f 1144/24/608 1147/24/608 1161/24/608 1160/24/608
f 1147/24/608 1151/24/608 1162/24/608 1161/24/608
f 1151/24/608 1148/24/608 1163/24/608 1162/24/608
f 1148/24/608 1144/24/608 1160/24/608 1163/24/608
f 1146/24/609 1145/24/609 1165/24/609 1164/24/609
f 1145/24/609 1149/24/609 1166/24/609 1165/24/609
f 1149/24/609 1150/24/609 1167/24/609 1166/24/609
f 1150/24/609 1146/24/609 1164/24/609 1167/24/609
f 1176/24/610 1179/24/610 1219/24/610 1216/24/610
f 1168/24/611 1171/24/611 1211/24/611 1208/24/611
f 1178/24/612 1177/24/612 1217/24/612 1218/24/612
f 1170/24/613 1169/24/613 1209/24/613 1210/24/613
f 1192/24/614 1194/24/614 1174/24/614 1175/24/614
f 1207/24/615 1206/24/615 1183/24/615 1180/24/615
f 1196/24/616 1198/24/616 1178/24/616 1179/24/616
f 1206/24/617 1205/24/617 1182/24/617 1183/24/617
f 1203/24/618 1202/24/618 1168/24/618 1169/24/618
f 1195/24/619 1193/24/619 1172/24/619 1173/24/619
f 1200/24/620 1203/24/620 1169/24/620 1170/24/620
f 1199/24/621 1197/24/621 1176/24/621 1177/24/621
f 1194/24/622 1195/24/622 1173/24/622 1174/24/622
f 1204/24/623 1207/24/623 1180/24/623 1181/24/623
f 1202/24/624 1201/24/624 1171/24/624 1168/24/624
f 1198/24/625 1199/24/625 1177/24/625 1178/24/625
f 1150/24/626 1149/24/626 1185/24/626 1184/24/626
f 1149/24/626 1148/24/626 1186/24/626 1185/24/626
f 1148/24/626 1151/24/626 1187/24/626 1186/24/626
f 1151/24/626 1150/24/626 1184/24/626 1187/24/626
f 1189/25/626 1188/25/626 1191/25/626 1190/25/626
f 1187/25/627 1184/25/627 1189/25/627 1190/25/627
f 1185/25/628 1186/25/628 1191/25/628 1188/25/628
f 1184/25/629 1185/25/629 1188/25/629 1189/25/629
f 1159/24/630 1156/24/630 1195/24/630 1194/24/630
f 1156/24/631 1157/24/631 1193/24/631 1195/24/631
f 1158/24/632 1159/24/632 1194/24/632 1192/24/632
f 1157/24/633 1158/24/633 1192/24/633 1193/24/633
f 1163/24/634 1160/24/634 1199/24/634 1198/24/634
f 1160/24/635 1161/24/635 1197/24/635 1199/24/635
f 1162/24/636 1163/24/636 1198/24/636 1196/24/636
f 1161/24/637 1162/24/637 1196/24/637 1197/24/637
f 1153/24/638 1154/24/638 1201/24/638 1202/24/638
f 1155/24/639 1152/24/639 1203/24/639 1200/24/639
f 1152/24/640 1153/24/640 1202/24/640 1203/24/640
f 1154/24/641 1155/24/641 1200/24/641 1201/24/641
f 1164/24/642 1165/24/642 1207/24/642 1204/24/642
f 1166/24/643 1167/24/643 1205/24/643 1206/24/643
f 1165/24/644 1166/24/644 1206/24/644 1207/24/644
f 1167/24/645 1164/24/645 1204/24/645 1205/24/645
f 1209/24/646 1208/24/646 1211/24/646 1210/24/646
f 1213/24/647 1212/24/647 1215/24/647 1214/24/647
f 1217/24/648 1216/24/648 1219/24/648 1218/24/648
f 1221/24/649 1220/24/649 1223/24/649 1222/24/649
f 1171/24/650 1170/24/650 1210/24/650 1211/24/650
f 1179/24/651 1178/24/651 1218/24/651 1219/24/651
f 1173/24/652 1172/24/652 1212/24/652 1213/24/652
f 1181/24/653 1180/24/653 1220/24/653 1221/24/653
f 1174/24/654 1173/24/654 1213/24/654 1214/24/654
f 1182/24/655 1181/24/655 1221/24/655 1222/24/655
f 1172/24/656 1175/24/656 1215/24/656 1212/24/656
f 1180/24/657 1183/24/657 1223/24/657 1220/24/657
f 1175/24/658 1174/24/658 1214/24/658 1215/24/658
f 1169/24/659 1168/24/659 1208/24/659 1209/24/659
f 1183/24/660 1182/24/660 1222/24/660 1223/24/660
f 1177/24/661 1176/24/661 1216/24/661 1217/24/661
f 1224/23/662 1225/23/662 1227/23/662 1226/23/662
f 1226/23/385 1227/23/385 1231/23/385 1230/23/385
f 1230/23/663 1231/23/663 1229/23/663 1228/23/663
f 1228/23/32 1229/23/32 1225/23/32 1224/23/32
f 1226/23/664 1230/23/664 1228/23/664 1224/23/664
f 1231/23/665 1227/23/665 1233/23/665 1234/23/665
f 1235/23/663 1234/23/663 1238/23/663 1239/23/663
f 1229/23/666 1231/23/666 1234/23/666 1235/23/666
f 1227/23/667 1225/23/667 1232/23/667 1233/23/667
f 1225/23/668 1229/23/668 1235/23/668 1232/23/668
f 1238/23/669 1237/23/669 1236/23/669 1239/23/669
f 1233/23/662 1232/23/662 1236/23/662 1237/23/662
f 1232/23/32 1235/23/32 1239/23/32 1236/23/32
f 1234/23/385 1233/23/385 1237/23/385 1238/23/385
usemtl radiation_PNG9
f 1240/26/670 1241/27/670 1243/28/670 1242/29/670
usemtl Material.009
f 1797/30/671 1245/30/671 1247/30/671 1533/30/671
f 1533/30/672 1247/30/672 1249/30/672 1534/30/672
f 1534/30/673 1249/30/673 1251/30/673 1535/30/673
f 1535/30/674 1251/30/674 1253/30/674 1536/30/674
f 1536/30/670 1253/30/670 1255/30/670 1537/30/670
f 1537/30/675 1255/30/675 1257/30/675 1538/30/675
f 1538/30/676 1257/30/676 1259/30/676 1539/30/676
f 1539/30/677 1259/30/677 1261/30/677 1540/30/677
f 1540/30/678 1261/30/678 1263/30/678 1541/30/678
f 1541/30/679 1263/30/679 1265/30/679 1542/30/679
f 1542/30/680 1265/30/680 1267/30/680 1543/30/680
f 1543/30/681 1267/30/681 1269/30/681 1544/30/681
f 1544/30/682 1269/30/682 1271/30/682 1545/30/682
f 1545/30/683 1271/30/683 1273/30/683 1546/30/683
f 1546/30/684 1273/30/684 1275/30/684 1547/30/684
f 1547/30/685 1275/30/685 1277/30/685 1548/30/685
f 1317/31/686 1316/31/686 1280/31/686 1282/31/686
f 1548/30/687 1277/30/687 1279/30/687 1549/30/687
f 1549/30/688 1279/30/688 1245/30/688 1797/30/688
f 1252/30/689 1254/30/689 1303/30/689 1302/30/689
f 1280/30/93 1281/30/93 1297/30/93 1296/30/93 1295/30/93 1294/30/93 1293/30/93 1292/30/93 1291/30/93 1290/30/93 1289/30/93 1288/30/93 1287/30/93 1286/30/93 1285/30/93 1284/30/93 1283/30/93 1282/30/93
f 1319/31/690 1318/31/690 1286/31/690 1287/31/690
f 1321/31/691 1320/31/691 1291/31/691 1292/31/691
f 1323/31/692 1322/31/692 1296/31/692 1297/31/692
f 1325/31/693 1324/31/693 1284/31/693 1285/31/693
f 1327/31/694 1326/31/694 1289/31/694 1290/31/694
f 1329/31/695 1328/31/695 1294/31/695 1295/31/695
f 1330/31/696 1317/31/696 1282/31/696 1283/31/696
f 1331/31/697 1319/31/697 1287/31/697 1288/31/697
f 1316/31/698 1332/31/698 1281/31/698 1280/31/698
f 1333/31/699 1321/31/699 1292/31/699 1293/31/699
f 1332/31/700 1323/31/700 1297/31/700 1281/31/700
f 1318/31/701 1325/31/701 1285/31/701 1286/31/701
f 1320/31/702 1327/31/702 1290/31/702 1291/31/702
f 1322/31/703 1329/31/703 1295/31/703 1296/31/703
f 1324/31/704 1330/31/704 1283/31/704 1284/31/704
f 1326/31/705 1331/31/705 1288/31/705 1289/31/705
f 1328/31/706 1333/31/706 1293/31/706 1294/31/706
f 1262/30/707 1264/30/707 1308/30/707 1307/30/707
f 1272/30/708 1274/30/708 1313/30/708 1312/30/708
f 1248/30/709 1250/30/709 1301/30/709 1300/30/709
f 1258/30/710 1260/30/710 1306/30/710 1305/30/710
f 1244/30/711 1246/30/711 1299/30/711 1298/30/711
f 1268/30/712 1270/30/712 1311/30/712 1310/30/712
f 1278/30/713 1244/30/713 1298/30/713 1315/30/713
f 1254/30/714 1256/30/714 1304/30/714 1303/30/714
f 1264/30/715 1266/30/715 1309/30/715 1308/30/715
f 1274/30/716 1276/30/716 1314/30/716 1313/30/716
f 1250/30/717 1252/30/717 1302/30/717 1301/30/717
f 1260/30/718 1262/30/718 1307/30/718 1306/30/718
f 1270/30/719 1272/30/719 1312/30/719 1311/30/719
f 1246/30/720 1248/30/720 1300/30/720 1299/30/720
f 1256/30/721 1258/30/721 1305/30/721 1304/30/721
f 1266/30/722 1268/30/722 1310/30/722 1309/30/722
f 1276/30/723 1278/30/723 1315/30/723 1314/30/723
f 1334/30/93 1344/30/93 1352/30/93 1378/30/93
f 1732/30/677 1767/32/677 1369/30/677 1376/30/677
f 1346/30/93 1339/30/93 1383/30/93 1356/30/93
f 1747/32/671 1703/32/671 1353/30/671 1367/30/671
f 1345/30/572 1338/30/572 1382/30/572 1354/30/572
f 1758/32/682 1757/32/682 1368/30/682 1375/30/682
f 1351/30/93 1337/30/93 1381/30/93 1366/30/93
f 1748/32/688 1747/32/688 1367/30/688 1374/30/688
f 1343/30/93 1336/30/93 1380/30/93 1387/30/93
f 1688/32/675 1723/32/675 1355/30/675 1373/30/675
f 1344/30/93 1351/30/93 1366/30/93 1352/30/93
f 1693/32/724 1702/32/724 1357/30/724 1372/30/724
f 1342/30/572 1335/30/572 1379/30/572 1386/30/572
f 1703/32/672 1712/32/672 1377/30/672 1353/30/672
f 1713/32/685 1722/32/685 1359/30/685 1371/30/685
f 1341/30/93 1334/30/93 1378/30/93 1385/30/93
f 1723/32/725 1732/30/725 1376/30/725 1355/30/725
f 1733/32/674 1742/30/674 1361/30/674 1370/30/674
f 1424/30/726 1456/30/726 1344/30/726 1334/30/726
f 1427/30/690 1459/30/690 1345/30/690 1335/30/690
f 1430/30/691 1462/30/691 1346/30/691 1336/30/691
f 1433/30/692 1465/30/692 1347/30/692 1337/30/692
f 1436/30/693 1468/30/693 1348/30/693 1338/30/693
f 1439/30/694 1471/30/694 1349/30/694 1339/30/694
f 1442/30/695 1474/30/695 1350/30/695 1340/30/695
f 1445/30/696 1424/30/696 1334/30/696 1341/30/696
f 1448/30/697 1427/30/697 1335/30/697 1342/30/697
f 1456/30/698 1477/30/698 1351/30/698 1344/30/698
f 1451/30/727 1430/30/727 1336/30/727 1343/30/727
f 1477/30/728 1433/30/728 1337/30/728 1351/30/728
f 1459/30/701 1436/30/701 1338/30/701 1345/30/701
f 1462/30/729 1439/30/729 1339/30/729 1346/30/729
f 1465/30/703 1442/30/703 1340/30/703 1347/30/703
f 1468/30/704 1445/30/704 1341/30/704 1348/30/704
f 1471/30/730 1448/30/730 1342/30/730 1349/30/730
f 1474/30/706 1451/30/706 1343/30/706 1350/30/706
f 1363/31/731 1372/31/731 1408/31/731 1399/31/731
f 1387/30/732 1380/30/732 1416/30/732 1423/30/732
f 1365/31/733 1371/31/733 1407/31/733 1401/31/733
f 1352/30/734 1366/30/734 1402/30/734 1388/30/734
f 1377/31/735 1370/31/735 1406/31/735 1413/31/735
f 1386/30/736 1379/30/736 1415/30/736 1422/30/736
f 1376/31/737 1369/31/737 1405/31/737 1412/31/737
f 1385/30/738 1378/30/738 1414/30/738 1421/30/738
f 1367/31/739 1353/31/739 1389/31/739 1403/31/739
f 1384/30/740 1364/30/740 1400/30/740 1420/30/740
f 1375/31/741 1368/31/741 1404/31/741 1411/31/741
f 1383/30/742 1362/30/742 1398/30/742 1419/30/742
f 1374/31/743 1367/31/743 1403/31/743 1410/31/743
f 1382/30/744 1360/30/744 1396/30/744 1418/30/744
f 1373/31/745 1355/31/745 1391/31/745 1409/31/745
f 1364/30/746 1387/30/746 1423/30/746 1400/30/746
f 1381/30/747 1358/30/747 1394/30/747 1417/30/747
f 1372/31/748 1357/31/748 1393/31/748 1408/31/748
f 1347/30/93 1340/30/93 1384/30/93 1358/30/93
f 1712/32/673 1733/32/673 1370/30/673 1377/30/673
f 1335/30/93 1345/30/93 1354/30/93 1379/30/93
f 1348/30/93 1341/30/93 1385/30/93 1360/30/93
f 1768/32/684 1713/32/684 1371/30/684 1365/30/684
f 1336/30/93 1346/30/93 1356/30/93 1380/30/93
f 1349/30/93 1342/30/93 1386/30/93 1362/30/93
f 1773/32/679 1693/32/679 1372/30/679 1363/30/679
f 1337/30/93 1347/30/93 1358/30/93 1381/30/93
f 1350/30/93 1343/30/93 1387/30/93 1364/30/93
f 1742/30/670 1688/32/670 1373/30/670 1361/30/670
f 1338/30/572 1348/30/572 1360/30/572 1382/30/572
f 1757/32/749 1768/32/749 1365/30/749 1368/30/749
f 1722/32/750 1748/32/750 1374/30/750 1359/30/750
f 1339/30/93 1349/30/93 1362/30/93 1383/30/93
f 1767/32/678 1773/32/678 1363/30/678 1369/30/678
f 1702/32/681 1758/32/681 1375/30/681 1357/30/681
f 1340/30/93 1350/30/93 1364/30/93 1384/30/93
f 1400/33/706 1423/33/706 1404/33/706 1401/33/706
f 1398/33/730 1422/33/730 1405/33/730 1399/33/730
f 1396/33/704 1421/33/704 1406/33/704 1397/33/704
f 1394/33/703 1420/33/703 1407/33/703 1395/33/703
f 1392/33/729 1419/33/729 1408/33/729 1393/33/729
f 1390/33/701 1418/33/701 1409/33/701 1391/33/701
f 1402/33/728 1417/33/728 1410/33/728 1403/33/728
f 1423/33/699 1416/33/699 1411/33/699 1404/33/699
f 1388/33/698 1402/33/698 1403/33/698 1389/33/698
f 1422/33/697 1415/33/697 1412/33/697 1405/33/697
f 1421/33/696 1414/33/696 1413/33/696 1406/33/696
f 1420/33/695 1400/33/695 1401/33/695 1407/33/695
f 1419/33/694 1398/33/694 1399/33/694 1408/33/694
f 1418/33/693 1396/33/693 1397/33/693 1409/33/693
f 1417/33/692 1394/33/692 1395/33/692 1410/33/692
f 1416/33/691 1392/33/691 1393/33/691 1411/33/691
f 1415/33/690 1390/33/690 1391/33/690 1412/33/690
f 1414/33/686 1388/33/686 1389/33/686 1413/33/686
f 1366/30/751 1381/30/751 1417/30/751 1402/30/751
f 1361/31/752 1373/31/752 1409/31/752 1397/31/752
f 1354/30/753 1382/30/753 1418/30/753 1390/30/753
f 1368/31/754 1365/31/754 1401/31/754 1404/31/754
f 1359/31/755 1374/31/755 1410/31/755 1395/31/755
f 1356/30/756 1383/30/756 1419/30/756 1392/30/756
f 1369/31/757 1363/31/757 1399/31/757 1405/31/757
f 1378/30/758 1352/30/758 1388/30/758 1414/30/758
f 1357/31/759 1375/31/759 1411/31/759 1393/31/759
f 1358/30/760 1384/30/760 1420/30/760 1394/30/760
f 1370/31/761 1361/31/761 1397/31/761 1406/31/761
f 1379/30/762 1354/30/762 1390/30/762 1415/30/762
f 1355/31/763 1376/31/763 1412/31/763 1391/31/763
f 1360/30/764 1385/30/764 1421/30/764 1396/30/764
f 1371/31/765 1359/31/765 1395/31/765 1407/31/765
f 1380/30/766 1356/30/766 1392/30/766 1416/30/766
f 1353/31/767 1377/31/767 1413/31/767 1389/31/767
f 1362/30/768 1386/30/768 1422/30/768 1398/30/768
f 1273/30/706 1271/30/706 1453/30/706 1472/30/706
f 1494/30/706 1487/30/706 1452/30/706 1473/30/706
f 1512/30/706 1505/30/706 1451/30/706 1474/30/706
f 1263/30/730 1261/30/730 1450/30/730 1469/30/730
f 1493/30/730 1486/30/730 1449/30/730 1470/30/730
f 1511/30/730 1504/30/730 1448/30/730 1471/30/730
f 1253/30/704 1251/30/704 1447/30/704 1466/30/704
f 1492/30/704 1485/30/704 1446/30/704 1467/30/704
f 1510/30/704 1503/30/704 1445/30/704 1468/30/704
f 1277/30/703 1275/30/703 1444/30/703 1463/30/703
f 1491/30/703 1484/30/703 1443/30/703 1464/30/703
f 1509/30/703 1502/30/703 1442/30/703 1465/30/703
f 1267/30/729 1265/30/729 1441/30/729 1460/30/729
f 1490/30/729 1483/30/729 1440/30/729 1461/30/729
f 1508/30/729 1501/30/729 1439/30/729 1462/30/729
f 1257/30/701 1255/30/701 1438/30/701 1457/30/701
f 1489/30/701 1482/30/701 1437/30/701 1458/30/701
f 1507/30/701 1500/30/701 1436/30/701 1459/30/701
f 1245/30/728 1279/30/728 1435/30/728 1475/30/728
f 1495/30/728 1481/30/728 1434/30/728 1476/30/728
f 1513/30/728 1499/30/728 1433/30/728 1477/30/728
f 1271/30/699 1269/30/699 1432/30/699 1453/30/699
f 1487/30/727 1480/30/727 1431/30/727 1452/30/727
f 1505/30/699 1498/30/699 1430/30/699 1451/30/699
f 1247/30/698 1245/30/698 1475/30/698 1454/30/698
f 1488/30/698 1495/30/698 1476/30/698 1455/30/698
f 1506/30/698 1513/30/698 1477/30/698 1456/30/698
f 1261/30/697 1259/30/697 1429/30/697 1450/30/697
f 1486/30/697 1479/30/697 1428/30/697 1449/30/697
f 1504/30/697 1497/30/697 1427/30/697 1448/30/697
f 1251/30/696 1249/30/696 1426/30/696 1447/30/696
f 1485/30/696 1478/30/696 1425/30/696 1446/30/696
f 1503/30/696 1496/30/696 1424/30/696 1445/30/696
f 1275/30/695 1273/30/695 1472/30/695 1444/30/695
f 1484/30/695 1494/30/695 1473/30/695 1443/30/695
f 1502/30/695 1512/30/695 1474/30/695 1442/30/695
f 1265/30/694 1263/30/694 1469/30/694 1441/30/694
f 1483/30/694 1493/30/694 1470/30/694 1440/30/694
f 1501/30/694 1511/30/694 1471/30/694 1439/30/694
f 1255/30/693 1253/30/693 1466/30/693 1438/30/693
f 1482/30/693 1492/30/693 1467/30/693 1437/30/693
f 1500/30/693 1510/30/693 1468/30/693 1436/30/693
f 1279/30/692 1277/30/692 1463/30/692 1435/30/692
f 1481/30/769 1491/30/769 1464/30/769 1434/30/769
f 1499/30/769 1509/30/769 1465/30/769 1433/30/769
f 1269/30/691 1267/30/691 1460/30/691 1432/30/691
f 1480/30/691 1490/30/691 1461/30/691 1431/30/691
f 1498/30/691 1508/30/691 1462/30/691 1430/30/691
f 1259/30/690 1257/30/690 1457/30/690 1429/30/690
f 1479/30/770 1489/30/770 1458/30/770 1428/30/770
f 1497/30/690 1507/30/690 1459/30/690 1427/30/690
f 1249/30/686 1247/30/686 1454/30/686 1426/30/686
f 1478/30/686 1488/30/686 1455/30/686 1425/30/686
f 1496/30/726 1506/30/726 1456/30/726 1424/30/726
f 1426/34/686 1454/34/686 1488/34/686 1478/34/686
f 1429/34/690 1457/34/690 1489/34/690 1479/34/690
f 1432/34/691 1460/34/691 1490/34/691 1480/34/691
f 1435/34/769 1463/34/769 1491/34/769 1481/34/769
f 1438/34/693 1466/34/693 1492/34/693 1482/34/693
f 1441/34/694 1469/34/694 1493/34/694 1483/34/694
f 1444/34/695 1472/34/695 1494/34/695 1484/34/695
f 1447/34/696 1426/34/696 1478/34/696 1485/34/696
f 1450/34/697 1429/34/697 1479/34/697 1486/34/697
f 1454/34/698 1475/34/698 1495/34/698 1488/34/698
f 1453/34/699 1432/34/699 1480/34/699 1487/34/699
f 1475/34/728 1435/34/728 1481/34/728 1495/34/728
f 1457/34/701 1438/34/701 1482/34/701 1489/34/701
f 1460/34/702 1441/34/702 1483/34/702 1490/34/702
f 1463/34/703 1444/34/703 1484/34/703 1491/34/703
f 1466/34/704 1447/34/704 1485/34/704 1492/34/704
f 1469/34/730 1450/34/730 1486/34/730 1493/34/730
f 1472/34/706 1453/34/706 1487/34/706 1494/34/706
f 1425/34/686 1455/34/686 1506/34/686 1496/34/686
f 1428/34/690 1458/34/690 1507/34/690 1497/34/690
f 1431/34/691 1461/34/691 1508/34/691 1498/34/691
f 1434/34/692 1464/34/692 1509/34/692 1499/34/692
f 1437/34/693 1467/34/693 1510/34/693 1500/34/693
f 1440/34/694 1470/34/694 1511/34/694 1501/34/694
f 1443/34/695 1473/34/695 1512/34/695 1502/34/695
f 1446/34/696 1425/34/696 1496/34/696 1503/34/696
f 1449/34/697 1428/34/697 1497/34/697 1504/34/697
f 1455/34/698 1476/34/698 1513/34/698 1506/34/698
f 1452/34/699 1431/34/699 1498/34/699 1505/34/699
f 1476/34/728 1434/34/728 1499/34/728 1513/34/728
f 1458/34/701 1437/34/701 1500/34/701 1507/34/701
f 1461/34/729 1440/34/729 1501/34/729 1508/34/729
f 1464/34/703 1443/34/703 1502/34/703 1509/34/703
f 1467/34/704 1446/34/704 1503/34/704 1510/34/704
f 1470/34/730 1449/34/730 1504/34/730 1511/34/730
f 1473/34/706 1452/34/706 1505/34/706 1512/34/706
f 1278/30/688 1778/30/688 1779/30/688 1244/30/688
f 1276/30/750 1780/30/750 1778/30/750 1278/30/750
f 1274/30/685 1781/30/685 1780/30/685 1276/30/685
f 1272/30/684 1782/30/684 1781/30/684 1274/30/684
f 1270/30/683 1783/30/683 1782/30/683 1272/30/683
f 1268/30/682 1784/30/682 1783/30/682 1270/30/682
f 1266/30/681 1785/30/681 1784/30/681 1268/30/681
f 1264/30/680 1786/30/680 1785/30/680 1266/30/680
f 1262/30/679 1787/30/679 1786/30/679 1264/30/679
f 1260/30/678 1788/30/678 1787/30/678 1262/30/678
f 1258/30/771 1789/30/771 1788/30/771 1260/30/771
f 1256/30/676 1790/30/676 1789/30/676 1258/30/676
f 1254/30/675 1791/30/675 1790/30/675 1256/30/675
f 1252/30/670 1792/30/670 1791/30/670 1254/30/670
f 1250/30/674 1793/30/674 1792/30/674 1252/30/674
f 1248/30/673 1794/30/673 1793/30/673 1250/30/673
f 1246/30/672 1795/30/672 1794/30/672 1248/30/672
f 1244/30/671 1779/30/671 1795/30/671 1246/30/671
f 1523/35/772 1522/35/772 1829/35/772 1831/35/772
f 1801/35/773 1800/35/773 1840/35/773 1838/35/773
f 1532/35/774 1813/35/774 1814/35/774 1849/35/774
f 1524/35/775 1523/35/775 1831/35/775 1833/35/775
f 1800/35/776 1799/35/776 1842/35/776 1840/35/776
f 1813/35/777 1812/35/777 1816/35/777 1814/35/777
f 1525/35/778 1524/35/778 1833/35/778 1835/35/778
f 1799/35/779 1798/35/779 1844/35/779 1842/35/779
f 1812/35/780 1811/35/780 1818/35/780 1816/35/780
f 1526/35/781 1525/35/781 1835/35/781 1837/35/781
f 1798/35/782 1796/35/782 1846/35/782 1844/35/782
f 1811/35/783 1810/35/783 1820/35/783 1818/35/783
f 1527/35/784 1526/35/784 1837/35/784 1839/35/784
f 1796/35/785 1532/35/785 1849/35/785 1846/35/785
f 1810/35/786 1809/35/786 1822/35/786 1820/35/786
f 1528/35/787 1527/35/787 1839/35/787 1841/35/787
f 1515/35/788 1514/35/788 1848/35/788 1815/35/788
f 1809/35/789 1808/35/789 1824/35/789 1822/35/789
f 1311/36/683 1312/36/683 1564/36/683 1563/36/683
f 1304/36/676 1305/36/676 1557/36/676 1556/36/676
f 1312/36/684 1313/36/684 1565/36/684 1564/36/684
f 1305/36/771 1306/36/771 1558/36/771 1557/36/771
f 1298/36/671 1299/36/671 1551/36/671 1550/36/671
f 1313/36/685 1314/36/685 1566/36/685 1565/36/685
f 1306/36/678 1307/36/678 1559/36/678 1558/36/678
f 1299/36/672 1300/36/672 1552/36/672 1551/36/672
f 1314/36/750 1315/36/750 1567/36/750 1566/36/750
f 1307/36/679 1308/36/679 1560/36/679 1559/36/679
f 1300/36/673 1301/36/673 1553/36/673 1552/36/673
f 1315/36/688 1298/36/688 1550/36/688 1567/36/688
f 1308/36/680 1309/36/680 1561/36/680 1560/36/680
f 1301/36/674 1302/36/674 1554/36/674 1553/36/674
f 1309/36/681 1310/36/681 1562/36/681 1561/36/681
f 1302/36/670 1303/36/670 1555/36/670 1554/36/670
f 1310/36/682 1311/36/682 1563/36/682 1562/36/682
f 1303/36/675 1304/36/675 1556/36/675 1555/36/675
f 1556/30/790 1557/30/790 1575/30/790 1574/30/790
f 1564/30/791 1565/30/791 1583/30/791 1582/30/791
f 1557/30/792 1558/30/792 1576/30/792 1575/30/792
f 1550/30/793 1551/30/793 1569/30/793 1568/30/793
f 1565/30/794 1566/30/794 1584/30/794 1583/30/794
f 1558/30/795 1559/30/795 1577/30/795 1576/30/795
f 1551/30/796 1552/30/796 1570/30/796 1569/30/796
f 1566/30/797 1567/30/797 1585/30/797 1584/30/797
f 1559/30/798 1560/30/798 1578/30/798 1577/30/798
f 1552/30/799 1553/30/799 1571/30/799 1570/30/799
f 1567/30/800 1550/30/800 1568/30/800 1585/30/800
f 1560/30/801 1561/30/801 1579/30/801 1578/30/801
f 1553/30/802 1554/30/802 1572/30/802 1571/30/802
f 1561/30/803 1562/30/803 1580/30/803 1579/30/803
f 1554/30/804 1555/30/804 1573/30/804 1572/30/804
f 1562/30/805 1563/30/805 1581/30/805 1580/30/805
f 1555/30/806 1556/30/806 1574/30/806 1573/30/806
f 1563/30/807 1564/30/807 1582/30/807 1581/30/807
f 1575/37/771 1576/37/771 1612/37/771 1611/37/771
f 1568/37/671 1569/37/671 1605/37/671 1604/37/671
f 1583/37/685 1584/37/685 1620/37/685 1619/37/685
f 1572/30/808 1608/30/808 1647/30/808 1641/30/808
f 1569/37/672 1570/37/672 1606/37/672 1605/37/672
f 1620/30/809 1584/30/809 1644/30/809 1650/30/809
f 1577/37/679 1578/37/679 1614/37/679 1613/37/679
f 1570/37/673 1571/37/673 1607/37/673 1606/37/673
f 1585/37/688 1568/37/688 1604/37/688 1621/37/688
f 1578/37/680 1579/37/680 1615/37/680 1614/37/680
f 1576/30/810 1577/30/810 1643/30/810 1642/30/810
f 1579/37/681 1580/37/681 1616/37/681 1615/37/681
f 1572/37/670 1573/37/670 1609/37/670 1608/37/670
f 1580/37/682 1581/37/682 1617/37/682 1616/37/682
f 1573/37/675 1574/37/675 1610/37/675 1609/37/675
f 1581/37/683 1582/37/683 1618/37/683 1617/37/683
f 1574/37/676 1575/37/676 1611/37/676 1610/37/676
f 1582/37/684 1583/37/684 1619/37/684 1618/37/684
f 1602/38/677 1603/39/677 1639/39/677 1638/38/677
f 1600/39/811 1599/39/811 1683/39/811 1684/39/811
f 1612/30/812 1613/30/812 1661/30/812 1660/30/812
f 1599/39/813 1598/40/813 1682/40/813 1683/39/813
f 1611/30/814 1612/30/814 1660/30/814 1659/30/814
f 1598/40/815 1597/38/815 1681/38/815 1682/40/815
f 1610/30/816 1611/30/816 1659/30/816 1658/30/816
f 1597/38/817 1596/40/817 1680/40/817 1681/38/817
f 1609/30/818 1610/30/818 1658/30/818 1657/30/818
f 1596/40/819 1595/38/819 1679/38/819 1680/40/819
f 1608/30/820 1609/30/820 1657/30/820 1656/30/820
f 1595/38/821 1594/38/821 1678/38/821 1679/38/821
f 1621/30/822 1604/30/822 1652/30/822 1669/30/822
f 1607/30/823 1608/30/823 1656/30/823 1655/30/823
f 1594/38/824 1593/41/824 1677/41/824 1678/38/824
f 1620/30/825 1621/30/825 1669/30/825 1668/30/825
f 1606/30/826 1607/30/826 1655/30/826 1654/30/826
f 1593/41/827 1592/40/827 1676/40/827 1677/41/827
f 1619/30/828 1620/30/828 1668/30/828 1667/30/828
f 1622/40/829 1623/39/829 1624/41/829 1625/38/829 1626/41/829 1627/38/829 1628/40/829 1629/41/829 1630/38/829 1631/38/829 1632/40/829 1633/38/829 1634/40/829 1635/39/829 1636/39/829 1637/39/829 1638/38/829 1639/39/829
f 1595/38/671 1596/40/671 1632/40/671 1631/38/671
f 1588/41/681 1589/38/681 1625/38/681 1624/41/681
f 1603/39/678 1586/40/678 1622/40/678 1639/39/678
f 1596/40/672 1597/38/672 1633/38/672 1632/40/672
f 1589/38/682 1590/41/682 1626/41/682 1625/38/682
f 1597/38/673 1598/40/673 1634/40/673 1633/38/673
f 1590/41/683 1591/38/683 1627/38/683 1626/41/683
f 1598/40/674 1599/39/674 1635/39/674 1634/40/674
f 1591/38/684 1592/40/684 1628/40/684 1627/38/684
f 1599/39/670 1600/39/670 1636/39/670 1635/39/670
f 1592/40/830 1593/41/830 1629/41/830 1628/40/830
f 1600/39/675 1601/39/675 1637/39/675 1636/39/675
f 1593/41/687 1594/38/687 1630/38/687 1629/41/687
f 1586/40/679 1587/39/679 1623/39/679 1622/40/679
f 1601/39/676 1602/38/676 1638/38/676 1637/39/676
f 1594/38/688 1595/38/688 1631/38/688 1630/38/688
f 1587/39/680 1588/41/680 1624/41/680 1623/39/680
f 1642/30/670 1643/30/670 1649/30/670 1648/30/670
f 1644/30/683 1645/30/683 1651/30/683 1650/30/683
f 1640/30/831 1641/30/831 1647/30/831 1646/30/831
f 1608/30/832 1607/30/832 1646/30/832 1647/30/832
f 1577/30/833 1613/30/833 1649/30/833 1643/30/833
f 1584/30/834 1585/30/834 1645/30/834 1644/30/834
f 1607/30/835 1571/30/835 1640/30/835 1646/30/835
f 1571/30/836 1572/30/836 1641/30/836 1640/30/836
f 1613/30/837 1612/30/837 1648/30/837 1649/30/837
f 1612/30/838 1576/30/838 1642/30/838 1648/30/838
f 1585/30/839 1621/30/839 1651/30/839 1645/30/839
f 1621/30/840 1620/30/840 1650/30/840 1651/30/840
f 1671/32/829 1670/30/829 1652/30/829 1653/30/829
f 1672/42/829 1671/32/829 1653/30/829 1654/30/829
f 1673/30/829 1672/42/829 1654/30/829 1655/30/829
f 1674/42/829 1673/30/829 1655/30/829 1656/30/829
f 1675/30/829 1674/42/829 1656/30/829 1657/30/829
f 1676/30/829 1675/30/829 1657/30/829 1658/30/829
f 1677/42/829 1676/30/829 1658/30/829 1659/30/829
f 1678/30/829 1677/42/829 1659/30/829 1660/30/829
f 1679/30/829 1678/30/829 1660/30/829 1661/30/829
f 1680/30/829 1679/30/829 1661/30/829 1662/30/829
f 1681/30/829 1680/30/829 1662/30/829 1663/30/829
f 1682/30/829 1681/30/829 1663/30/829 1664/30/829
f 1683/32/829 1682/30/829 1664/30/829 1665/30/829
f 1684/32/829 1683/32/829 1665/30/829 1666/30/829
f 1685/32/829 1684/32/829 1666/30/829 1667/30/829
f 1686/43/829 1685/32/829 1667/30/829 1668/30/829
f 1687/32/829 1686/43/829 1668/30/829 1669/30/829
f 1670/30/829 1687/32/829 1669/30/829 1652/30/829
f 1613/30/841 1614/30/841 1662/30/841 1661/30/841
f 1587/39/842 1586/40/842 1670/40/842 1671/39/842
f 1601/39/843 1600/39/843 1684/39/843 1685/39/843
f 1614/30/844 1615/30/844 1663/30/844 1662/30/844
f 1588/41/845 1587/39/845 1671/39/845 1672/41/845
f 1602/38/846 1601/39/846 1685/39/846 1686/38/846
f 1615/30/847 1616/30/847 1664/30/847 1663/30/847
f 1589/38/848 1588/41/848 1672/41/848 1673/38/848
f 1603/39/849 1602/38/849 1686/38/849 1687/39/849
f 1616/30/850 1617/30/850 1665/30/850 1664/30/850
f 1590/41/851 1589/38/851 1673/38/851 1674/41/851
f 1586/40/852 1603/39/852 1687/39/852 1670/40/852
f 1617/30/853 1618/30/853 1666/30/853 1665/30/853
f 1591/38/854 1590/41/854 1674/41/854 1675/38/854
f 1604/30/855 1605/30/855 1653/30/855 1652/30/855
f 1618/30/856 1619/30/856 1667/30/856 1666/30/856
f 1592/40/857 1591/38/857 1675/38/857 1676/40/857
f 1605/30/858 1606/30/858 1654/30/858 1653/30/858
f 1320/44/681 1321/44/681 1762/45/681 1698/45/681
f 1698/32/681 1762/32/681 1761/32/681 1699/32/681
f 1699/45/681 1761/45/681 1760/44/681 1700/45/681
f 1700/32/681 1760/30/681 1759/30/681 1701/32/681
f 1701/45/681 1759/44/681 1758/45/681 1702/45/681
f 1331/44/678 1326/44/678 1777/45/678 1763/45/678
f 1763/32/678 1777/32/678 1776/32/678 1764/30/678
f 1764/44/678 1776/46/678 1775/47/678 1765/44/678
f 1765/30/678 1775/30/678 1774/30/678 1766/32/678
f 1766/48/678 1774/47/678 1773/45/678 1767/45/678
f 1322/44/687 1323/44/687 1752/45/687 1718/45/687
f 1718/32/750 1752/32/750 1751/32/750 1719/30/750
f 1719/44/687 1751/45/687 1750/45/687 1720/44/687
f 1720/30/687 1750/32/687 1749/32/687 1721/32/687
f 1721/49/687 1749/45/687 1748/45/687 1722/45/687
f 1333/44/683 1328/44/683 1772/45/683 1753/45/683
f 1753/32/683 1772/32/683 1771/32/683 1754/32/683
f 1754/45/683 1771/46/683 1770/47/683 1755/45/683
f 1755/32/683 1770/30/683 1769/30/683 1756/32/683
f 1756/45/683 1769/47/683 1768/45/683 1757/45/683
f 1324/44/670 1325/44/670 1692/50/670 1738/45/670
f 1738/32/670 1692/30/670 1691/32/670 1739/32/670
f 1739/45/670 1691/45/670 1690/51/670 1740/45/670
f 1740/32/670 1690/30/670 1689/30/670 1741/32/670
f 1741/48/670 1689/51/670 1688/46/670 1742/47/670
f 1326/44/679 1327/44/679 1697/45/679 1777/45/679
f 1777/32/679 1697/32/679 1696/32/679 1776/32/679
f 1776/46/679 1696/45/679 1695/45/679 1775/47/679
f 1775/30/679 1695/32/679 1694/32/679 1774/30/679
f 1774/47/679 1694/45/679 1693/45/679 1773/45/679
f 1328/44/684 1329/44/684 1717/48/684 1772/45/684
f 1772/32/684 1717/32/684 1716/32/684 1771/32/684
f 1771/46/684 1716/45/684 1715/45/684 1770/47/684
f 1770/30/684 1715/32/684 1714/32/684 1769/30/684
f 1769/47/859 1714/45/859 1713/45/859 1768/45/859
f 1317/44/673 1330/44/673 1737/45/673 1708/45/673
f 1708/32/673 1737/32/673 1736/32/673 1709/32/673
f 1709/45/673 1736/45/673 1735/45/673 1710/45/673
f 1710/32/673 1735/32/673 1734/32/673 1711/32/673
f 1711/48/673 1734/45/673 1733/45/673 1712/46/673
f 1330/44/674 1324/44/674 1738/45/674 1737/45/674
f 1737/32/674 1738/32/674 1739/32/674 1736/32/674
f 1736/45/674 1739/45/674 1740/45/674 1735/45/674
f 1735/32/674 1740/32/674 1741/32/674 1734/32/674
f 1734/45/674 1741/48/674 1742/47/674 1733/45/674
f 1318/44/676 1319/44/676 1728/48/676 1727/45/676
f 1727/32/676 1728/32/676 1729/30/676 1726/32/676
f 1726/45/676 1729/47/676 1730/47/676 1725/51/676
f 1725/30/676 1730/30/676 1731/32/676 1724/30/676
f 1724/51/676 1731/45/676 1732/47/676 1723/45/676
f 1329/44/685 1322/44/685 1718/45/685 1717/48/685
f 1717/32/860 1718/32/860 1719/30/860 1716/32/860
f 1716/45/685 1719/44/685 1720/44/685 1715/45/685
f 1715/32/685 1720/30/685 1721/32/685 1714/32/685
f 1714/45/685 1721/49/685 1722/45/685 1713/45/685
f 1316/44/672 1317/44/672 1708/45/672 1707/45/672
f 1707/32/672 1708/32/672 1709/32/672 1706/32/672
f 1706/45/861 1709/45/861 1710/45/861 1705/44/861
f 1705/30/672 1710/32/672 1711/32/672 1704/30/672
f 1704/44/672 1711/48/672 1712/46/672 1703/45/672
f 1327/44/680 1320/44/680 1698/45/680 1697/45/680
f 1697/32/724 1698/32/724 1699/32/724 1696/32/724
f 1696/45/680 1699/45/680 1700/45/680 1695/45/680
f 1695/32/680 1700/32/680 1701/32/680 1694/32/680
f 1694/45/680 1701/45/680 1702/45/680 1693/45/680
f 1325/44/675 1318/44/675 1727/45/675 1692/50/675
f 1692/30/675 1727/32/675 1726/32/675 1691/32/675
f 1691/45/675 1726/45/675 1725/51/675 1690/51/675
f 1690/30/675 1725/30/675 1724/30/675 1689/30/675
f 1689/51/675 1724/51/675 1723/45/675 1688/46/675
f 1323/44/688 1332/44/688 1743/45/688 1752/45/688
f 1752/32/688 1743/32/688 1744/30/688 1751/32/688
f 1751/45/688 1744/51/688 1745/51/688 1750/45/688
f 1750/32/688 1745/30/688 1746/30/688 1749/32/688
f 1749/45/688 1746/50/688 1747/45/688 1748/45/688
f 1321/44/682 1333/44/682 1753/45/682 1762/45/682
f 1762/32/682 1753/32/682 1754/32/682 1761/32/682
f 1761/45/682 1754/45/682 1755/45/682 1760/44/682
f 1760/30/682 1755/32/682 1756/32/682 1759/30/682
f 1759/44/682 1756/45/682 1757/45/682 1758/45/682
f 1332/44/671 1316/44/671 1707/45/671 1743/45/671
f 1743/32/671 1707/32/671 1706/32/671 1744/30/671
f 1744/51/671 1706/45/671 1705/44/671 1745/51/671
f 1745/30/671 1705/30/671 1704/30/671 1746/30/671
f 1746/50/671 1704/44/671 1703/45/671 1747/45/671
f 1319/44/677 1331/44/677 1763/45/677 1728/48/677
f 1728/32/771 1763/32/771 1764/30/771 1729/30/771
f 1729/47/771 1764/44/771 1765/44/771 1730/47/771
f 1730/30/677 1765/30/677 1766/32/677 1731/32/677
f 1731/45/677 1766/48/677 1767/45/677 1732/47/677
f 1531/52/688 1514/53/688 1779/53/688 1778/53/688
f 1530/53/750 1531/52/750 1778/53/750 1780/53/750
f 1529/53/685 1530/53/685 1780/53/685 1781/53/685
f 1528/53/684 1529/53/684 1781/53/684 1782/53/684
f 1527/53/683 1528/53/683 1782/53/683 1783/53/683
f 1526/53/682 1527/53/682 1783/53/682 1784/53/682
f 1525/53/681 1526/53/681 1784/53/681 1785/53/681
f 1524/52/680 1525/53/680 1785/53/680 1786/53/680
f 1523/53/679 1524/52/679 1786/53/679 1787/53/679
f 1522/52/678 1523/53/678 1787/53/678 1788/53/678
f 1521/53/677 1522/52/677 1788/53/677 1789/53/677
f 1520/53/676 1521/53/676 1789/53/676 1790/53/676
f 1519/53/675 1520/53/675 1790/53/675 1791/53/675
f 1518/53/670 1519/53/670 1791/53/670 1792/53/670
f 1517/52/674 1518/53/674 1792/53/674 1793/53/674
f 1516/53/673 1517/52/673 1793/53/673 1794/53/673
f 1515/52/672 1516/53/672 1794/53/672 1795/53/672
f 1514/53/671 1515/52/671 1795/53/671 1779/53/671
f 1532/52/688 1796/52/688 1549/53/688 1797/53/688
f 1796/52/687 1798/53/687 1548/53/687 1549/53/687
f 1798/53/685 1799/53/685 1547/53/685 1548/53/685
f 1799/53/684 1800/53/684 1546/53/684 1547/53/684
f 1800/53/683 1801/53/683 1545/53/683 1546/53/683
f 1801/53/682 1802/53/682 1544/53/682 1545/53/682
f 1802/53/681 1803/53/681 1543/53/681 1544/53/681
f 1803/53/680 1804/52/680 1542/53/680 1543/53/680
f 1804/52/679 1805/53/679 1541/53/679 1542/53/679
f 1805/53/678 1806/52/678 1540/53/678 1541/53/678
f 1806/52/771 1807/53/771 1539/53/771 1540/53/771
f 1807/53/676 1808/53/676 1538/53/676 1539/53/676
f 1808/53/675 1809/53/675 1537/53/675 1538/53/675
f 1809/53/670 1810/53/670 1536/53/670 1537/53/670
f 1810/53/674 1811/52/674 1535/53/674 1536/53/674
f 1811/52/673 1812/53/673 1534/53/673 1535/53/673
f 1812/53/672 1813/52/672 1533/53/672 1534/53/672
f 1813/52/671 1532/52/671 1797/53/671 1533/53/671
f 1847/35/688 1846/35/688 1849/35/688 1848/35/688
f 1845/35/687 1844/35/687 1846/35/687 1847/35/687
f 1843/35/685 1842/35/685 1844/35/685 1845/35/685
f 1841/35/684 1840/35/684 1842/35/684 1843/35/684
f 1839/35/683 1838/35/683 1840/35/683 1841/35/683
f 1837/35/682 1836/35/682 1838/35/682 1839/35/682
f 1835/35/681 1834/35/681 1836/35/681 1837/35/681
f 1833/35/680 1832/35/680 1834/35/680 1835/35/680
f 1831/35/679 1830/35/679 1832/35/679 1833/35/679
f 1829/35/678 1828/35/678 1830/35/678 1831/35/678
f 1827/35/771 1826/35/771 1828/35/771 1829/35/771
f 1825/35/676 1824/35/676 1826/35/676 1827/35/676
f 1823/35/675 1822/35/675 1824/35/675 1825/35/675
f 1821/35/670 1820/35/670 1822/35/670 1823/35/670
f 1819/35/674 1818/35/674 1820/35/674 1821/35/674
f 1817/35/673 1816/35/673 1818/35/673 1819/35/673
f 1815/35/672 1814/35/672 1816/35/672 1817/35/672
f 1848/35/671 1849/35/671 1814/35/671 1815/35/671
f 1802/35/862 1801/35/862 1838/35/862 1836/35/862
f 1522/35/863 1521/35/863 1827/35/863 1829/35/863
f 1803/35/864 1802/35/864 1836/35/864 1834/35/864
f 1521/35/865 1520/35/865 1825/35/865 1827/35/865
f 1804/35/866 1803/35/866 1834/35/866 1832/35/866
f 1520/35/867 1519/35/867 1823/35/867 1825/35/867
f 1805/35/868 1804/35/868 1832/35/868 1830/35/868
f 1519/35/869 1518/35/869 1821/35/869 1823/35/869
f 1514/35/870 1531/35/870 1847/35/870 1848/35/870
f 1806/35/871 1805/35/871 1830/35/871 1828/35/871
f 1518/35/872 1517/35/872 1819/35/872 1821/35/872
f 1531/35/873 1530/35/873 1845/35/873 1847/35/873
f 1807/35/874 1806/35/874 1828/35/874 1826/35/874
f 1517/35/875 1516/35/875 1817/35/875 1819/35/875
f 1530/35/876 1529/35/876 1843/35/876 1845/35/876
f 1808/35/877 1807/35/877 1826/35/877 1824/35/877
f 1516/35/878 1515/35/878 1815/35/878 1817/35/878
f 1529/35/879 1528/35/879 1841/35/879 1843/35/879
f 2403/30/671 1851/30/671 1853/30/671 2139/30/671
f 2139/30/672 1853/30/672 1855/30/672 2140/30/672
f 2140/30/673 1855/30/673 1857/30/673 2141/30/673
f 2141/30/674 1857/30/674 1859/30/674 2142/30/674
f 2142/30/670 1859/30/670 1861/30/670 2143/30/670
f 2143/30/675 1861/30/675 1863/30/675 2144/30/675
f 2144/30/676 1863/30/676 1865/30/676 2145/30/676
f 2145/30/771 1865/30/771 1867/30/771 2146/30/771
f 2146/30/678 1867/30/678 1869/30/678 2147/30/678
f 2147/30/679 1869/30/679 1871/30/679 2148/30/679
f 2148/30/680 1871/30/680 1873/30/680 2149/30/680
f 2149/30/681 1873/30/681 1875/30/681 2150/30/681
f 2150/30/682 1875/30/682 1877/30/682 2151/30/682
f 2151/30/683 1877/30/683 1879/30/683 2152/30/683
f 2152/30/684 1879/30/684 1881/30/684 2153/30/684
f 2153/30/685 1881/30/685 1883/30/685 2154/30/685
f 1923/31/686 1922/31/686 1886/31/686 1888/31/686
f 2154/30/687 1883/30/687 1885/30/687 2155/30/687
f 2155/30/688 1885/30/688 1851/30/688 2403/30/688
f 1858/30/689 1860/30/689 1909/30/689 1908/30/689
f 1886/30/93 1887/30/93 1903/30/93 1902/30/93 1901/30/93 1900/30/93 1899/30/93 1898/30/93 1897/30/93 1896/30/93 1895/30/93 1894/30/93 1893/30/93 1892/30/93 1891/30/93 1890/30/93 1889/30/93 1888/30/93
f 1925/31/770 1924/31/770 1892/31/770 1893/31/770
f 1927/31/691 1926/31/691 1897/31/691 1898/31/691
f 1929/31/692 1928/31/692 1902/31/692 1903/31/692
f 1931/31/693 1930/31/693 1890/31/693 1891/31/693
f 1933/31/694 1932/31/694 1895/31/694 1896/31/694
f 1935/31/695 1934/31/695 1900/31/695 1901/31/695
f 1936/31/696 1923/31/696 1888/31/696 1889/31/696
f 1937/31/697 1925/31/697 1893/31/697 1894/31/697
f 1922/31/698 1938/31/698 1887/31/698 1886/31/698
f 1939/31/699 1927/31/699 1898/31/699 1899/31/699
f 1938/31/728 1929/31/728 1903/31/728 1887/31/728
f 1924/31/701 1931/31/701 1891/31/701 1892/31/701
f 1926/31/729 1933/31/729 1896/31/729 1897/31/729
f 1928/31/703 1935/31/703 1901/31/703 1902/31/703
f 1930/31/880 1936/31/880 1889/31/880 1890/31/880
f 1932/31/730 1937/31/730 1894/31/730 1895/31/730
f 1934/31/706 1939/31/706 1899/31/706 1900/31/706
f 1868/30/707 1870/30/707 1914/30/707 1913/30/707
f 1878/30/708 1880/30/708 1919/30/708 1918/30/708
f 1854/30/709 1856/30/709 1907/30/709 1906/30/709
f 1864/30/710 1866/30/710 1912/30/710 1911/30/710
f 1850/30/711 1852/30/711 1905/30/711 1904/30/711
f 1874/30/712 1876/30/712 1917/30/712 1916/30/712
f 1884/30/713 1850/30/713 1904/30/713 1921/30/713
f 1860/30/714 1862/30/714 1910/30/714 1909/30/714
f 1870/30/715 1872/30/715 1915/30/715 1914/30/715
f 1880/30/716 1882/30/716 1920/30/716 1919/30/716
f 1856/30/717 1858/30/717 1908/30/717 1907/30/717
f 1866/30/718 1868/30/718 1913/30/718 1912/30/718
f 1876/30/719 1878/30/719 1918/30/719 1917/30/719
f 1852/30/720 1854/30/720 1906/30/720 1905/30/720
f 1862/30/721 1864/30/721 1911/30/721 1910/30/721
f 1872/30/722 1874/30/722 1916/30/722 1915/30/722
f 1882/30/881 1884/30/881 1921/30/881 1920/30/881
f 1940/30/93 1950/30/93 1958/30/93 1984/30/93
f 2338/30/771 2373/32/771 1975/30/771 1982/30/771
f 1952/30/93 1945/30/93 1989/30/93 1962/30/93
f 2353/32/671 2309/32/671 1959/30/671 1973/30/671
f 1951/30/572 1944/30/572 1988/30/572 1960/30/572
f 2364/32/682 2363/32/682 1974/30/682 1981/30/682
f 1957/30/93 1943/30/93 1987/30/93 1972/30/93
f 2354/32/688 2353/32/688 1973/30/688 1980/30/688
f 1949/30/93 1942/30/93 1986/30/93 1993/30/93
f 2294/32/675 2329/32/675 1961/30/675 1979/30/675
f 1950/30/93 1957/30/93 1972/30/93 1958/30/93
f 2299/32/680 2308/32/680 1963/30/680 1978/30/680
f 1948/30/572 1941/30/572 1985/30/572 1992/30/572
f 2309/32/672 2318/32/672 1983/30/672 1959/30/672
f 2319/32/860 2328/32/860 1965/30/860 1977/30/860
f 1947/30/93 1940/30/93 1984/30/93 1991/30/93
f 2329/32/676 2338/30/676 1982/30/676 1961/30/676
f 2339/32/674 2348/30/674 1967/30/674 1976/30/674
f 2030/30/686 2062/30/686 1950/30/686 1940/30/686
f 2033/30/770 2065/30/770 1951/30/770 1941/30/770
f 2036/30/691 2068/30/691 1952/30/691 1942/30/691
f 2039/30/692 2071/30/692 1953/30/692 1943/30/692
f 2042/30/693 2074/30/693 1954/30/693 1944/30/693
f 2045/30/694 2077/30/694 1955/30/694 1945/30/694
f 2048/30/695 2080/30/695 1956/30/695 1946/30/695
f 2051/30/696 2030/30/696 1940/30/696 1947/30/696
f 2054/30/697 2033/30/697 1941/30/697 1948/30/697
f 2062/30/698 2083/30/698 1957/30/698 1950/30/698
f 2057/30/699 2036/30/699 1942/30/699 1949/30/699
f 2083/30/728 2039/30/728 1943/30/728 1957/30/728
f 2065/30/701 2042/30/701 1944/30/701 1951/30/701
f 2068/30/729 2045/30/729 1945/30/729 1952/30/729
f 2071/30/703 2048/30/703 1946/30/703 1953/30/703
f 2074/30/704 2051/30/704 1947/30/704 1954/30/704
f 2077/30/730 2054/30/730 1948/30/730 1955/30/730
f 2080/30/706 2057/30/706 1949/30/706 1956/30/706
f 1969/31/731 1978/31/731 2014/31/731 2005/31/731
f 1993/30/882 1986/30/882 2022/30/882 2029/30/882
f 1971/31/883 1977/31/883 2013/31/883 2007/31/883
f 1958/30/884 1972/30/884 2008/30/884 1994/30/884
f 1983/31/885 1976/31/885 2012/31/885 2019/31/885
f 1992/30/736 1985/30/736 2021/30/736 2028/30/736
f 1982/31/886 1975/31/886 2011/31/886 2018/31/886
f 1991/30/887 1984/30/887 2020/30/887 2027/30/887
f 1973/31/739 1959/31/739 1995/31/739 2009/31/739
f 1990/30/888 1970/30/888 2006/30/888 2026/30/888
f 1981/31/889 1974/31/889 2010/31/889 2017/31/889
f 1989/30/742 1968/30/742 2004/30/742 2025/30/742
f 1980/31/743 1973/31/743 2009/31/743 2016/31/743
f 1988/30/744 1966/30/744 2002/30/744 2024/30/744
f 1979/31/890 1961/31/890 1997/31/890 2015/31/890
f 1970/30/891 1993/30/891 2029/30/891 2006/30/891
f 1987/30/892 1964/30/892 2000/30/892 2023/30/892
f 1978/31/748 1963/31/748 1999/31/748 2014/31/748
f 1953/30/93 1946/30/93 1990/30/93 1964/30/93
f 2318/32/893 2339/32/893 1976/30/893 1983/30/893
f 1941/30/93 1951/30/93 1960/30/93 1985/30/93
f 1954/30/93 1947/30/93 1991/30/93 1966/30/93
f 2374/32/684 2319/32/684 1977/30/684 1971/30/684
f 1942/30/93 1952/30/93 1962/30/93 1986/30/93
f 1955/30/93 1948/30/93 1992/30/93 1968/30/93
f 2379/32/679 2299/32/679 1978/30/679 1969/30/679
f 1943/30/93 1953/30/93 1964/30/93 1987/30/93
f 1956/30/93 1949/30/93 1993/30/93 1970/30/93
f 2348/30/670 2294/32/670 1979/30/670 1967/30/670
f 1944/30/572 1954/30/572 1966/30/572 1988/30/572
f 2363/32/683 2374/32/683 1971/30/683 1974/30/683
f 2328/32/750 2354/32/750 1980/30/750 1965/30/750
f 1945/30/93 1955/30/93 1968/30/93 1989/30/93
f 2373/32/678 2379/32/678 1969/30/678 1975/30/678
f 2308/32/681 2364/32/681 1981/30/681 1963/30/681
f 1946/30/93 1956/30/93 1970/30/93 1990/30/93
f 2006/33/706 2029/33/706 2010/33/706 2007/33/706
f 2004/33/730 2028/33/730 2011/33/730 2005/33/730
f 2002/33/704 2027/33/704 2012/33/704 2003/33/704
f 2000/33/703 2026/33/703 2013/33/703 2001/33/703
f 1998/33/729 2025/33/729 2014/33/729 1999/33/729
f 1996/33/701 2024/33/701 2015/33/701 1997/33/701
f 2008/33/728 2023/33/728 2016/33/728 2009/33/728
f 2029/33/699 2022/33/699 2017/33/699 2010/33/699
f 1994/33/698 2008/33/698 2009/33/698 1995/33/698
f 2028/33/697 2021/33/697 2018/33/697 2011/33/697
f 2027/33/696 2020/33/696 2019/33/696 2012/33/696
f 2026/33/695 2006/33/695 2007/33/695 2013/33/695
f 2025/33/694 2004/33/694 2005/33/694 2014/33/694
f 2024/33/693 2002/33/693 2003/33/693 2015/33/693
f 2023/33/692 2000/33/692 2001/33/692 2016/33/692
f 2022/33/691 1998/33/691 1999/33/691 2017/33/691
f 2021/33/690 1996/33/690 1997/33/690 2018/33/690
f 2020/33/686 1994/33/686 1995/33/686 2019/33/686
f 1972/30/751 1987/30/751 2023/30/751 2008/30/751
f 1967/31/894 1979/31/894 2015/31/894 2003/31/894
f 1960/30/753 1988/30/753 2024/30/753 1996/30/753
f 1974/31/895 1971/31/895 2007/31/895 2010/31/895
f 1965/31/896 1980/31/896 2016/31/896 2001/31/896
f 1962/30/756 1989/30/756 2025/30/756 1998/30/756
f 1975/31/757 1969/31/757 2005/31/757 2011/31/757
f 1984/30/758 1958/30/758 1994/30/758 2020/30/758
f 1963/31/897 1981/31/897 2017/31/897 1999/31/897
f 1964/30/898 1990/30/898 2026/30/898 2000/30/898
f 1976/31/899 1967/31/899 2003/31/899 2012/31/899
f 1985/30/900 1960/30/900 1996/30/900 2021/30/900
f 1961/31/901 1982/31/901 2018/31/901 1997/31/901
f 1966/30/764 1991/30/764 2027/30/764 2002/30/764
f 1977/31/765 1965/31/765 2001/31/765 2013/31/765
f 1986/30/902 1962/30/902 1998/30/902 2022/30/902
f 1959/31/767 1983/31/767 2019/31/767 1995/31/767
f 1968/30/903 1992/30/903 2028/30/903 2004/30/903
f 1879/30/706 1877/30/706 2059/30/706 2078/30/706
f 2100/30/706 2093/30/706 2058/30/706 2079/30/706
f 2118/30/706 2111/30/706 2057/30/706 2080/30/706
f 1869/30/730 1867/30/730 2056/30/730 2075/30/730
f 2099/30/730 2092/30/730 2055/30/730 2076/30/730
f 2117/30/730 2110/30/730 2054/30/730 2077/30/730
f 1859/30/704 1857/30/704 2053/30/704 2072/30/704
f 2098/30/704 2091/30/704 2052/30/704 2073/30/704
f 2116/30/704 2109/30/704 2051/30/704 2074/30/704
f 1883/30/703 1881/30/703 2050/30/703 2069/30/703
f 2097/30/703 2090/30/703 2049/30/703 2070/30/703
f 2115/30/703 2108/30/703 2048/30/703 2071/30/703
f 1873/30/729 1871/30/729 2047/30/729 2066/30/729
f 2096/30/702 2089/30/702 2046/30/702 2067/30/702
f 2114/30/729 2107/30/729 2045/30/729 2068/30/729
f 1863/30/701 1861/30/701 2044/30/701 2063/30/701
f 2095/30/701 2088/30/701 2043/30/701 2064/30/701
f 2113/30/701 2106/30/701 2042/30/701 2065/30/701
f 1851/30/728 1885/30/728 2041/30/728 2081/30/728
f 2101/30/728 2087/30/728 2040/30/728 2082/30/728
f 2119/30/728 2105/30/728 2039/30/728 2083/30/728
f 1877/30/699 1875/30/699 2038/30/699 2059/30/699
f 2093/30/727 2086/30/727 2037/30/727 2058/30/727
f 2111/30/699 2104/30/699 2036/30/699 2057/30/699
f 1853/30/698 1851/30/698 2081/30/698 2060/30/698
f 2094/30/698 2101/30/698 2082/30/698 2061/30/698
f 2112/30/698 2119/30/698 2083/30/698 2062/30/698
f 1867/30/697 1865/30/697 2035/30/697 2056/30/697
f 2092/30/697 2085/30/697 2034/30/697 2055/30/697
f 2110/30/697 2103/30/697 2033/30/697 2054/30/697
f 1857/30/696 1855/30/696 2032/30/696 2053/30/696
f 2091/30/696 2084/30/696 2031/30/696 2052/30/696
f 2109/30/696 2102/30/696 2030/30/696 2051/30/696
f 1881/30/695 1879/30/695 2078/30/695 2050/30/695
f 2090/30/695 2100/30/695 2079/30/695 2049/30/695
f 2108/30/695 2118/30/695 2080/30/695 2048/30/695
f 1871/30/694 1869/30/694 2075/30/694 2047/30/694
f 2089/30/694 2099/30/694 2076/30/694 2046/30/694
f 2107/30/694 2117/30/694 2077/30/694 2045/30/694
f 1861/30/693 1859/30/693 2072/30/693 2044/30/693
f 2088/30/693 2098/30/693 2073/30/693 2043/30/693
f 2106/30/693 2116/30/693 2074/30/693 2042/30/693
f 1885/30/692 1883/30/692 2069/30/692 2041/30/692
f 2087/30/692 2097/30/692 2070/30/692 2040/30/692
f 2105/30/769 2115/30/769 2071/30/769 2039/30/769
f 1875/30/691 1873/30/691 2066/30/691 2038/30/691
f 2086/30/691 2096/30/691 2067/30/691 2037/30/691
f 2104/30/691 2114/30/691 2068/30/691 2036/30/691
f 1865/30/770 1863/30/770 2063/30/770 2035/30/770
f 2085/30/690 2095/30/690 2064/30/690 2034/30/690
f 2103/30/770 2113/30/770 2065/30/770 2033/30/770
f 1855/30/686 1853/30/686 2060/30/686 2032/30/686
f 2084/30/686 2094/30/686 2061/30/686 2031/30/686
f 2102/30/686 2112/30/686 2062/30/686 2030/30/686
f 2032/34/686 2060/34/686 2094/34/686 2084/34/686
f 2035/34/690 2063/34/690 2095/34/690 2085/34/690
f 2038/34/691 2066/34/691 2096/34/691 2086/34/691
f 2041/34/692 2069/34/692 2097/34/692 2087/34/692
f 2044/34/904 2072/34/904 2098/34/904 2088/34/904
f 2047/34/694 2075/34/694 2099/34/694 2089/34/694
f 2050/34/905 2078/34/905 2100/34/905 2090/34/905
f 2053/34/696 2032/34/696 2084/34/696 2091/34/696
f 2056/34/697 2035/34/697 2085/34/697 2092/34/697
f 2060/34/698 2081/34/698 2101/34/698 2094/34/698
f 2059/34/727 2038/34/727 2086/34/727 2093/34/727
f 2081/34/728 2041/34/728 2087/34/728 2101/34/728
f 2063/34/701 2044/34/701 2088/34/701 2095/34/701
f 2066/34/702 2047/34/702 2089/34/702 2096/34/702
f 2069/34/703 2050/34/703 2090/34/703 2097/34/703
f 2072/34/704 2053/34/704 2091/34/704 2098/34/704
f 2075/34/730 2056/34/730 2092/34/730 2099/34/730
f 2078/34/706 2059/34/706 2093/34/706 2100/34/706
f 2031/34/686 2061/34/686 2112/34/686 2102/34/686
f 2034/34/690 2064/34/690 2113/34/690 2103/34/690
f 2037/34/691 2067/34/691 2114/34/691 2104/34/691
f 2040/34/692 2070/34/692 2115/34/692 2105/34/692
f 2043/34/693 2073/34/693 2116/34/693 2106/34/693
f 2046/34/694 2076/34/694 2117/34/694 2107/34/694
f 2049/34/695 2079/34/695 2118/34/695 2108/34/695
f 2052/34/696 2031/34/696 2102/34/696 2109/34/696
f 2055/34/697 2034/34/697 2103/34/697 2110/34/697
f 2061/34/698 2082/34/698 2119/34/698 2112/34/698
f 2058/34/727 2037/34/727 2104/34/727 2111/34/727
f 2082/34/728 2040/34/728 2105/34/728 2119/34/728
f 2064/34/701 2043/34/701 2106/34/701 2113/34/701
f 2067/34/729 2046/34/729 2107/34/729 2114/34/729
f 2070/34/703 2049/34/703 2108/34/703 2115/34/703
f 2073/34/704 2052/34/704 2109/34/704 2116/34/704
f 2076/34/730 2055/34/730 2110/34/730 2117/34/730
f 2079/34/706 2058/34/706 2111/34/706 2118/34/706
f 1884/30/688 2384/30/688 2385/30/688 1850/30/688
f 1882/30/687 2386/30/687 2384/30/687 1884/30/687
f 1880/30/685 2387/30/685 2386/30/685 1882/30/685
f 1878/30/684 2388/30/684 2387/30/684 1880/30/684
f 1876/30/683 2389/30/683 2388/30/683 1878/30/683
f 1874/30/682 2390/30/682 2389/30/682 1876/30/682
f 1872/30/681 2391/30/681 2390/30/681 1874/30/681
f 1870/30/680 2392/30/680 2391/30/680 1872/30/680
f 1868/30/679 2393/30/679 2392/30/679 1870/30/679
f 1866/30/678 2394/30/678 2393/30/678 1868/30/678
f 1864/30/677 2395/30/677 2394/30/677 1866/30/677
f 1862/30/676 2396/30/676 2395/30/676 1864/30/676
f 1860/30/675 2397/30/675 2396/30/675 1862/30/675
f 1858/30/670 2398/30/670 2397/30/670 1860/30/670
f 1856/30/674 2399/30/674 2398/30/674 1858/30/674
f 1854/30/673 2400/30/673 2399/30/673 1856/30/673
f 1852/30/672 2401/30/672 2400/30/672 1854/30/672
f 1850/30/671 2385/30/671 2401/30/671 1852/30/671
f 2129/35/772 2128/35/772 2435/35/772 2437/35/772
f 2407/35/773 2406/35/773 2446/35/773 2444/35/773
f 2138/35/774 2419/35/774 2420/35/774 2455/35/774
f 2130/35/775 2129/35/775 2437/35/775 2439/35/775
f 2406/35/776 2405/35/776 2448/35/776 2446/35/776
f 2419/35/906 2418/35/906 2422/35/906 2420/35/906
f 2131/35/778 2130/35/778 2439/35/778 2441/35/778
f 2405/35/779 2404/35/779 2450/35/779 2448/35/779
f 2418/35/780 2417/35/780 2424/35/780 2422/35/780
f 2132/35/781 2131/35/781 2441/35/781 2443/35/781
f 2404/35/782 2402/35/782 2452/35/782 2450/35/782
f 2417/35/783 2416/35/783 2426/35/783 2424/35/783
f 2133/35/784 2132/35/784 2443/35/784 2445/35/784
f 2402/35/785 2138/35/785 2455/35/785 2452/35/785
f 2416/35/907 2415/35/907 2428/35/907 2426/35/907
f 2134/35/908 2133/35/908 2445/35/908 2447/35/908
f 2121/35/788 2120/35/788 2454/35/788 2421/35/788
f 2415/35/909 2414/35/909 2430/35/909 2428/35/909
f 1917/36/683 1918/36/683 2170/36/683 2169/36/683
f 1910/36/676 1911/36/676 2163/36/676 2162/36/676
f 1918/36/684 1919/36/684 2171/36/684 2170/36/684
f 1911/36/771 1912/36/771 2164/36/771 2163/36/771
f 1904/36/671 1905/36/671 2157/36/671 2156/36/671
f 1919/36/685 1920/36/685 2172/36/685 2171/36/685
f 1912/36/678 1913/36/678 2165/36/678 2164/36/678
f 1905/36/672 1906/36/672 2158/36/672 2157/36/672
f 1920/36/750 1921/36/750 2173/36/750 2172/36/750
f 1913/36/679 1914/36/679 2166/36/679 2165/36/679
f 1906/36/673 1907/36/673 2159/36/673 2158/36/673
f 1921/36/688 1904/36/688 2156/36/688 2173/36/688
f 1914/36/680 1915/36/680 2167/36/680 2166/36/680
f 1907/36/674 1908/36/674 2160/36/674 2159/36/674
f 1915/36/681 1916/36/681 2168/36/681 2167/36/681
f 1908/36/670 1909/36/670 2161/36/670 2160/36/670
f 1916/36/682 1917/36/682 2169/36/682 2168/36/682
f 1909/36/675 1910/36/675 2162/36/675 2161/36/675
f 2162/30/910 2163/30/910 2181/30/910 2180/30/910
f 2170/30/791 2171/30/791 2189/30/791 2188/30/791
f 2163/30/792 2164/30/792 2182/30/792 2181/30/792
f 2156/30/793 2157/30/793 2175/30/793 2174/30/793
f 2171/30/794 2172/30/794 2190/30/794 2189/30/794
f 2164/30/795 2165/30/795 2183/30/795 2182/30/795
f 2157/30/796 2158/30/796 2176/30/796 2175/30/796
f 2172/30/797 2173/30/797 2191/30/797 2190/30/797
f 2165/30/798 2166/30/798 2184/30/798 2183/30/798
f 2158/30/799 2159/30/799 2177/30/799 2176/30/799
f 2173/30/800 2156/30/800 2174/30/800 2191/30/800
f 2166/30/801 2167/30/801 2185/30/801 2184/30/801
f 2159/30/802 2160/30/802 2178/30/802 2177/30/802
f 2167/30/803 2168/30/803 2186/30/803 2185/30/803
f 2160/30/804 2161/30/804 2179/30/804 2178/30/804
f 2168/30/805 2169/30/805 2187/30/805 2186/30/805
f 2161/30/806 2162/30/806 2180/30/806 2179/30/806
f 2169/30/807 2170/30/807 2188/30/807 2187/30/807
f 2181/37/771 2182/37/771 2218/37/771 2217/37/771
f 2174/37/671 2175/37/671 2211/37/671 2210/37/671
f 2189/37/685 2190/37/685 2226/37/685 2225/37/685
f 2178/30/808 2214/30/808 2253/30/808 2247/30/808
f 2175/37/672 2176/37/672 2212/37/672 2211/37/672
f 2226/30/809 2190/30/809 2250/30/809 2256/30/809
f 2183/37/679 2184/37/679 2220/37/679 2219/37/679
f 2176/37/673 2177/37/673 2213/37/673 2212/37/673
f 2191/37/688 2174/37/688 2210/37/688 2227/37/688
f 2184/37/680 2185/37/680 2221/37/680 2220/37/680
f 2182/30/810 2183/30/810 2249/30/810 2248/30/810
f 2185/37/681 2186/37/681 2222/37/681 2221/37/681
f 2178/37/670 2179/37/670 2215/37/670 2214/37/670
f 2186/37/682 2187/37/682 2223/37/682 2222/37/682
f 2179/37/675 2180/37/675 2216/37/675 2215/37/675
f 2187/37/683 2188/37/683 2224/37/683 2223/37/683
f 2180/37/676 2181/37/676 2217/37/676 2216/37/676
f 2188/37/684 2189/37/684 2225/37/684 2224/37/684
f 2208/38/677 2209/39/677 2245/39/677 2244/38/677
f 2206/39/811 2205/39/811 2289/39/811 2290/39/811
f 2218/30/812 2219/30/812 2267/30/812 2266/30/812
f 2205/39/813 2204/40/813 2288/40/813 2289/39/813
f 2217/30/814 2218/30/814 2266/30/814 2265/30/814
f 2204/40/815 2203/38/815 2287/38/815 2288/40/815
f 2216/30/816 2217/30/816 2265/30/816 2264/30/816
f 2203/38/911 2202/40/911 2286/40/911 2287/38/911
f 2215/30/912 2216/30/912 2264/30/912 2263/30/912
f 2202/40/819 2201/38/819 2285/38/819 2286/40/819
f 2214/30/820 2215/30/820 2263/30/820 2262/30/820
f 2201/38/821 2200/38/821 2284/38/821 2285/38/821
f 2227/30/822 2210/30/822 2258/30/822 2275/30/822
f 2213/30/823 2214/30/823 2262/30/823 2261/30/823
f 2200/38/824 2199/41/824 2283/41/824 2284/38/824
f 2226/30/825 2227/30/825 2275/30/825 2274/30/825
f 2212/30/913 2213/30/913 2261/30/913 2260/30/913
f 2199/41/914 2198/40/914 2282/40/914 2283/41/914
f 2225/30/828 2226/30/828 2274/30/828 2273/30/828
f 2228/40/829 2229/39/829 2230/41/829 2231/38/829 2232/41/829 2233/38/829 2234/40/829 2235/41/829 2236/38/829 2237/38/829 2238/40/829 2239/38/829 2240/40/829 2241/39/829 2242/39/829 2243/39/829 2244/38/829 2245/39/829
f 2201/38/671 2202/40/671 2238/40/671 2237/38/671
f 2194/41/681 2195/38/681 2231/38/681 2230/41/681
f 2209/39/678 2192/40/678 2228/40/678 2245/39/678
f 2202/40/672 2203/38/672 2239/38/672 2238/40/672
f 2195/38/682 2196/41/682 2232/41/682 2231/38/682
f 2203/38/673 2204/40/673 2240/40/673 2239/38/673
f 2196/41/683 2197/38/683 2233/38/683 2232/41/683
f 2204/40/674 2205/39/674 2241/39/674 2240/40/674
f 2197/38/684 2198/40/684 2234/40/684 2233/38/684
f 2205/39/670 2206/39/670 2242/39/670 2241/39/670
f 2198/40/685 2199/41/685 2235/41/685 2234/40/685
f 2206/39/675 2207/39/675 2243/39/675 2242/39/675
f 2199/41/750 2200/38/750 2236/38/750 2235/41/750
f 2192/40/679 2193/39/679 2229/39/679 2228/40/679
f 2207/39/676 2208/38/676 2244/38/676 2243/39/676
f 2200/38/688 2201/38/688 2237/38/688 2236/38/688
f 2193/39/680 2194/41/680 2230/41/680 2229/39/680
f 2248/30/670 2249/30/670 2255/30/670 2254/30/670
f 2250/30/683 2251/30/683 2257/30/683 2256/30/683
f 2246/30/915 2247/30/915 2253/30/915 2252/30/915
f 2214/30/832 2213/30/832 2252/30/832 2253/30/832
f 2183/30/833 2219/30/833 2255/30/833 2249/30/833
f 2190/30/834 2191/30/834 2251/30/834 2250/30/834
f 2213/30/835 2177/30/835 2246/30/835 2252/30/835
f 2177/30/836 2178/30/836 2247/30/836 2246/30/836
f 2219/30/837 2218/30/837 2254/30/837 2255/30/837
f 2218/30/838 2182/30/838 2248/30/838 2254/30/838
f 2191/30/839 2227/30/839 2257/30/839 2251/30/839
f 2227/30/840 2226/30/840 2256/30/840 2257/30/840
f 2277/32/829 2276/30/829 2258/30/829 2259/30/829
f 2278/42/829 2277/32/829 2259/30/829 2260/30/829
f 2279/30/829 2278/42/829 2260/30/829 2261/30/829
f 2280/42/829 2279/30/829 2261/30/829 2262/30/829
f 2281/30/829 2280/42/829 2262/30/829 2263/30/829
f 2282/30/829 2281/30/829 2263/30/829 2264/30/829
f 2283/42/829 2282/30/829 2264/30/829 2265/30/829
f 2284/30/829 2283/42/829 2265/30/829 2266/30/829
f 2285/30/829 2284/30/829 2266/30/829 2267/30/829
f 2286/30/829 2285/30/829 2267/30/829 2268/30/829
f 2287/30/829 2286/30/829 2268/30/829 2269/30/829
f 2288/30/829 2287/30/829 2269/30/829 2270/30/829
f 2289/32/829 2288/30/829 2270/30/829 2271/30/829
f 2290/32/829 2289/32/829 2271/30/829 2272/30/829
f 2291/32/829 2290/32/829 2272/30/829 2273/30/829
f 2292/43/829 2291/32/829 2273/30/829 2274/30/829
f 2293/32/829 2292/43/829 2274/30/829 2275/30/829
f 2276/30/829 2293/32/829 2275/30/829 2258/30/829
f 2219/30/841 2220/30/841 2268/30/841 2267/30/841
f 2193/39/842 2192/40/842 2276/40/842 2277/39/842
f 2207/39/843 2206/39/843 2290/39/843 2291/39/843
f 2220/30/844 2221/30/844 2269/30/844 2268/30/844
f 2194/41/845 2193/39/845 2277/39/845 2278/41/845
f 2208/38/846 2207/39/846 2291/39/846 2292/38/846
f 2221/30/847 2222/30/847 2270/30/847 2269/30/847
f 2195/38/848 2194/41/848 2278/41/848 2279/38/848
f 2209/39/849 2208/38/849 2292/38/849 2293/39/849
f 2222/30/850 2223/30/850 2271/30/850 2270/30/850
f 2196/41/851 2195/38/851 2279/38/851 2280/41/851
f 2192/40/852 2209/39/852 2293/39/852 2276/40/852
f 2223/30/853 2224/30/853 2272/30/853 2271/30/853
f 2197/38/916 2196/41/916 2280/41/916 2281/38/916
f 2210/30/855 2211/30/855 2259/30/855 2258/30/855
f 2224/30/856 2225/30/856 2273/30/856 2272/30/856
f 2198/40/857 2197/38/857 2281/38/857 2282/40/857
f 2211/30/858 2212/30/858 2260/30/858 2259/30/858
f 1926/44/681 1927/44/681 2368/45/681 2304/45/681
f 2304/32/681 2368/32/681 2367/32/681 2305/32/681
f 2305/45/681 2367/45/681 2366/44/681 2306/45/681
f 2306/32/681 2366/30/681 2365/30/681 2307/32/681
f 2307/45/681 2365/44/681 2364/45/681 2308/45/681
f 1937/44/678 1932/44/678 2383/45/678 2369/45/678
f 2369/32/678 2383/32/678 2382/32/678 2370/30/678
f 2370/44/678 2382/46/678 2381/47/678 2371/44/678
f 2371/30/678 2381/30/678 2380/30/678 2372/32/678
f 2372/48/678 2380/47/678 2379/45/678 2373/45/678
f 1928/44/750 1929/44/750 2358/45/750 2324/45/750
f 2324/32/687 2358/32/687 2357/32/687 2325/30/687
f 2325/44/687 2357/45/687 2356/45/687 2326/44/687
f 2326/30/750 2356/32/750 2355/32/750 2327/32/750
f 2327/49/687 2355/45/687 2354/45/687 2328/45/687
f 1939/44/683 1934/44/683 2378/45/683 2359/45/683
f 2359/32/683 2378/32/683 2377/32/683 2360/32/683
f 2360/45/683 2377/46/683 2376/47/683 2361/45/683
f 2361/32/683 2376/30/683 2375/30/683 2362/32/683
f 2362/45/683 2375/47/683 2374/45/683 2363/45/683
f 1930/44/670 1931/44/670 2298/50/670 2344/45/670
f 2344/32/670 2298/30/670 2297/32/670 2345/32/670
f 2345/45/670 2297/45/670 2296/51/670 2346/45/670
f 2346/32/670 2296/30/670 2295/30/670 2347/32/670
f 2347/48/670 2295/51/670 2294/46/670 2348/47/670
f 1932/44/679 1933/44/679 2303/45/679 2383/45/679
f 2383/32/679 2303/32/679 2302/32/679 2382/32/679
f 2382/46/679 2302/45/679 2301/45/679 2381/47/679
f 2381/30/679 2301/32/679 2300/32/679 2380/30/679
f 2380/47/679 2300/45/679 2299/45/679 2379/45/679
f 1934/44/684 1935/44/684 2323/48/684 2378/45/684
f 2378/32/684 2323/32/684 2322/32/684 2377/32/684
f 2377/46/684 2322/45/684 2321/45/684 2376/47/684
f 2376/30/684 2321/32/684 2320/32/684 2375/30/684
f 2375/47/684 2320/45/684 2319/45/684 2374/45/684
f 1923/44/673 1936/44/673 2343/45/673 2314/45/673
f 2314/32/673 2343/32/673 2342/32/673 2315/32/673
f 2315/45/673 2342/45/673 2341/45/673 2316/45/673
f 2316/32/673 2341/32/673 2340/32/673 2317/32/673
f 2317/48/673 2340/45/673 2339/45/673 2318/46/673
f 1936/44/917 1930/44/917 2344/45/917 2343/45/917
f 2343/32/674 2344/32/674 2345/32/674 2342/32/674
f 2342/45/674 2345/45/674 2346/45/674 2341/45/674
f 2341/32/674 2346/32/674 2347/32/674 2340/32/674
f 2340/45/674 2347/48/674 2348/47/674 2339/45/674
f 1924/44/725 1925/44/725 2334/48/725 2333/45/725
f 2333/32/725 2334/32/725 2335/30/725 2332/32/725
f 2332/45/676 2335/47/676 2336/47/676 2331/51/676
f 2331/30/676 2336/30/676 2337/32/676 2330/30/676
f 2330/51/676 2337/45/676 2338/47/676 2329/45/676
f 1935/44/685 1928/44/685 2324/45/685 2323/48/685
f 2323/32/685 2324/32/685 2325/30/685 2322/32/685
f 2322/45/685 2325/44/685 2326/44/685 2321/45/685
f 2321/32/685 2326/30/685 2327/32/685 2320/32/685
f 2320/45/685 2327/49/685 2328/45/685 2319/45/685
f 1922/44/861 1923/44/861 2314/45/861 2313/45/861
f 2313/32/672 2314/32/672 2315/32/672 2312/32/672
f 2312/45/672 2315/45/672 2316/45/672 2311/44/672
f 2311/30/672 2316/32/672 2317/32/672 2310/30/672
f 2310/44/861 2317/48/861 2318/46/861 2309/45/861
f 1933/44/680 1926/44/680 2304/45/680 2303/45/680
f 2303/32/724 2304/32/724 2305/32/724 2302/32/724
f 2302/45/680 2305/45/680 2306/45/680 2301/45/680
f 2301/32/680 2306/32/680 2307/32/680 2300/32/680
f 2300/45/680 2307/45/680 2308/45/680 2299/45/680
f 1931/44/918 1924/44/918 2333/45/918 2298/50/918
f 2298/30/675 2333/32/675 2332/32/675 2297/32/675
f 2297/45/675 2332/45/675 2331/51/675 2296/51/675
f 2296/30/675 2331/30/675 2330/30/675 2295/30/675
f 2295/51/675 2330/51/675 2329/45/675 2294/46/675
f 1929/44/688 1938/44/688 2349/45/688 2358/45/688
f 2358/32/688 2349/32/688 2350/30/688 2357/32/688
f 2357/45/688 2350/51/688 2351/51/688 2356/45/688
f 2356/32/688 2351/30/688 2352/30/688 2355/32/688
f 2355/45/688 2352/50/688 2353/45/688 2354/45/688
f 1927/44/682 1939/44/682 2359/45/682 2368/45/682
f 2368/32/682 2359/32/682 2360/32/682 2367/32/682
f 2367/45/682 2360/45/682 2361/45/682 2366/44/682
f 2366/30/682 2361/32/682 2362/32/682 2365/30/682
f 2365/44/682 2362/45/682 2363/45/682 2364/45/682
f 1938/44/671 1922/44/671 2313/45/671 2349/45/671
f 2349/32/671 2313/32/671 2312/32/671 2350/30/671
f 2350/51/671 2312/45/671 2311/44/671 2351/51/671
f 2351/30/671 2311/30/671 2310/30/671 2352/30/671
f 2352/50/671 2310/44/671 2309/45/671 2353/45/671
f 1925/44/771 1937/44/771 2369/45/771 2334/48/771
f 2334/32/677 2369/32/677 2370/30/677 2335/30/677
f 2335/47/677 2370/44/677 2371/44/677 2336/47/677
f 2336/30/677 2371/30/677 2372/32/677 2337/32/677
f 2337/45/771 2372/48/771 2373/45/771 2338/47/771
f 2137/52/688 2120/53/688 2385/53/688 2384/53/688
f 2136/53/687 2137/52/687 2384/53/687 2386/53/687
f 2135/53/685 2136/53/685 2386/53/685 2387/53/685
f 2134/53/684 2135/53/684 2387/53/684 2388/53/684
f 2133/53/683 2134/53/683 2388/53/683 2389/53/683
f 2132/53/682 2133/53/682 2389/53/682 2390/53/682
f 2131/53/681 2132/53/681 2390/53/681 2391/53/681
f 2130/52/680 2131/53/680 2391/53/680 2392/53/680
f 2129/53/679 2130/52/679 2392/53/679 2393/53/679
f 2128/52/678 2129/53/678 2393/53/678 2394/53/678
f 2127/53/771 2128/52/771 2394/53/771 2395/53/771
f 2126/53/676 2127/53/676 2395/53/676 2396/53/676
f 2125/53/675 2126/53/675 2396/53/675 2397/53/675
f 2124/53/670 2125/53/670 2397/53/670 2398/53/670
f 2123/52/674 2124/53/674 2398/53/674 2399/53/674
f 2122/53/673 2123/52/673 2399/53/673 2400/53/673
f 2121/52/672 2122/53/672 2400/53/672 2401/53/672
f 2120/53/671 2121/52/671 2401/53/671 2385/53/671
f 2138/52/688 2402/52/688 2155/53/688 2403/53/688
f 2402/52/750 2404/53/750 2154/53/750 2155/53/750
f 2404/53/685 2405/53/685 2153/53/685 2154/53/685
f 2405/53/684 2406/53/684 2152/53/684 2153/53/684
f 2406/53/683 2407/53/683 2151/53/683 2152/53/683
f 2407/53/682 2408/53/682 2150/53/682 2151/53/682
f 2408/53/681 2409/53/681 2149/53/681 2150/53/681
f 2409/53/680 2410/52/680 2148/53/680 2149/53/680
f 2410/52/679 2411/53/679 2147/53/679 2148/53/679
f 2411/53/678 2412/52/678 2146/53/678 2147/53/678
f 2412/52/677 2413/53/677 2145/53/677 2146/53/677
f 2413/53/676 2414/53/676 2144/53/676 2145/53/676
f 2414/53/675 2415/53/675 2143/53/675 2144/53/675
f 2415/53/670 2416/53/670 2142/53/670 2143/53/670
f 2416/53/674 2417/52/674 2141/53/674 2142/53/674
f 2417/52/673 2418/53/673 2140/53/673 2141/53/673
f 2418/53/672 2419/52/672 2139/53/672 2140/53/672
f 2419/52/671 2138/52/671 2403/53/671 2139/53/671
f 2453/35/688 2452/35/688 2455/35/688 2454/35/688
f 2451/35/687 2450/35/687 2452/35/687 2453/35/687
f 2449/35/685 2448/35/685 2450/35/685 2451/35/685
f 2447/35/859 2446/35/859 2448/35/859 2449/35/859
f 2445/35/683 2444/35/683 2446/35/683 2447/35/683
f 2443/35/682 2442/35/682 2444/35/682 2445/35/682
f 2441/35/681 2440/35/681 2442/35/681 2443/35/681
f 2439/35/680 2438/35/680 2440/35/680 2441/35/680
f 2437/35/679 2436/35/679 2438/35/679 2439/35/679
f 2435/35/678 2434/35/678 2436/35/678 2437/35/678
f 2433/35/677 2432/35/677 2434/35/677 2435/35/677
f 2431/35/676 2430/35/676 2432/35/676 2433/35/676
f 2429/35/675 2428/35/675 2430/35/675 2431/35/675
f 2427/35/670 2426/35/670 2428/35/670 2429/35/670
f 2425/35/674 2424/35/674 2426/35/674 2427/35/674
f 2423/35/673 2422/35/673 2424/35/673 2425/35/673
f 2421/35/861 2420/35/861 2422/35/861 2423/35/861
f 2454/35/671 2455/35/671 2420/35/671 2421/35/671
f 2408/35/862 2407/35/862 2444/35/862 2442/35/862
f 2128/35/863 2127/35/863 2433/35/863 2435/35/863
f 2409/35/864 2408/35/864 2442/35/864 2440/35/864
f 2127/35/865 2126/35/865 2431/35/865 2433/35/865
f 2410/35/866 2409/35/866 2440/35/866 2438/35/866
f 2126/35/867 2125/35/867 2429/35/867 2431/35/867
f 2411/35/868 2410/35/868 2438/35/868 2436/35/868
f 2125/35/869 2124/35/869 2427/35/869 2429/35/869
f 2120/35/870 2137/35/870 2453/35/870 2454/35/870
f 2412/35/871 2411/35/871 2436/35/871 2434/35/871
f 2124/35/872 2123/35/872 2425/35/872 2427/35/872
f 2137/35/919 2136/35/919 2451/35/919 2453/35/919
f 2413/35/920 2412/35/920 2434/35/920 2432/35/920
f 2123/35/875 2122/35/875 2423/35/875 2425/35/875
f 2136/35/876 2135/35/876 2449/35/876 2451/35/876
f 2414/35/877 2413/35/877 2432/35/877 2430/35/877
f 2122/35/878 2121/35/878 2421/35/878 2423/35/878
f 2135/35/879 2134/35/879 2447/35/879 2449/35/879
f 3009/30/671 2457/30/671 2459/30/671 2745/30/671
f 2745/30/672 2459/30/672 2461/30/672 2746/30/672
f 2746/30/673 2461/30/673 2463/30/673 2747/30/673
f 2747/30/674 2463/30/674 2465/30/674 2748/30/674
f 2748/30/670 2465/30/670 2467/30/670 2749/30/670
f 2749/30/675 2467/30/675 2469/30/675 2750/30/675
f 2750/30/676 2469/30/676 2471/30/676 2751/30/676
f 2751/30/677 2471/30/677 2473/30/677 2752/30/677
f 2752/30/678 2473/30/678 2475/30/678 2753/30/678
f 2753/30/679 2475/30/679 2477/30/679 2754/30/679
f 2754/30/680 2477/30/680 2479/30/680 2755/30/680
f 2755/30/681 2479/30/681 2481/30/681 2756/30/681
f 2756/30/682 2481/30/682 2483/30/682 2757/30/682
f 2757/30/683 2483/30/683 2485/30/683 2758/30/683
f 2758/30/684 2485/30/684 2487/30/684 2759/30/684
f 2759/30/685 2487/30/685 2489/30/685 2760/30/685
f 2529/31/686 2528/31/686 2492/31/686 2494/31/686
f 2760/30/687 2489/30/687 2491/30/687 2761/30/687
f 2761/30/688 2491/30/688 2457/30/688 3009/30/688
f 2464/30/689 2466/30/689 2515/30/689 2514/30/689
f 2492/30/93 2493/30/93 2509/30/93 2508/30/93 2507/30/93 2506/30/93 2505/30/93 2504/30/93 2503/30/93 2502/30/93 2501/30/93 2500/30/93 2499/30/93 2498/30/93 2497/30/93 2496/30/93 2495/30/93 2494/30/93
f 2531/31/690 2530/31/690 2498/31/690 2499/31/690
f 2533/31/691 2532/31/691 2503/31/691 2504/31/691
f 2535/31/692 2534/31/692 2508/31/692 2509/31/692
f 2537/31/693 2536/31/693 2496/31/693 2497/31/693
f 2539/31/694 2538/31/694 2501/31/694 2502/31/694
f 2541/31/695 2540/31/695 2506/31/695 2507/31/695
f 2542/31/696 2529/31/696 2494/31/696 2495/31/696
f 2543/31/697 2531/31/697 2499/31/697 2500/31/697
f 2528/31/698 2544/31/698 2493/31/698 2492/31/698
f 2545/31/699 2533/31/699 2504/31/699 2505/31/699
f 2544/31/700 2535/31/700 2509/31/700 2493/31/700
f 2530/31/701 2537/31/701 2497/31/701 2498/31/701
f 2532/31/729 2539/31/729 2502/31/729 2503/31/729
f 2534/31/703 2541/31/703 2507/31/703 2508/31/703
f 2536/31/704 2542/31/704 2495/31/704 2496/31/704
f 2538/31/705 2543/31/705 2500/31/705 2501/31/705
f 2540/31/706 2545/31/706 2505/31/706 2506/31/706
f 2474/30/707 2476/30/707 2520/30/707 2519/30/707
f 2484/30/708 2486/30/708 2525/30/708 2524/30/708
f 2460/30/709 2462/30/709 2513/30/709 2512/30/709
f 2470/30/710 2472/30/710 2518/30/710 2517/30/710
f 2456/30/711 2458/30/711 2511/30/711 2510/30/711
f 2480/30/712 2482/30/712 2523/30/712 2522/30/712
f 2490/30/713 2456/30/713 2510/30/713 2527/30/713
f 2466/30/714 2468/30/714 2516/30/714 2515/30/714
f 2476/30/715 2478/30/715 2521/30/715 2520/30/715
f 2486/30/716 2488/30/716 2526/30/716 2525/30/716
f 2462/30/717 2464/30/717 2514/30/717 2513/30/717
f 2472/30/718 2474/30/718 2519/30/718 2518/30/718
f 2482/30/719 2484/30/719 2524/30/719 2523/30/719
f 2458/30/720 2460/30/720 2512/30/720 2511/30/720
f 2468/30/721 2470/30/721 2517/30/721 2516/30/721
f 2478/30/722 2480/30/722 2522/30/722 2521/30/722
f 2488/30/723 2490/30/723 2527/30/723 2526/30/723
f 2546/30/93 2556/30/93 2564/30/93 2590/30/93
f 2944/30/771 2979/32/771 2581/30/771 2588/30/771
f 2558/30/93 2551/30/93 2595/30/93 2568/30/93
f 2959/32/671 2915/32/671 2565/30/671 2579/30/671
f 2557/30/572 2550/30/572 2594/30/572 2566/30/572
f 2970/32/682 2969/32/682 2580/30/682 2587/30/682
f 2563/30/93 2549/30/93 2593/30/93 2578/30/93
f 2960/32/688 2959/32/688 2579/30/688 2586/30/688
f 2555/30/93 2548/30/93 2592/30/93 2599/30/93
f 2900/32/675 2935/32/675 2567/30/675 2585/30/675
f 2556/30/93 2563/30/93 2578/30/93 2564/30/93
f 2905/32/724 2914/32/724 2569/30/724 2584/30/724
f 2554/30/921 2547/30/921 2591/30/921 2598/30/921
f 2915/32/672 2924/32/672 2589/30/672 2565/30/672
f 2925/32/685 2934/32/685 2571/30/685 2583/30/685
f 2553/30/93 2546/30/93 2590/30/93 2597/30/93
f 2935/32/676 2944/30/676 2588/30/676 2567/30/676
f 2945/32/674 2954/30/674 2573/30/674 2582/30/674
f 2636/30/686 2668/30/686 2556/30/686 2546/30/686
f 2639/30/690 2671/30/690 2557/30/690 2547/30/690
f 2642/30/691 2674/30/691 2558/30/691 2548/30/691
f 2645/30/692 2677/30/692 2559/30/692 2549/30/692
f 2648/30/693 2680/30/693 2560/30/693 2550/30/693
f 2651/30/694 2683/30/694 2561/30/694 2551/30/694
f 2654/30/695 2686/30/695 2562/30/695 2552/30/695
f 2657/30/696 2636/30/696 2546/30/696 2553/30/696
f 2660/30/697 2639/30/697 2547/30/697 2554/30/697
f 2668/30/698 2689/30/698 2563/30/698 2556/30/698
f 2663/30/699 2642/30/699 2548/30/699 2555/30/699
f 2689/30/728 2645/30/728 2549/30/728 2563/30/728
f 2671/30/701 2648/30/701 2550/30/701 2557/30/701
f 2674/30/729 2651/30/729 2551/30/729 2558/30/729
f 2677/30/703 2654/30/703 2552/30/703 2559/30/703
f 2680/30/704 2657/30/704 2553/30/704 2560/30/704
f 2683/30/730 2660/30/730 2554/30/730 2561/30/730
f 2686/30/706 2663/30/706 2555/30/706 2562/30/706
f 2575/31/731 2584/31/731 2620/31/731 2611/31/731
f 2599/30/732 2592/30/732 2628/30/732 2635/30/732
f 2577/31/883 2583/31/883 2619/31/883 2613/31/883
f 2564/30/884 2578/30/884 2614/30/884 2600/30/884
f 2589/31/735 2582/31/735 2618/31/735 2625/31/735
f 2598/30/736 2591/30/736 2627/30/736 2634/30/736
f 2588/31/886 2581/31/886 2617/31/886 2624/31/886
f 2597/30/922 2590/30/922 2626/30/922 2633/30/922
f 2579/31/739 2565/31/739 2601/31/739 2615/31/739
f 2596/30/923 2576/30/923 2612/30/923 2632/30/923
f 2587/31/924 2580/31/924 2616/31/924 2623/31/924
f 2595/30/742 2574/30/742 2610/30/742 2631/30/742
f 2586/31/743 2579/31/743 2615/31/743 2622/31/743
f 2594/30/925 2572/30/925 2608/30/925 2630/30/925
f 2585/31/890 2567/31/890 2603/31/890 2621/31/890
f 2576/30/891 2599/30/891 2635/30/891 2612/30/891
f 2593/30/892 2570/30/892 2606/30/892 2629/30/892
f 2584/31/748 2569/31/748 2605/31/748 2620/31/748
f 2559/30/93 2552/30/93 2596/30/93 2570/30/93
f 2924/32/673 2945/32/673 2582/30/673 2589/30/673
f 2547/30/93 2557/30/93 2566/30/93 2591/30/93
f 2560/30/93 2553/30/93 2597/30/93 2572/30/93
f 2980/32/684 2925/32/684 2583/30/684 2577/30/684
f 2548/30/93 2558/30/93 2568/30/93 2592/30/93
f 2561/30/93 2554/30/93 2598/30/93 2574/30/93
f 2985/32/679 2905/32/679 2584/30/679 2575/30/679
f 2549/30/93 2559/30/93 2570/30/93 2593/30/93
f 2562/30/93 2555/30/93 2599/30/93 2576/30/93
f 2954/30/670 2900/32/670 2585/30/670 2573/30/670
f 2550/30/572 2560/30/572 2572/30/572 2594/30/572
f 2969/32/683 2980/32/683 2577/30/683 2580/30/683
f 2934/32/750 2960/32/750 2586/30/750 2571/30/750
f 2551/30/93 2561/30/93 2574/30/93 2595/30/93
f 2979/32/678 2985/32/678 2575/30/678 2581/30/678
f 2914/32/681 2970/32/681 2587/30/681 2569/30/681
f 2552/30/93 2562/30/93 2576/30/93 2596/30/93
f 2612/33/706 2635/33/706 2616/33/706 2613/33/706
f 2610/33/730 2634/33/730 2617/33/730 2611/33/730
f 2608/33/704 2633/33/704 2618/33/704 2609/33/704
f 2606/33/703 2632/33/703 2619/33/703 2607/33/703
f 2604/33/702 2631/33/702 2620/33/702 2605/33/702
f 2602/33/701 2630/33/701 2621/33/701 2603/33/701
f 2614/33/728 2629/33/728 2622/33/728 2615/33/728
f 2635/33/699 2628/33/699 2623/33/699 2616/33/699
f 2600/33/698 2614/33/698 2615/33/698 2601/33/698
f 2634/33/697 2627/33/697 2624/33/697 2617/33/697
f 2633/33/696 2626/33/696 2625/33/696 2618/33/696
f 2632/33/695 2612/33/695 2613/33/695 2619/33/695
f 2631/33/694 2610/33/694 2611/33/694 2620/33/694
f 2630/33/693 2608/33/693 2609/33/693 2621/33/693
f 2629/33/692 2606/33/692 2607/33/692 2622/33/692
f 2628/33/691 2604/33/691 2605/33/691 2623/33/691
f 2627/33/690 2602/33/690 2603/33/690 2624/33/690
f 2626/33/686 2600/33/686 2601/33/686 2625/33/686
f 2578/30/751 2593/30/751 2629/30/751 2614/30/751
f 2573/31/752 2585/31/752 2621/31/752 2609/31/752
f 2566/30/753 2594/30/753 2630/30/753 2602/30/753
f 2580/31/926 2577/31/926 2613/31/926 2616/31/926
f 2571/31/755 2586/31/755 2622/31/755 2607/31/755
f 2568/30/756 2595/30/756 2631/30/756 2604/30/756
f 2581/31/927 2575/31/927 2611/31/927 2617/31/927
f 2590/30/758 2564/30/758 2600/30/758 2626/30/758
f 2569/31/897 2587/31/897 2623/31/897 2605/31/897
f 2570/30/760 2596/30/760 2632/30/760 2606/30/760
f 2582/31/899 2573/31/899 2609/31/899 2618/31/899
f 2591/30/762 2566/30/762 2602/30/762 2627/30/762
f 2567/31/763 2588/31/763 2624/31/763 2603/31/763
f 2572/30/764 2597/30/764 2633/30/764 2608/30/764
f 2583/31/765 2571/31/765 2607/31/765 2619/31/765
f 2592/30/902 2568/30/902 2604/30/902 2628/30/902
f 2565/31/767 2589/31/767 2625/31/767 2601/31/767
f 2574/30/768 2598/30/768 2634/30/768 2610/30/768
f 2485/30/706 2483/30/706 2665/30/706 2684/30/706
f 2706/30/706 2699/30/706 2664/30/706 2685/30/706
f 2724/30/706 2717/30/706 2663/30/706 2686/30/706
f 2475/30/730 2473/30/730 2662/30/730 2681/30/730
f 2705/30/705 2698/30/705 2661/30/705 2682/30/705
f 2723/30/730 2716/30/730 2660/30/730 2683/30/730
f 2465/30/704 2463/30/704 2659/30/704 2678/30/704
f 2704/30/704 2697/30/704 2658/30/704 2679/30/704
f 2722/30/704 2715/30/704 2657/30/704 2680/30/704
f 2489/30/703 2487/30/703 2656/30/703 2675/30/703
f 2703/30/703 2696/30/703 2655/30/703 2676/30/703
f 2721/30/703 2714/30/703 2654/30/703 2677/30/703
f 2479/30/729 2477/30/729 2653/30/729 2672/30/729
f 2702/30/729 2695/30/729 2652/30/729 2673/30/729
f 2720/30/702 2713/30/702 2651/30/702 2674/30/702
f 2469/30/701 2467/30/701 2650/30/701 2669/30/701
f 2701/30/701 2694/30/701 2649/30/701 2670/30/701
f 2719/30/701 2712/30/701 2648/30/701 2671/30/701
f 2457/30/728 2491/30/728 2647/30/728 2687/30/728
f 2707/30/728 2693/30/728 2646/30/728 2688/30/728
f 2725/30/728 2711/30/728 2645/30/728 2689/30/728
f 2483/30/699 2481/30/699 2644/30/699 2665/30/699
f 2699/30/699 2692/30/699 2643/30/699 2664/30/699
f 2717/30/699 2710/30/699 2642/30/699 2663/30/699
f 2459/30/698 2457/30/698 2687/30/698 2666/30/698
f 2700/30/698 2707/30/698 2688/30/698 2667/30/698
f 2718/30/698 2725/30/698 2689/30/698 2668/30/698
f 2473/30/697 2471/30/697 2641/30/697 2662/30/697
f 2698/30/697 2691/30/697 2640/30/697 2661/30/697
f 2716/30/697 2709/30/697 2639/30/697 2660/30/697
f 2463/30/696 2461/30/696 2638/30/696 2659/30/696
f 2697/30/696 2690/30/696 2637/30/696 2658/30/696
f 2715/30/696 2708/30/696 2636/30/696 2657/30/696
f 2487/30/695 2485/30/695 2684/30/695 2656/30/695
f 2696/30/695 2706/30/695 2685/30/695 2655/30/695
f 2714/30/695 2724/30/695 2686/30/695 2654/30/695
f 2477/30/694 2475/30/694 2681/30/694 2653/30/694
f 2695/30/694 2705/30/694 2682/30/694 2652/30/694
f 2713/30/694 2723/30/694 2683/30/694 2651/30/694
f 2467/30/693 2465/30/693 2678/30/693 2650/30/693
f 2694/30/693 2704/30/693 2679/30/693 2649/30/693
f 2712/30/693 2722/30/693 2680/30/693 2648/30/693
f 2491/30/692 2489/30/692 2675/30/692 2647/30/692
f 2693/30/692 2703/30/692 2676/30/692 2646/30/692
f 2711/30/769 2721/30/769 2677/30/769 2645/30/769
f 2481/30/691 2479/30/691 2672/30/691 2644/30/691
f 2692/30/691 2702/30/691 2673/30/691 2643/30/691
f 2710/30/691 2720/30/691 2674/30/691 2642/30/691
f 2471/30/690 2469/30/690 2669/30/690 2641/30/690
f 2691/30/770 2701/30/770 2670/30/770 2640/30/770
f 2709/30/690 2719/30/690 2671/30/690 2639/30/690
f 2461/30/686 2459/30/686 2666/30/686 2638/30/686
f 2690/30/686 2700/30/686 2667/30/686 2637/30/686
f 2708/30/686 2718/30/686 2668/30/686 2636/30/686
f 2638/34/686 2666/34/686 2700/34/686 2690/34/686
f 2641/34/770 2669/34/770 2701/34/770 2691/34/770
f 2644/34/691 2672/34/691 2702/34/691 2692/34/691
f 2647/34/692 2675/34/692 2703/34/692 2693/34/692
f 2650/34/693 2678/34/693 2704/34/693 2694/34/693
f 2653/34/694 2681/34/694 2705/34/694 2695/34/694
f 2656/34/695 2684/34/695 2706/34/695 2696/34/695
f 2659/34/696 2638/34/696 2690/34/696 2697/34/696
f 2662/34/697 2641/34/697 2691/34/697 2698/34/697
f 2666/34/698 2687/34/698 2707/34/698 2700/34/698
f 2665/34/699 2644/34/699 2692/34/699 2699/34/699
f 2687/34/728 2647/34/728 2693/34/728 2707/34/728
f 2669/34/701 2650/34/701 2694/34/701 2701/34/701
f 2672/34/729 2653/34/729 2695/34/729 2702/34/729
f 2675/34/703 2656/34/703 2696/34/703 2703/34/703
f 2678/34/704 2659/34/704 2697/34/704 2704/34/704
f 2681/34/730 2662/34/730 2698/34/730 2705/34/730
f 2684/34/706 2665/34/706 2699/34/706 2706/34/706
f 2637/34/686 2667/34/686 2718/34/686 2708/34/686
f 2640/34/690 2670/34/690 2719/34/690 2709/34/690
f 2643/34/691 2673/34/691 2720/34/691 2710/34/691
f 2646/34/692 2676/34/692 2721/34/692 2711/34/692
f 2649/34/693 2679/34/693 2722/34/693 2712/34/693
f 2652/34/694 2682/34/694 2723/34/694 2713/34/694
f 2655/34/695 2685/34/695 2724/34/695 2714/34/695
f 2658/34/696 2637/34/696 2708/34/696 2715/34/696
f 2661/34/697 2640/34/697 2709/34/697 2716/34/697
f 2667/34/698 2688/34/698 2725/34/698 2718/34/698
f 2664/34/699 2643/34/699 2710/34/699 2717/34/699
f 2688/34/728 2646/34/728 2711/34/728 2725/34/728
f 2670/34/701 2649/34/701 2712/34/701 2719/34/701
f 2673/34/729 2652/34/729 2713/34/729 2720/34/729
f 2676/34/703 2655/34/703 2714/34/703 2721/34/703
f 2679/34/704 2658/34/704 2715/34/704 2722/34/704
f 2682/34/730 2661/34/730 2716/34/730 2723/34/730
f 2685/34/706 2664/34/706 2717/34/706 2724/34/706
f 2490/30/688 2990/30/688 2991/30/688 2456/30/688
f 2488/30/687 2992/30/687 2990/30/687 2490/30/687
f 2486/30/685 2993/30/685 2992/30/685 2488/30/685
f 2484/30/684 2994/30/684 2993/30/684 2486/30/684
f 2482/30/683 2995/30/683 2994/30/683 2484/30/683
f 2480/30/682 2996/30/682 2995/30/682 2482/30/682
f 2478/30/681 2997/30/681 2996/30/681 2480/30/681
f 2476/30/680 2998/30/680 2997/30/680 2478/30/680
f 2474/30/679 2999/30/679 2998/30/679 2476/30/679
f 2472/30/678 3000/30/678 2999/30/678 2474/30/678
f 2470/30/771 3001/30/771 3000/30/771 2472/30/771
f 2468/30/676 3002/30/676 3001/30/676 2470/30/676
f 2466/30/675 3003/30/675 3002/30/675 2468/30/675
f 2464/30/670 3004/30/670 3003/30/670 2466/30/670
f 2462/30/674 3005/30/674 3004/30/674 2464/30/674
f 2460/30/673 3006/30/673 3005/30/673 2462/30/673
f 2458/30/672 3007/30/672 3006/30/672 2460/30/672
f 2456/30/671 2991/30/671 3007/30/671 2458/30/671
f 2735/35/772 2734/35/772 3041/35/772 3043/35/772
f 3013/35/773 3012/35/773 3052/35/773 3050/35/773
f 2744/35/774 3025/35/774 3026/35/774 3061/35/774
f 2736/35/775 2735/35/775 3043/35/775 3045/35/775
f 3012/35/776 3011/35/776 3054/35/776 3052/35/776
f 3025/35/777 3024/35/777 3028/35/777 3026/35/777
f 2737/35/778 2736/35/778 3045/35/778 3047/35/778
f 3011/35/779 3010/35/779 3056/35/779 3054/35/779
f 3024/35/780 3023/35/780 3030/35/780 3028/35/780
f 2738/35/781 2737/35/781 3047/35/781 3049/35/781
f 3010/35/782 3008/35/782 3058/35/782 3056/35/782
f 3023/35/783 3022/35/783 3032/35/783 3030/35/783
f 2739/35/784 2738/35/784 3049/35/784 3051/35/784
f 3008/35/785 2744/35/785 3061/35/785 3058/35/785
f 3022/35/786 3021/35/786 3034/35/786 3032/35/786
f 2740/35/928 2739/35/928 3051/35/928 3053/35/928
f 2727/35/788 2726/35/788 3060/35/788 3027/35/788
f 3021/35/789 3020/35/789 3036/35/789 3034/35/789
f 2523/36/683 2524/36/683 2776/36/683 2775/36/683
f 2516/36/676 2517/36/676 2769/36/676 2768/36/676
f 2524/36/684 2525/36/684 2777/36/684 2776/36/684
f 2517/36/677 2518/36/677 2770/36/677 2769/36/677
f 2510/36/671 2511/36/671 2763/36/671 2762/36/671
f 2525/36/685 2526/36/685 2778/36/685 2777/36/685
f 2518/36/678 2519/36/678 2771/36/678 2770/36/678
f 2511/36/672 2512/36/672 2764/36/672 2763/36/672
f 2526/36/687 2527/36/687 2779/36/687 2778/36/687
f 2519/36/679 2520/36/679 2772/36/679 2771/36/679
f 2512/36/673 2513/36/673 2765/36/673 2764/36/673
f 2527/36/688 2510/36/688 2762/36/688 2779/36/688
f 2520/36/680 2521/36/680 2773/36/680 2772/36/680
f 2513/36/674 2514/36/674 2766/36/674 2765/36/674
f 2521/36/681 2522/36/681 2774/36/681 2773/36/681
f 2514/36/670 2515/36/670 2767/36/670 2766/36/670
f 2522/36/682 2523/36/682 2775/36/682 2774/36/682
f 2515/36/675 2516/36/675 2768/36/675 2767/36/675
f 2768/30/910 2769/30/910 2787/30/910 2786/30/910
f 2776/30/791 2777/30/791 2795/30/791 2794/30/791
f 2769/30/792 2770/30/792 2788/30/792 2787/30/792
f 2762/30/793 2763/30/793 2781/30/793 2780/30/793
f 2777/30/794 2778/30/794 2796/30/794 2795/30/794
f 2770/30/795 2771/30/795 2789/30/795 2788/30/795
f 2763/30/796 2764/30/796 2782/30/796 2781/30/796
f 2778/30/797 2779/30/797 2797/30/797 2796/30/797
f 2771/30/798 2772/30/798 2790/30/798 2789/30/798
f 2764/30/799 2765/30/799 2783/30/799 2782/30/799
f 2779/30/800 2762/30/800 2780/30/800 2797/30/800
f 2772/30/801 2773/30/801 2791/30/801 2790/30/801
f 2765/30/802 2766/30/802 2784/30/802 2783/30/802
f 2773/30/803 2774/30/803 2792/30/803 2791/30/803
f 2766/30/804 2767/30/804 2785/30/804 2784/30/804
f 2774/30/805 2775/30/805 2793/30/805 2792/30/805
f 2767/30/806 2768/30/806 2786/30/806 2785/30/806
f 2775/30/807 2776/30/807 2794/30/807 2793/30/807
f 2787/37/771 2788/37/771 2824/37/771 2823/37/771
f 2780/37/671 2781/37/671 2817/37/671 2816/37/671
f 2795/37/685 2796/37/685 2832/37/685 2831/37/685
f 2784/30/808 2820/30/808 2859/30/808 2853/30/808
f 2781/37/672 2782/37/672 2818/37/672 2817/37/672
f 2832/30/809 2796/30/809 2856/30/809 2862/30/809
f 2789/37/679 2790/37/679 2826/37/679 2825/37/679
f 2782/37/673 2783/37/673 2819/37/673 2818/37/673
f 2797/37/688 2780/37/688 2816/37/688 2833/37/688
f 2790/37/680 2791/37/680 2827/37/680 2826/37/680
f 2788/30/810 2789/30/810 2855/30/810 2854/30/810
f 2791/37/681 2792/37/681 2828/37/681 2827/37/681
f 2784/37/670 2785/37/670 2821/37/670 2820/37/670
f 2792/37/682 2793/37/682 2829/37/682 2828/37/682
f 2785/37/675 2786/37/675 2822/37/675 2821/37/675
f 2793/37/683 2794/37/683 2830/37/683 2829/37/683
f 2786/37/676 2787/37/676 2823/37/676 2822/37/676
f 2794/37/684 2795/37/684 2831/37/684 2830/37/684
f 2814/38/771 2815/39/771 2851/39/771 2850/38/771
f 2812/39/811 2811/39/811 2895/39/811 2896/39/811
f 2824/30/812 2825/30/812 2873/30/812 2872/30/812
f 2811/39/813 2810/40/813 2894/40/813 2895/39/813
f 2823/30/814 2824/30/814 2872/30/814 2871/30/814
f 2810/40/815 2809/38/815 2893/38/815 2894/40/815
f 2822/30/816 2823/30/816 2871/30/816 2870/30/816
f 2809/38/817 2808/40/817 2892/40/817 2893/38/817
f 2821/30/912 2822/30/912 2870/30/912 2869/30/912
f 2808/40/819 2807/38/819 2891/38/819 2892/40/819
f 2820/30/820 2821/30/820 2869/30/820 2868/30/820
f 2807/38/821 2806/38/821 2890/38/821 2891/38/821
f 2833/30/822 2816/30/822 2864/30/822 2881/30/822
f 2819/30/823 2820/30/823 2868/30/823 2867/30/823
f 2806/38/824 2805/41/824 2889/41/824 2890/38/824
f 2832/30/825 2833/30/825 2881/30/825 2880/30/825
f 2818/30/929 2819/30/929 2867/30/929 2866/30/929
f 2805/41/827 2804/40/827 2888/40/827 2889/41/827
f 2831/30/828 2832/30/828 2880/30/828 2879/30/828
f 2834/40/829 2835/39/829 2836/41/829 2837/38/829 2838/41/829 2839/38/829 2840/40/829 2841/41/829 2842/38/829 2843/38/829 2844/40/829 2845/38/829 2846/40/829 2847/39/829 2848/39/829 2849/39/829 2850/38/829 2851/39/829
f 2807/38/671 2808/40/671 2844/40/671 2843/38/671
f 2800/41/681 2801/38/681 2837/38/681 2836/41/681
f 2815/39/678 2798/40/678 2834/40/678 2851/39/678
f 2808/40/672 2809/38/672 2845/38/672 2844/40/672
f 2801/38/682 2802/41/682 2838/41/682 2837/38/682
f 2809/38/673 2810/40/673 2846/40/673 2845/38/673
f 2802/41/683 2803/38/683 2839/38/683 2838/41/683
f 2810/40/674 2811/39/674 2847/39/674 2846/40/674
f 2803/38/684 2804/40/684 2840/40/684 2839/38/684
f 2811/39/670 2812/39/670 2848/39/670 2847/39/670
f 2804/40/830 2805/41/830 2841/41/830 2840/40/830
f 2812/39/675 2813/39/675 2849/39/675 2848/39/675
f 2805/41/687 2806/38/687 2842/38/687 2841/41/687
f 2798/40/679 2799/39/679 2835/39/679 2834/40/679
f 2813/39/676 2814/38/676 2850/38/676 2849/39/676
f 2806/38/688 2807/38/688 2843/38/688 2842/38/688
f 2799/39/680 2800/41/680 2836/41/680 2835/39/680
f 2854/30/670 2855/30/670 2861/30/670 2860/30/670
f 2856/30/683 2857/30/683 2863/30/683 2862/30/683
f 2852/30/915 2853/30/915 2859/30/915 2858/30/915
f 2820/30/832 2819/30/832 2858/30/832 2859/30/832
f 2789/30/833 2825/30/833 2861/30/833 2855/30/833
f 2796/30/834 2797/30/834 2857/30/834 2856/30/834
f 2819/30/835 2783/30/835 2852/30/835 2858/30/835
f 2783/30/836 2784/30/836 2853/30/836 2852/30/836
f 2825/30/837 2824/30/837 2860/30/837 2861/30/837
f 2824/30/838 2788/30/838 2854/30/838 2860/30/838
f 2797/30/839 2833/30/839 2863/30/839 2857/30/839
f 2833/30/840 2832/30/840 2862/30/840 2863/30/840
f 2883/32/829 2882/30/829 2864/30/829 2865/30/829
f 2884/42/829 2883/32/829 2865/30/829 2866/30/829
f 2885/30/829 2884/42/829 2866/30/829 2867/30/829
f 2886/42/829 2885/30/829 2867/30/829 2868/30/829
f 2887/30/829 2886/42/829 2868/30/829 2869/30/829
f 2888/30/829 2887/30/829 2869/30/829 2870/30/829
f 2889/42/829 2888/30/829 2870/30/829 2871/30/829
f 2890/30/829 2889/42/829 2871/30/829 2872/30/829
f 2891/30/829 2890/30/829 2872/30/829 2873/30/829
f 2892/30/829 2891/30/829 2873/30/829 2874/30/829
f 2893/30/829 2892/30/829 2874/30/829 2875/30/829
f 2894/30/829 2893/30/829 2875/30/829 2876/30/829
f 2895/32/829 2894/30/829 2876/30/829 2877/30/829
f 2896/32/829 2895/32/829 2877/30/829 2878/30/829
f 2897/32/829 2896/32/829 2878/30/829 2879/30/829
f 2898/43/829 2897/32/829 2879/30/829 2880/30/829
f 2899/32/829 2898/43/829 2880/30/829 2881/30/829
f 2882/30/829 2899/32/829 2881/30/829 2864/30/829
f 2825/30/841 2826/30/841 2874/30/841 2873/30/841
f 2799/39/842 2798/40/842 2882/40/842 2883/39/842
f 2813/39/843 2812/39/843 2896/39/843 2897/39/843
f 2826/30/930 2827/30/930 2875/30/930 2874/30/930
f 2800/41/845 2799/39/845 2883/39/845 2884/41/845
f 2814/38/846 2813/39/846 2897/39/846 2898/38/846
f 2827/30/847 2828/30/847 2876/30/847 2875/30/847
f 2801/38/848 2800/41/848 2884/41/848 2885/38/848
f 2815/39/849 2814/38/849 2898/38/849 2899/39/849
f 2828/30/850 2829/30/850 2877/30/850 2876/30/850
f 2802/41/851 2801/38/851 2885/38/851 2886/41/851
f 2798/40/852 2815/39/852 2899/39/852 2882/40/852
f 2829/30/853 2830/30/853 2878/30/853 2877/30/853
f 2803/38/854 2802/41/854 2886/41/854 2887/38/854
f 2816/30/855 2817/30/855 2865/30/855 2864/30/855
f 2830/30/856 2831/30/856 2879/30/856 2878/30/856
f 2804/40/857 2803/38/857 2887/38/857 2888/40/857
f 2817/30/858 2818/30/858 2866/30/858 2865/30/858
f 2532/44/681 2533/44/681 2974/45/681 2910/45/681
f 2910/32/681 2974/32/681 2973/32/681 2911/32/681
f 2911/45/681 2973/45/681 2972/44/681 2912/45/681
f 2912/32/681 2972/30/681 2971/30/681 2913/32/681
f 2913/45/681 2971/44/681 2970/45/681 2914/45/681
f 2543/44/678 2538/44/678 2989/45/678 2975/45/678
f 2975/32/678 2989/32/678 2988/32/678 2976/30/678
f 2976/44/678 2988/46/678 2987/47/678 2977/44/678
f 2977/30/678 2987/30/678 2986/30/678 2978/32/678
f 2978/48/678 2986/47/678 2985/45/678 2979/45/678
f 2534/44/687 2535/44/687 2964/45/687 2930/45/687
f 2930/32/687 2964/32/687 2963/32/687 2931/30/687
f 2931/44/750 2963/45/750 2962/45/750 2932/44/750
f 2932/30/687 2962/32/687 2961/32/687 2933/32/687
f 2933/49/687 2961/45/687 2960/45/687 2934/45/687
f 2545/44/683 2540/44/683 2984/45/683 2965/45/683
f 2965/32/683 2984/32/683 2983/32/683 2966/32/683
f 2966/45/683 2983/46/683 2982/47/683 2967/45/683
f 2967/32/683 2982/30/683 2981/30/683 2968/32/683
f 2968/45/683 2981/47/683 2980/45/683 2969/45/683
f 2536/44/670 2537/44/670 2904/50/670 2950/45/670
f 2950/32/670 2904/30/670 2903/32/670 2951/32/670
f 2951/45/670 2903/45/670 2902/51/670 2952/45/670
f 2952/32/670 2902/30/670 2901/30/670 2953/32/670
f 2953/48/670 2901/51/670 2900/46/670 2954/47/670
f 2538/44/679 2539/44/679 2909/45/679 2989/45/679
f 2989/32/679 2909/32/679 2908/32/679 2988/32/679
f 2988/46/679 2908/45/679 2907/45/679 2987/47/679
f 2987/30/679 2907/32/679 2906/32/679 2986/30/679
f 2986/47/679 2906/45/679 2905/45/679 2985/45/679
f 2540/44/684 2541/44/684 2929/48/684 2984/45/684
f 2984/32/684 2929/32/684 2928/32/684 2983/32/684
f 2983/46/859 2928/45/859 2927/45/859 2982/47/859
f 2982/30/684 2927/32/684 2926/32/684 2981/30/684
f 2981/47/684 2926/45/684 2925/45/684 2980/45/684
f 2529/44/673 2542/44/673 2949/45/673 2920/45/673
f 2920/32/673 2949/32/673 2948/32/673 2921/32/673
f 2921/45/673 2948/45/673 2947/45/673 2922/45/673
f 2922/32/673 2947/32/673 2946/32/673 2923/32/673
f 2923/48/673 2946/45/673 2945/45/673 2924/46/673
f 2542/44/674 2536/44/674 2950/45/674 2949/45/674
f 2949/32/674 2950/32/674 2951/32/674 2948/32/674
f 2948/45/674 2951/45/674 2952/45/674 2947/45/674
f 2947/32/674 2952/32/674 2953/32/674 2946/32/674
f 2946/45/674 2953/48/674 2954/47/674 2945/45/674
f 2530/44/676 2531/44/676 2940/48/676 2939/45/676
f 2939/32/676 2940/32/676 2941/30/676 2938/32/676
f 2938/45/676 2941/47/676 2942/47/676 2937/51/676
f 2937/30/676 2942/30/676 2943/32/676 2936/30/676
f 2936/51/676 2943/45/676 2944/47/676 2935/45/676
f 2541/44/685 2534/44/685 2930/45/685 2929/48/685
f 2929/32/685 2930/32/685 2931/30/685 2928/32/685
f 2928/45/685 2931/44/685 2932/44/685 2927/45/685
f 2927/32/685 2932/30/685 2933/32/685 2926/32/685
f 2926/45/830 2933/49/830 2934/45/830 2925/45/830
f 2528/44/861 2529/44/861 2920/45/861 2919/45/861
f 2919/32/672 2920/32/672 2921/32/672 2918/32/672
f 2918/45/861 2921/45/861 2922/45/861 2917/44/861
f 2917/30/672 2922/32/672 2923/32/672 2916/30/672
f 2916/44/672 2923/48/672 2924/46/672 2915/45/672
f 2539/44/680 2532/44/680 2910/45/680 2909/45/680
f 2909/32/724 2910/32/724 2911/32/724 2908/32/724
f 2908/45/680 2911/45/680 2912/45/680 2907/45/680
f 2907/32/680 2912/32/680 2913/32/680 2906/32/680
f 2906/45/680 2913/45/680 2914/45/680 2905/45/680
f 2537/44/675 2530/44/675 2939/45/675 2904/50/675
f 2904/30/675 2939/32/675 2938/32/675 2903/32/675
f 2903/45/675 2938/45/675 2937/51/675 2902/51/675
f 2902/30/675 2937/30/675 2936/30/675 2901/30/675
f 2901/51/675 2936/51/675 2935/45/675 2900/46/675
f 2535/44/688 2544/44/688 2955/45/688 2964/45/688
f 2964/32/688 2955/32/688 2956/30/688 2963/32/688
f 2963/45/688 2956/51/688 2957/51/688 2962/45/688
f 2962/32/688 2957/30/688 2958/30/688 2961/32/688
f 2961/45/688 2958/50/688 2959/45/688 2960/45/688
f 2533/44/682 2545/44/682 2965/45/682 2974/45/682
f 2974/32/682 2965/32/682 2966/32/682 2973/32/682
f 2973/45/682 2966/45/682 2967/45/682 2972/44/682
f 2972/30/682 2967/32/682 2968/32/682 2971/30/682
f 2971/44/682 2968/45/682 2969/45/682 2970/45/682
f 2544/44/671 2528/44/671 2919/45/671 2955/45/671
f 2955/32/671 2919/32/671 2918/32/671 2956/30/671
f 2956/51/671 2918/45/671 2917/44/671 2957/51/671
f 2957/30/671 2917/30/671 2916/30/671 2958/30/671
f 2958/50/671 2916/44/671 2915/45/671 2959/45/671
f 2531/44/677 2543/44/677 2975/45/677 2940/48/677
f 2940/32/771 2975/32/771 2976/30/771 2941/30/771
f 2941/47/771 2976/44/771 2977/44/771 2942/47/771
f 2942/30/677 2977/30/677 2978/32/677 2943/32/677
f 2943/45/677 2978/48/677 2979/45/677 2944/47/677
f 2743/52/688 2726/53/688 2991/53/688 2990/53/688
f 2742/53/750 2743/52/750 2990/53/750 2992/53/750
f 2741/53/685 2742/53/685 2992/53/685 2993/53/685
f 2740/53/684 2741/53/684 2993/53/684 2994/53/684
f 2739/53/683 2740/53/683 2994/53/683 2995/53/683
f 2738/53/682 2739/53/682 2995/53/682 2996/53/682
f 2737/53/681 2738/53/681 2996/53/681 2997/53/681
f 2736/52/680 2737/53/680 2997/53/680 2998/53/680
f 2735/53/679 2736/52/679 2998/53/679 2999/53/679
f 2734/52/678 2735/53/678 2999/53/678 3000/53/678
f 2733/53/677 2734/52/677 3000/53/677 3001/53/677
f 2732/53/931 2733/53/931 3001/53/931 3002/53/931
f 2731/53/675 2732/53/675 3002/53/675 3003/53/675
f 2730/53/670 2731/53/670 3003/53/670 3004/53/670
f 2729/52/674 2730/53/674 3004/53/674 3005/53/674
f 2728/53/673 2729/52/673 3005/53/673 3006/53/673
f 2727/52/672 2728/53/672 3006/53/672 3007/53/672
f 2726/53/671 2727/52/671 3007/53/671 2991/53/671
f 2744/52/688 3008/52/688 2761/53/688 3009/53/688
f 3008/52/687 3010/53/687 2760/53/687 2761/53/687
f 3010/53/685 3011/53/685 2759/53/685 2760/53/685
f 3011/53/684 3012/53/684 2758/53/684 2759/53/684
f 3012/53/683 3013/53/683 2757/53/683 2758/53/683
f 3013/53/682 3014/53/682 2756/53/682 2757/53/682
f 3014/53/681 3015/53/681 2755/53/681 2756/53/681
f 3015/53/680 3016/52/680 2754/53/680 2755/53/680
f 3016/52/679 3017/53/679 2753/53/679 2754/53/679
f 3017/53/678 3018/52/678 2752/53/678 2753/53/678
f 3018/52/771 3019/53/771 2751/53/771 2752/53/771
f 3019/53/676 3020/53/676 2750/53/676 2751/53/676
f 3020/53/675 3021/53/675 2749/53/675 2750/53/675
f 3021/53/670 3022/53/670 2748/53/670 2749/53/670
f 3022/53/674 3023/52/674 2747/53/674 2748/53/674
f 3023/52/673 3024/53/673 2746/53/673 2747/53/673
f 3024/53/672 3025/52/672 2745/53/672 2746/53/672
f 3025/52/671 2744/52/671 3009/53/671 2745/53/671
f 3059/35/688 3058/35/688 3061/35/688 3060/35/688
f 3057/35/687 3056/35/687 3058/35/687 3059/35/687
f 3055/35/685 3054/35/685 3056/35/685 3057/35/685
f 3053/35/859 3052/35/859 3054/35/859 3055/35/859
f 3051/35/683 3050/35/683 3052/35/683 3053/35/683
f 3049/35/682 3048/35/682 3050/35/682 3051/35/682
f 3047/35/681 3046/35/681 3048/35/681 3049/35/681
f 3045/35/680 3044/35/680 3046/35/680 3047/35/680
f 3043/35/679 3042/35/679 3044/35/679 3045/35/679
f 3041/35/678 3040/35/678 3042/35/678 3043/35/678
f 3039/35/677 3038/35/677 3040/35/677 3041/35/677
f 3037/35/676 3036/35/676 3038/35/676 3039/35/676
f 3035/35/675 3034/35/675 3036/35/675 3037/35/675
f 3033/35/670 3032/35/670 3034/35/670 3035/35/670
f 3031/35/674 3030/35/674 3032/35/674 3033/35/674
f 3029/35/673 3028/35/673 3030/35/673 3031/35/673
f 3027/35/672 3026/35/672 3028/35/672 3029/35/672
f 3060/35/671 3061/35/671 3026/35/671 3027/35/671
f 3014/35/862 3013/35/862 3050/35/862 3048/35/862
f 2734/35/863 2733/35/863 3039/35/863 3041/35/863
f 3015/35/864 3014/35/864 3048/35/864 3046/35/864
f 2733/35/865 2732/35/865 3037/35/865 3039/35/865
f 3016/35/866 3015/35/866 3046/35/866 3044/35/866
f 2732/35/867 2731/35/867 3035/35/867 3037/35/867
f 3017/35/868 3016/35/868 3044/35/868 3042/35/868
f 2731/35/932 2730/35/932 3033/35/932 3035/35/932
f 2726/35/870 2743/35/870 3059/35/870 3060/35/870
f 3018/35/871 3017/35/871 3042/35/871 3040/35/871
f 2730/35/872 2729/35/872 3031/35/872 3033/35/872
f 2743/35/919 2742/35/919 3057/35/919 3059/35/919
f 3019/35/874 3018/35/874 3040/35/874 3038/35/874
f 2729/35/875 2728/35/875 3029/35/875 3031/35/875
f 2742/35/876 2741/35/876 3055/35/876 3057/35/876
f 3020/35/877 3019/35/877 3038/35/877 3036/35/877
f 2728/35/878 2727/35/878 3027/35/878 3029/35/878
f 2741/35/879 2740/35/879 3053/35/879 3055/35/879
f 3615/30/671 3063/30/671 3065/30/671 3351/30/671
f 3351/30/672 3065/30/672 3067/30/672 3352/30/672
f 3352/30/673 3067/30/673 3069/30/673 3353/30/673
f 3353/30/674 3069/30/674 3071/30/674 3354/30/674
f 3354/30/670 3071/30/670 3073/30/670 3355/30/670
f 3355/30/675 3073/30/675 3075/30/675 3356/30/675
f 3356/30/676 3075/30/676 3077/30/676 3357/30/676
f 3357/30/677 3077/30/677 3079/30/677 3358/30/677
f 3358/30/678 3079/30/678 3081/30/678 3359/30/678
f 3359/30/679 3081/30/679 3083/30/679 3360/30/679
f 3360/30/680 3083/30/680 3085/30/680 3361/30/680
f 3361/30/681 3085/30/681 3087/30/681 3362/30/681
f 3362/30/682 3087/30/682 3089/30/682 3363/30/682
f 3363/30/683 3089/30/683 3091/30/683 3364/30/683
f 3364/30/684 3091/30/684 3093/30/684 3365/30/684
f 3365/30/685 3093/30/685 3095/30/685 3366/30/685
f 3135/31/686 3134/31/686 3098/31/686 3100/31/686
f 3366/30/687 3095/30/687 3097/30/687 3367/30/687
f 3367/30/688 3097/30/688 3063/30/688 3615/30/688
f 3070/30/689 3072/30/689 3121/30/689 3120/30/689
f 3098/30/93 3099/30/93 3115/30/93 3114/30/93 3113/30/93 3112/30/93 3111/30/93 3110/30/93 3109/30/93 3108/30/93 3107/30/93 3106/30/93 3105/30/93 3104/30/93 3103/30/93 3102/30/93 3101/30/93 3100/30/93
f 3137/31/770 3136/31/770 3104/31/770 3105/31/770
f 3139/31/691 3138/31/691 3109/31/691 3110/31/691
f 3141/31/692 3140/31/692 3114/31/692 3115/31/692
f 3143/31/693 3142/31/693 3102/31/693 3103/31/693
f 3145/31/694 3144/31/694 3107/31/694 3108/31/694
f 3147/31/695 3146/31/695 3112/31/695 3113/31/695
f 3148/31/696 3135/31/696 3100/31/696 3101/31/696
f 3149/31/697 3137/31/697 3105/31/697 3106/31/697
f 3134/31/698 3150/31/698 3099/31/698 3098/31/698
f 3151/31/699 3139/31/699 3110/31/699 3111/31/699
f 3150/31/728 3141/31/728 3115/31/728 3099/31/728
f 3136/31/701 3143/31/701 3103/31/701 3104/31/701
f 3138/31/729 3145/31/729 3108/31/729 3109/31/729
f 3140/31/703 3147/31/703 3113/31/703 3114/31/703
f 3142/31/704 3148/31/704 3101/31/704 3102/31/704
f 3144/31/730 3149/31/730 3106/31/730 3107/31/730
f 3146/31/706 3151/31/706 3111/31/706 3112/31/706
f 3080/30/707 3082/30/707 3126/30/707 3125/30/707
f 3090/30/708 3092/30/708 3131/30/708 3130/30/708
f 3066/30/709 3068/30/709 3119/30/709 3118/30/709
f 3076/30/710 3078/30/710 3124/30/710 3123/30/710
f 3062/30/711 3064/30/711 3117/30/711 3116/30/711
f 3086/30/712 3088/30/712 3129/30/712 3128/30/712
f 3096/30/713 3062/30/713 3116/30/713 3133/30/713
f 3072/30/714 3074/30/714 3122/30/714 3121/30/714
f 3082/30/715 3084/30/715 3127/30/715 3126/30/715
f 3092/30/716 3094/30/716 3132/30/716 3131/30/716
f 3068/30/717 3070/30/717 3120/30/717 3119/30/717
f 3078/30/718 3080/30/718 3125/30/718 3124/30/718
f 3088/30/719 3090/30/719 3130/30/719 3129/30/719
f 3064/30/720 3066/30/720 3118/30/720 3117/30/720
f 3074/30/721 3076/30/721 3123/30/721 3122/30/721
f 3084/30/722 3086/30/722 3128/30/722 3127/30/722
f 3094/30/881 3096/30/881 3133/30/881 3132/30/881
f 3152/30/93 3162/30/93 3170/30/93 3196/30/93
f 3550/30/771 3585/32/771 3187/30/771 3194/30/771
f 3164/30/93 3157/30/93 3201/30/93 3174/30/93
f 3565/32/671 3521/32/671 3171/30/671 3185/30/671
f 3163/30/572 3156/30/572 3200/30/572 3172/30/572
f 3576/32/682 3575/32/682 3186/30/682 3193/30/682
f 3169/30/93 3155/30/93 3199/30/93 3184/30/93
f 3566/32/688 3565/32/688 3185/30/688 3192/30/688
f 3161/30/93 3154/30/93 3198/30/93 3205/30/93
f 3506/32/675 3541/32/675 3173/30/675 3191/30/675
f 3162/30/93 3169/30/93 3184/30/93 3170/30/93
f 3511/32/680 3520/32/680 3175/30/680 3190/30/680
f 3160/30/93 3153/30/93 3197/30/93 3204/30/93
f 3521/32/861 3530/32/861 3195/30/861 3171/30/861
f 3531/32/685 3540/32/685 3177/30/685 3189/30/685
f 3159/30/93 3152/30/93 3196/30/93 3203/30/93
f 3541/32/676 3550/30/676 3194/30/676 3173/30/676
f 3551/32/674 3560/30/674 3179/30/674 3188/30/674
f 3242/30/686 3274/30/686 3162/30/686 3152/30/686
f 3245/30/770 3277/30/770 3163/30/770 3153/30/770
f 3248/30/691 3280/30/691 3164/30/691 3154/30/691
f 3251/30/692 3283/30/692 3165/30/692 3155/30/692
f 3254/30/693 3286/30/693 3166/30/693 3156/30/693
f 3257/30/694 3289/30/694 3167/30/694 3157/30/694
f 3260/30/695 3292/30/695 3168/30/695 3158/30/695
f 3263/30/696 3242/30/696 3152/30/696 3159/30/696
f 3266/30/697 3245/30/697 3153/30/697 3160/30/697
f 3274/30/698 3295/30/698 3169/30/698 3162/30/698
f 3269/30/699 3248/30/699 3154/30/699 3161/30/699
f 3295/30/728 3251/30/728 3155/30/728 3169/30/728
f 3277/30/701 3254/30/701 3156/30/701 3163/30/701
f 3280/30/729 3257/30/729 3157/30/729 3164/30/729
f 3283/30/703 3260/30/703 3158/30/703 3165/30/703
f 3286/30/704 3263/30/704 3159/30/704 3166/30/704
f 3289/30/730 3266/30/730 3160/30/730 3167/30/730
f 3292/30/706 3269/30/706 3161/30/706 3168/30/706
f 3181/31/731 3190/31/731 3226/31/731 3217/31/731
f 3205/30/882 3198/30/882 3234/30/882 3241/30/882
f 3183/31/883 3189/31/883 3225/31/883 3219/31/883
f 3170/30/884 3184/30/884 3220/30/884 3206/30/884
f 3195/31/885 3188/31/885 3224/31/885 3231/31/885
f 3204/30/933 3197/30/933 3233/30/933 3240/30/933
f 3194/31/886 3187/31/886 3223/31/886 3230/31/886
f 3203/30/738 3196/30/738 3232/30/738 3239/30/738
f 3185/31/739 3171/31/739 3207/31/739 3221/31/739
f 3202/30/888 3182/30/888 3218/30/888 3238/30/888
f 3193/31/924 3186/31/924 3222/31/924 3229/31/924
f 3201/30/742 3180/30/742 3216/30/742 3237/30/742
f 3192/31/743 3185/31/743 3221/31/743 3228/31/743
f 3200/30/934 3178/30/934 3214/30/934 3236/30/934
f 3191/31/890 3173/31/890 3209/31/890 3227/31/890
f 3182/30/891 3205/30/891 3241/30/891 3218/30/891
f 3199/30/892 3176/30/892 3212/30/892 3235/30/892
f 3190/31/748 3175/31/748 3211/31/748 3226/31/748
f 3165/30/93 3158/30/93 3202/30/93 3176/30/93
f 3530/32/673 3551/32/673 3188/30/673 3195/30/673
f 3153/30/93 3163/30/93 3172/30/93 3197/30/93
f 3166/30/93 3159/30/93 3203/30/93 3178/30/93
f 3586/32/684 3531/32/684 3189/30/684 3183/30/684
f 3154/30/93 3164/30/93 3174/30/93 3198/30/93
f 3167/30/32 3160/30/32 3204/30/32 3180/30/32
f 3591/32/679 3511/32/679 3190/30/679 3181/30/679
f 3155/30/93 3165/30/93 3176/30/93 3199/30/93
f 3168/30/93 3161/30/93 3205/30/93 3182/30/93
f 3560/30/670 3506/32/670 3191/30/670 3179/30/670
f 3156/30/572 3166/30/572 3178/30/572 3200/30/572
f 3575/32/683 3586/32/683 3183/30/683 3186/30/683
f 3540/32/750 3566/32/750 3192/30/750 3177/30/750
f 3157/30/93 3167/30/93 3180/30/93 3201/30/93
f 3585/32/678 3591/32/678 3181/30/678 3187/30/678
f 3520/32/681 3576/32/681 3193/30/681 3175/30/681
f 3158/30/93 3168/30/93 3182/30/93 3202/30/93
f 3218/33/706 3241/33/706 3222/33/706 3219/33/706
f 3216/33/730 3240/33/730 3223/33/730 3217/33/730
f 3214/33/704 3239/33/704 3224/33/704 3215/33/704
f 3212/33/703 3238/33/703 3225/33/703 3213/33/703
f 3210/33/729 3237/33/729 3226/33/729 3211/33/729
f 3208/33/701 3236/33/701 3227/33/701 3209/33/701
f 3220/33/728 3235/33/728 3228/33/728 3221/33/728
f 3241/33/727 3234/33/727 3229/33/727 3222/33/727
f 3206/33/698 3220/33/698 3221/33/698 3207/33/698
f 3240/33/697 3233/33/697 3230/33/697 3223/33/697
f 3239/33/696 3232/33/696 3231/33/696 3224/33/696
f 3238/33/695 3218/33/695 3219/33/695 3225/33/695
f 3237/33/694 3216/33/694 3217/33/694 3226/33/694
f 3236/33/693 3214/33/693 3215/33/693 3227/33/693
f 3235/33/692 3212/33/692 3213/33/692 3228/33/692
f 3234/33/691 3210/33/691 3211/33/691 3229/33/691
f 3233/33/770 3208/33/770 3209/33/770 3230/33/770
f 3232/33/686 3206/33/686 3207/33/686 3231/33/686
f 3184/30/751 3199/30/751 3235/30/751 3220/30/751
f 3179/31/935 3191/31/935 3227/31/935 3215/31/935
f 3172/30/936 3200/30/936 3236/30/936 3208/30/936
f 3186/31/895 3183/31/895 3219/31/895 3222/31/895
f 3177/31/755 3192/31/755 3228/31/755 3213/31/755
f 3174/30/756 3201/30/756 3237/30/756 3210/30/756
f 3187/31/757 3181/31/757 3217/31/757 3223/31/757
f 3196/30/758 3170/30/758 3206/30/758 3232/30/758
f 3175/31/897 3193/31/897 3229/31/897 3211/31/897
f 3176/30/898 3202/30/898 3238/30/898 3212/30/898
f 3188/31/899 3179/31/899 3215/31/899 3224/31/899
f 3197/30/900 3172/30/900 3208/30/900 3233/30/900
f 3173/31/937 3194/31/937 3230/31/937 3209/31/937
f 3178/30/764 3203/30/764 3239/30/764 3214/30/764
f 3189/31/765 3177/31/765 3213/31/765 3225/31/765
f 3198/30/902 3174/30/902 3210/30/902 3234/30/902
f 3171/31/767 3195/31/767 3231/31/767 3207/31/767
f 3180/30/903 3204/30/903 3240/30/903 3216/30/903
f 3091/30/706 3089/30/706 3271/30/706 3290/30/706
f 3312/30/706 3305/30/706 3270/30/706 3291/30/706
f 3330/30/706 3323/30/706 3269/30/706 3292/30/706
f 3081/30/730 3079/30/730 3268/30/730 3287/30/730
f 3311/30/730 3304/30/730 3267/30/730 3288/30/730
f 3329/30/730 3322/30/730 3266/30/730 3289/30/730
f 3071/30/704 3069/30/704 3265/30/704 3284/30/704
f 3310/30/704 3303/30/704 3264/30/704 3285/30/704
f 3328/30/704 3321/30/704 3263/30/704 3286/30/704
f 3095/30/703 3093/30/703 3262/30/703 3281/30/703
f 3309/30/703 3302/30/703 3261/30/703 3282/30/703
f 3327/30/703 3320/30/703 3260/30/703 3283/30/703
f 3085/30/729 3083/30/729 3259/30/729 3278/30/729
f 3308/30/729 3301/30/729 3258/30/729 3279/30/729
f 3326/30/702 3319/30/702 3257/30/702 3280/30/702
f 3075/30/701 3073/30/701 3256/30/701 3275/30/701
f 3307/30/701 3300/30/701 3255/30/701 3276/30/701
f 3325/30/701 3318/30/701 3254/30/701 3277/30/701
f 3063/30/728 3097/30/728 3253/30/728 3293/30/728
f 3313/30/728 3299/30/728 3252/30/728 3294/30/728
f 3331/30/728 3317/30/728 3251/30/728 3295/30/728
f 3089/30/699 3087/30/699 3250/30/699 3271/30/699
f 3305/30/699 3298/30/699 3249/30/699 3270/30/699
f 3323/30/727 3316/30/727 3248/30/727 3269/30/727
f 3065/30/698 3063/30/698 3293/30/698 3272/30/698
f 3306/30/698 3313/30/698 3294/30/698 3273/30/698
f 3324/30/698 3331/30/698 3295/30/698 3274/30/698
f 3079/30/697 3077/30/697 3247/30/697 3268/30/697
f 3304/30/697 3297/30/697 3246/30/697 3267/30/697
f 3322/30/697 3315/30/697 3245/30/697 3266/30/697
f 3069/30/696 3067/30/696 3244/30/696 3265/30/696
f 3303/30/696 3296/30/696 3243/30/696 3264/30/696
f 3321/30/696 3314/30/696 3242/30/696 3263/30/696
f 3093/30/695 3091/30/695 3290/30/695 3262/30/695
f 3302/30/695 3312/30/695 3291/30/695 3261/30/695
f 3320/30/695 3330/30/695 3292/30/695 3260/30/695
f 3083/30/694 3081/30/694 3287/30/694 3259/30/694
f 3301/30/694 3311/30/694 3288/30/694 3258/30/694
f 3319/30/694 3329/30/694 3289/30/694 3257/30/694
f 3073/30/693 3071/30/693 3284/30/693 3256/30/693
f 3300/30/693 3310/30/693 3285/30/693 3255/30/693
f 3318/30/693 3328/30/693 3286/30/693 3254/30/693
f 3097/30/692 3095/30/692 3281/30/692 3253/30/692
f 3299/30/692 3309/30/692 3282/30/692 3252/30/692
f 3317/30/692 3327/30/692 3283/30/692 3251/30/692
f 3087/30/691 3085/30/691 3278/30/691 3250/30/691
f 3298/30/691 3308/30/691 3279/30/691 3249/30/691
f 3316/30/691 3326/30/691 3280/30/691 3248/30/691
f 3077/30/770 3075/30/770 3275/30/770 3247/30/770
f 3297/30/690 3307/30/690 3276/30/690 3246/30/690
f 3315/30/690 3325/30/690 3277/30/690 3245/30/690
f 3067/30/686 3065/30/686 3272/30/686 3244/30/686
f 3296/30/686 3306/30/686 3273/30/686 3243/30/686
f 3314/30/686 3324/30/686 3274/30/686 3242/30/686
f 3244/34/686 3272/34/686 3306/34/686 3296/34/686
f 3247/34/690 3275/34/690 3307/34/690 3297/34/690
f 3250/34/691 3278/34/691 3308/34/691 3298/34/691
f 3253/34/692 3281/34/692 3309/34/692 3299/34/692
f 3256/34/693 3284/34/693 3310/34/693 3300/34/693
f 3259/34/694 3287/34/694 3311/34/694 3301/34/694
f 3262/34/695 3290/34/695 3312/34/695 3302/34/695
f 3265/34/696 3244/34/696 3296/34/696 3303/34/696
f 3268/34/697 3247/34/697 3297/34/697 3304/34/697
f 3272/34/698 3293/34/698 3313/34/698 3306/34/698
f 3271/34/727 3250/34/727 3298/34/727 3305/34/727
f 3293/34/728 3253/34/728 3299/34/728 3313/34/728
f 3275/34/701 3256/34/701 3300/34/701 3307/34/701
f 3278/34/702 3259/34/702 3301/34/702 3308/34/702
f 3281/34/703 3262/34/703 3302/34/703 3309/34/703
f 3284/34/704 3265/34/704 3303/34/704 3310/34/704
f 3287/34/730 3268/34/730 3304/34/730 3311/34/730
f 3290/34/706 3271/34/706 3305/34/706 3312/34/706
f 3243/34/686 3273/34/686 3324/34/686 3314/34/686
f 3246/34/770 3276/34/770 3325/34/770 3315/34/770
f 3249/34/691 3279/34/691 3326/34/691 3316/34/691
f 3252/34/769 3282/34/769 3327/34/769 3317/34/769
f 3255/34/693 3285/34/693 3328/34/693 3318/34/693
f 3258/34/694 3288/34/694 3329/34/694 3319/34/694
f 3261/34/695 3291/34/695 3330/34/695 3320/34/695
f 3264/34/696 3243/34/696 3314/34/696 3321/34/696
f 3267/34/697 3246/34/697 3315/34/697 3322/34/697
f 3273/34/698 3294/34/698 3331/34/698 3324/34/698
f 3270/34/699 3249/34/699 3316/34/699 3323/34/699
f 3294/34/728 3252/34/728 3317/34/728 3331/34/728
f 3276/34/701 3255/34/701 3318/34/701 3325/34/701
f 3279/34/729 3258/34/729 3319/34/729 3326/34/729
f 3282/34/703 3261/34/703 3320/34/703 3327/34/703
f 3285/34/704 3264/34/704 3321/34/704 3328/34/704
f 3288/34/730 3267/34/730 3322/34/730 3329/34/730
f 3291/34/706 3270/34/706 3323/34/706 3330/34/706
f 3096/30/688 3596/30/688 3597/30/688 3062/30/688
f 3094/30/687 3598/30/687 3596/30/687 3096/30/687
f 3092/30/685 3599/30/685 3598/30/685 3094/30/685
f 3090/30/684 3600/30/684 3599/30/684 3092/30/684
f 3088/30/683 3601/30/683 3600/30/683 3090/30/683
f 3086/30/682 3602/30/682 3601/30/682 3088/30/682
f 3084/30/681 3603/30/681 3602/30/681 3086/30/681
f 3082/30/680 3604/30/680 3603/30/680 3084/30/680
f 3080/30/679 3605/30/679 3604/30/679 3082/30/679
f 3078/30/678 3606/30/678 3605/30/678 3080/30/678
f 3076/30/677 3607/30/677 3606/30/677 3078/30/677
f 3074/30/676 3608/30/676 3607/30/676 3076/30/676
f 3072/30/675 3609/30/675 3608/30/675 3074/30/675
f 3070/30/670 3610/30/670 3609/30/670 3072/30/670
f 3068/30/674 3611/30/674 3610/30/674 3070/30/674
f 3066/30/673 3612/30/673 3611/30/673 3068/30/673
f 3064/30/672 3613/30/672 3612/30/672 3066/30/672
f 3062/30/671 3597/30/671 3613/30/671 3064/30/671
f 3341/35/772 3340/35/772 3647/35/772 3649/35/772
f 3619/35/773 3618/35/773 3658/35/773 3656/35/773
f 3350/35/774 3631/35/774 3632/35/774 3667/35/774
f 3342/35/775 3341/35/775 3649/35/775 3651/35/775
f 3618/35/776 3617/35/776 3660/35/776 3658/35/776
f 3631/35/777 3630/35/777 3634/35/777 3632/35/777
f 3343/35/778 3342/35/778 3651/35/778 3653/35/778
f 3617/35/779 3616/35/779 3662/35/779 3660/35/779
f 3630/35/780 3629/35/780 3636/35/780 3634/35/780
f 3344/35/781 3343/35/781 3653/35/781 3655/35/781
f 3616/35/782 3614/35/782 3664/35/782 3662/35/782
f 3629/35/783 3628/35/783 3638/35/783 3636/35/783
f 3345/35/784 3344/35/784 3655/35/784 3657/35/784
f 3614/35/785 3350/35/785 3667/35/785 3664/35/785
f 3628/35/786 3627/35/786 3640/35/786 3638/35/786
f 3346/35/908 3345/35/908 3657/35/908 3659/35/908
f 3333/35/788 3332/35/788 3666/35/788 3633/35/788
f 3627/35/789 3626/35/789 3642/35/789 3640/35/789
f 3129/36/683 3130/36/683 3382/36/683 3381/36/683
f 3122/36/676 3123/36/676 3375/36/676 3374/36/676
f 3130/36/684 3131/36/684 3383/36/684 3382/36/684
f 3123/36/771 3124/36/771 3376/36/771 3375/36/771
f 3116/36/671 3117/36/671 3369/36/671 3368/36/671
f 3131/36/685 3132/36/685 3384/36/685 3383/36/685
f 3124/36/678 3125/36/678 3377/36/678 3376/36/678
f 3117/36/672 3118/36/672 3370/36/672 3369/36/672
f 3132/36/750 3133/36/750 3385/36/750 3384/36/750
f 3125/36/679 3126/36/679 3378/36/679 3377/36/679
f 3118/36/673 3119/36/673 3371/36/673 3370/36/673
f 3133/36/688 3116/36/688 3368/36/688 3385/36/688
f 3126/36/680 3127/36/680 3379/36/680 3378/36/680
f 3119/36/674 3120/36/674 3372/36/674 3371/36/674
f 3127/36/681 3128/36/681 3380/36/681 3379/36/681
f 3120/36/670 3121/36/670 3373/36/670 3372/36/670
f 3128/36/682 3129/36/682 3381/36/682 3380/36/682
f 3121/36/675 3122/36/675 3374/36/675 3373/36/675
f 3374/30/790 3375/30/790 3393/30/790 3392/30/790
f 3382/30/791 3383/30/791 3401/30/791 3400/30/791
f 3375/30/792 3376/30/792 3394/30/792 3393/30/792
f 3368/30/793 3369/30/793 3387/30/793 3386/30/793
f 3383/30/794 3384/30/794 3402/30/794 3401/30/794
f 3376/30/795 3377/30/795 3395/30/795 3394/30/795
f 3369/30/796 3370/30/796 3388/30/796 3387/30/796
f 3384/30/797 3385/30/797 3403/30/797 3402/30/797
f 3377/30/798 3378/30/798 3396/30/798 3395/30/798
f 3370/30/799 3371/30/799 3389/30/799 3388/30/799
f 3385/30/800 3368/30/800 3386/30/800 3403/30/800
f 3378/30/801 3379/30/801 3397/30/801 3396/30/801
f 3371/30/802 3372/30/802 3390/30/802 3389/30/802
f 3379/30/803 3380/30/803 3398/30/803 3397/30/803
f 3372/30/804 3373/30/804 3391/30/804 3390/30/804
f 3380/30/805 3381/30/805 3399/30/805 3398/30/805
f 3373/30/806 3374/30/806 3392/30/806 3391/30/806
f 3381/30/807 3382/30/807 3400/30/807 3399/30/807
f 3393/37/771 3394/37/771 3430/37/771 3429/37/771
f 3386/37/671 3387/37/671 3423/37/671 3422/37/671
f 3401/37/685 3402/37/685 3438/37/685 3437/37/685
f 3390/30/808 3426/30/808 3465/30/808 3459/30/808
f 3387/37/672 3388/37/672 3424/37/672 3423/37/672
f 3438/30/809 3402/30/809 3462/30/809 3468/30/809
f 3395/37/679 3396/37/679 3432/37/679 3431/37/679
f 3388/37/673 3389/37/673 3425/37/673 3424/37/673
f 3403/37/688 3386/37/688 3422/37/688 3439/37/688
f 3396/37/680 3397/37/680 3433/37/680 3432/37/680
f 3394/30/810 3395/30/810 3461/30/810 3460/30/810
f 3397/37/681 3398/37/681 3434/37/681 3433/37/681
f 3390/37/670 3391/37/670 3427/37/670 3426/37/670
f 3398/37/682 3399/37/682 3435/37/682 3434/37/682
f 3391/37/675 3392/37/675 3428/37/675 3427/37/675
f 3399/37/683 3400/37/683 3436/37/683 3435/37/683
f 3392/37/676 3393/37/676 3429/37/676 3428/37/676
f 3400/37/684 3401/37/684 3437/37/684 3436/37/684
f 3420/38/677 3421/39/677 3457/39/677 3456/38/677
f 3418/39/811 3417/39/811 3501/39/811 3502/39/811
f 3430/30/812 3431/30/812 3479/30/812 3478/30/812
f 3417/39/813 3416/40/813 3500/40/813 3501/39/813
f 3429/30/814 3430/30/814 3478/30/814 3477/30/814
f 3416/40/815 3415/38/815 3499/38/815 3500/40/815
f 3428/30/816 3429/30/816 3477/30/816 3476/30/816
f 3415/38/911 3414/40/911 3498/40/911 3499/38/911
f 3427/30/912 3428/30/912 3476/30/912 3475/30/912
f 3414/40/819 3413/38/819 3497/38/819 3498/40/819
f 3426/30/820 3427/30/820 3475/30/820 3474/30/820
f 3413/38/821 3412/38/821 3496/38/821 3497/38/821
f 3439/30/822 3422/30/822 3470/30/822 3487/30/822
f 3425/30/823 3426/30/823 3474/30/823 3473/30/823
f 3412/38/824 3411/41/824 3495/41/824 3496/38/824
f 3438/30/825 3439/30/825 3487/30/825 3486/30/825
f 3424/30/913 3425/30/913 3473/30/913 3472/30/913
f 3411/41/914 3410/40/914 3494/40/914 3495/41/914
f 3437/30/938 3438/30/938 3486/30/938 3485/30/938
f 3440/40/829 3441/39/829 3442/41/829 3443/38/829 3444/41/829 3445/38/829 3446/40/829 3447/41/829 3448/38/829 3449/38/829 3450/40/829 3451/38/829 3452/40/829 3453/39/829 3454/39/829 3455/39/829 3456/38/829 3457/39/829
f 3413/38/671 3414/40/671 3450/40/671 3449/38/671
f 3406/41/681 3407/38/681 3443/38/681 3442/41/681
f 3421/39/678 3404/40/678 3440/40/678 3457/39/678
f 3414/40/672 3415/38/672 3451/38/672 3450/40/672
f 3407/38/682 3408/41/682 3444/41/682 3443/38/682
f 3415/38/673 3416/40/673 3452/40/673 3451/38/673
f 3408/41/683 3409/38/683 3445/38/683 3444/41/683
f 3416/40/674 3417/39/674 3453/39/674 3452/40/674
f 3409/38/684 3410/40/684 3446/40/684 3445/38/684
f 3417/39/670 3418/39/670 3454/39/670 3453/39/670
f 3410/40/685 3411/41/685 3447/41/685 3446/40/685
f 3418/39/675 3419/39/675 3455/39/675 3454/39/675
f 3411/41/687 3412/38/687 3448/38/687 3447/41/687
f 3404/40/679 3405/39/679 3441/39/679 3440/40/679
f 3419/39/676 3420/38/676 3456/38/676 3455/39/676
f 3412/38/688 3413/38/688 3449/38/688 3448/38/688
f 3405/39/680 3406/41/680 3442/41/680 3441/39/680
f 3460/30/670 3461/30/670 3467/30/670 3466/30/670
f 3462/30/683 3463/30/683 3469/30/683 3468/30/683
f 3458/30/915 3459/30/915 3465/30/915 3464/30/915
f 3426/30/832 3425/30/832 3464/30/832 3465/30/832
f 3395/30/833 3431/30/833 3467/30/833 3461/30/833
f 3402/30/834 3403/30/834 3463/30/834 3462/30/834
f 3425/30/835 3389/30/835 3458/30/835 3464/30/835
f 3389/30/836 3390/30/836 3459/30/836 3458/30/836
f 3431/30/837 3430/30/837 3466/30/837 3467/30/837
f 3430/30/838 3394/30/838 3460/30/838 3466/30/838
f 3403/30/839 3439/30/839 3469/30/839 3463/30/839
f 3439/30/840 3438/30/840 3468/30/840 3469/30/840
f 3489/32/829 3488/30/829 3470/30/829 3471/30/829
f 3490/42/829 3489/32/829 3471/30/829 3472/30/829
f 3491/30/829 3490/42/829 3472/30/829 3473/30/829
f 3492/42/829 3491/30/829 3473/30/829 3474/30/829
f 3493/30/829 3492/42/829 3474/30/829 3475/30/829
f 3494/30/829 3493/30/829 3475/30/829 3476/30/829
f 3495/42/829 3494/30/829 3476/30/829 3477/30/829
f 3496/30/829 3495/42/829 3477/30/829 3478/30/829
f 3497/30/829 3496/30/829 3478/30/829 3479/30/829
f 3498/30/829 3497/30/829 3479/30/829 3480/30/829
f 3499/30/829 3498/30/829 3480/30/829 3481/30/829
f 3500/30/829 3499/30/829 3481/30/829 3482/30/829
f 3501/32/829 3500/30/829 3482/30/829 3483/30/829
f 3502/32/829 3501/32/829 3483/30/829 3484/30/829
f 3503/32/829 3502/32/829 3484/30/829 3485/30/829
f 3504/43/829 3503/32/829 3485/30/829 3486/30/829
f 3505/32/829 3504/43/829 3486/30/829 3487/30/829
f 3488/30/829 3505/32/829 3487/30/829 3470/30/829
f 3431/30/841 3432/30/841 3480/30/841 3479/30/841
f 3405/39/842 3404/40/842 3488/40/842 3489/39/842
f 3419/39/843 3418/39/843 3502/39/843 3503/39/843
f 3432/30/844 3433/30/844 3481/30/844 3480/30/844
f 3406/41/845 3405/39/845 3489/39/845 3490/41/845
f 3420/38/846 3419/39/846 3503/39/846 3504/38/846
f 3433/30/847 3434/30/847 3482/30/847 3481/30/847
f 3407/38/848 3406/41/848 3490/41/848 3491/38/848
f 3421/39/849 3420/38/849 3504/38/849 3505/39/849
f 3434/30/850 3435/30/850 3483/30/850 3482/30/850
f 3408/41/939 3407/38/939 3491/38/939 3492/41/939
f 3404/40/852 3421/39/852 3505/39/852 3488/40/852
f 3435/30/853 3436/30/853 3484/30/853 3483/30/853
f 3409/38/916 3408/41/916 3492/41/916 3493/38/916
f 3422/30/855 3423/30/855 3471/30/855 3470/30/855
f 3436/30/856 3437/30/856 3485/30/856 3484/30/856
f 3410/40/857 3409/38/857 3493/38/857 3494/40/857
f 3423/30/858 3424/30/858 3472/30/858 3471/30/858
f 3138/44/681 3139/44/681 3580/45/681 3516/45/681
f 3516/32/681 3580/32/681 3579/32/681 3517/32/681
f 3517/45/681 3579/45/681 3578/44/681 3518/45/681
f 3518/32/681 3578/30/681 3577/30/681 3519/32/681
f 3519/45/681 3577/44/681 3576/45/681 3520/45/681
f 3149/44/678 3144/44/678 3595/45/678 3581/45/678
f 3581/32/678 3595/32/678 3594/32/678 3582/30/678
f 3582/44/678 3594/46/678 3593/47/678 3583/44/678
f 3583/30/678 3593/30/678 3592/30/678 3584/32/678
f 3584/48/678 3592/47/678 3591/45/678 3585/45/678
f 3140/44/750 3141/44/750 3570/45/750 3536/45/750
f 3536/32/687 3570/32/687 3569/32/687 3537/30/687
f 3537/44/750 3569/45/750 3568/45/750 3538/44/750
f 3538/30/750 3568/32/750 3567/32/750 3539/32/750
f 3539/49/687 3567/45/687 3566/45/687 3540/45/687
f 3151/44/683 3146/44/683 3590/45/683 3571/45/683
f 3571/32/683 3590/32/683 3589/32/683 3572/32/683
f 3572/45/683 3589/46/683 3588/47/683 3573/45/683
f 3573/32/683 3588/30/683 3587/30/683 3574/32/683
f 3574/45/683 3587/47/683 3586/45/683 3575/45/683
f 3142/44/670 3143/44/670 3510/50/670 3556/45/670
f 3556/32/670 3510/30/670 3509/32/670 3557/32/670
f 3557/45/670 3509/45/670 3508/51/670 3558/45/670
f 3558/32/670 3508/30/670 3507/30/670 3559/32/670
f 3559/48/670 3507/51/670 3506/46/670 3560/47/670
f 3144/44/679 3145/44/679 3515/45/679 3595/45/679
f 3595/32/679 3515/32/679 3514/32/679 3594/32/679
f 3594/46/679 3514/45/679 3513/45/679 3593/47/679
f 3593/30/679 3513/32/679 3512/32/679 3592/30/679
f 3592/47/679 3512/45/679 3511/45/679 3591/45/679
f 3146/44/684 3147/44/684 3535/48/684 3590/45/684
f 3590/32/684 3535/32/684 3534/32/684 3589/32/684
f 3589/46/684 3534/45/684 3533/45/684 3588/47/684
f 3588/30/684 3533/32/684 3532/32/684 3587/30/684
f 3587/47/684 3532/45/684 3531/45/684 3586/45/684
f 3135/44/673 3148/44/673 3555/45/673 3526/45/673
f 3526/32/673 3555/32/673 3554/32/673 3527/32/673
f 3527/45/673 3554/45/673 3553/45/673 3528/45/673
f 3528/32/673 3553/32/673 3552/32/673 3529/32/673
f 3529/48/673 3552/45/673 3551/45/673 3530/46/673
f 3148/44/674 3142/44/674 3556/45/674 3555/45/674
f 3555/32/674 3556/32/674 3557/32/674 3554/32/674
f 3554/45/674 3557/45/674 3558/45/674 3553/45/674
f 3553/32/674 3558/32/674 3559/32/674 3552/32/674
f 3552/45/674 3559/48/674 3560/47/674 3551/45/674
f 3136/44/676 3137/44/676 3546/48/676 3545/45/676
f 3545/32/676 3546/32/676 3547/30/676 3544/32/676
f 3544/45/676 3547/47/676 3548/47/676 3543/51/676
f 3543/30/676 3548/30/676 3549/32/676 3542/30/676
f 3542/51/676 3549/45/676 3550/47/676 3541/45/676
f 3147/44/685 3140/44/685 3536/45/685 3535/48/685
f 3535/32/685 3536/32/685 3537/30/685 3534/32/685
f 3534/45/685 3537/44/685 3538/44/685 3533/45/685
f 3533/32/685 3538/30/685 3539/32/685 3532/32/685
f 3532/45/685 3539/49/685 3540/45/685 3531/45/685
f 3134/44/672 3135/44/672 3526/45/672 3525/45/672
f 3525/32/672 3526/32/672 3527/32/672 3524/32/672
f 3524/45/672 3527/45/672 3528/45/672 3523/44/672
f 3523/30/672 3528/32/672 3529/32/672 3522/30/672
f 3522/44/672 3529/48/672 3530/46/672 3521/45/672
f 3145/44/680 3138/44/680 3516/45/680 3515/45/680
f 3515/32/680 3516/32/680 3517/32/680 3514/32/680
f 3514/45/680 3517/45/680 3518/45/680 3513/45/680
f 3513/32/680 3518/32/680 3519/32/680 3512/32/680
f 3512/45/680 3519/45/680 3520/45/680 3511/45/680
f 3143/44/675 3136/44/675 3545/45/675 3510/50/675
f 3510/30/675 3545/32/675 3544/32/675 3509/32/675
f 3509/45/675 3544/45/675 3543/51/675 3508/51/675
f 3508/30/675 3543/30/675 3542/30/675 3507/30/675
f 3507/51/675 3542/51/675 3541/45/675 3506/46/675
f 3141/44/688 3150/44/688 3561/45/688 3570/45/688
f 3570/32/688 3561/32/688 3562/30/688 3569/32/688
f 3569/45/688 3562/51/688 3563/51/688 3568/45/688
f 3568/32/688 3563/30/688 3564/30/688 3567/32/688
f 3567/45/688 3564/50/688 3565/45/688 3566/45/688
f 3139/44/682 3151/44/682 3571/45/682 3580/45/682
f 3580/32/682 3571/32/682 3572/32/682 3579/32/682
f 3579/45/682 3572/45/682 3573/45/682 3578/44/682
f 3578/30/682 3573/32/682 3574/32/682 3577/30/682
f 3577/44/682 3574/45/682 3575/45/682 3576/45/682
f 3150/44/671 3134/44/671 3525/45/671 3561/45/671
f 3561/32/671 3525/32/671 3524/32/671 3562/30/671
f 3562/51/671 3524/45/671 3523/44/671 3563/51/671
f 3563/30/671 3523/30/671 3522/30/671 3564/30/671
f 3564/50/671 3522/44/671 3521/45/671 3565/45/671
f 3137/44/771 3149/44/771 3581/45/771 3546/48/771
f 3546/32/677 3581/32/677 3582/30/677 3547/30/677
f 3547/47/677 3582/44/677 3583/44/677 3548/47/677
f 3548/30/677 3583/30/677 3584/32/677 3549/32/677
f 3549/45/771 3584/48/771 3585/45/771 3550/47/771
f 3349/52/688 3332/53/688 3597/53/688 3596/53/688
f 3348/53/750 3349/52/750 3596/53/750 3598/53/750
f 3347/53/685 3348/53/685 3598/53/685 3599/53/685
f 3346/53/684 3347/53/684 3599/53/684 3600/53/684
f 3345/53/683 3346/53/683 3600/53/683 3601/53/683
f 3344/53/682 3345/53/682 3601/53/682 3602/53/682
f 3343/53/681 3344/53/681 3602/53/681 3603/53/681
f 3342/52/680 3343/53/680 3603/53/680 3604/53/680
f 3341/53/679 3342/52/679 3604/53/679 3605/53/679
f 3340/52/678 3341/53/678 3605/53/678 3606/53/678
f 3339/53/771 3340/52/771 3606/53/771 3607/53/771
f 3338/53/676 3339/53/676 3607/53/676 3608/53/676
f 3337/53/675 3338/53/675 3608/53/675 3609/53/675
f 3336/53/670 3337/53/670 3609/53/670 3610/53/670
f 3335/52/674 3336/53/674 3610/53/674 3611/53/674
f 3334/53/673 3335/52/673 3611/53/673 3612/53/673
f 3333/52/672 3334/53/672 3612/53/672 3613/53/672
f 3332/53/671 3333/52/671 3613/53/671 3597/53/671
f 3350/52/688 3614/52/688 3367/53/688 3615/53/688
f 3614/52/687 3616/53/687 3366/53/687 3367/53/687
f 3616/53/685 3617/53/685 3365/53/685 3366/53/685
f 3617/53/684 3618/53/684 3364/53/684 3365/53/684
f 3618/53/683 3619/53/683 3363/53/683 3364/53/683
f 3619/53/682 3620/53/682 3362/53/682 3363/53/682
f 3620/53/681 3621/53/681 3361/53/681 3362/53/681
f 3621/53/680 3622/52/680 3360/53/680 3361/53/680
f 3622/52/679 3623/53/679 3359/53/679 3360/53/679
f 3623/53/678 3624/52/678 3358/53/678 3359/53/678
f 3624/52/677 3625/53/677 3357/53/677 3358/53/677
f 3625/53/676 3626/53/676 3356/53/676 3357/53/676
f 3626/53/675 3627/53/675 3355/53/675 3356/53/675
f 3627/53/670 3628/53/670 3354/53/670 3355/53/670
f 3628/53/674 3629/52/674 3353/53/674 3354/53/674
f 3629/52/673 3630/53/673 3352/53/673 3353/53/673
f 3630/53/672 3631/52/672 3351/53/672 3352/53/672
f 3631/52/671 3350/52/671 3615/53/671 3351/53/671
f 3665/35/688 3664/35/688 3667/35/688 3666/35/688
f 3663/35/687 3662/35/687 3664/35/687 3665/35/687
f 3661/35/685 3660/35/685 3662/35/685 3663/35/685
f 3659/35/859 3658/35/859 3660/35/859 3661/35/859
f 3657/35/683 3656/35/683 3658/35/683 3659/35/683
f 3655/35/682 3654/35/682 3656/35/682 3657/35/682
f 3653/35/681 3652/35/681 3654/35/681 3655/35/681
f 3651/35/680 3650/35/680 3652/35/680 3653/35/680
f 3649/35/679 3648/35/679 3650/35/679 3651/35/679
f 3647/35/678 3646/35/678 3648/35/678 3649/35/678
f 3645/35/771 3644/35/771 3646/35/771 3647/35/771
f 3643/35/676 3642/35/676 3644/35/676 3645/35/676
f 3641/35/675 3640/35/675 3642/35/675 3643/35/675
f 3639/35/670 3638/35/670 3640/35/670 3641/35/670
f 3637/35/674 3636/35/674 3638/35/674 3639/35/674
f 3635/35/673 3634/35/673 3636/35/673 3637/35/673
f 3633/35/861 3632/35/861 3634/35/861 3635/35/861
f 3666/35/671 3667/35/671 3632/35/671 3633/35/671
f 3620/35/862 3619/35/862 3656/35/862 3654/35/862
f 3340/35/863 3339/35/863 3645/35/863 3647/35/863
f 3621/35/864 3620/35/864 3654/35/864 3652/35/864
f 3339/35/865 3338/35/865 3643/35/865 3645/35/865
f 3622/35/866 3621/35/866 3652/35/866 3650/35/866
f 3338/35/867 3337/35/867 3641/35/867 3643/35/867
f 3623/35/868 3622/35/868 3650/35/868 3648/35/868
f 3337/35/869 3336/35/869 3639/35/869 3641/35/869
f 3332/35/870 3349/35/870 3665/35/870 3666/35/870
f 3624/35/871 3623/35/871 3648/35/871 3646/35/871
f 3336/35/872 3335/35/872 3637/35/872 3639/35/872
f 3349/35/919 3348/35/919 3663/35/919 3665/35/919
f 3625/35/920 3624/35/920 3646/35/920 3644/35/920
f 3335/35/875 3334/35/875 3635/35/875 3637/35/875
f 3348/35/876 3347/35/876 3661/35/876 3663/35/876
f 3626/35/877 3625/35/877 3644/35/877 3642/35/877
f 3334/35/878 3333/35/878 3633/35/878 3635/35/878
f 3347/35/879 3346/35/879 3659/35/879 3661/35/879
f 4221/30/940 3669/30/940 3671/30/940 3957/30/940
f 3957/30/941 3671/30/941 3673/30/941 3958/30/941
f 3958/30/942 3673/30/942 3675/30/942 3959/30/942
f 3959/30/943 3675/30/943 3677/30/943 3960/30/943
f 3960/30/944 3677/30/944 3679/30/944 3961/30/944
f 3961/30/945 3679/30/945 3681/30/945 3962/30/945
f 3962/30/946 3681/30/946 3683/30/946 3963/30/946
f 3963/30/947 3683/30/947 3685/30/947 3964/30/947
f 3964/30/948 3685/30/948 3687/30/948 3965/30/948
f 3965/30/949 3687/30/949 3689/30/949 3966/30/949
f 3966/30/950 3689/30/950 3691/30/950 3967/30/950
f 3967/30/951 3691/30/951 3693/30/951 3968/30/951
f 3968/30/952 3693/30/952 3695/30/952 3969/30/952
f 3969/30/953 3695/30/953 3697/30/953 3970/30/953
f 3970/30/954 3697/30/954 3699/30/954 3971/30/954
f 3971/30/955 3699/30/955 3701/30/955 3972/30/955
f 3741/31/956 3740/31/956 3704/31/956 3706/31/956
f 3972/30/957 3701/30/957 3703/30/957 3973/30/957
f 3973/30/958 3703/30/958 3669/30/958 4221/30/958
f 3676/30/959 3678/30/959 3727/30/959 3726/30/959
f 3704/30/93 3705/30/93 3721/30/93 3720/30/93 3719/30/93 3718/30/93 3717/30/93 3716/30/93 3715/30/93 3714/30/93 3713/30/93 3712/30/93 3711/30/93 3710/30/93 3709/30/93 3708/30/93 3707/30/93 3706/30/93
f 3743/31/960 3742/31/960 3710/31/960 3711/31/960
f 3745/31/961 3744/31/961 3715/31/961 3716/31/961
f 3747/31/962 3746/31/962 3720/31/962 3721/31/962
f 3749/31/963 3748/31/963 3708/31/963 3709/31/963
f 3751/31/964 3750/31/964 3713/31/964 3714/31/964
f 3753/31/965 3752/31/965 3718/31/965 3719/31/965
f 3754/31/966 3741/31/966 3706/31/966 3707/31/966
f 3755/31/967 3743/31/967 3711/31/967 3712/31/967
f 3740/31/968 3756/31/968 3705/31/968 3704/31/968
f 3757/31/969 3745/31/969 3716/31/969 3717/31/969
f 3756/31/970 3747/31/970 3721/31/970 3705/31/970
f 3742/31/971 3749/31/971 3709/31/971 3710/31/971
f 3744/31/972 3751/31/972 3714/31/972 3715/31/972
f 3746/31/973 3753/31/973 3719/31/973 3720/31/973
f 3748/31/974 3754/31/974 3707/31/974 3708/31/974
f 3750/31/975 3755/31/975 3712/31/975 3713/31/975
f 3752/31/976 3757/31/976 3717/31/976 3718/31/976
f 3686/30/977 3688/30/977 3732/30/977 3731/30/977
f 3696/30/978 3698/30/978 3737/30/978 3736/30/978
f 3672/30/979 3674/30/979 3725/30/979 3724/30/979
f 3682/30/980 3684/30/980 3730/30/980 3729/30/980
f 3668/30/981 3670/30/981 3723/30/981 3722/30/981
f 3692/30/982 3694/30/982 3735/30/982 3734/30/982
f 3702/30/983 3668/30/983 3722/30/983 3739/30/983
f 3678/30/984 3680/30/984 3728/30/984 3727/30/984
f 3688/30/985 3690/30/985 3733/30/985 3732/30/985
f 3698/30/986 3700/30/986 3738/30/986 3737/30/986
f 3674/30/987 3676/30/987 3726/30/987 3725/30/987
f 3684/30/988 3686/30/988 3731/30/988 3730/30/988
f 3694/30/989 3696/30/989 3736/30/989 3735/30/989
f 3670/30/990 3672/30/990 3724/30/990 3723/30/990
f 3680/30/991 3682/30/991 3729/30/991 3728/30/991
f 3690/30/992 3692/30/992 3734/30/992 3733/30/992
f 3700/30/993 3702/30/993 3739/30/993 3738/30/993
f 3758/30/93 3768/30/93 3776/30/93 3802/30/93
f 4156/30/994 4191/32/994 3793/30/994 3800/30/994
f 3770/30/93 3763/30/93 3807/30/93 3780/30/93
f 4171/32/940 4127/32/940 3777/30/940 3791/30/940
f 3769/30/93 3762/30/93 3806/30/93 3778/30/93
f 4182/32/952 4181/32/952 3792/30/952 3799/30/952
f 3775/30/93 3761/30/93 3805/30/93 3790/30/93
f 4172/32/958 4171/32/958 3791/30/958 3798/30/958
f 3767/30/93 3760/30/93 3804/30/93 3811/30/93
f 4112/32/995 4147/32/995 3779/30/995 3797/30/995
f 3768/30/93 3775/30/93 3790/30/93 3776/30/93
f 4117/32/996 4126/32/996 3781/30/996 3796/30/996
f 3766/30/93 3759/30/93 3803/30/93 3810/30/93
f 4127/32/997 4136/32/997 3801/30/997 3777/30/997
f 4137/32/955 4146/32/955 3783/30/955 3795/30/955
f 3765/30/93 3758/30/93 3802/30/93 3809/30/93
f 4147/32/946 4156/30/946 3800/30/946 3779/30/946
f 4157/32/943 4166/30/943 3785/30/943 3794/30/943
f 3848/30/998 3880/30/998 3768/30/998 3758/30/998
f 3851/30/960 3883/30/960 3769/30/960 3759/30/960
f 3854/30/999 3886/30/999 3770/30/999 3760/30/999
f 3857/30/962 3889/30/962 3771/30/962 3761/30/962
f 3860/30/963 3892/30/963 3772/30/963 3762/30/963
f 3863/30/964 3895/30/964 3773/30/964 3763/30/964
f 3866/30/965 3898/30/965 3774/30/965 3764/30/965
f 3869/30/966 3848/30/966 3758/30/966 3765/30/966
f 3872/30/1000 3851/30/1000 3759/30/1000 3766/30/1000
f 3880/30/968 3901/30/968 3775/30/968 3768/30/968
f 3875/30/969 3854/30/969 3760/30/969 3767/30/969
f 3901/30/970 3857/30/970 3761/30/970 3775/30/970
f 3883/30/971 3860/30/971 3762/30/971 3769/30/971
f 3886/30/1001 3863/30/1001 3763/30/1001 3770/30/1001
f 3889/30/973 3866/30/973 3764/30/973 3771/30/973
f 3892/30/974 3869/30/974 3765/30/974 3772/30/974
f 3895/30/975 3872/30/975 3766/30/975 3773/30/975
f 3898/30/976 3875/30/976 3767/30/976 3774/30/976
f 3787/31/1002 3796/31/1002 3832/31/1002 3823/31/1002
f 3811/30/1003 3804/30/1003 3840/30/1003 3847/30/1003
f 3789/31/1004 3795/31/1004 3831/31/1004 3825/31/1004
f 3776/30/1005 3790/30/1005 3826/30/1005 3812/30/1005
f 3801/31/1006 3794/31/1006 3830/31/1006 3837/31/1006
f 3810/30/1007 3803/30/1007 3839/30/1007 3846/30/1007
f 3800/31/1008 3793/31/1008 3829/31/1008 3836/31/1008
f 3809/30/1009 3802/30/1009 3838/30/1009 3845/30/1009
f 3791/31/1010 3777/31/1010 3813/31/1010 3827/31/1010
f 3808/30/1011 3788/30/1011 3824/30/1011 3844/30/1011
f 3799/31/1012 3792/31/1012 3828/31/1012 3835/31/1012
f 3807/30/1013 3786/30/1013 3822/30/1013 3843/30/1013
f 3798/31/1014 3791/31/1014 3827/31/1014 3834/31/1014
f 3806/30/1015 3784/30/1015 3820/30/1015 3842/30/1015
f 3797/31/1016 3779/31/1016 3815/31/1016 3833/31/1016
f 3788/30/1017 3811/30/1017 3847/30/1017 3824/30/1017
f 3805/30/1018 3782/30/1018 3818/30/1018 3841/30/1018
f 3796/31/1019 3781/31/1019 3817/31/1019 3832/31/1019
f 3771/30/93 3764/30/93 3808/30/93 3782/30/93
f 4136/32/942 4157/32/942 3794/30/942 3801/30/942
f 3759/30/93 3769/30/93 3778/30/93 3803/30/93
f 3772/30/93 3765/30/93 3809/30/93 3784/30/93
f 4192/32/954 4137/32/954 3795/30/954 3789/30/954
f 3760/30/93 3770/30/93 3780/30/93 3804/30/93
f 3773/30/93 3766/30/93 3810/30/93 3786/30/93
f 4197/32/949 4117/32/949 3796/30/949 3787/30/949
f 3761/30/93 3771/30/93 3782/30/93 3805/30/93
f 3774/30/93 3767/30/93 3811/30/93 3788/30/93
f 4166/30/1020 4112/32/1020 3797/30/1020 3785/30/1020
f 3762/30/93 3772/30/93 3784/30/93 3806/30/93
f 4181/32/1021 4192/32/1021 3789/30/1021 3792/30/1021
f 4146/32/957 4172/32/957 3798/30/957 3783/30/957
f 3763/30/93 3773/30/93 3786/30/93 3807/30/93
f 4191/32/948 4197/32/948 3787/30/948 3793/30/948
f 4126/32/951 4182/32/951 3799/30/951 3781/30/951
f 3764/30/93 3774/30/93 3788/30/93 3808/30/93
f 3824/33/976 3847/33/976 3828/33/976 3825/33/976
f 3822/33/975 3846/33/975 3829/33/975 3823/33/975
f 3820/33/974 3845/33/974 3830/33/974 3821/33/974
f 3818/33/973 3844/33/973 3831/33/973 3819/33/973
f 3816/33/972 3843/33/972 3832/33/972 3817/33/972
f 3814/33/971 3842/33/971 3833/33/971 3815/33/971
f 3826/33/1022 3841/33/1022 3834/33/1022 3827/33/1022
f 3847/33/1023 3840/33/1023 3835/33/1023 3828/33/1023
f 3812/33/968 3826/33/968 3827/33/968 3813/33/968
f 3846/33/967 3839/33/967 3836/33/967 3829/33/967
f 3845/33/966 3838/33/966 3837/33/966 3830/33/966
f 3844/33/965 3824/33/965 3825/33/965 3831/33/965
f 3843/33/964 3822/33/964 3823/33/964 3832/33/964
f 3842/33/963 3820/33/963 3821/33/963 3833/33/963
f 3841/33/962 3818/33/962 3819/33/962 3834/33/962
f 3840/33/999 3816/33/999 3817/33/999 3835/33/999
f 3839/33/960 3814/33/960 3815/33/960 3836/33/960
f 3838/33/956 3812/33/956 3813/33/956 3837/33/956
f 3790/30/1024 3805/30/1024 3841/30/1024 3826/30/1024
f 3785/31/1025 3797/31/1025 3833/31/1025 3821/31/1025
f 3778/30/1026 3806/30/1026 3842/30/1026 3814/30/1026
f 3792/31/1027 3789/31/1027 3825/31/1027 3828/31/1027
f 3783/31/1028 3798/31/1028 3834/31/1028 3819/31/1028
f 3780/30/1029 3807/30/1029 3843/30/1029 3816/30/1029
f 3793/31/1030 3787/31/1030 3823/31/1030 3829/31/1030
f 3802/30/1031 3776/30/1031 3812/30/1031 3838/30/1031
f 3781/31/1032 3799/31/1032 3835/31/1032 3817/31/1032
f 3782/30/1033 3808/30/1033 3844/30/1033 3818/30/1033
f 3794/31/1034 3785/31/1034 3821/31/1034 3830/31/1034
f 3803/30/1035 3778/30/1035 3814/30/1035 3839/30/1035
f 3779/31/1036 3800/31/1036 3836/31/1036 3815/31/1036
f 3784/30/1037 3809/30/1037 3845/30/1037 3820/30/1037
f 3795/31/1038 3783/31/1038 3819/31/1038 3831/31/1038
f 3804/30/1039 3780/30/1039 3816/30/1039 3840/30/1039
f 3777/31/1040 3801/31/1040 3837/31/1040 3813/31/1040
f 3786/30/1041 3810/30/1041 3846/30/1041 3822/30/1041
f 3697/30/976 3695/30/976 3877/30/976 3896/30/976
f 3918/30/976 3911/30/976 3876/30/976 3897/30/976
f 3936/30/976 3929/30/976 3875/30/976 3898/30/976
f 3687/30/975 3685/30/975 3874/30/975 3893/30/975
f 3917/30/975 3910/30/975 3873/30/975 3894/30/975
f 3935/30/975 3928/30/975 3872/30/975 3895/30/975
f 3677/30/974 3675/30/974 3871/30/974 3890/30/974
f 3916/30/974 3909/30/974 3870/30/974 3891/30/974
f 3934/30/974 3927/30/974 3869/30/974 3892/30/974
f 3701/30/973 3699/30/973 3868/30/973 3887/30/973
f 3915/30/973 3908/30/973 3867/30/973 3888/30/973
f 3933/30/973 3926/30/973 3866/30/973 3889/30/973
f 3691/30/972 3689/30/972 3865/30/972 3884/30/972
f 3914/30/972 3907/30/972 3864/30/972 3885/30/972
f 3932/30/972 3925/30/972 3863/30/972 3886/30/972
f 3681/30/971 3679/30/971 3862/30/971 3881/30/971
f 3913/30/971 3906/30/971 3861/30/971 3882/30/971
f 3931/30/971 3924/30/971 3860/30/971 3883/30/971
f 3669/30/970 3703/30/970 3859/30/970 3899/30/970
f 3919/30/970 3905/30/970 3858/30/970 3900/30/970
f 3937/30/970 3923/30/970 3857/30/970 3901/30/970
f 3695/30/969 3693/30/969 3856/30/969 3877/30/969
f 3911/30/969 3904/30/969 3855/30/969 3876/30/969
f 3929/30/969 3922/30/969 3854/30/969 3875/30/969
f 3671/30/968 3669/30/968 3899/30/968 3878/30/968
f 3912/30/968 3919/30/968 3900/30/968 3879/30/968
f 3930/30/968 3937/30/968 3901/30/968 3880/30/968
f 3685/30/1000 3683/30/1000 3853/30/1000 3874/30/1000
f 3910/30/1000 3903/30/1000 3852/30/1000 3873/30/1000
f 3928/30/967 3921/30/967 3851/30/967 3872/30/967
f 3675/30/966 3673/30/966 3850/30/966 3871/30/966
f 3909/30/966 3902/30/966 3849/30/966 3870/30/966
f 3927/30/966 3920/30/966 3848/30/966 3869/30/966
f 3699/30/965 3697/30/965 3896/30/965 3868/30/965
f 3908/30/965 3918/30/965 3897/30/965 3867/30/965
f 3926/30/965 3936/30/965 3898/30/965 3866/30/965
f 3689/30/1042 3687/30/1042 3893/30/1042 3865/30/1042
f 3907/30/1042 3917/30/1042 3894/30/1042 3864/30/1042
f 3925/30/964 3935/30/964 3895/30/964 3863/30/964
f 3679/30/963 3677/30/963 3890/30/963 3862/30/963
f 3906/30/963 3916/30/963 3891/30/963 3861/30/963
f 3924/30/1043 3934/30/1043 3892/30/1043 3860/30/1043
f 3703/30/962 3701/30/962 3887/30/962 3859/30/962
f 3905/30/962 3915/30/962 3888/30/962 3858/30/962
f 3923/30/962 3933/30/962 3889/30/962 3857/30/962
f 3693/30/999 3691/30/999 3884/30/999 3856/30/999
f 3904/30/999 3914/30/999 3885/30/999 3855/30/999
f 3922/30/999 3932/30/999 3886/30/999 3854/30/999
f 3683/30/960 3681/30/960 3881/30/960 3853/30/960
f 3903/30/960 3913/30/960 3882/30/960 3852/30/960
f 3921/30/960 3931/30/960 3883/30/960 3851/30/960
f 3673/30/956 3671/30/956 3878/30/956 3850/30/956
f 3902/30/956 3912/30/956 3879/30/956 3849/30/956
f 3920/30/956 3930/30/956 3880/30/956 3848/30/956
f 3850/34/956 3878/34/956 3912/34/956 3902/34/956
f 3853/34/960 3881/34/960 3913/34/960 3903/34/960
f 3856/34/999 3884/34/999 3914/34/999 3904/34/999
f 3859/34/962 3887/34/962 3915/34/962 3905/34/962
f 3862/34/963 3890/34/963 3916/34/963 3906/34/963
f 3865/34/964 3893/34/964 3917/34/964 3907/34/964
f 3868/34/965 3896/34/965 3918/34/965 3908/34/965
f 3871/34/966 3850/34/966 3902/34/966 3909/34/966
f 3874/34/1000 3853/34/1000 3903/34/1000 3910/34/1000
f 3878/34/968 3899/34/968 3919/34/968 3912/34/968
f 3877/34/1023 3856/34/1023 3904/34/1023 3911/34/1023
f 3899/34/970 3859/34/970 3905/34/970 3919/34/970
f 3881/34/971 3862/34/971 3906/34/971 3913/34/971
f 3884/34/972 3865/34/972 3907/34/972 3914/34/972
f 3887/34/973 3868/34/973 3908/34/973 3915/34/973
f 3890/34/974 3871/34/974 3909/34/974 3916/34/974
f 3893/34/975 3874/34/975 3910/34/975 3917/34/975
f 3896/34/976 3877/34/976 3911/34/976 3918/34/976
f 3849/34/956 3879/34/956 3930/34/956 3920/34/956
f 3852/34/960 3882/34/960 3931/34/960 3921/34/960
f 3855/34/999 3885/34/999 3932/34/999 3922/34/999
f 3858/34/962 3888/34/962 3933/34/962 3923/34/962
f 3861/34/963 3891/34/963 3934/34/963 3924/34/963
f 3864/34/964 3894/34/964 3935/34/964 3925/34/964
f 3867/34/965 3897/34/965 3936/34/965 3926/34/965
f 3870/34/966 3849/34/966 3920/34/966 3927/34/966
f 3873/34/1000 3852/34/1000 3921/34/1000 3928/34/1000
f 3879/34/968 3900/34/968 3937/34/968 3930/34/968
f 3876/34/969 3855/34/969 3922/34/969 3929/34/969
f 3900/34/970 3858/34/970 3923/34/970 3937/34/970
f 3882/34/971 3861/34/971 3924/34/971 3931/34/971
f 3885/34/972 3864/34/972 3925/34/972 3932/34/972
f 3888/34/973 3867/34/973 3926/34/973 3933/34/973
f 3891/34/974 3870/34/974 3927/34/974 3934/34/974
f 3894/34/975 3873/34/975 3928/34/975 3935/34/975
f 3897/34/976 3876/34/976 3929/34/976 3936/34/976
f 3702/30/958 4202/30/958 4203/30/958 3668/30/958
f 3700/30/957 4204/30/957 4202/30/957 3702/30/957
f 3698/30/955 4205/30/955 4204/30/955 3700/30/955
f 3696/30/954 4206/30/954 4205/30/954 3698/30/954
f 3694/30/953 4207/30/953 4206/30/953 3696/30/953
f 3692/30/952 4208/30/952 4207/30/952 3694/30/952
f 3690/30/951 4209/30/951 4208/30/951 3692/30/951
f 3688/30/950 4210/30/950 4209/30/950 3690/30/950
f 3686/30/949 4211/30/949 4210/30/949 3688/30/949
f 3684/30/948 4212/30/948 4211/30/948 3686/30/948
f 3682/30/947 4213/30/947 4212/30/947 3684/30/947
f 3680/30/946 4214/30/946 4213/30/946 3682/30/946
f 3678/30/945 4215/30/945 4214/30/945 3680/30/945
f 3676/30/944 4216/30/944 4215/30/944 3678/30/944
f 3674/30/943 4217/30/943 4216/30/943 3676/30/943
f 3672/30/942 4218/30/942 4217/30/942 3674/30/942
f 3670/30/941 4219/30/941 4218/30/941 3672/30/941
f 3668/30/940 4203/30/940 4219/30/940 3670/30/940
f 3947/35/1044 3946/35/1044 4253/35/1044 4255/35/1044
f 4225/35/1045 4224/35/1045 4264/35/1045 4262/35/1045
f 3956/35/1046 4237/35/1046 4238/35/1046 4273/35/1046
f 3948/35/1047 3947/35/1047 4255/35/1047 4257/35/1047
f 4224/35/1048 4223/35/1048 4266/35/1048 4264/35/1048
f 4237/35/1049 4236/35/1049 4240/35/1049 4238/35/1049
f 3949/35/1050 3948/35/1050 4257/35/1050 4259/35/1050
f 4223/35/1051 4222/35/1051 4268/35/1051 4266/35/1051
f 4236/35/1052 4235/35/1052 4242/35/1052 4240/35/1052
f 3950/35/1053 3949/35/1053 4259/35/1053 4261/35/1053
f 4222/35/1054 4220/35/1054 4270/35/1054 4268/35/1054
f 4235/35/1055 4234/35/1055 4244/35/1055 4242/35/1055
f 3951/35/1056 3950/35/1056 4261/35/1056 4263/35/1056
f 4220/35/1057 3956/35/1057 4273/35/1057 4270/35/1057
f 4234/35/1058 4233/35/1058 4246/35/1058 4244/35/1058
f 3952/35/1059 3951/35/1059 4263/35/1059 4265/35/1059
f 3939/35/1060 3938/35/1060 4272/35/1060 4239/35/1060
f 4233/35/1061 4232/35/1061 4248/35/1061 4246/35/1061
f 3735/36/953 3736/36/953 3988/36/953 3987/36/953
f 3728/36/946 3729/36/946 3981/36/946 3980/36/946
f 3736/36/954 3737/36/954 3989/36/954 3988/36/954
f 3729/36/947 3730/36/947 3982/36/947 3981/36/947
f 3722/36/940 3723/36/940 3975/36/940 3974/36/940
f 3737/36/955 3738/36/955 3990/36/955 3989/36/955
f 3730/36/948 3731/36/948 3983/36/948 3982/36/948
f 3723/36/941 3724/36/941 3976/36/941 3975/36/941
f 3738/36/957 3739/36/957 3991/36/957 3990/36/957
f 3731/36/949 3732/36/949 3984/36/949 3983/36/949
f 3724/36/942 3725/36/942 3977/36/942 3976/36/942
f 3739/36/958 3722/36/958 3974/36/958 3991/36/958
f 3732/36/950 3733/36/950 3985/36/950 3984/36/950
f 3725/36/943 3726/36/943 3978/36/943 3977/36/943
f 3733/36/951 3734/36/951 3986/36/951 3985/36/951
f 3726/36/944 3727/36/944 3979/36/944 3978/36/944
f 3734/36/952 3735/36/952 3987/36/952 3986/36/952
f 3727/36/945 3728/36/945 3980/36/945 3979/36/945
f 3980/30/1062 3981/30/1062 3999/30/1062 3998/30/1062
f 3988/30/1063 3989/30/1063 4007/30/1063 4006/30/1063
f 3981/30/1064 3982/30/1064 4000/30/1064 3999/30/1064
f 3974/30/1065 3975/30/1065 3993/30/1065 3992/30/1065
f 3989/30/1066 3990/30/1066 4008/30/1066 4007/30/1066
f 3982/30/1067 3983/30/1067 4001/30/1067 4000/30/1067
f 3975/30/1068 3976/30/1068 3994/30/1068 3993/30/1068
f 3990/30/1069 3991/30/1069 4009/30/1069 4008/30/1069
f 3983/30/1070 3984/30/1070 4002/30/1070 4001/30/1070
f 3976/30/1071 3977/30/1071 3995/30/1071 3994/30/1071
f 3991/30/1072 3974/30/1072 3992/30/1072 4009/30/1072
f 3984/30/1073 3985/30/1073 4003/30/1073 4002/30/1073
f 3977/30/1074 3978/30/1074 3996/30/1074 3995/30/1074
f 3985/30/1075 3986/30/1075 4004/30/1075 4003/30/1075
f 3978/30/1076 3979/30/1076 3997/30/1076 3996/30/1076
f 3986/30/1077 3987/30/1077 4005/30/1077 4004/30/1077
f 3979/30/1078 3980/30/1078 3998/30/1078 3997/30/1078
f 3987/30/1079 3988/30/1079 4006/30/1079 4005/30/1079
f 3999/37/947 4000/37/947 4036/37/947 4035/37/947
f 3992/37/940 3993/37/940 4029/37/940 4028/37/940
f 4007/37/955 4008/37/955 4044/37/955 4043/37/955
f 3996/30/1080 4032/30/1080 4071/30/1080 4065/30/1080
f 3993/37/941 3994/37/941 4030/37/941 4029/37/941
f 4044/30/1081 4008/30/1081 4068/30/1081 4074/30/1081
f 4001/37/949 4002/37/949 4038/37/949 4037/37/949
f 3994/37/942 3995/37/942 4031/37/942 4030/37/942
f 4009/37/958 3992/37/958 4028/37/958 4045/37/958
f 4002/37/950 4003/37/950 4039/37/950 4038/37/950
f 4000/30/1082 4001/30/1082 4067/30/1082 4066/30/1082
f 4003/37/951 4004/37/951 4040/37/951 4039/37/951
f 3996/37/944 3997/37/944 4033/37/944 4032/37/944
f 4004/37/952 4005/37/952 4041/37/952 4040/37/952
f 3997/37/945 3998/37/945 4034/37/945 4033/37/945
f 4005/37/953 4006/37/953 4042/37/953 4041/37/953
f 3998/37/946 3999/37/946 4035/37/946 4034/37/946
f 4006/37/954 4007/37/954 4043/37/954 4042/37/954
f 4026/38/947 4027/39/947 4063/39/947 4062/38/947
f 4024/39/1083 4023/39/1083 4107/39/1083 4108/39/1083
f 4036/30/1084 4037/30/1084 4085/30/1084 4084/30/1084
f 4023/39/1085 4022/40/1085 4106/40/1085 4107/39/1085
f 4035/30/1086 4036/30/1086 4084/30/1086 4083/30/1086
f 4022/40/1087 4021/38/1087 4105/38/1087 4106/40/1087
f 4034/30/1088 4035/30/1088 4083/30/1088 4082/30/1088
f 4021/38/1089 4020/40/1089 4104/40/1089 4105/38/1089
f 4033/30/1090 4034/30/1090 4082/30/1090 4081/30/1090
f 4020/40/1091 4019/38/1091 4103/38/1091 4104/40/1091
f 4032/30/1092 4033/30/1092 4081/30/1092 4080/30/1092
f 4019/38/1093 4018/38/1093 4102/38/1093 4103/38/1093
f 4045/30/1094 4028/30/1094 4076/30/1094 4093/30/1094
f 4031/30/1095 4032/30/1095 4080/30/1095 4079/30/1095
f 4018/38/1096 4017/41/1096 4101/41/1096 4102/38/1096
f 4044/30/1097 4045/30/1097 4093/30/1097 4092/30/1097
f 4030/30/1098 4031/30/1098 4079/30/1098 4078/30/1098
f 4017/41/1099 4016/40/1099 4100/40/1099 4101/41/1099
f 4043/30/1100 4044/30/1100 4092/30/1100 4091/30/1100
f 4046/40/1101 4047/39/1101 4048/41/1101 4049/38/1101 4050/41/1101 4051/38/1101 4052/40/1101 4053/41/1101 4054/38/1101 4055/38/1101 4056/40/1101 4057/38/1101 4058/40/1101 4059/39/1101 4060/39/1101 4061/39/1101 4062/38/1101 4063/39/1101
f 4019/38/940 4020/40/940 4056/40/940 4055/38/940
f 4012/41/951 4013/38/951 4049/38/951 4048/41/951
f 4027/39/948 4010/40/948 4046/40/948 4063/39/948
f 4020/40/941 4021/38/941 4057/38/941 4056/40/941
f 4013/38/952 4014/41/952 4050/41/952 4049/38/952
f 4021/38/942 4022/40/942 4058/40/942 4057/38/942
f 4014/41/953 4015/38/953 4051/38/953 4050/41/953
f 4022/40/943 4023/39/943 4059/39/943 4058/40/943
f 4015/38/954 4016/40/954 4052/40/954 4051/38/954
f 4023/39/1020 4024/39/1020 4060/39/1020 4059/39/1020
f 4016/40/955 4017/41/955 4053/41/955 4052/40/955
f 4024/39/945 4025/39/945 4061/39/945 4060/39/945
f 4017/41/957 4018/38/957 4054/38/957 4053/41/957
f 4010/40/949 4011/39/949 4047/39/949 4046/40/949
f 4025/39/946 4026/38/946 4062/38/946 4061/39/946
f 4018/38/958 4019/38/958 4055/38/958 4054/38/958
f 4011/39/950 4012/41/950 4048/41/950 4047/39/950
f 4066/30/944 4067/30/944 4073/30/944 4072/30/944
f 4068/30/953 4069/30/953 4075/30/953 4074/30/953
f 4064/30/1102 4065/30/1102 4071/30/1102 4070/30/1102
f 4032/30/1103 4031/30/1103 4070/30/1103 4071/30/1103
f 4001/30/1104 4037/30/1104 4073/30/1104 4067/30/1104
f 4008/30/1105 4009/30/1105 4069/30/1105 4068/30/1105
f 4031/30/1106 3995/30/1106 4064/30/1106 4070/30/1106
f 3995/30/1107 3996/30/1107 4065/30/1107 4064/30/1107
f 4037/30/1108 4036/30/1108 4072/30/1108 4073/30/1108
f 4036/30/1109 4000/30/1109 4066/30/1109 4072/30/1109
f 4009/30/1110 4045/30/1110 4075/30/1110 4069/30/1110
f 4045/30/1111 4044/30/1111 4074/30/1111 4075/30/1111
f 4095/32/1101 4094/30/1101 4076/30/1101 4077/30/1101
f 4096/42/1101 4095/32/1101 4077/30/1101 4078/30/1101
f 4097/30/1101 4096/42/1101 4078/30/1101 4079/30/1101
f 4098/42/1101 4097/30/1101 4079/30/1101 4080/30/1101
f 4099/30/1101 4098/42/1101 4080/30/1101 4081/30/1101
f 4100/30/1101 4099/30/1101 4081/30/1101 4082/30/1101
f 4101/42/1101 4100/30/1101 4082/30/1101 4083/30/1101
f 4102/30/1101 4101/42/1101 4083/30/1101 4084/30/1101
f 4103/30/1101 4102/30/1101 4084/30/1101 4085/30/1101
f 4104/30/1101 4103/30/1101 4085/30/1101 4086/30/1101
f 4105/30/1101 4104/30/1101 4086/30/1101 4087/30/1101
f 4106/30/1101 4105/30/1101 4087/30/1101 4088/30/1101
f 4107/32/1101 4106/30/1101 4088/30/1101 4089/30/1101
f 4108/32/1101 4107/32/1101 4089/30/1101 4090/30/1101
f 4109/32/1101 4108/32/1101 4090/30/1101 4091/30/1101
f 4110/43/1101 4109/32/1101 4091/30/1101 4092/30/1101
f 4111/32/1101 4110/43/1101 4092/30/1101 4093/30/1101
f 4094/30/1101 4111/32/1101 4093/30/1101 4076/30/1101
f 4037/30/1112 4038/30/1112 4086/30/1112 4085/30/1112
f 4011/39/1113 4010/40/1113 4094/40/1113 4095/39/1113
f 4025/39/1114 4024/39/1114 4108/39/1114 4109/39/1114
f 4038/30/1115 4039/30/1115 4087/30/1115 4086/30/1115
f 4012/41/1116 4011/39/1116 4095/39/1116 4096/41/1116
f 4026/38/1117 4025/39/1117 4109/39/1117 4110/38/1117
f 4039/30/1118 4040/30/1118 4088/30/1118 4087/30/1118
f 4013/38/1119 4012/41/1119 4096/41/1119 4097/38/1119
f 4027/39/1120 4026/38/1120 4110/38/1120 4111/39/1120
f 4040/30/1121 4041/30/1121 4089/30/1121 4088/30/1121
f 4014/41/1122 4013/38/1122 4097/38/1122 4098/41/1122
f 4010/40/1123 4027/39/1123 4111/39/1123 4094/40/1123
f 4041/30/1124 4042/30/1124 4090/30/1124 4089/30/1124
f 4015/38/1125 4014/41/1125 4098/41/1125 4099/38/1125
f 4028/30/1126 4029/30/1126 4077/30/1126 4076/30/1126
f 4042/30/1127 4043/30/1127 4091/30/1127 4090/30/1127
f 4016/40/1128 4015/38/1128 4099/38/1128 4100/40/1128
f 4029/30/1129 4030/30/1129 4078/30/1129 4077/30/1129
f 3744/44/951 3745/44/951 4186/45/951 4122/45/951
f 4122/32/951 4186/32/951 4185/32/951 4123/32/951
f 4123/45/951 4185/45/951 4184/44/951 4124/45/951
f 4124/32/951 4184/30/951 4183/30/951 4125/32/951
f 4125/45/951 4183/44/951 4182/45/951 4126/45/951
f 3755/44/948 3750/44/948 4201/45/948 4187/45/948
f 4187/32/948 4201/32/948 4200/32/948 4188/30/948
f 4188/44/948 4200/46/948 4199/47/948 4189/44/948
f 4189/30/948 4199/30/948 4198/30/948 4190/32/948
f 4190/48/948 4198/47/948 4197/45/948 4191/45/948
f 3746/44/957 3747/44/957 4176/45/957 4142/45/957
f 4142/32/1130 4176/32/1130 4175/32/1130 4143/30/1130
f 4143/44/1130 4175/45/1130 4174/45/1130 4144/44/1130
f 4144/30/957 4174/32/957 4173/32/957 4145/32/957
f 4145/49/957 4173/45/957 4172/45/957 4146/45/957
f 3757/44/953 3752/44/953 4196/45/953 4177/45/953
f 4177/32/953 4196/32/953 4195/32/953 4178/32/953
f 4178/45/953 4195/46/953 4194/47/953 4179/45/953
f 4179/32/953 4194/30/953 4193/30/953 4180/32/953
f 4180/45/953 4193/47/953 4192/45/953 4181/45/953
f 3748/44/1020 3749/44/1020 4116/50/1020 4162/45/1020
f 4162/32/944 4116/30/944 4115/32/944 4163/32/944
f 4163/45/1020 4115/45/1020 4114/51/1020 4164/45/1020
f 4164/32/1020 4114/30/1020 4113/30/1020 4165/32/1020
f 4165/48/944 4113/51/944 4112/46/944 4166/47/944
f 3750/44/949 3751/44/949 4121/45/949 4201/45/949
f 4201/32/949 4121/32/949 4120/32/949 4200/32/949
f 4200/46/949 4120/45/949 4119/45/949 4199/47/949
f 4199/30/949 4119/32/949 4118/32/949 4198/30/949
f 4198/47/949 4118/45/949 4117/45/949 4197/45/949
f 3752/44/1131 3753/44/1131 4141/48/1131 4196/45/1131
f 4196/32/1131 4141/32/1131 4140/32/1131 4195/32/1131
f 4195/46/954 4140/45/954 4139/45/954 4194/47/954
f 4194/30/954 4139/32/954 4138/32/954 4193/30/954
f 4193/47/954 4138/45/954 4137/45/954 4192/45/954
f 3741/44/942 3754/44/942 4161/45/942 4132/45/942
f 4132/32/942 4161/32/942 4160/32/942 4133/32/942
f 4133/45/942 4160/45/942 4159/45/942 4134/45/942
f 4134/32/942 4159/32/942 4158/32/942 4135/32/942
f 4135/48/942 4158/45/942 4157/45/942 4136/46/942
f 3754/44/943 3748/44/943 4162/45/943 4161/45/943
f 4161/32/943 4162/32/943 4163/32/943 4160/32/943
f 4160/45/943 4163/45/943 4164/45/943 4159/45/943
f 4159/32/943 4164/32/943 4165/32/943 4158/32/943
f 4158/45/943 4165/48/943 4166/47/943 4157/45/943
f 3742/44/946 3743/44/946 4152/48/946 4151/45/946
f 4151/32/946 4152/32/946 4153/30/946 4150/32/946
f 4150/45/946 4153/47/946 4154/47/946 4149/51/946
f 4149/30/946 4154/30/946 4155/32/946 4148/30/946
f 4148/51/946 4155/45/946 4156/47/946 4147/45/946
f 3753/44/955 3746/44/955 4142/45/955 4141/48/955
f 4141/32/955 4142/32/955 4143/30/955 4140/32/955
f 4140/45/955 4143/44/955 4144/44/955 4139/45/955
f 4139/32/955 4144/30/955 4145/32/955 4138/32/955
f 4138/45/955 4145/49/955 4146/45/955 4137/45/955
f 3740/44/997 3741/44/997 4132/45/997 4131/45/997
f 4131/32/941 4132/32/941 4133/32/941 4130/32/941
f 4130/45/997 4133/45/997 4134/45/997 4129/44/997
f 4129/30/941 4134/32/941 4135/32/941 4128/30/941
f 4128/44/997 4135/48/997 4136/46/997 4127/45/997
f 3751/44/996 3744/44/996 4122/45/996 4121/45/996
f 4121/32/950 4122/32/950 4123/32/950 4120/32/950
f 4120/45/996 4123/45/996 4124/45/996 4119/45/996
f 4119/32/996 4124/32/996 4125/32/996 4118/32/996
f 4118/45/950 4125/45/950 4126/45/950 4117/45/950
f 3749/44/945 3742/44/945 4151/45/945 4116/50/945
f 4116/30/995 4151/32/995 4150/32/995 4115/32/995
f 4115/45/945 4150/45/945 4149/51/945 4114/51/945
f 4114/30/995 4149/30/995 4148/30/995 4113/30/995
f 4113/51/945 4148/51/945 4147/45/945 4112/46/945
f 3747/44/958 3756/44/958 4167/45/958 4176/45/958
f 4176/32/958 4167/32/958 4168/30/958 4175/32/958
f 4175/45/958 4168/51/958 4169/51/958 4174/45/958
f 4174/32/958 4169/30/958 4170/30/958 4173/32/958
f 4173/45/958 4170/50/958 4171/45/958 4172/45/958
f 3745/44/952 3757/44/952 4177/45/952 4186/45/952
f 4186/32/952 4177/32/952 4178/32/952 4185/32/952
f 4185/45/952 4178/45/952 4179/45/952 4184/44/952
f 4184/30/952 4179/32/952 4180/32/952 4183/30/952
f 4183/44/952 4180/45/952 4181/45/952 4182/45/952
f 3756/44/1132 3740/44/1132 4131/45/1132 4167/45/1132
f 4167/32/940 4131/32/940 4130/32/940 4168/30/940
f 4168/51/940 4130/45/940 4129/44/940 4169/51/940
f 4169/30/940 4129/30/940 4128/30/940 4170/30/940
f 4170/50/1132 4128/44/1132 4127/45/1132 4171/45/1132
f 3743/44/947 3755/44/947 4187/45/947 4152/48/947
f 4152/32/947 4187/32/947 4188/30/947 4153/30/947
f 4153/47/947 4188/44/947 4189/44/947 4154/47/947
f 4154/30/994 4189/30/994 4190/32/994 4155/32/994
f 4155/45/994 4190/48/994 4191/45/994 4156/47/994
f 3955/52/958 3938/53/958 4203/53/958 4202/53/958
f 3954/53/957 3955/52/957 4202/53/957 4204/53/957
f 3953/53/955 3954/53/955 4204/53/955 4205/53/955
f 3952/53/954 3953/53/954 4205/53/954 4206/53/954
f 3951/53/953 3952/53/953 4206/53/953 4207/53/953
f 3950/53/952 3951/53/952 4207/53/952 4208/53/952
f 3949/53/951 3950/53/951 4208/53/951 4209/53/951
f 3948/52/950 3949/53/950 4209/53/950 4210/53/950
f 3947/53/949 3948/52/949 4210/53/949 4211/53/949
f 3946/52/948 3947/53/948 4211/53/948 4212/53/948
f 3945/53/947 3946/52/947 4212/53/947 4213/53/947
f 3944/53/946 3945/53/946 4213/53/946 4214/53/946
f 3943/53/945 3944/53/945 4214/53/945 4215/53/945
f 3942/53/944 3943/53/944 4215/53/944 4216/53/944
f 3941/52/943 3942/53/943 4216/53/943 4217/53/943
f 3940/53/942 3941/52/942 4217/53/942 4218/53/942
f 3939/52/997 3940/53/997 4218/53/997 4219/53/997
f 3938/53/940 3939/52/940 4219/53/940 4203/53/940
f 3956/52/958 4220/52/958 3973/53/958 4221/53/958
f 4220/52/957 4222/53/957 3972/53/957 3973/53/957
f 4222/53/955 4223/53/955 3971/53/955 3972/53/955
f 4223/53/1131 4224/53/1131 3970/53/1131 3971/53/1131
f 4224/53/953 4225/53/953 3969/53/953 3970/53/953
f 4225/53/952 4226/53/952 3968/53/952 3969/53/952
f 4226/53/951 4227/53/951 3967/53/951 3968/53/951
f 4227/53/950 4228/52/950 3966/53/950 3967/53/950
f 4228/52/949 4229/53/949 3965/53/949 3966/53/949
f 4229/53/948 4230/52/948 3964/53/948 3965/53/948
f 4230/52/947 4231/53/947 3963/53/947 3964/53/947
f 4231/53/946 4232/53/946 3962/53/946 3963/53/946
f 4232/53/945 4233/53/945 3961/53/945 3962/53/945
f 4233/53/944 4234/53/944 3960/53/944 3961/53/944
f 4234/53/943 4235/52/943 3959/53/943 3960/53/943
f 4235/52/942 4236/53/942 3958/53/942 3959/53/942
f 4236/53/941 4237/52/941 3957/53/941 3958/53/941
f 4237/52/940 3956/52/940 4221/53/940 3957/53/940
f 4271/35/958 4270/35/958 4273/35/958 4272/35/958
f 4269/35/957 4268/35/957 4270/35/957 4271/35/957
f 4267/35/1133 4266/35/1133 4268/35/1133 4269/35/1133
f 4265/35/954 4264/35/954 4266/35/954 4267/35/954
f 4263/35/953 4262/35/953 4264/35/953 4265/35/953
f 4261/35/952 4260/35/952 4262/35/952 4263/35/952
f 4259/35/951 4258/35/951 4260/35/951 4261/35/951
f 4257/35/996 4256/35/996 4258/35/996 4259/35/996
f 4255/35/949 4254/35/949 4256/35/949 4257/35/949
f 4253/35/948 4252/35/948 4254/35/948 4255/35/948
f 4251/35/947 4250/35/947 4252/35/947 4253/35/947
f 4249/35/946 4248/35/946 4250/35/946 4251/35/946
f 4247/35/945 4246/35/945 4248/35/945 4249/35/945
f 4245/35/944 4244/35/944 4246/35/944 4247/35/944
f 4243/35/943 4242/35/943 4244/35/943 4245/35/943
f 4241/35/942 4240/35/942 4242/35/942 4243/35/942
f 4239/35/997 4238/35/997 4240/35/997 4241/35/997
f 4272/35/1132 4273/35/1132 4238/35/1132 4239/35/1132
f 4226/35/1134 4225/35/1134 4262/35/1134 4260/35/1134
f 3946/35/1135 3945/35/1135 4251/35/1135 4253/35/1135
f 4227/35/1136 4226/35/1136 4260/35/1136 4258/35/1136
f 3945/35/1137 3944/35/1137 4249/35/1137 4251/35/1137
f 4228/35/1138 4227/35/1138 4258/35/1138 4256/35/1138
f 3944/35/1139 3943/35/1139 4247/35/1139 4249/35/1139
f 4229/35/1140 4228/35/1140 4256/35/1140 4254/35/1140
f 3943/35/1141 3942/35/1141 4245/35/1141 4247/35/1141
f 3938/35/1142 3955/35/1142 4271/35/1142 4272/35/1142
f 4230/35/1143 4229/35/1143 4254/35/1143 4252/35/1143
f 3942/35/1144 3941/35/1144 4243/35/1144 4245/35/1144
f 3955/35/1145 3954/35/1145 4269/35/1145 4271/35/1145
f 4231/35/1146 4230/35/1146 4252/35/1146 4250/35/1146
f 3941/35/1147 3940/35/1147 4241/35/1147 4243/35/1147
f 3954/35/1148 3953/35/1148 4267/35/1148 4269/35/1148
f 4232/35/1149 4231/35/1149 4250/35/1149 4248/35/1149
f 3940/35/1150 3939/35/1150 4239/35/1150 4241/35/1150
f 3953/35/1151 3952/35/1151 4265/35/1151 4267/35/1151
f 4827/30/1152 4275/30/1152 4277/30/1152 4563/30/1152
f 4563/30/1153 4277/30/1153 4279/30/1153 4564/30/1153
f 4564/30/1154 4279/30/1154 4281/30/1154 4565/30/1154
f 4565/30/1155 4281/30/1155 4283/30/1155 4566/30/1155
f 4566/30/1156 4283/30/1156 4285/30/1156 4567/30/1156
f 4567/30/1157 4285/30/1157 4287/30/1157 4568/30/1157
f 4568/30/1158 4287/30/1158 4289/30/1158 4569/30/1158
f 4569/30/1159 4289/30/1159 4291/30/1159 4570/30/1159
f 4570/30/1160 4291/30/1160 4293/30/1160 4571/30/1160
f 4571/30/1161 4293/30/1161 4295/30/1161 4572/30/1161
f 4572/30/1162 4295/30/1162 4297/30/1162 4573/30/1162
f 4573/30/1163 4297/30/1163 4299/30/1163 4574/30/1163
f 4574/30/1164 4299/30/1164 4301/30/1164 4575/30/1164
f 4575/30/1165 4301/30/1165 4303/30/1165 4576/30/1165
f 4576/30/1166 4303/30/1166 4305/30/1166 4577/30/1166
f 4577/30/1167 4305/30/1167 4307/30/1167 4578/30/1167
f 4347/31/1168 4346/31/1168 4310/31/1168 4312/31/1168
f 4578/30/1169 4307/30/1169 4309/30/1169 4579/30/1169
f 4579/30/1170 4309/30/1170 4275/30/1170 4827/30/1170
f 4282/30/1171 4284/30/1171 4333/30/1171 4332/30/1171
f 4310/30/93 4311/30/93 4327/30/93 4326/30/93 4325/30/93 4324/30/93 4323/30/93 4322/30/93 4321/30/93 4320/30/93 4319/30/93 4318/30/93 4317/30/93 4316/30/93 4315/30/93 4314/30/93 4313/30/93 4312/30/93
f 4349/31/1172 4348/31/1172 4316/31/1172 4317/31/1172
f 4351/31/1173 4350/31/1173 4321/31/1173 4322/31/1173
f 4353/31/1174 4352/31/1174 4326/31/1174 4327/31/1174
f 4355/31/1175 4354/31/1175 4314/31/1175 4315/31/1175
f 4357/31/1176 4356/31/1176 4319/31/1176 4320/31/1176
f 4359/31/1177 4358/31/1177 4324/31/1177 4325/31/1177
f 4360/31/1178 4347/31/1178 4312/31/1178 4313/31/1178
f 4361/31/1179 4349/31/1179 4317/31/1179 4318/31/1179
f 4346/31/1180 4362/31/1180 4311/31/1180 4310/31/1180
f 4363/31/1181 4351/31/1181 4322/31/1181 4323/31/1181
f 4362/31/1182 4353/31/1182 4327/31/1182 4311/31/1182
f 4348/31/1183 4355/31/1183 4315/31/1183 4316/31/1183
f 4350/31/1184 4357/31/1184 4320/31/1184 4321/31/1184
f 4352/31/1185 4359/31/1185 4325/31/1185 4326/31/1185
f 4354/31/1186 4360/31/1186 4313/31/1186 4314/31/1186
f 4356/31/1187 4361/31/1187 4318/31/1187 4319/31/1187
f 4358/31/1188 4363/31/1188 4323/31/1188 4324/31/1188
f 4292/30/1189 4294/30/1189 4338/30/1189 4337/30/1189
f 4302/30/1190 4304/30/1190 4343/30/1190 4342/30/1190
f 4278/30/1191 4280/30/1191 4331/30/1191 4330/30/1191
f 4288/30/1192 4290/30/1192 4336/30/1192 4335/30/1192
f 4274/30/1193 4276/30/1193 4329/30/1193 4328/30/1193
f 4298/30/1194 4300/30/1194 4341/30/1194 4340/30/1194
f 4308/30/1195 4274/30/1195 4328/30/1195 4345/30/1195
f 4284/30/1196 4286/30/1196 4334/30/1196 4333/30/1196
f 4294/30/1197 4296/30/1197 4339/30/1197 4338/30/1197
f 4304/30/1198 4306/30/1198 4344/30/1198 4343/30/1198
f 4280/30/1199 4282/30/1199 4332/30/1199 4331/30/1199
f 4290/30/1200 4292/30/1200 4337/30/1200 4336/30/1200
f 4300/30/1201 4302/30/1201 4342/30/1201 4341/30/1201
f 4276/30/1202 4278/30/1202 4330/30/1202 4329/30/1202
f 4286/30/1203 4288/30/1203 4335/30/1203 4334/30/1203
f 4296/30/1204 4298/30/1204 4340/30/1204 4339/30/1204
f 4306/30/1205 4308/30/1205 4345/30/1205 4344/30/1205
f 4364/30/577 4374/30/577 4382/30/577 4408/30/577
f 4762/30/1159 4797/32/1159 4399/30/1159 4406/30/1159
f 4376/30/93 4369/30/93 4413/30/93 4386/30/93
f 4777/32/1152 4733/32/1152 4383/30/1152 4397/30/1152
f 4375/30/93 4368/30/93 4412/30/93 4384/30/93
f 4788/32/1164 4787/32/1164 4398/30/1164 4405/30/1164
f 4381/30/93 4367/30/93 4411/30/93 4396/30/93
f 4778/32/1206 4777/32/1206 4397/30/1206 4404/30/1206
f 4373/30/93 4366/30/93 4410/30/93 4417/30/93
f 4718/32/1157 4753/32/1157 4385/30/1157 4403/30/1157
f 4374/30/93 4381/30/93 4396/30/93 4382/30/93
f 4723/32/1162 4732/32/1162 4387/30/1162 4402/30/1162
f 4372/30/93 4365/30/93 4409/30/93 4416/30/93
f 4733/32/1207 4742/32/1207 4407/30/1207 4383/30/1207
f 4743/32/1167 4752/32/1167 4389/30/1167 4401/30/1167
f 4371/30/1208 4364/30/1208 4408/30/1208 4415/30/1208
f 4753/32/1158 4762/30/1158 4406/30/1158 4385/30/1158
f 4763/32/1155 4772/30/1155 4391/30/1155 4400/30/1155
f 4454/30/1168 4486/30/1168 4374/30/1168 4364/30/1168
f 4457/30/1172 4489/30/1172 4375/30/1172 4365/30/1172
f 4460/30/1173 4492/30/1173 4376/30/1173 4366/30/1173
f 4463/30/1174 4495/30/1174 4377/30/1174 4367/30/1174
f 4466/30/1175 4498/30/1175 4378/30/1175 4368/30/1175
f 4469/30/1176 4501/30/1176 4379/30/1176 4369/30/1176
f 4472/30/1177 4504/30/1177 4380/30/1177 4370/30/1177
f 4475/30/1178 4454/30/1178 4364/30/1178 4371/30/1178
f 4478/30/1179 4457/30/1179 4365/30/1179 4372/30/1179
f 4486/30/1180 4507/30/1180 4381/30/1180 4374/30/1180
f 4481/30/1181 4460/30/1181 4366/30/1181 4373/30/1181
f 4507/30/1182 4463/30/1182 4367/30/1182 4381/30/1182
f 4489/30/1183 4466/30/1183 4368/30/1183 4375/30/1183
f 4492/30/1184 4469/30/1184 4369/30/1184 4376/30/1184
f 4495/30/1209 4472/30/1209 4370/30/1209 4377/30/1209
f 4498/30/1186 4475/30/1186 4371/30/1186 4378/30/1186
f 4501/30/1187 4478/30/1187 4372/30/1187 4379/30/1187
f 4504/30/1188 4481/30/1188 4373/30/1188 4380/30/1188
f 4393/31/1210 4402/31/1210 4438/31/1210 4429/31/1210
f 4417/30/1211 4410/30/1211 4446/30/1211 4453/30/1211
f 4395/31/1212 4401/31/1212 4437/31/1212 4431/31/1212
f 4382/30/1213 4396/30/1213 4432/30/1213 4418/30/1213
f 4407/31/1214 4400/31/1214 4436/31/1214 4443/31/1214
f 4416/30/1215 4409/30/1215 4445/30/1215 4452/30/1215
f 4406/31/1216 4399/31/1216 4435/31/1216 4442/31/1216
f 4415/30/1217 4408/30/1217 4444/30/1217 4451/30/1217
f 4397/31/1218 4383/31/1218 4419/31/1218 4433/31/1218
f 4414/30/1219 4394/30/1219 4430/30/1219 4450/30/1219
f 4405/31/1220 4398/31/1220 4434/31/1220 4441/31/1220
f 4413/30/1221 4392/30/1221 4428/30/1221 4449/30/1221
f 4404/31/1222 4397/31/1222 4433/31/1222 4440/31/1222
f 4412/30/1223 4390/30/1223 4426/30/1223 4448/30/1223
f 4403/31/1224 4385/31/1224 4421/31/1224 4439/31/1224
f 4394/30/1225 4417/30/1225 4453/30/1225 4430/30/1225
f 4411/30/1226 4388/30/1226 4424/30/1226 4447/30/1226
f 4402/31/1227 4387/31/1227 4423/31/1227 4438/31/1227
f 4377/30/93 4370/30/93 4414/30/93 4388/30/93
f 4742/32/1154 4763/32/1154 4400/30/1154 4407/30/1154
f 4365/30/93 4375/30/93 4384/30/93 4409/30/93
f 4378/30/577 4371/30/577 4415/30/577 4390/30/577
f 4798/32/1166 4743/32/1166 4401/30/1166 4395/30/1166
f 4366/30/32 4376/30/32 4386/30/32 4410/30/32
f 4379/30/93 4372/30/93 4416/30/93 4392/30/93
f 4803/32/1161 4723/32/1161 4402/30/1161 4393/30/1161
f 4367/30/93 4377/30/93 4388/30/93 4411/30/93
f 4380/30/93 4373/30/93 4417/30/93 4394/30/93
f 4772/30/1156 4718/32/1156 4403/30/1156 4391/30/1156
f 4368/30/572 4378/30/572 4390/30/572 4412/30/572
f 4787/32/1165 4798/32/1165 4395/30/1165 4398/30/1165
f 4752/32/1169 4778/32/1169 4404/30/1169 4389/30/1169
f 4369/30/93 4379/30/93 4392/30/93 4413/30/93
f 4797/32/1228 4803/32/1228 4393/30/1228 4399/30/1228
f 4732/32/1163 4788/32/1163 4405/30/1163 4387/30/1163
f 4370/30/93 4380/30/93 4394/30/93 4414/30/93
f 4430/33/1188 4453/33/1188 4434/33/1188 4431/33/1188
f 4428/33/1187 4452/33/1187 4435/33/1187 4429/33/1187
f 4426/33/1186 4451/33/1186 4436/33/1186 4427/33/1186
f 4424/33/1229 4450/33/1229 4437/33/1229 4425/33/1229
f 4422/33/1184 4449/33/1184 4438/33/1184 4423/33/1184
f 4420/33/1183 4448/33/1183 4439/33/1183 4421/33/1183
f 4432/33/1182 4447/33/1182 4440/33/1182 4433/33/1182
f 4453/33/1181 4446/33/1181 4441/33/1181 4434/33/1181
f 4418/33/1180 4432/33/1180 4433/33/1180 4419/33/1180
f 4452/33/1179 4445/33/1179 4442/33/1179 4435/33/1179
f 4451/33/1178 4444/33/1178 4443/33/1178 4436/33/1178
f 4450/33/1177 4430/33/1177 4431/33/1177 4437/33/1177
f 4449/33/1176 4428/33/1176 4429/33/1176 4438/33/1176
f 4448/33/1175 4426/33/1175 4427/33/1175 4439/33/1175
f 4447/33/1174 4424/33/1174 4425/33/1174 4440/33/1174
f 4446/33/1173 4422/33/1173 4423/33/1173 4441/33/1173
f 4445/33/1172 4420/33/1172 4421/33/1172 4442/33/1172
f 4444/33/1168 4418/33/1168 4419/33/1168 4443/33/1168
f 4396/30/1230 4411/30/1230 4447/30/1230 4432/30/1230
f 4391/31/1231 4403/31/1231 4439/31/1231 4427/31/1231
f 4384/30/1232 4412/30/1232 4448/30/1232 4420/30/1232
f 4398/31/1233 4395/31/1233 4431/31/1233 4434/31/1233
f 4389/31/1234 4404/31/1234 4440/31/1234 4425/31/1234
f 4386/30/1235 4413/30/1235 4449/30/1235 4422/30/1235
f 4399/31/1236 4393/31/1236 4429/31/1236 4435/31/1236
f 4408/30/1237 4382/30/1237 4418/30/1237 4444/30/1237
f 4387/31/1238 4405/31/1238 4441/31/1238 4423/31/1238
f 4388/30/1239 4414/30/1239 4450/30/1239 4424/30/1239
f 4400/31/1240 4391/31/1240 4427/31/1240 4436/31/1240
f 4409/30/1241 4384/30/1241 4420/30/1241 4445/30/1241
f 4385/31/1242 4406/31/1242 4442/31/1242 4421/31/1242
f 4390/30/1243 4415/30/1243 4451/30/1243 4426/30/1243
f 4401/31/1244 4389/31/1244 4425/31/1244 4437/31/1244
f 4410/30/1245 4386/30/1245 4422/30/1245 4446/30/1245
f 4383/31/1246 4407/31/1246 4443/31/1246 4419/31/1246
f 4392/30/1247 4416/30/1247 4452/30/1247 4428/30/1247
f 4303/30/1188 4301/30/1188 4483/30/1188 4502/30/1188
f 4524/30/1188 4517/30/1188 4482/30/1188 4503/30/1188
f 4542/30/1188 4535/30/1188 4481/30/1188 4504/30/1188
f 4293/30/1187 4291/30/1187 4480/30/1187 4499/30/1187
f 4523/30/1187 4516/30/1187 4479/30/1187 4500/30/1187
f 4541/30/1187 4534/30/1187 4478/30/1187 4501/30/1187
f 4283/30/1186 4281/30/1186 4477/30/1186 4496/30/1186
f 4522/30/1186 4515/30/1186 4476/30/1186 4497/30/1186
f 4540/30/1186 4533/30/1186 4475/30/1186 4498/30/1186
f 4307/30/1185 4305/30/1185 4474/30/1185 4493/30/1185
f 4521/30/1185 4514/30/1185 4473/30/1185 4494/30/1185
f 4539/30/1185 4532/30/1185 4472/30/1185 4495/30/1185
f 4297/30/1184 4295/30/1184 4471/30/1184 4490/30/1184
f 4520/30/1184 4513/30/1184 4470/30/1184 4491/30/1184
f 4538/30/1184 4531/30/1184 4469/30/1184 4492/30/1184
f 4287/30/1183 4285/30/1183 4468/30/1183 4487/30/1183
f 4519/30/1183 4512/30/1183 4467/30/1183 4488/30/1183
f 4537/30/1183 4530/30/1183 4466/30/1183 4489/30/1183
f 4275/30/1182 4309/30/1182 4465/30/1182 4505/30/1182
f 4525/30/1182 4511/30/1182 4464/30/1182 4506/30/1182
f 4543/30/1182 4529/30/1182 4463/30/1182 4507/30/1182
f 4301/30/1181 4299/30/1181 4462/30/1181 4483/30/1181
f 4517/30/1181 4510/30/1181 4461/30/1181 4482/30/1181
f 4535/30/1181 4528/30/1181 4460/30/1181 4481/30/1181
f 4277/30/1180 4275/30/1180 4505/30/1180 4484/30/1180
f 4518/30/1180 4525/30/1180 4506/30/1180 4485/30/1180
f 4536/30/1180 4543/30/1180 4507/30/1180 4486/30/1180
f 4291/30/1179 4289/30/1179 4459/30/1179 4480/30/1179
f 4516/30/1179 4509/30/1179 4458/30/1179 4479/30/1179
f 4534/30/1179 4527/30/1179 4457/30/1179 4478/30/1179
f 4281/30/1178 4279/30/1178 4456/30/1178 4477/30/1178
f 4515/30/1178 4508/30/1178 4455/30/1178 4476/30/1178
f 4533/30/1248 4526/30/1248 4454/30/1248 4475/30/1248
f 4305/30/1177 4303/30/1177 4502/30/1177 4474/30/1177
f 4514/30/1177 4524/30/1177 4503/30/1177 4473/30/1177
f 4532/30/1177 4542/30/1177 4504/30/1177 4472/30/1177
f 4295/30/1176 4293/30/1176 4499/30/1176 4471/30/1176
f 4513/30/1176 4523/30/1176 4500/30/1176 4470/30/1176
f 4531/30/1176 4541/30/1176 4501/30/1176 4469/30/1176
f 4285/30/1175 4283/30/1175 4496/30/1175 4468/30/1175
f 4512/30/1175 4522/30/1175 4497/30/1175 4467/30/1175
f 4530/30/1175 4540/30/1175 4498/30/1175 4466/30/1175
f 4309/30/1174 4307/30/1174 4493/30/1174 4465/30/1174
f 4511/30/1174 4521/30/1174 4494/30/1174 4464/30/1174
f 4529/30/1174 4539/30/1174 4495/30/1174 4463/30/1174
f 4299/30/1173 4297/30/1173 4490/30/1173 4462/30/1173
f 4510/30/1173 4520/30/1173 4491/30/1173 4461/30/1173
f 4528/30/1173 4538/30/1173 4492/30/1173 4460/30/1173
f 4289/30/1172 4287/30/1172 4487/30/1172 4459/30/1172
f 4509/30/1172 4519/30/1172 4488/30/1172 4458/30/1172
f 4527/30/1172 4537/30/1172 4489/30/1172 4457/30/1172
f 4279/30/1168 4277/30/1168 4484/30/1168 4456/30/1168
f 4508/30/1168 4518/30/1168 4485/30/1168 4455/30/1168
f 4526/30/1168 4536/30/1168 4486/30/1168 4454/30/1168
f 4456/34/1168 4484/34/1168 4518/34/1168 4508/34/1168
f 4459/34/1172 4487/34/1172 4519/34/1172 4509/34/1172
f 4462/34/1173 4490/34/1173 4520/34/1173 4510/34/1173
f 4465/34/1174 4493/34/1174 4521/34/1174 4511/34/1174
f 4468/34/1175 4496/34/1175 4522/34/1175 4512/34/1175
f 4471/34/1176 4499/34/1176 4523/34/1176 4513/34/1176
f 4474/34/1177 4502/34/1177 4524/34/1177 4514/34/1177
f 4477/34/1178 4456/34/1178 4508/34/1178 4515/34/1178
f 4480/34/1179 4459/34/1179 4509/34/1179 4516/34/1179
f 4484/34/1180 4505/34/1180 4525/34/1180 4518/34/1180
f 4483/34/1181 4462/34/1181 4510/34/1181 4517/34/1181
f 4505/34/1182 4465/34/1182 4511/34/1182 4525/34/1182
f 4487/34/1183 4468/34/1183 4512/34/1183 4519/34/1183
f 4490/34/1184 4471/34/1184 4513/34/1184 4520/34/1184
f 4493/34/1209 4474/34/1209 4514/34/1209 4521/34/1209
f 4496/34/1186 4477/34/1186 4515/34/1186 4522/34/1186
f 4499/34/1187 4480/34/1187 4516/34/1187 4523/34/1187
f 4502/34/1188 4483/34/1188 4517/34/1188 4524/34/1188
f 4455/34/1168 4485/34/1168 4536/34/1168 4526/34/1168
f 4458/34/1172 4488/34/1172 4537/34/1172 4527/34/1172
f 4461/34/1173 4491/34/1173 4538/34/1173 4528/34/1173
f 4464/34/1174 4494/34/1174 4539/34/1174 4529/34/1174
f 4467/34/1175 4497/34/1175 4540/34/1175 4530/34/1175
f 4470/34/1176 4500/34/1176 4541/34/1176 4531/34/1176
f 4473/34/1177 4503/34/1177 4542/34/1177 4532/34/1177
f 4476/34/1178 4455/34/1178 4526/34/1178 4533/34/1178
f 4479/34/1179 4458/34/1179 4527/34/1179 4534/34/1179
f 4485/34/1180 4506/34/1180 4543/34/1180 4536/34/1180
f 4482/34/1181 4461/34/1181 4528/34/1181 4535/34/1181
f 4506/34/1182 4464/34/1182 4529/34/1182 4543/34/1182
f 4488/34/1183 4467/34/1183 4530/34/1183 4537/34/1183
f 4491/34/1184 4470/34/1184 4531/34/1184 4538/34/1184
f 4494/34/1185 4473/34/1185 4532/34/1185 4539/34/1185
f 4497/34/1186 4476/34/1186 4533/34/1186 4540/34/1186
f 4500/34/1187 4479/34/1187 4534/34/1187 4541/34/1187
f 4503/34/1188 4482/34/1188 4535/34/1188 4542/34/1188
f 4308/30/1170 4808/30/1170 4809/30/1170 4274/30/1170
f 4306/30/1169 4810/30/1169 4808/30/1169 4308/30/1169
f 4304/30/1167 4811/30/1167 4810/30/1167 4306/30/1167
f 4302/30/1166 4812/30/1166 4811/30/1166 4304/30/1166
f 4300/30/1165 4813/30/1165 4812/30/1165 4302/30/1165
f 4298/30/1164 4814/30/1164 4813/30/1164 4300/30/1164
f 4296/30/1163 4815/30/1163 4814/30/1163 4298/30/1163
f 4294/30/1162 4816/30/1162 4815/30/1162 4296/30/1162
f 4292/30/1161 4817/30/1161 4816/30/1161 4294/30/1161
f 4290/30/1160 4818/30/1160 4817/30/1160 4292/30/1160
f 4288/30/1159 4819/30/1159 4818/30/1159 4290/30/1159
f 4286/30/1158 4820/30/1158 4819/30/1158 4288/30/1158
f 4284/30/1157 4821/30/1157 4820/30/1157 4286/30/1157
f 4282/30/1156 4822/30/1156 4821/30/1156 4284/30/1156
f 4280/30/1155 4823/30/1155 4822/30/1155 4282/30/1155
f 4278/30/1154 4824/30/1154 4823/30/1154 4280/30/1154
f 4276/30/1153 4825/30/1153 4824/30/1153 4278/30/1153
f 4274/30/1152 4809/30/1152 4825/30/1152 4276/30/1152
f 4553/35/1249 4552/35/1249 4859/35/1249 4861/35/1249
f 4831/35/1250 4830/35/1250 4870/35/1250 4868/35/1250
f 4562/35/1251 4843/35/1251 4844/35/1251 4879/35/1251
f 4554/35/1252 4553/35/1252 4861/35/1252 4863/35/1252
f 4830/35/1253 4829/35/1253 4872/35/1253 4870/35/1253
f 4843/35/1254 4842/35/1254 4846/35/1254 4844/35/1254
f 4555/35/1255 4554/35/1255 4863/35/1255 4865/35/1255
f 4829/35/1256 4828/35/1256 4874/35/1256 4872/35/1256
f 4842/35/1257 4841/35/1257 4848/35/1257 4846/35/1257
f 4556/35/1258 4555/35/1258 4865/35/1258 4867/35/1258
f 4828/35/1259 4826/35/1259 4876/35/1259 4874/35/1259
f 4841/35/1260 4840/35/1260 4850/35/1260 4848/35/1260
f 4557/35/1261 4556/35/1261 4867/35/1261 4869/35/1261
f 4826/35/1262 4562/35/1262 4879/35/1262 4876/35/1262
f 4840/35/1263 4839/35/1263 4852/35/1263 4850/35/1263
f 4558/35/1264 4557/35/1264 4869/35/1264 4871/35/1264
f 4545/35/1265 4544/35/1265 4878/35/1265 4845/35/1265
f 4839/35/1266 4838/35/1266 4854/35/1266 4852/35/1266
f 4341/36/1165 4342/36/1165 4594/36/1165 4593/36/1165
f 4334/36/1158 4335/36/1158 4587/36/1158 4586/36/1158
f 4342/36/1166 4343/36/1166 4595/36/1166 4594/36/1166
f 4335/36/1159 4336/36/1159 4588/36/1159 4587/36/1159
f 4328/36/1152 4329/36/1152 4581/36/1152 4580/36/1152
f 4343/36/1167 4344/36/1167 4596/36/1167 4595/36/1167
f 4336/36/1160 4337/36/1160 4589/36/1160 4588/36/1160
f 4329/36/1153 4330/36/1153 4582/36/1153 4581/36/1153
f 4344/36/1169 4345/36/1169 4597/36/1169 4596/36/1169
f 4337/36/1161 4338/36/1161 4590/36/1161 4589/36/1161
f 4330/36/1154 4331/36/1154 4583/36/1154 4582/36/1154
f 4345/36/1170 4328/36/1170 4580/36/1170 4597/36/1170
f 4338/36/1162 4339/36/1162 4591/36/1162 4590/36/1162
f 4331/36/1155 4332/36/1155 4584/36/1155 4583/36/1155
f 4339/36/1163 4340/36/1163 4592/36/1163 4591/36/1163
f 4332/36/1156 4333/36/1156 4585/36/1156 4584/36/1156
f 4340/36/1164 4341/36/1164 4593/36/1164 4592/36/1164
f 4333/36/1157 4334/36/1157 4586/36/1157 4585/36/1157
f 4586/30/1267 4587/30/1267 4605/30/1267 4604/30/1267
f 4594/30/1268 4595/30/1268 4613/30/1268 4612/30/1268
f 4587/30/1269 4588/30/1269 4606/30/1269 4605/30/1269
f 4580/30/1270 4581/30/1270 4599/30/1270 4598/30/1270
f 4595/30/1271 4596/30/1271 4614/30/1271 4613/30/1271
f 4588/30/1272 4589/30/1272 4607/30/1272 4606/30/1272
f 4581/30/1273 4582/30/1273 4600/30/1273 4599/30/1273
f 4596/30/1274 4597/30/1274 4615/30/1274 4614/30/1274
f 4589/30/1275 4590/30/1275 4608/30/1275 4607/30/1275
f 4582/30/1276 4583/30/1276 4601/30/1276 4600/30/1276
f 4597/30/1277 4580/30/1277 4598/30/1277 4615/30/1277
f 4590/30/1278 4591/30/1278 4609/30/1278 4608/30/1278
f 4583/30/1279 4584/30/1279 4602/30/1279 4601/30/1279
f 4591/30/1280 4592/30/1280 4610/30/1280 4609/30/1280
f 4584/30/1281 4585/30/1281 4603/30/1281 4602/30/1281
f 4592/30/1282 4593/30/1282 4611/30/1282 4610/30/1282
f 4585/30/1283 4586/30/1283 4604/30/1283 4603/30/1283
f 4593/30/1284 4594/30/1284 4612/30/1284 4611/30/1284
f 4605/37/1159 4606/37/1159 4642/37/1159 4641/37/1159
f 4598/37/1152 4599/37/1152 4635/37/1152 4634/37/1152
f 4613/37/1167 4614/37/1167 4650/37/1167 4649/37/1167
f 4602/30/1285 4638/30/1285 4677/30/1285 4671/30/1285
f 4599/37/1153 4600/37/1153 4636/37/1153 4635/37/1153
f 4650/30/1286 4614/30/1286 4674/30/1286 4680/30/1286
f 4607/37/1161 4608/37/1161 4644/37/1161 4643/37/1161
f 4600/37/1154 4601/37/1154 4637/37/1154 4636/37/1154
f 4615/37/1170 4598/37/1170 4634/37/1170 4651/37/1170
f 4608/37/1162 4609/37/1162 4645/37/1162 4644/37/1162
f 4606/30/1287 4607/30/1287 4673/30/1287 4672/30/1287
f 4609/37/1163 4610/37/1163 4646/37/1163 4645/37/1163
f 4602/37/1156 4603/37/1156 4639/37/1156 4638/37/1156
f 4610/37/1164 4611/37/1164 4647/37/1164 4646/37/1164
f 4603/37/1157 4604/37/1157 4640/37/1157 4639/37/1157
f 4611/37/1165 4612/37/1165 4648/37/1165 4647/37/1165
f 4604/37/1158 4605/37/1158 4641/37/1158 4640/37/1158
f 4612/37/1288 4613/37/1288 4649/37/1288 4648/37/1288
f 4632/38/1159 4633/39/1159 4669/39/1159 4668/38/1159
f 4630/39/1289 4629/39/1289 4713/39/1289 4714/39/1289
f 4642/30/1290 4643/30/1290 4691/30/1290 4690/30/1290
f 4629/39/1291 4628/40/1291 4712/40/1291 4713/39/1291
f 4641/30/1292 4642/30/1292 4690/30/1292 4689/30/1292
f 4628/40/1293 4627/38/1293 4711/38/1293 4712/40/1293
f 4640/30/1294 4641/30/1294 4689/30/1294 4688/30/1294
f 4627/38/1295 4626/40/1295 4710/40/1295 4711/38/1295
f 4639/30/1296 4640/30/1296 4688/30/1296 4687/30/1296
f 4626/40/1297 4625/38/1297 4709/38/1297 4710/40/1297
f 4638/30/1298 4639/30/1298 4687/30/1298 4686/30/1298
f 4625/38/1299 4624/38/1299 4708/38/1299 4709/38/1299
f 4651/30/1300 4634/30/1300 4682/30/1300 4699/30/1300
f 4637/30/1301 4638/30/1301 4686/30/1301 4685/30/1301
f 4624/38/1302 4623/41/1302 4707/41/1302 4708/38/1302
f 4650/30/1303 4651/30/1303 4699/30/1303 4698/30/1303
f 4636/30/1304 4637/30/1304 4685/30/1304 4684/30/1304
f 4623/41/1305 4622/40/1305 4706/40/1305 4707/41/1305
f 4649/30/1306 4650/30/1306 4698/30/1306 4697/30/1306
f 4652/40/1307 4653/39/1307 4654/41/1307 4655/38/1307 4656/41/1307 4657/38/1307 4658/40/1307 4659/41/1307 4660/38/1307 4661/38/1307 4662/40/1307 4663/38/1307 4664/40/1307 4665/39/1307 4666/39/1307 4667/39/1307 4668/38/1307 4669/39/1307
f 4625/38/1152 4626/40/1152 4662/40/1152 4661/38/1152
f 4618/41/1163 4619/38/1163 4655/38/1163 4654/41/1163
f 4633/39/1160 4616/40/1160 4652/40/1160 4669/39/1160
f 4626/40/1153 4627/38/1153 4663/38/1153 4662/40/1153
f 4619/38/1164 4620/41/1164 4656/41/1164 4655/38/1164
f 4627/38/1154 4628/40/1154 4664/40/1154 4663/38/1154
f 4620/41/1165 4621/38/1165 4657/38/1165 4656/41/1165
f 4628/40/1155 4629/39/1155 4665/39/1155 4664/40/1155
f 4621/38/1166 4622/40/1166 4658/40/1166 4657/38/1166
f 4629/39/1156 4630/39/1156 4666/39/1156 4665/39/1156
f 4622/40/1167 4623/41/1167 4659/41/1167 4658/40/1167
f 4630/39/1157 4631/39/1157 4667/39/1157 4666/39/1157
f 4623/41/1169 4624/38/1169 4660/38/1169 4659/41/1169
f 4616/40/1161 4617/39/1161 4653/39/1161 4652/40/1161
f 4631/39/1158 4632/38/1158 4668/38/1158 4667/39/1158
f 4624/38/1170 4625/38/1170 4661/38/1170 4660/38/1170
f 4617/39/1162 4618/41/1162 4654/41/1162 4653/39/1162
f 4672/30/1156 4673/30/1156 4679/30/1156 4678/30/1156
f 4674/30/1165 4675/30/1165 4681/30/1165 4680/30/1165
f 4670/30/1102 4671/30/1102 4677/30/1102 4676/30/1102
f 4638/30/1308 4637/30/1308 4676/30/1308 4677/30/1308
f 4607/30/1309 4643/30/1309 4679/30/1309 4673/30/1309
f 4614/30/1310 4615/30/1310 4675/30/1310 4674/30/1310
f 4637/30/1311 4601/30/1311 4670/30/1311 4676/30/1311
f 4601/30/1312 4602/30/1312 4671/30/1312 4670/30/1312
f 4643/30/1313 4642/30/1313 4678/30/1313 4679/30/1313
f 4642/30/1314 4606/30/1314 4672/30/1314 4678/30/1314
f 4615/30/1315 4651/30/1315 4681/30/1315 4675/30/1315
f 4651/30/1316 4650/30/1316 4680/30/1316 4681/30/1316
f 4701/32/1307 4700/30/1307 4682/30/1307 4683/30/1307
f 4702/42/1307 4701/32/1307 4683/30/1307 4684/30/1307
f 4703/30/1307 4702/42/1307 4684/30/1307 4685/30/1307
f 4704/42/1307 4703/30/1307 4685/30/1307 4686/30/1307
f 4705/30/1307 4704/42/1307 4686/30/1307 4687/30/1307
f 4706/30/1307 4705/30/1307 4687/30/1307 4688/30/1307
f 4707/42/1307 4706/30/1307 4688/30/1307 4689/30/1307
f 4708/30/1307 4707/42/1307 4689/30/1307 4690/30/1307
f 4709/30/1307 4708/30/1307 4690/30/1307 4691/30/1307
f 4710/30/1307 4709/30/1307 4691/30/1307 4692/30/1307
f 4711/30/1307 4710/30/1307 4692/30/1307 4693/30/1307
f 4712/30/1307 4711/30/1307 4693/30/1307 4694/30/1307
f 4713/32/1307 4712/30/1307 4694/30/1307 4695/30/1307
f 4714/32/1307 4713/32/1307 4695/30/1307 4696/30/1307
f 4715/32/1307 4714/32/1307 4696/30/1307 4697/30/1307
f 4716/43/1307 4715/32/1307 4697/30/1307 4698/30/1307
f 4717/32/1307 4716/43/1307 4698/30/1307 4699/30/1307
f 4700/30/1307 4717/32/1307 4699/30/1307 4682/30/1307
f 4643/30/1317 4644/30/1317 4692/30/1317 4691/30/1317
f 4617/39/1318 4616/40/1318 4700/40/1318 4701/39/1318
f 4631/39/1319 4630/39/1319 4714/39/1319 4715/39/1319
f 4644/30/1320 4645/30/1320 4693/30/1320 4692/30/1320
f 4618/41/1321 4617/39/1321 4701/39/1321 4702/41/1321
f 4632/38/1322 4631/39/1322 4715/39/1322 4716/38/1322
f 4645/30/1323 4646/30/1323 4694/30/1323 4693/30/1323
f 4619/38/1324 4618/41/1324 4702/41/1324 4703/38/1324
f 4633/39/1325 4632/38/1325 4716/38/1325 4717/39/1325
f 4646/30/1326 4647/30/1326 4695/30/1326 4694/30/1326
f 4620/41/1327 4619/38/1327 4703/38/1327 4704/41/1327
f 4616/40/1328 4633/39/1328 4717/39/1328 4700/40/1328
f 4647/30/1329 4648/30/1329 4696/30/1329 4695/30/1329
f 4621/38/1330 4620/41/1330 4704/41/1330 4705/38/1330
f 4634/30/1331 4635/30/1331 4683/30/1331 4682/30/1331
f 4648/30/1332 4649/30/1332 4697/30/1332 4696/30/1332
f 4622/40/1333 4621/38/1333 4705/38/1333 4706/40/1333
f 4635/30/1334 4636/30/1334 4684/30/1334 4683/30/1334
f 4350/44/1163 4351/44/1163 4792/45/1163 4728/45/1163
f 4728/32/1163 4792/32/1163 4791/32/1163 4729/32/1163
f 4729/45/1163 4791/45/1163 4790/44/1163 4730/45/1163
f 4730/32/1163 4790/30/1163 4789/30/1163 4731/32/1163
f 4731/45/1163 4789/44/1163 4788/45/1163 4732/45/1163
f 4361/44/1160 4356/44/1160 4807/45/1160 4793/45/1160
f 4793/32/1228 4807/32/1228 4806/32/1228 4794/30/1228
f 4794/44/1160 4806/46/1160 4805/47/1160 4795/44/1160
f 4795/30/1228 4805/30/1228 4804/30/1228 4796/32/1228
f 4796/48/1160 4804/47/1160 4803/45/1160 4797/45/1160
f 4352/44/1169 4353/44/1169 4782/45/1169 4748/45/1169
f 4748/32/1169 4782/32/1169 4781/32/1169 4749/30/1169
f 4749/44/1169 4781/45/1169 4780/45/1169 4750/44/1169
f 4750/30/1169 4780/32/1169 4779/32/1169 4751/32/1169
f 4751/49/1169 4779/45/1169 4778/45/1169 4752/45/1169
f 4363/44/1165 4358/44/1165 4802/45/1165 4783/45/1165
f 4783/32/1165 4802/32/1165 4801/32/1165 4784/32/1165
f 4784/45/1165 4801/46/1165 4800/47/1165 4785/45/1165
f 4785/32/1335 4800/30/1335 4799/30/1335 4786/32/1335
f 4786/45/1165 4799/47/1165 4798/45/1165 4787/45/1165
f 4354/44/1156 4355/44/1156 4722/50/1156 4768/45/1156
f 4768/32/1156 4722/30/1156 4721/32/1156 4769/32/1156
f 4769/45/1156 4721/45/1156 4720/51/1156 4770/45/1156
f 4770/32/1156 4720/30/1156 4719/30/1156 4771/32/1156
f 4771/48/1156 4719/51/1156 4718/46/1156 4772/47/1156
f 4356/44/1161 4357/44/1161 4727/45/1161 4807/45/1161
f 4807/32/1336 4727/32/1336 4726/32/1336 4806/32/1336
f 4806/46/1161 4726/45/1161 4725/45/1161 4805/47/1161
f 4805/30/1336 4725/32/1336 4724/32/1336 4804/30/1336
f 4804/47/1161 4724/45/1161 4723/45/1161 4803/45/1161
f 4358/44/1166 4359/44/1166 4747/48/1166 4802/45/1166
f 4802/32/1166 4747/32/1166 4746/32/1166 4801/32/1166
f 4801/46/1166 4746/45/1166 4745/45/1166 4800/47/1166
f 4800/30/1337 4745/32/1337 4744/32/1337 4799/30/1337
f 4799/47/1288 4744/45/1288 4743/45/1288 4798/45/1288
f 4347/44/1154 4360/44/1154 4767/45/1154 4738/45/1154
f 4738/32/1154 4767/32/1154 4766/32/1154 4739/32/1154
f 4739/45/1154 4766/45/1154 4765/45/1154 4740/45/1154
f 4740/32/1154 4765/32/1154 4764/32/1154 4741/32/1154
f 4741/48/1154 4764/45/1154 4763/45/1154 4742/46/1154
f 4360/44/1155 4354/44/1155 4768/45/1155 4767/45/1155
f 4767/32/1155 4768/32/1155 4769/32/1155 4766/32/1155
f 4766/45/1155 4769/45/1155 4770/45/1155 4765/45/1155
f 4765/32/1155 4770/32/1155 4771/32/1155 4764/32/1155
f 4764/45/1155 4771/48/1155 4772/47/1155 4763/45/1155
f 4348/44/1158 4349/44/1158 4758/48/1158 4757/45/1158
f 4757/32/1158 4758/32/1158 4759/30/1158 4756/32/1158
f 4756/45/1158 4759/47/1158 4760/47/1158 4755/51/1158
f 4755/30/1158 4760/30/1158 4761/32/1158 4754/30/1158
f 4754/51/1158 4761/45/1158 4762/47/1158 4753/45/1158
f 4359/44/1167 4352/44/1167 4748/45/1167 4747/48/1167
f 4747/32/1167 4748/32/1167 4749/30/1167 4746/32/1167
f 4746/45/1167 4749/44/1167 4750/44/1167 4745/45/1167
f 4745/32/1167 4750/30/1167 4751/32/1167 4744/32/1167
f 4744/45/1167 4751/49/1167 4752/45/1167 4743/45/1167
f 4346/44/1338 4347/44/1338 4738/45/1338 4737/45/1338
f 4737/32/1339 4738/32/1339 4739/32/1339 4736/32/1339
f 4736/45/1338 4739/45/1338 4740/45/1338 4735/44/1338
f 4735/30/1338 4740/32/1338 4741/32/1338 4734/30/1338
f 4734/44/1339 4741/48/1339 4742/46/1339 4733/45/1339
f 4357/44/1340 4350/44/1340 4728/45/1340 4727/45/1340
f 4727/32/1340 4728/32/1340 4729/32/1340 4726/32/1340
f 4726/45/1162 4729/45/1162 4730/45/1162 4725/45/1162
f 4725/32/1340 4730/32/1340 4731/32/1340 4724/32/1340
f 4724/45/1340 4731/45/1340 4732/45/1340 4723/45/1340
f 4355/44/1157 4348/44/1157 4757/45/1157 4722/50/1157
f 4722/30/1157 4757/32/1157 4756/32/1157 4721/32/1157
f 4721/45/1157 4756/45/1157 4755/51/1157 4720/51/1157
f 4720/30/1157 4755/30/1157 4754/30/1157 4719/30/1157
f 4719/51/1157 4754/51/1157 4753/45/1157 4718/46/1157
f 4353/44/1170 4362/44/1170 4773/45/1170 4782/45/1170
f 4782/32/1170 4773/32/1170 4774/30/1170 4781/32/1170
f 4781/45/1170 4774/51/1170 4775/51/1170 4780/45/1170
f 4780/32/1170 4775/30/1170 4776/30/1170 4779/32/1170
f 4779/45/1170 4776/50/1170 4777/45/1170 4778/45/1170
f 4351/44/1164 4363/44/1164 4783/45/1164 4792/45/1164
f 4792/32/1164 4783/32/1164 4784/32/1164 4791/32/1164
f 4791/45/1164 4784/45/1164 4785/45/1164 4790/44/1164
f 4790/30/1164 4785/32/1164 4786/32/1164 4789/30/1164
f 4789/44/1164 4786/45/1164 4787/45/1164 4788/45/1164
f 4362/44/1152 4346/44/1152 4737/45/1152 4773/45/1152
f 4773/32/1152 4737/32/1152 4736/32/1152 4774/30/1152
f 4774/51/1152 4736/45/1152 4735/44/1152 4775/51/1152
f 4775/30/1152 4735/30/1152 4734/30/1152 4776/30/1152
f 4776/50/1152 4734/44/1152 4733/45/1152 4777/45/1152
f 4349/44/1341 4361/44/1341 4793/45/1341 4758/48/1341
f 4758/32/1159 4793/32/1159 4794/30/1159 4759/30/1159
f 4759/47/1159 4794/44/1159 4795/44/1159 4760/47/1159
f 4760/30/1159 4795/30/1159 4796/32/1159 4761/32/1159
f 4761/45/1159 4796/48/1159 4797/45/1159 4762/47/1159
f 4561/52/1170 4544/53/1170 4809/53/1170 4808/53/1170
f 4560/53/1169 4561/52/1169 4808/53/1169 4810/53/1169
f 4559/53/1167 4560/53/1167 4810/53/1167 4811/53/1167
f 4558/53/1166 4559/53/1166 4811/53/1166 4812/53/1166
f 4557/53/1165 4558/53/1165 4812/53/1165 4813/53/1165
f 4556/53/1164 4557/53/1164 4813/53/1164 4814/53/1164
f 4555/53/1163 4556/53/1163 4814/53/1163 4815/53/1163
f 4554/52/1162 4555/53/1162 4815/53/1162 4816/53/1162
f 4553/53/1161 4554/52/1161 4816/53/1161 4817/53/1161
f 4552/52/1160 4553/53/1160 4817/53/1160 4818/53/1160
f 4551/53/1159 4552/52/1159 4818/53/1159 4819/53/1159
f 4550/53/1158 4551/53/1158 4819/53/1158 4820/53/1158
f 4549/53/1157 4550/53/1157 4820/53/1157 4821/53/1157
f 4548/53/1156 4549/53/1156 4821/53/1156 4822/53/1156
f 4547/52/1155 4548/53/1155 4822/53/1155 4823/53/1155
f 4546/53/1154 4547/52/1154 4823/53/1154 4824/53/1154
f 4545/52/1153 4546/53/1153 4824/53/1153 4825/53/1153
f 4544/53/1152 4545/52/1152 4825/53/1152 4809/53/1152
f 4562/52/1170 4826/52/1170 4579/53/1170 4827/53/1170
f 4826/52/1169 4828/53/1169 4578/53/1169 4579/53/1169
f 4828/53/1167 4829/53/1167 4577/53/1167 4578/53/1167
f 4829/53/1166 4830/53/1166 4576/53/1166 4577/53/1166
f 4830/53/1165 4831/53/1165 4575/53/1165 4576/53/1165
f 4831/53/1164 4832/53/1164 4574/53/1164 4575/53/1164
f 4832/53/1163 4833/53/1163 4573/53/1163 4574/53/1163
f 4833/53/1162 4834/52/1162 4572/53/1162 4573/53/1162
f 4834/52/1161 4835/53/1161 4571/53/1161 4572/53/1161
f 4835/53/1160 4836/52/1160 4570/53/1160 4571/53/1160
f 4836/52/1159 4837/53/1159 4569/53/1159 4570/53/1159
f 4837/53/1158 4838/53/1158 4568/53/1158 4569/53/1158
f 4838/53/1157 4839/53/1157 4567/53/1157 4568/53/1157
f 4839/53/1156 4840/53/1156 4566/53/1156 4567/53/1156
f 4840/53/1155 4841/52/1155 4565/53/1155 4566/53/1155
f 4841/52/1154 4842/53/1154 4564/53/1154 4565/53/1154
f 4842/53/1153 4843/52/1153 4563/53/1153 4564/53/1153
f 4843/52/1152 4562/52/1152 4827/53/1152 4563/53/1152
f 4877/35/1170 4876/35/1170 4879/35/1170 4878/35/1170
f 4875/35/1342 4874/35/1342 4876/35/1342 4877/35/1342
f 4873/35/1167 4872/35/1167 4874/35/1167 4875/35/1167
f 4871/35/1166 4870/35/1166 4872/35/1166 4873/35/1166
f 4869/35/1165 4868/35/1165 4870/35/1165 4871/35/1165
f 4867/35/1164 4866/35/1164 4868/35/1164 4869/35/1164
f 4865/35/1163 4864/35/1163 4866/35/1163 4867/35/1163
f 4863/35/1162 4862/35/1162 4864/35/1162 4865/35/1162
f 4861/35/1161 4860/35/1161 4862/35/1161 4863/35/1161
f 4859/35/1228 4858/35/1228 4860/35/1228 4861/35/1228
f 4857/35/1341 4856/35/1341 4858/35/1341 4859/35/1341
f 4855/35/1158 4854/35/1158 4856/35/1158 4857/35/1158
f 4853/35/1157 4852/35/1157 4854/35/1157 4855/35/1157
f 4851/35/1156 4850/35/1156 4852/35/1156 4853/35/1156
f 4849/35/1155 4848/35/1155 4850/35/1155 4851/35/1155
f 4847/35/1154 4846/35/1154 4848/35/1154 4849/35/1154
f 4845/35/1153 4844/35/1153 4846/35/1153 4847/35/1153
f 4878/35/1152 4879/35/1152 4844/35/1152 4845/35/1152
f 4832/35/1343 4831/35/1343 4868/35/1343 4866/35/1343
f 4552/35/1344 4551/35/1344 4857/35/1344 4859/35/1344
f 4833/35/1345 4832/35/1345 4866/35/1345 4864/35/1345
f 4551/35/1346 4550/35/1346 4855/35/1346 4857/35/1346
f 4834/35/1347 4833/35/1347 4864/35/1347 4862/35/1347
f 4550/35/1348 4549/35/1348 4853/35/1348 4855/35/1348
f 4835/35/1349 4834/35/1349 4862/35/1349 4860/35/1349
f 4549/35/1350 4548/35/1350 4851/35/1350 4853/35/1350
f 4544/35/1351 4561/35/1351 4877/35/1351 4878/35/1351
f 4836/35/1352 4835/35/1352 4860/35/1352 4858/35/1352
f 4548/35/1353 4547/35/1353 4849/35/1353 4851/35/1353
f 4561/35/1354 4560/35/1354 4875/35/1354 4877/35/1354
f 4837/35/1355 4836/35/1355 4858/35/1355 4856/35/1355
f 4547/35/1356 4546/35/1356 4847/35/1356 4849/35/1356
f 4560/35/1357 4559/35/1357 4873/35/1357 4875/35/1357
f 4838/35/1358 4837/35/1358 4856/35/1358 4854/35/1358
f 4546/35/1359 4545/35/1359 4845/35/1359 4847/35/1359
f 4559/35/1360 4558/35/1360 4871/35/1360 4873/35/1360
f 5433/30/1361 4881/30/1361 4883/30/1361 5169/30/1361
f 5169/30/1362 4883/30/1362 4885/30/1362 5170/30/1362
f 5170/30/1363 4885/30/1363 4887/30/1363 5171/30/1363
f 5171/30/1364 4887/30/1364 4889/30/1364 5172/30/1364
f 5172/30/1365 4889/30/1365 4891/30/1365 5173/30/1365
f 5173/30/1366 4891/30/1366 4893/30/1366 5174/30/1366
f 5174/30/1367 4893/30/1367 4895/30/1367 5175/30/1367
f 5175/30/1368 4895/30/1368 4897/30/1368 5176/30/1368
f 5176/30/1369 4897/30/1369 4899/30/1369 5177/30/1369
f 5177/30/1370 4899/30/1370 4901/30/1370 5178/30/1370
f 5178/30/1371 4901/30/1371 4903/30/1371 5179/30/1371
f 5179/30/1372 4903/30/1372 4905/30/1372 5180/30/1372
f 5180/30/1373 4905/30/1373 4907/30/1373 5181/30/1373
f 5181/30/1374 4907/30/1374 4909/30/1374 5182/30/1374
f 5182/30/1375 4909/30/1375 4911/30/1375 5183/30/1375
f 5183/30/1376 4911/30/1376 4913/30/1376 5184/30/1376
f 4953/31/1377 4952/31/1377 4916/31/1377 4918/31/1377
f 5184/30/1378 4913/30/1378 4915/30/1378 5185/30/1378
f 5185/30/1379 4915/30/1379 4881/30/1379 5433/30/1379
f 4888/30/1380 4890/30/1380 4939/30/1380 4938/30/1380
f 4916/30/93 4917/30/93 4933/30/93 4932/30/93 4931/30/93 4930/30/93 4929/30/93 4928/30/93 4927/30/93 4926/30/93 4925/30/93 4924/30/93 4923/30/93 4922/30/93 4921/30/93 4920/30/93 4919/30/93 4918/30/93
f 4955/31/1381 4954/31/1381 4922/31/1381 4923/31/1381
f 4957/31/1382 4956/31/1382 4927/31/1382 4928/31/1382
f 4959/31/1383 4958/31/1383 4932/31/1383 4933/31/1383
f 4961/31/1384 4960/31/1384 4920/31/1384 4921/31/1384
f 4963/31/1385 4962/31/1385 4925/31/1385 4926/31/1385
f 4965/31/1386 4964/31/1386 4930/31/1386 4931/31/1386
f 4966/31/1387 4953/31/1387 4918/31/1387 4919/31/1387
f 4967/31/1388 4955/31/1388 4923/31/1388 4924/31/1388
f 4952/31/1389 4968/31/1389 4917/31/1389 4916/31/1389
f 4969/31/1390 4957/31/1390 4928/31/1390 4929/31/1390
f 4968/31/1391 4959/31/1391 4933/31/1391 4917/31/1391
f 4954/31/1392 4961/31/1392 4921/31/1392 4922/31/1392
f 4956/31/1393 4963/31/1393 4926/31/1393 4927/31/1393
f 4958/31/1394 4965/31/1394 4931/31/1394 4932/31/1394
f 4960/31/1395 4966/31/1395 4919/31/1395 4920/31/1395
f 4962/31/1396 4967/31/1396 4924/31/1396 4925/31/1396
f 4964/31/1397 4969/31/1397 4929/31/1397 4930/31/1397
f 4898/30/1398 4900/30/1398 4944/30/1398 4943/30/1398
f 4908/30/1399 4910/30/1399 4949/30/1399 4948/30/1399
f 4884/30/1400 4886/30/1400 4937/30/1400 4936/30/1400
f 4894/30/1401 4896/30/1401 4942/30/1401 4941/30/1401
f 4880/30/1402 4882/30/1402 4935/30/1402 4934/30/1402
f 4904/30/1403 4906/30/1403 4947/30/1403 4946/30/1403
f 4914/30/1404 4880/30/1404 4934/30/1404 4951/30/1404
f 4890/30/1405 4892/30/1405 4940/30/1405 4939/30/1405
f 4900/30/1406 4902/30/1406 4945/30/1406 4944/30/1406
f 4910/30/1407 4912/30/1407 4950/30/1407 4949/30/1407
f 4886/30/1408 4888/30/1408 4938/30/1408 4937/30/1408
f 4896/30/1409 4898/30/1409 4943/30/1409 4942/30/1409
f 4906/30/1410 4908/30/1410 4948/30/1410 4947/30/1410
f 4882/30/1411 4884/30/1411 4936/30/1411 4935/30/1411
f 4892/30/1412 4894/30/1412 4941/30/1412 4940/30/1412
f 4902/30/1413 4904/30/1413 4946/30/1413 4945/30/1413
f 4912/30/1414 4914/30/1414 4951/30/1414 4950/30/1414
f 4970/30/93 4980/30/93 4988/30/93 5014/30/93
f 5368/30/1368 5403/32/1368 5005/30/1368 5012/30/1368
f 4982/30/93 4975/30/93 5019/30/93 4992/30/93
f 5383/32/1361 5339/32/1361 4989/30/1361 5003/30/1361
f 4981/30/93 4974/30/93 5018/30/93 4990/30/93
f 5394/32/1373 5393/32/1373 5004/30/1373 5011/30/1373
f 4987/30/93 4973/30/93 5017/30/93 5002/30/93
f 5384/32/1379 5383/32/1379 5003/30/1379 5010/30/1379
f 4979/30/572 4972/30/572 5016/30/572 5023/30/572
f 5324/32/1366 5359/32/1366 4991/30/1366 5009/30/1366
f 4980/30/93 4987/30/93 5002/30/93 4988/30/93
f 5329/32/1371 5338/32/1371 4993/30/1371 5008/30/1371
f 4978/30/93 4971/30/93 5015/30/93 5022/30/93
f 5339/32/1362 5348/32/1362 5013/30/1362 4989/30/1362
f 5349/32/1376 5358/32/1376 4995/30/1376 5007/30/1376
f 4977/30/93 4970/30/93 5014/30/93 5021/30/93
f 5359/32/1367 5368/30/1367 5012/30/1367 4991/30/1367
f 5369/32/1364 5378/30/1364 4997/30/1364 5006/30/1364
f 5060/30/1377 5092/30/1377 4980/30/1377 4970/30/1377
f 5063/30/1381 5095/30/1381 4981/30/1381 4971/30/1381
f 5066/30/1382 5098/30/1382 4982/30/1382 4972/30/1382
f 5069/30/1383 5101/30/1383 4983/30/1383 4973/30/1383
f 5072/30/1415 5104/30/1415 4984/30/1415 4974/30/1415
f 5075/30/1385 5107/30/1385 4985/30/1385 4975/30/1385
f 5078/30/1386 5110/30/1386 4986/30/1386 4976/30/1386
f 5081/30/1387 5060/30/1387 4970/30/1387 4977/30/1387
f 5084/30/1416 5063/30/1416 4971/30/1416 4978/30/1416
f 5092/30/1389 5113/30/1389 4987/30/1389 4980/30/1389
f 5087/30/1390 5066/30/1390 4972/30/1390 4979/30/1390
f 5113/30/1391 5069/30/1391 4973/30/1391 4987/30/1391
f 5095/30/1392 5072/30/1392 4974/30/1392 4981/30/1392
f 5098/30/1393 5075/30/1393 4975/30/1393 4982/30/1393
f 5101/30/1394 5078/30/1394 4976/30/1394 4983/30/1394
f 5104/30/1395 5081/30/1395 4977/30/1395 4984/30/1395
f 5107/30/1396 5084/30/1396 4978/30/1396 4985/30/1396
f 5110/30/1397 5087/30/1397 4979/30/1397 4986/30/1397
f 4999/31/1417 5008/31/1417 5044/31/1417 5035/31/1417
f 5023/30/1418 5016/30/1418 5052/30/1418 5059/30/1418
f 5001/31/1419 5007/31/1419 5043/31/1419 5037/31/1419
f 4988/30/1420 5002/30/1420 5038/30/1420 5024/30/1420
f 5013/31/1421 5006/31/1421 5042/31/1421 5049/31/1421
f 5022/30/1422 5015/30/1422 5051/30/1422 5058/30/1422
f 5012/31/1423 5005/31/1423 5041/31/1423 5048/31/1423
f 5021/30/1424 5014/30/1424 5050/30/1424 5057/30/1424
f 5003/31/1425 4989/31/1425 5025/31/1425 5039/31/1425
f 5020/30/1426 5000/30/1426 5036/30/1426 5056/30/1426
f 5011/31/1427 5004/31/1427 5040/31/1427 5047/31/1427
f 5019/30/1428 4998/30/1428 5034/30/1428 5055/30/1428
f 5010/31/1429 5003/31/1429 5039/31/1429 5046/31/1429
f 5018/30/1430 4996/30/1430 5032/30/1430 5054/30/1430
f 5009/31/1431 4991/31/1431 5027/31/1431 5045/31/1431
f 5000/30/1432 5023/30/1432 5059/30/1432 5036/30/1432
f 5017/30/1433 4994/30/1433 5030/30/1433 5053/30/1433
f 5008/31/1434 4993/31/1434 5029/31/1434 5044/31/1434
f 4983/30/93 4976/30/93 5020/30/93 4994/30/93
f 5348/32/1363 5369/32/1363 5006/30/1363 5013/30/1363
f 4971/30/93 4981/30/93 4990/30/93 5015/30/93
f 4984/30/93 4977/30/93 5021/30/93 4996/30/93
f 5404/32/1375 5349/32/1375 5007/30/1375 5001/30/1375
f 4972/30/1435 4982/30/1435 4992/30/1435 5016/30/1435
f 4985/30/32 4978/30/32 5022/30/32 4998/30/32
f 5409/32/1370 5329/32/1370 5008/30/1370 4999/30/1370
f 4973/30/93 4983/30/93 4994/30/93 5017/30/93
f 4986/30/93 4979/30/93 5023/30/93 5000/30/93
f 5378/30/1365 5324/32/1365 5009/30/1365 4997/30/1365
f 4974/30/93 4984/30/93 4996/30/93 5018/30/93
f 5393/32/1374 5404/32/1374 5001/30/1374 5004/30/1374
f 5358/32/1378 5384/32/1378 5010/30/1378 4995/30/1378
f 4975/30/1436 4985/30/1436 4998/30/1436 5019/30/1436
f 5403/32/1369 5409/32/1369 4999/30/1369 5005/30/1369
f 5338/32/1372 5394/32/1372 5011/30/1372 4993/30/1372
f 4976/30/93 4986/30/93 5000/30/93 5020/30/93
f 5036/33/1397 5059/33/1397 5040/33/1397 5037/33/1397
f 5034/33/1396 5058/33/1396 5041/33/1396 5035/33/1396
f 5032/33/1395 5057/33/1395 5042/33/1395 5033/33/1395
f 5030/33/1394 5056/33/1394 5043/33/1394 5031/33/1394
f 5028/33/1393 5055/33/1393 5044/33/1393 5029/33/1393
f 5026/33/1392 5054/33/1392 5045/33/1392 5027/33/1392
f 5038/33/1437 5053/33/1437 5046/33/1437 5039/33/1437
f 5059/33/1390 5052/33/1390 5047/33/1390 5040/33/1390
f 5024/33/1389 5038/33/1389 5039/33/1389 5025/33/1389
f 5058/33/1438 5051/33/1438 5048/33/1438 5041/33/1438
f 5057/33/1387 5050/33/1387 5049/33/1387 5042/33/1387
f 5056/33/1386 5036/33/1386 5037/33/1386 5043/33/1386
f 5055/33/1439 5034/33/1439 5035/33/1439 5044/33/1439
f 5054/33/1415 5032/33/1415 5033/33/1415 5045/33/1415
f 5053/33/1383 5030/33/1383 5031/33/1383 5046/33/1383
f 5052/33/1382 5028/33/1382 5029/33/1382 5047/33/1382
f 5051/33/1381 5026/33/1381 5027/33/1381 5048/33/1381
f 5050/33/1377 5024/33/1377 5025/33/1377 5049/33/1377
f 5002/30/1440 5017/30/1440 5053/30/1440 5038/30/1440
f 4997/31/1441 5009/31/1441 5045/31/1441 5033/31/1441
f 4990/30/1442 5018/30/1442 5054/30/1442 5026/30/1442
f 5004/31/1443 5001/31/1443 5037/31/1443 5040/31/1443
f 4995/31/1444 5010/31/1444 5046/31/1444 5031/31/1444
f 4992/30/1445 5019/30/1445 5055/30/1445 5028/30/1445
f 5005/31/1446 4999/31/1446 5035/31/1446 5041/31/1446
f 5014/30/1447 4988/30/1447 5024/30/1447 5050/30/1447
f 4993/31/1448 5011/31/1448 5047/31/1448 5029/31/1448
f 4994/30/1449 5020/30/1449 5056/30/1449 5030/30/1449
f 5006/31/1450 4997/31/1450 5033/31/1450 5042/31/1450
f 5015/30/1451 4990/30/1451 5026/30/1451 5051/30/1451
f 4991/31/1452 5012/31/1452 5048/31/1452 5027/31/1452
f 4996/30/1453 5021/30/1453 5057/30/1453 5032/30/1453
f 5007/31/1454 4995/31/1454 5031/31/1454 5043/31/1454
f 5016/30/1455 4992/30/1455 5028/30/1455 5052/30/1455
f 4989/31/1456 5013/31/1456 5049/31/1456 5025/31/1456
f 4998/30/1457 5022/30/1457 5058/30/1457 5034/30/1457
f 4909/30/1397 4907/30/1397 5089/30/1397 5108/30/1397
f 5130/30/1397 5123/30/1397 5088/30/1397 5109/30/1397
f 5148/30/1397 5141/30/1397 5087/30/1397 5110/30/1397
f 4899/30/1396 4897/30/1396 5086/30/1396 5105/30/1396
f 5129/30/1396 5122/30/1396 5085/30/1396 5106/30/1396
f 5147/30/1396 5140/30/1396 5084/30/1396 5107/30/1396
f 4889/30/1395 4887/30/1395 5083/30/1395 5102/30/1395
f 5128/30/1395 5121/30/1395 5082/30/1395 5103/30/1395
f 5146/30/1395 5139/30/1395 5081/30/1395 5104/30/1395
f 4913/30/1394 4911/30/1394 5080/30/1394 5099/30/1394
f 5127/30/1394 5120/30/1394 5079/30/1394 5100/30/1394
f 5145/30/1394 5138/30/1394 5078/30/1394 5101/30/1394
f 4903/30/1393 4901/30/1393 5077/30/1393 5096/30/1393
f 5126/30/1393 5119/30/1393 5076/30/1393 5097/30/1393
f 5144/30/1393 5137/30/1393 5075/30/1393 5098/30/1393
f 4893/30/1392 4891/30/1392 5074/30/1392 5093/30/1392
f 5125/30/1392 5118/30/1392 5073/30/1392 5094/30/1392
f 5143/30/1392 5136/30/1392 5072/30/1392 5095/30/1392
f 4881/30/1437 4915/30/1437 5071/30/1437 5111/30/1437
f 5131/30/1437 5117/30/1437 5070/30/1437 5112/30/1437
f 5149/30/1437 5135/30/1437 5069/30/1437 5113/30/1437
f 4907/30/1390 4905/30/1390 5068/30/1390 5089/30/1390
f 5123/30/1390 5116/30/1390 5067/30/1390 5088/30/1390
f 5141/30/1390 5134/30/1390 5066/30/1390 5087/30/1390
f 4883/30/1389 4881/30/1389 5111/30/1389 5090/30/1389
f 5124/30/1389 5131/30/1389 5112/30/1389 5091/30/1389
f 5142/30/1389 5149/30/1389 5113/30/1389 5092/30/1389
f 4897/30/1416 4895/30/1416 5065/30/1416 5086/30/1416
f 5122/30/1438 5115/30/1438 5064/30/1438 5085/30/1438
f 5140/30/1388 5133/30/1388 5063/30/1388 5084/30/1388
f 4887/30/1387 4885/30/1387 5062/30/1387 5083/30/1387
f 5121/30/1387 5114/30/1387 5061/30/1387 5082/30/1387
f 5139/30/1387 5132/30/1387 5060/30/1387 5081/30/1387
f 4911/30/1386 4909/30/1386 5108/30/1386 5080/30/1386
f 5120/30/1386 5130/30/1386 5109/30/1386 5079/30/1386
f 5138/30/1386 5148/30/1386 5110/30/1386 5078/30/1386
f 4901/30/1385 4899/30/1385 5105/30/1385 5077/30/1385
f 5119/30/1385 5129/30/1385 5106/30/1385 5076/30/1385
f 5137/30/1385 5147/30/1385 5107/30/1385 5075/30/1385
f 4891/30/1415 4889/30/1415 5102/30/1415 5074/30/1415
f 5118/30/1384 5128/30/1384 5103/30/1384 5073/30/1384
f 5136/30/1384 5146/30/1384 5104/30/1384 5072/30/1384
f 4915/30/1383 4913/30/1383 5099/30/1383 5071/30/1383
f 5117/30/1383 5127/30/1383 5100/30/1383 5070/30/1383
f 5135/30/1383 5145/30/1383 5101/30/1383 5069/30/1383
f 4905/30/1382 4903/30/1382 5096/30/1382 5068/30/1382
f 5116/30/1382 5126/30/1382 5097/30/1382 5067/30/1382
f 5134/30/1382 5144/30/1382 5098/30/1382 5066/30/1382
f 4895/30/1381 4893/30/1381 5093/30/1381 5065/30/1381
f 5115/30/1381 5125/30/1381 5094/30/1381 5064/30/1381
f 5133/30/1381 5143/30/1381 5095/30/1381 5063/30/1381
f 4885/30/1377 4883/30/1377 5090/30/1377 5062/30/1377
f 5114/30/1377 5124/30/1377 5091/30/1377 5061/30/1377
f 5132/30/1377 5142/30/1377 5092/30/1377 5060/30/1377
f 5062/34/1377 5090/34/1377 5124/34/1377 5114/34/1377
f 5065/34/1381 5093/34/1381 5125/34/1381 5115/34/1381
f 5068/34/1382 5096/34/1382 5126/34/1382 5116/34/1382
f 5071/34/1383 5099/34/1383 5127/34/1383 5117/34/1383
f 5074/34/1384 5102/34/1384 5128/34/1384 5118/34/1384
f 5077/34/1385 5105/34/1385 5129/34/1385 5119/34/1385
f 5080/34/1386 5108/34/1386 5130/34/1386 5120/34/1386
f 5083/34/1387 5062/34/1387 5114/34/1387 5121/34/1387
f 5086/34/1388 5065/34/1388 5115/34/1388 5122/34/1388
f 5090/34/1389 5111/34/1389 5131/34/1389 5124/34/1389
f 5089/34/1390 5068/34/1390 5116/34/1390 5123/34/1390
f 5111/34/1437 5071/34/1437 5117/34/1437 5131/34/1437
f 5093/34/1392 5074/34/1392 5118/34/1392 5125/34/1392
f 5096/34/1393 5077/34/1393 5119/34/1393 5126/34/1393
f 5099/34/1394 5080/34/1394 5120/34/1394 5127/34/1394
f 5102/34/1395 5083/34/1395 5121/34/1395 5128/34/1395
f 5105/34/1396 5086/34/1396 5122/34/1396 5129/34/1396
f 5108/34/1397 5089/34/1397 5123/34/1397 5130/34/1397
f 5061/34/1377 5091/34/1377 5142/34/1377 5132/34/1377
f 5064/34/1381 5094/34/1381 5143/34/1381 5133/34/1381
f 5067/34/1382 5097/34/1382 5144/34/1382 5134/34/1382
f 5070/34/1383 5100/34/1383 5145/34/1383 5135/34/1383
f 5073/34/1415 5103/34/1415 5146/34/1415 5136/34/1415
f 5076/34/1385 5106/34/1385 5147/34/1385 5137/34/1385
f 5079/34/1386 5109/34/1386 5148/34/1386 5138/34/1386
f 5082/34/1387 5061/34/1387 5132/34/1387 5139/34/1387
f 5085/34/1416 5064/34/1416 5133/34/1416 5140/34/1416
f 5091/34/1389 5112/34/1389 5149/34/1389 5142/34/1389
f 5088/34/1390 5067/34/1390 5134/34/1390 5141/34/1390
f 5112/34/1458 5070/34/1458 5135/34/1458 5149/34/1458
f 5094/34/1392 5073/34/1392 5136/34/1392 5143/34/1392
f 5097/34/1393 5076/34/1393 5137/34/1393 5144/34/1393
f 5100/34/1394 5079/34/1394 5138/34/1394 5145/34/1394
f 5103/34/1395 5082/34/1395 5139/34/1395 5146/34/1395
f 5106/34/1396 5085/34/1396 5140/34/1396 5147/34/1396
f 5109/34/1397 5088/34/1397 5141/34/1397 5148/34/1397
f 4914/30/1379 5414/30/1379 5415/30/1379 4880/30/1379
f 4912/30/1378 5416/30/1378 5414/30/1378 4914/30/1378
f 4910/30/1376 5417/30/1376 5416/30/1376 4912/30/1376
f 4908/30/1375 5418/30/1375 5417/30/1375 4910/30/1375
f 4906/30/1374 5419/30/1374 5418/30/1374 4908/30/1374
f 4904/30/1373 5420/30/1373 5419/30/1373 4906/30/1373
f 4902/30/1372 5421/30/1372 5420/30/1372 4904/30/1372
f 4900/30/1371 5422/30/1371 5421/30/1371 4902/30/1371
f 4898/30/1370 5423/30/1370 5422/30/1370 4900/30/1370
f 4896/30/1369 5424/30/1369 5423/30/1369 4898/30/1369
f 4894/30/1368 5425/30/1368 5424/30/1368 4896/30/1368
f 4892/30/1367 5426/30/1367 5425/30/1367 4894/30/1367
f 4890/30/1366 5427/30/1366 5426/30/1366 4892/30/1366
f 4888/30/1365 5428/30/1365 5427/30/1365 4890/30/1365
f 4886/30/1364 5429/30/1364 5428/30/1364 4888/30/1364
f 4884/30/1363 5430/30/1363 5429/30/1363 4886/30/1363
f 4882/30/1362 5431/30/1362 5430/30/1362 4884/30/1362
f 4880/30/1361 5415/30/1361 5431/30/1361 4882/30/1361
f 5159/35/1459 5158/35/1459 5465/35/1459 5467/35/1459
f 5437/35/1460 5436/35/1460 5476/35/1460 5474/35/1460
f 5168/35/1461 5449/35/1461 5450/35/1461 5485/35/1461
f 5160/35/1462 5159/35/1462 5467/35/1462 5469/35/1462
f 5436/35/1463 5435/35/1463 5478/35/1463 5476/35/1463
f 5449/35/1464 5448/35/1464 5452/35/1464 5450/35/1464
f 5161/35/1465 5160/35/1465 5469/35/1465 5471/35/1465
f 5435/35/1466 5434/35/1466 5480/35/1466 5478/35/1466
f 5448/35/1467 5447/35/1467 5454/35/1467 5452/35/1467
f 5162/35/1468 5161/35/1468 5471/35/1468 5473/35/1468
f 5434/35/1469 5432/35/1469 5482/35/1469 5480/35/1469
f 5447/35/1470 5446/35/1470 5456/35/1470 5454/35/1470
f 5163/35/1471 5162/35/1471 5473/35/1471 5475/35/1471
f 5432/35/1472 5168/35/1472 5485/35/1472 5482/35/1472
f 5446/35/1473 5445/35/1473 5458/35/1473 5456/35/1473
f 5164/35/1474 5163/35/1474 5475/35/1474 5477/35/1474
f 5151/35/1475 5150/35/1475 5484/35/1475 5451/35/1475
f 5445/35/1476 5444/35/1476 5460/35/1476 5458/35/1476
f 4947/36/1374 4948/36/1374 5200/36/1374 5199/36/1374
f 4940/36/1367 4941/36/1367 5193/36/1367 5192/36/1367
f 4948/36/1375 4949/36/1375 5201/36/1375 5200/36/1375
f 4941/36/1368 4942/36/1368 5194/36/1368 5193/36/1368
f 4934/36/1361 4935/36/1361 5187/36/1361 5186/36/1361
f 4949/36/1376 4950/36/1376 5202/36/1376 5201/36/1376
f 4942/36/1369 4943/36/1369 5195/36/1369 5194/36/1369
f 4935/36/1362 4936/36/1362 5188/36/1362 5187/36/1362
f 4950/36/1378 4951/36/1378 5203/36/1378 5202/36/1378
f 4943/36/1370 4944/36/1370 5196/36/1370 5195/36/1370
f 4936/36/1477 4937/36/1477 5189/36/1477 5188/36/1477
f 4951/36/1379 4934/36/1379 5186/36/1379 5203/36/1379
f 4944/36/1371 4945/36/1371 5197/36/1371 5196/36/1371
f 4937/36/1364 4938/36/1364 5190/36/1364 5189/36/1364
f 4945/36/1372 4946/36/1372 5198/36/1372 5197/36/1372
f 4938/36/1365 4939/36/1365 5191/36/1365 5190/36/1365
f 4946/36/1373 4947/36/1373 5199/36/1373 5198/36/1373
f 4939/36/1366 4940/36/1366 5192/36/1366 5191/36/1366
f 5192/30/1478 5193/30/1478 5211/30/1478 5210/30/1478
f 5200/30/1479 5201/30/1479 5219/30/1479 5218/30/1479
f 5193/30/1480 5194/30/1480 5212/30/1480 5211/30/1480
f 5186/30/1481 5187/30/1481 5205/30/1481 5204/30/1481
f 5201/30/1482 5202/30/1482 5220/30/1482 5219/30/1482
f 5194/30/1483 5195/30/1483 5213/30/1483 5212/30/1483
f 5187/30/1484 5188/30/1484 5206/30/1484 5205/30/1484
f 5202/30/1485 5203/30/1485 5221/30/1485 5220/30/1485
f 5195/30/1486 5196/30/1486 5214/30/1486 5213/30/1486
f 5188/30/1487 5189/30/1487 5207/30/1487 5206/30/1487
f 5203/30/1488 5186/30/1488 5204/30/1488 5221/30/1488
f 5196/30/1489 5197/30/1489 5215/30/1489 5214/30/1489
f 5189/30/1490 5190/30/1490 5208/30/1490 5207/30/1490
f 5197/30/1491 5198/30/1491 5216/30/1491 5215/30/1491
f 5190/30/1492 5191/30/1492 5209/30/1492 5208/30/1492
f 5198/30/1493 5199/30/1493 5217/30/1493 5216/30/1493
f 5191/30/1494 5192/30/1494 5210/30/1494 5209/30/1494
f 5199/30/1495 5200/30/1495 5218/30/1495 5217/30/1495
f 5211/37/1368 5212/37/1368 5248/37/1368 5247/37/1368
f 5204/37/1361 5205/37/1361 5241/37/1361 5240/37/1361
f 5219/37/1376 5220/37/1376 5256/37/1376 5255/37/1376
f 5208/30/1496 5244/30/1496 5283/30/1496 5277/30/1496
f 5205/37/1362 5206/37/1362 5242/37/1362 5241/37/1362
f 5256/30/1497 5220/30/1497 5280/30/1497 5286/30/1497
f 5213/37/1370 5214/37/1370 5250/37/1370 5249/37/1370
f 5206/37/1363 5207/37/1363 5243/37/1363 5242/37/1363
f 5221/37/1379 5204/37/1379 5240/37/1379 5257/37/1379
f 5214/37/1371 5215/37/1371 5251/37/1371 5250/37/1371
f 5212/30/1498 5213/30/1498 5279/30/1498 5278/30/1498
f 5215/37/1499 5216/37/1499 5252/37/1499 5251/37/1499
f 5208/37/1365 5209/37/1365 5245/37/1365 5244/37/1365
f 5216/37/1373 5217/37/1373 5253/37/1373 5252/37/1373
f 5209/37/1366 5210/37/1366 5246/37/1366 5245/37/1366
f 5217/37/1374 5218/37/1374 5254/37/1374 5253/37/1374
f 5210/37/1367 5211/37/1367 5247/37/1367 5246/37/1367
f 5218/37/1375 5219/37/1375 5255/37/1375 5254/37/1375
f 5238/38/1368 5239/39/1368 5275/39/1368 5274/38/1368
f 5236/39/1500 5235/39/1500 5319/39/1500 5320/39/1500
f 5248/30/1501 5249/30/1501 5297/30/1501 5296/30/1501
f 5235/39/1502 5234/40/1502 5318/40/1502 5319/39/1502
f 5247/30/1503 5248/30/1503 5296/30/1503 5295/30/1503
f 5234/40/1504 5233/38/1504 5317/38/1504 5318/40/1504
f 5246/30/1505 5247/30/1505 5295/30/1505 5294/30/1505
f 5233/38/1506 5232/40/1506 5316/40/1506 5317/38/1506
f 5245/30/1507 5246/30/1507 5294/30/1507 5293/30/1507
f 5232/40/1508 5231/38/1508 5315/38/1508 5316/40/1508
f 5244/30/1509 5245/30/1509 5293/30/1509 5292/30/1509
f 5231/38/1510 5230/38/1510 5314/38/1510 5315/38/1510
f 5257/30/1511 5240/30/1511 5288/30/1511 5305/30/1511
f 5243/30/1512 5244/30/1512 5292/30/1512 5291/30/1512
f 5230/38/1513 5229/41/1513 5313/41/1513 5314/38/1513
f 5256/30/1514 5257/30/1514 5305/30/1514 5304/30/1514
f 5242/30/1515 5243/30/1515 5291/30/1515 5290/30/1515
f 5229/41/1516 5228/40/1516 5312/40/1516 5313/41/1516
f 5255/30/1517 5256/30/1517 5304/30/1517 5303/30/1517
f 5258/40/1518 5259/39/1518 5260/41/1518 5261/38/1518 5262/41/1518 5263/38/1518 5264/40/1518 5265/41/1518 5266/38/1518 5267/38/1518 5268/40/1518 5269/38/1518 5270/40/1518 5271/39/1518 5272/39/1518 5273/39/1518 5274/38/1518 5275/39/1518
f 5231/38/1361 5232/40/1361 5268/40/1361 5267/38/1361
f 5224/41/1372 5225/38/1372 5261/38/1372 5260/41/1372
f 5239/39/1369 5222/40/1369 5258/40/1369 5275/39/1369
f 5232/40/1362 5233/38/1362 5269/38/1362 5268/40/1362
f 5225/38/1373 5226/41/1373 5262/41/1373 5261/38/1373
f 5233/38/1363 5234/40/1363 5270/40/1363 5269/38/1363
f 5226/41/1374 5227/38/1374 5263/38/1374 5262/41/1374
f 5234/40/1364 5235/39/1364 5271/39/1364 5270/40/1364
f 5227/38/1375 5228/40/1375 5264/40/1375 5263/38/1375
f 5235/39/1365 5236/39/1365 5272/39/1365 5271/39/1365
f 5228/40/1376 5229/41/1376 5265/41/1376 5264/40/1376
f 5236/39/1366 5237/39/1366 5273/39/1366 5272/39/1366
f 5229/41/1378 5230/38/1378 5266/38/1378 5265/41/1378
f 5222/40/1370 5223/39/1370 5259/39/1370 5258/40/1370
f 5237/39/1367 5238/38/1367 5274/38/1367 5273/39/1367
f 5230/38/1379 5231/38/1379 5267/38/1379 5266/38/1379
f 5223/39/1371 5224/41/1371 5260/41/1371 5259/39/1371
f 5278/30/1365 5279/30/1365 5285/30/1365 5284/30/1365
f 5280/30/1374 5281/30/1374 5287/30/1374 5286/30/1374
f 5276/30/1102 5277/30/1102 5283/30/1102 5282/30/1102
f 5244/30/1519 5243/30/1519 5282/30/1519 5283/30/1519
f 5213/30/1520 5249/30/1520 5285/30/1520 5279/30/1520
f 5220/30/1521 5221/30/1521 5281/30/1521 5280/30/1521
f 5243/30/1522 5207/30/1522 5276/30/1522 5282/30/1522
f 5207/30/1523 5208/30/1523 5277/30/1523 5276/30/1523
f 5249/30/1524 5248/30/1524 5284/30/1524 5285/30/1524
f 5248/30/1525 5212/30/1525 5278/30/1525 5284/30/1525
f 5221/30/1526 5257/30/1526 5287/30/1526 5281/30/1526
f 5257/30/1527 5256/30/1527 5286/30/1527 5287/30/1527
f 5307/32/1518 5306/30/1518 5288/30/1518 5289/30/1518
f 5308/42/1518 5307/32/1518 5289/30/1518 5290/30/1518
f 5309/30/1518 5308/42/1518 5290/30/1518 5291/30/1518
f 5310/42/1518 5309/30/1518 5291/30/1518 5292/30/1518
f 5311/30/1518 5310/42/1518 5292/30/1518 5293/30/1518
f 5312/30/1518 5311/30/1518 5293/30/1518 5294/30/1518
f 5313/42/1518 5312/30/1518 5294/30/1518 5295/30/1518
f 5314/30/1518 5313/42/1518 5295/30/1518 5296/30/1518
f 5315/30/1518 5314/30/1518 5296/30/1518 5297/30/1518
f 5316/30/1518 5315/30/1518 5297/30/1518 5298/30/1518
f 5317/30/1518 5316/30/1518 5298/30/1518 5299/30/1518
f 5318/30/1518 5317/30/1518 5299/30/1518 5300/30/1518
f 5319/32/1518 5318/30/1518 5300/30/1518 5301/30/1518
f 5320/32/1518 5319/32/1518 5301/30/1518 5302/30/1518
f 5321/32/1518 5320/32/1518 5302/30/1518 5303/30/1518
f 5322/43/1518 5321/32/1518 5303/30/1518 5304/30/1518
f 5323/32/1518 5322/43/1518 5304/30/1518 5305/30/1518
f 5306/30/1518 5323/32/1518 5305/30/1518 5288/30/1518
f 5249/30/1528 5250/30/1528 5298/30/1528 5297/30/1528
f 5223/39/1529 5222/40/1529 5306/40/1529 5307/39/1529
f 5237/39/1530 5236/39/1530 5320/39/1530 5321/39/1530
f 5250/30/1531 5251/30/1531 5299/30/1531 5298/30/1531
f 5224/41/1532 5223/39/1532 5307/39/1532 5308/41/1532
f 5238/38/1533 5237/39/1533 5321/39/1533 5322/38/1533
f 5251/30/1534 5252/30/1534 5300/30/1534 5299/30/1534
f 5225/38/1535 5224/41/1535 5308/41/1535 5309/38/1535
f 5239/39/1536 5238/38/1536 5322/38/1536 5323/39/1536
f 5252/30/1537 5253/30/1537 5301/30/1537 5300/30/1537
f 5226/41/1538 5225/38/1538 5309/38/1538 5310/41/1538
f 5222/40/1539 5239/39/1539 5323/39/1539 5306/40/1539
f 5253/30/1540 5254/30/1540 5302/30/1540 5301/30/1540
f 5227/38/1541 5226/41/1541 5310/41/1541 5311/38/1541
f 5240/30/1542 5241/30/1542 5289/30/1542 5288/30/1542
f 5254/30/1543 5255/30/1543 5303/30/1543 5302/30/1543
f 5228/40/1544 5227/38/1544 5311/38/1544 5312/40/1544
f 5241/30/1545 5242/30/1545 5290/30/1545 5289/30/1545
f 4956/44/1372 4957/44/1372 5398/45/1372 5334/45/1372
f 5334/32/1499 5398/32/1499 5397/32/1499 5335/32/1499
f 5335/45/1499 5397/45/1499 5396/44/1499 5336/45/1499
f 5336/32/1372 5396/30/1372 5395/30/1372 5337/32/1372
f 5337/45/1499 5395/44/1499 5394/45/1499 5338/45/1499
f 4967/44/1546 4962/44/1546 5413/45/1546 5399/45/1546
f 5399/32/1369 5413/32/1369 5412/32/1369 5400/30/1369
f 5400/44/1546 5412/46/1546 5411/47/1546 5401/44/1546
f 5401/30/1369 5411/30/1369 5410/30/1369 5402/32/1369
f 5402/48/1369 5410/47/1369 5409/45/1369 5403/45/1369
f 4958/44/1378 4959/44/1378 5388/45/1378 5354/45/1378
f 5354/32/1378 5388/32/1378 5387/32/1378 5355/30/1378
f 5355/44/1378 5387/45/1378 5386/45/1378 5356/44/1378
f 5356/30/1378 5386/32/1378 5385/32/1378 5357/32/1378
f 5357/49/1378 5385/45/1378 5384/45/1378 5358/45/1378
f 4969/44/1374 4964/44/1374 5408/45/1374 5389/45/1374
f 5389/32/1374 5408/32/1374 5407/32/1374 5390/32/1374
f 5390/45/1374 5407/46/1374 5406/47/1374 5391/45/1374
f 5391/32/1374 5406/30/1374 5405/30/1374 5392/32/1374
f 5392/45/1374 5405/47/1374 5404/45/1374 5393/45/1374
f 4960/44/1365 4961/44/1365 5328/50/1365 5374/45/1365
f 5374/32/1365 5328/30/1365 5327/32/1365 5375/32/1365
f 5375/45/1365 5327/45/1365 5326/51/1365 5376/45/1365
f 5376/32/1365 5326/30/1365 5325/30/1365 5377/32/1365
f 5377/48/1365 5325/51/1365 5324/46/1365 5378/47/1365
f 4962/44/1547 4963/44/1547 5333/45/1547 5413/45/1547
f 5413/32/1370 5333/32/1370 5332/32/1370 5412/32/1370
f 5412/46/1547 5332/45/1547 5331/45/1547 5411/47/1547
f 5411/30/1370 5331/32/1370 5330/32/1370 5410/30/1370
f 5410/47/1370 5330/45/1370 5329/45/1370 5409/45/1370
f 4964/44/1375 4965/44/1375 5353/48/1375 5408/45/1375
f 5408/32/1375 5353/32/1375 5352/32/1375 5407/32/1375
f 5407/46/1375 5352/45/1375 5351/45/1375 5406/47/1375
f 5406/30/1375 5351/32/1375 5350/32/1375 5405/30/1375
f 5405/47/1375 5350/45/1375 5349/45/1375 5404/45/1375
f 4953/44/1363 4966/44/1363 5373/45/1363 5344/45/1363
f 5344/32/1363 5373/32/1363 5372/32/1363 5345/32/1363
f 5345/45/1477 5372/45/1477 5371/45/1477 5346/45/1477
f 5346/32/1477 5371/32/1477 5370/32/1477 5347/32/1477
f 5347/48/1363 5370/45/1363 5369/45/1363 5348/46/1363
f 4966/44/1364 4960/44/1364 5374/45/1364 5373/45/1364
f 5373/32/1364 5374/32/1364 5375/32/1364 5372/32/1364
f 5372/45/1364 5375/45/1364 5376/45/1364 5371/45/1364
f 5371/32/1364 5376/32/1364 5377/32/1364 5370/32/1364
f 5370/45/1364 5377/48/1364 5378/47/1364 5369/45/1364
f 4954/44/1367 4955/44/1367 5364/48/1367 5363/45/1367
f 5363/32/1548 5364/32/1548 5365/30/1548 5362/32/1548
f 5362/45/1367 5365/47/1367 5366/47/1367 5361/51/1367
f 5361/30/1367 5366/30/1367 5367/32/1367 5360/30/1367
f 5360/51/1367 5367/45/1367 5368/47/1367 5359/45/1367
f 4965/44/1549 4958/44/1549 5354/45/1549 5353/48/1549
f 5353/32/1376 5354/32/1376 5355/30/1376 5352/32/1376
f 5352/45/1376 5355/44/1376 5356/44/1376 5351/45/1376
f 5351/32/1376 5356/30/1376 5357/32/1376 5350/32/1376
f 5350/45/1376 5357/49/1376 5358/45/1376 5349/45/1376
f 4952/44/1362 4953/44/1362 5344/45/1362 5343/45/1362
f 5343/32/1362 5344/32/1362 5345/32/1362 5342/32/1362
f 5342/45/1362 5345/45/1362 5346/45/1362 5341/44/1362
f 5341/30/1362 5346/32/1362 5347/32/1362 5340/30/1362
f 5340/44/1362 5347/48/1362 5348/46/1362 5339/45/1362
f 4963/44/1371 4956/44/1371 5334/45/1371 5333/45/1371
f 5333/32/1371 5334/32/1371 5335/32/1371 5332/32/1371
f 5332/45/1371 5335/45/1371 5336/45/1371 5331/45/1371
f 5331/32/1371 5336/32/1371 5337/32/1371 5330/32/1371
f 5330/45/1371 5337/45/1371 5338/45/1371 5329/45/1371
f 4961/44/1366 4954/44/1366 5363/45/1366 5328/50/1366
f 5328/30/1366 5363/32/1366 5362/32/1366 5327/32/1366
f 5327/45/1366 5362/45/1366 5361/51/1366 5326/51/1366
f 5326/30/1366 5361/30/1366 5360/30/1366 5325/30/1366
f 5325/51/1366 5360/51/1366 5359/45/1366 5324/46/1366
f 4959/44/1379 4968/44/1379 5379/45/1379 5388/45/1379
f 5388/32/1379 5379/32/1379 5380/30/1379 5387/32/1379
f 5387/45/1550 5380/51/1550 5381/51/1550 5386/45/1550
f 5386/32/1379 5381/30/1379 5382/30/1379 5385/32/1379
f 5385/45/1379 5382/50/1379 5383/45/1379 5384/45/1379
f 4957/44/1373 4969/44/1373 5389/45/1373 5398/45/1373
f 5398/32/1373 5389/32/1373 5390/32/1373 5397/32/1373
f 5397/45/1373 5390/45/1373 5391/45/1373 5396/44/1373
f 5396/30/1373 5391/32/1373 5392/32/1373 5395/30/1373
f 5395/44/1373 5392/45/1373 5393/45/1373 5394/45/1373
f 4968/44/1361 4952/44/1361 5343/45/1361 5379/45/1361
f 5379/32/1551 5343/32/1551 5342/32/1551 5380/30/1551
f 5380/51/1361 5342/45/1361 5341/44/1361 5381/51/1361
f 5381/30/1361 5341/30/1361 5340/30/1361 5382/30/1361
f 5382/50/1361 5340/44/1361 5339/45/1361 5383/45/1361
f 4955/44/1368 4967/44/1368 5399/45/1368 5364/48/1368
f 5364/32/1368 5399/32/1368 5400/30/1368 5365/30/1368
f 5365/47/1368 5400/44/1368 5401/44/1368 5366/47/1368
f 5366/30/1368 5401/30/1368 5402/32/1368 5367/32/1368
f 5367/45/1368 5402/48/1368 5403/45/1368 5368/47/1368
f 5167/52/1550 5150/53/1550 5415/53/1550 5414/53/1550
f 5166/53/1378 5167/52/1378 5414/53/1378 5416/53/1378
f 5165/53/1376 5166/53/1376 5416/53/1376 5417/53/1376
f 5164/53/1375 5165/53/1375 5417/53/1375 5418/53/1375
f 5163/53/1374 5164/53/1374 5418/53/1374 5419/53/1374
f 5162/53/1373 5163/53/1373 5419/53/1373 5420/53/1373
f 5161/53/1372 5162/53/1372 5420/53/1372 5421/53/1372
f 5160/52/1371 5161/53/1371 5421/53/1371 5422/53/1371
f 5159/53/1370 5160/52/1370 5422/53/1370 5423/53/1370
f 5158/52/1369 5159/53/1369 5423/53/1369 5424/53/1369
f 5157/53/1368 5158/52/1368 5424/53/1368 5425/53/1368
f 5156/53/1367 5157/53/1367 5425/53/1367 5426/53/1367
f 5155/53/1366 5156/53/1366 5426/53/1366 5427/53/1366
f 5154/53/1365 5155/53/1365 5427/53/1365 5428/53/1365
f 5153/52/1364 5154/53/1364 5428/53/1364 5429/53/1364
f 5152/53/1477 5153/52/1477 5429/53/1477 5430/53/1477
f 5151/52/1362 5152/53/1362 5430/53/1362 5431/53/1362
f 5150/53/1361 5151/52/1361 5431/53/1361 5415/53/1361
f 5168/52/1379 5432/52/1379 5185/53/1379 5433/53/1379
f 5432/52/1378 5434/53/1378 5184/53/1378 5185/53/1378
f 5434/53/1376 5435/53/1376 5183/53/1376 5184/53/1376
f 5435/53/1375 5436/53/1375 5182/53/1375 5183/53/1375
f 5436/53/1374 5437/53/1374 5181/53/1374 5182/53/1374
f 5437/53/1373 5438/53/1373 5180/53/1373 5181/53/1373
f 5438/53/1372 5439/53/1372 5179/53/1372 5180/53/1372
f 5439/53/1371 5440/52/1371 5178/53/1371 5179/53/1371
f 5440/52/1370 5441/53/1370 5177/53/1370 5178/53/1370
f 5441/53/1369 5442/52/1369 5176/53/1369 5177/53/1369
f 5442/52/1368 5443/53/1368 5175/53/1368 5176/53/1368
f 5443/53/1367 5444/53/1367 5174/53/1367 5175/53/1367
f 5444/53/1366 5445/53/1366 5173/53/1366 5174/53/1366
f 5445/53/1365 5446/53/1365 5172/53/1365 5173/53/1365
f 5446/53/1364 5447/52/1364 5171/53/1364 5172/53/1364
f 5447/52/1363 5448/53/1363 5170/53/1363 5171/53/1363
f 5448/53/1362 5449/52/1362 5169/53/1362 5170/53/1362
f 5449/52/1361 5168/52/1361 5433/53/1361 5169/53/1361
f 5483/35/1550 5482/35/1550 5485/35/1550 5484/35/1550
f 5481/35/1378 5480/35/1378 5482/35/1378 5483/35/1378
f 5479/35/1376 5478/35/1376 5480/35/1376 5481/35/1376
f 5477/35/1375 5476/35/1375 5478/35/1375 5479/35/1375
f 5475/35/1374 5474/35/1374 5476/35/1374 5477/35/1374
f 5473/35/1373 5472/35/1373 5474/35/1373 5475/35/1373
f 5471/35/1372 5470/35/1372 5472/35/1372 5473/35/1372
f 5469/35/1371 5468/35/1371 5470/35/1371 5471/35/1371
f 5467/35/1370 5466/35/1370 5468/35/1370 5469/35/1370
f 5465/35/1546 5464/35/1546 5466/35/1546 5467/35/1546
f 5463/35/1368 5462/35/1368 5464/35/1368 5465/35/1368
f 5461/35/1367 5460/35/1367 5462/35/1367 5463/35/1367
f 5459/35/1366 5458/35/1366 5460/35/1366 5461/35/1366
f 5457/35/1365 5456/35/1365 5458/35/1365 5459/35/1365
f 5455/35/1364 5454/35/1364 5456/35/1364 5457/35/1364
f 5453/35/1477 5452/35/1477 5454/35/1477 5455/35/1477
f 5451/35/1362 5450/35/1362 5452/35/1362 5453/35/1362
f 5484/35/1361 5485/35/1361 5450/35/1361 5451/35/1361
f 5438/35/1552 5437/35/1552 5474/35/1552 5472/35/1552
f 5158/35/1553 5157/35/1553 5463/35/1553 5465/35/1553
f 5439/35/1554 5438/35/1554 5472/35/1554 5470/35/1554
f 5157/35/1555 5156/35/1555 5461/35/1555 5463/35/1555
f 5440/35/1556 5439/35/1556 5470/35/1556 5468/35/1556
f 5156/35/1557 5155/35/1557 5459/35/1557 5461/35/1557
f 5441/35/1558 5440/35/1558 5468/35/1558 5466/35/1558
f 5155/35/1559 5154/35/1559 5457/35/1559 5459/35/1559
f 5150/35/1560 5167/35/1560 5483/35/1560 5484/35/1560
f 5442/35/1561 5441/35/1561 5466/35/1561 5464/35/1561
f 5154/35/1562 5153/35/1562 5455/35/1562 5457/35/1562
f 5167/35/1563 5166/35/1563 5481/35/1563 5483/35/1563
f 5443/35/1564 5442/35/1564 5464/35/1564 5462/35/1564
f 5153/35/1565 5152/35/1565 5453/35/1565 5455/35/1565
f 5166/35/1566 5165/35/1566 5479/35/1566 5481/35/1566
f 5444/35/1567 5443/35/1567 5462/35/1567 5460/35/1567
f 5152/35/1568 5151/35/1568 5451/35/1568 5453/35/1568
f 5165/35/1569 5164/35/1569 5477/35/1569 5479/35/1569
f 6039/30/1570 5487/30/1570 5489/30/1570 5775/30/1570
f 5775/30/1571 5489/30/1571 5491/30/1571 5776/30/1571
f 5776/30/1572 5491/30/1572 5493/30/1572 5777/30/1572
f 5777/30/1573 5493/30/1573 5495/30/1573 5778/30/1573
f 5778/30/1574 5495/30/1574 5497/30/1574 5779/30/1574
f 5779/30/1575 5497/30/1575 5499/30/1575 5780/30/1575
f 5780/30/1576 5499/30/1576 5501/30/1576 5781/30/1576
f 5781/30/1577 5501/30/1577 5503/30/1577 5782/30/1577
f 5782/30/1578 5503/30/1578 5505/30/1578 5783/30/1578
f 5783/30/1579 5505/30/1579 5507/30/1579 5784/30/1579
f 5784/30/1580 5507/30/1580 5509/30/1580 5785/30/1580
f 5785/30/1581 5509/30/1581 5511/30/1581 5786/30/1581
f 5786/30/1582 5511/30/1582 5513/30/1582 5787/30/1582
f 5787/30/1583 5513/30/1583 5515/30/1583 5788/30/1583
f 5788/30/1584 5515/30/1584 5517/30/1584 5789/30/1584
f 5789/30/1585 5517/30/1585 5519/30/1585 5790/30/1585
f 5559/31/1586 5558/31/1586 5522/31/1586 5524/31/1586
f 5790/30/1587 5519/30/1587 5521/30/1587 5791/30/1587
f 5791/30/1588 5521/30/1588 5487/30/1588 6039/30/1588
f 5494/30/1589 5496/30/1589 5545/30/1589 5544/30/1589
f 5522/30/93 5523/30/93 5539/30/93 5538/30/93 5537/30/93 5536/30/93 5535/30/93 5534/30/93 5533/30/93 5532/30/93 5531/30/93 5530/30/93 5529/30/93 5528/30/93 5527/30/93 5526/30/93 5525/30/93 5524/30/93
f 5561/31/1590 5560/31/1590 5528/31/1590 5529/31/1590
f 5563/31/1591 5562/31/1591 5533/31/1591 5534/31/1591
f 5565/31/1592 5564/31/1592 5538/31/1592 5539/31/1592
f 5567/31/1593 5566/31/1593 5526/31/1593 5527/31/1593
f 5569/31/1594 5568/31/1594 5531/31/1594 5532/31/1594
f 5571/31/1595 5570/31/1595 5536/31/1595 5537/31/1595
f 5572/31/1596 5559/31/1596 5524/31/1596 5525/31/1596
f 5573/31/1597 5561/31/1597 5529/31/1597 5530/31/1597
f 5558/31/1598 5574/31/1598 5523/31/1598 5522/31/1598
f 5575/31/1599 5563/31/1599 5534/31/1599 5535/31/1599
f 5574/31/1600 5565/31/1600 5539/31/1600 5523/31/1600
f 5560/31/1601 5567/31/1601 5527/31/1601 5528/31/1601
f 5562/31/1602 5569/31/1602 5532/31/1602 5533/31/1602
f 5564/31/1603 5571/31/1603 5537/31/1603 5538/31/1603
f 5566/31/1604 5572/31/1604 5525/31/1604 5526/31/1604
f 5568/31/1605 5573/31/1605 5530/31/1605 5531/31/1605
f 5570/31/1606 5575/31/1606 5535/31/1606 5536/31/1606
f 5504/30/1607 5506/30/1607 5550/30/1607 5549/30/1607
f 5514/30/1608 5516/30/1608 5555/30/1608 5554/30/1608
f 5490/30/1609 5492/30/1609 5543/30/1609 5542/30/1609
f 5500/30/1610 5502/30/1610 5548/30/1610 5547/30/1610
f 5486/30/1611 5488/30/1611 5541/30/1611 5540/30/1611
f 5510/30/1612 5512/30/1612 5553/30/1612 5552/30/1612
f 5520/30/1613 5486/30/1613 5540/30/1613 5557/30/1613
f 5496/30/1614 5498/30/1614 5546/30/1614 5545/30/1614
f 5506/30/1615 5508/30/1615 5551/30/1615 5550/30/1615
f 5516/30/1616 5518/30/1616 5556/30/1616 5555/30/1616
f 5492/30/1617 5494/30/1617 5544/30/1617 5543/30/1617
f 5502/30/1618 5504/30/1618 5549/30/1618 5548/30/1618
f 5512/30/1619 5514/30/1619 5554/30/1619 5553/30/1619
f 5488/30/1620 5490/30/1620 5542/30/1620 5541/30/1620
f 5498/30/1621 5500/30/1621 5547/30/1621 5546/30/1621
f 5508/30/1622 5510/30/1622 5552/30/1622 5551/30/1622
f 5518/30/1623 5520/30/1623 5557/30/1623 5556/30/1623
f 5576/30/93 5586/30/93 5594/30/93 5620/30/93
f 5974/30/1577 6009/32/1577 5611/30/1577 5618/30/1577
f 5588/30/1624 5581/30/1624 5625/30/1624 5598/30/1624
f 5989/32/1625 5945/32/1625 5595/30/1625 5609/30/1625
f 5587/30/93 5580/30/93 5624/30/93 5596/30/93
f 6000/32/1582 5999/32/1582 5610/30/1582 5617/30/1582
f 5593/30/93 5579/30/93 5623/30/93 5608/30/93
f 5990/32/1588 5989/32/1588 5609/30/1588 5616/30/1588
f 5585/30/93 5578/30/93 5622/30/93 5629/30/93
f 5930/32/1626 5965/32/1626 5597/30/1626 5615/30/1626
f 5586/30/93 5593/30/93 5608/30/93 5594/30/93
f 5935/32/1580 5944/32/1580 5599/30/1580 5614/30/1580
f 5584/30/93 5577/30/93 5621/30/93 5628/30/93
f 5945/32/1627 5954/32/1627 5619/30/1627 5595/30/1627
f 5955/32/1628 5964/32/1628 5601/30/1628 5613/30/1628
f 5583/30/93 5576/30/93 5620/30/93 5627/30/93
f 5965/32/1576 5974/30/1576 5618/30/1576 5597/30/1576
f 5975/32/1573 5984/30/1573 5603/30/1573 5612/30/1573
f 5666/30/1629 5698/30/1629 5586/30/1629 5576/30/1629
f 5669/30/1590 5701/30/1590 5587/30/1590 5577/30/1590
f 5672/30/1591 5704/30/1591 5588/30/1591 5578/30/1591
f 5675/30/1592 5707/30/1592 5589/30/1592 5579/30/1592
f 5678/30/1593 5710/30/1593 5590/30/1593 5580/30/1593
f 5681/30/1594 5713/30/1594 5591/30/1594 5581/30/1594
f 5684/30/1595 5716/30/1595 5592/30/1595 5582/30/1595
f 5687/30/1596 5666/30/1596 5576/30/1596 5583/30/1596
f 5690/30/1597 5669/30/1597 5577/30/1597 5584/30/1597
f 5698/30/1598 5719/30/1598 5593/30/1598 5586/30/1598
f 5693/30/1599 5672/30/1599 5578/30/1599 5585/30/1599
f 5719/30/1600 5675/30/1600 5579/30/1600 5593/30/1600
f 5701/30/1601 5678/30/1601 5580/30/1601 5587/30/1601
f 5704/30/1630 5681/30/1630 5581/30/1630 5588/30/1630
f 5707/30/1603 5684/30/1603 5582/30/1603 5589/30/1603
f 5710/30/1604 5687/30/1604 5583/30/1604 5590/30/1604
f 5713/30/1605 5690/30/1605 5584/30/1605 5591/30/1605
f 5716/30/1606 5693/30/1606 5585/30/1606 5592/30/1606
f 5605/31/1631 5614/31/1631 5650/31/1631 5641/31/1631
f 5629/30/1632 5622/30/1632 5658/30/1632 5665/30/1632
f 5607/31/1633 5613/31/1633 5649/31/1633 5643/31/1633
f 5594/30/1634 5608/30/1634 5644/30/1634 5630/30/1634
f 5619/31/1635 5612/31/1635 5648/31/1635 5655/31/1635
f 5628/30/1636 5621/30/1636 5657/30/1636 5664/30/1636
f 5618/31/1637 5611/31/1637 5647/31/1637 5654/31/1637
f 5627/30/1638 5620/30/1638 5656/30/1638 5663/30/1638
f 5609/31/1639 5595/31/1639 5631/31/1639 5645/31/1639
f 5626/30/1640 5606/30/1640 5642/30/1640 5662/30/1640
f 5617/31/1641 5610/31/1641 5646/31/1641 5653/31/1641
f 5625/30/1642 5604/30/1642 5640/30/1642 5661/30/1642
f 5616/31/1643 5609/31/1643 5645/31/1643 5652/31/1643
f 5624/30/1644 5602/30/1644 5638/30/1644 5660/30/1644
f 5615/31/1645 5597/31/1645 5633/31/1645 5651/31/1645
f 5606/30/1646 5629/30/1646 5665/30/1646 5642/30/1646
f 5623/30/1647 5600/30/1647 5636/30/1647 5659/30/1647
f 5614/31/1648 5599/31/1648 5635/31/1648 5650/31/1648
f 5589/30/32 5582/30/32 5626/30/32 5600/30/32
f 5954/32/1572 5975/32/1572 5612/30/1572 5619/30/1572
f 5577/30/93 5587/30/93 5596/30/93 5621/30/93
f 5590/30/93 5583/30/93 5627/30/93 5602/30/93
f 6010/32/1584 5955/32/1584 5613/30/1584 5607/30/1584
f 5578/30/93 5588/30/93 5598/30/93 5622/30/93
f 5591/30/93 5584/30/93 5628/30/93 5604/30/93
f 6015/32/1649 5935/32/1649 5614/30/1649 5605/30/1649
f 5579/30/93 5589/30/93 5600/30/93 5623/30/93
f 5592/30/93 5585/30/93 5629/30/93 5606/30/93
f 5984/30/1574 5930/32/1574 5615/30/1574 5603/30/1574
f 5580/30/93 5590/30/93 5602/30/93 5624/30/93
f 5999/32/1583 6010/32/1583 5607/30/1583 5610/30/1583
f 5964/32/1587 5990/32/1587 5616/30/1587 5601/30/1587
f 5581/30/572 5591/30/572 5604/30/572 5625/30/572
f 6009/32/1650 6015/32/1650 5605/30/1650 5611/30/1650
f 5944/32/1581 6000/32/1581 5617/30/1581 5599/30/1581
f 5582/30/577 5592/30/577 5606/30/577 5626/30/577
f 5642/33/1651 5665/33/1651 5646/33/1651 5643/33/1651
f 5640/33/1605 5664/33/1605 5647/33/1605 5641/33/1605
f 5638/33/1604 5663/33/1604 5648/33/1604 5639/33/1604
f 5636/33/1603 5662/33/1603 5649/33/1603 5637/33/1603
f 5634/33/1602 5661/33/1602 5650/33/1602 5635/33/1602
f 5632/33/1601 5660/33/1601 5651/33/1601 5633/33/1601
f 5644/33/1600 5659/33/1600 5652/33/1600 5645/33/1600
f 5665/33/1599 5658/33/1599 5653/33/1599 5646/33/1599
f 5630/33/1598 5644/33/1598 5645/33/1598 5631/33/1598
f 5664/33/1597 5657/33/1597 5654/33/1597 5647/33/1597
f 5663/33/1596 5656/33/1596 5655/33/1596 5648/33/1596
f 5662/33/1652 5642/33/1652 5643/33/1652 5649/33/1652
f 5661/33/1594 5640/33/1594 5641/33/1594 5650/33/1594
f 5660/33/1593 5638/33/1593 5639/33/1593 5651/33/1593
f 5659/33/1592 5636/33/1592 5637/33/1592 5652/33/1592
f 5658/33/1591 5634/33/1591 5635/33/1591 5653/33/1591
f 5657/33/1590 5632/33/1590 5633/33/1590 5654/33/1590
f 5656/33/1629 5630/33/1629 5631/33/1629 5655/33/1629
f 5608/30/1653 5623/30/1653 5659/30/1653 5644/30/1653
f 5603/31/1654 5615/31/1654 5651/31/1654 5639/31/1654
f 5596/30/1655 5624/30/1655 5660/30/1655 5632/30/1655
f 5610/31/1656 5607/31/1656 5643/31/1656 5646/31/1656
f 5601/31/1657 5616/31/1657 5652/31/1657 5637/31/1657
f 5598/30/1658 5625/30/1658 5661/30/1658 5634/30/1658
f 5611/31/1659 5605/31/1659 5641/31/1659 5647/31/1659
f 5620/30/1660 5594/30/1660 5630/30/1660 5656/30/1660
f 5599/31/1661 5617/31/1661 5653/31/1661 5635/31/1661
f 5600/30/1662 5626/30/1662 5662/30/1662 5636/30/1662
f 5612/31/1663 5603/31/1663 5639/31/1663 5648/31/1663
f 5621/30/1664 5596/30/1664 5632/30/1664 5657/30/1664
f 5597/31/1665 5618/31/1665 5654/31/1665 5633/31/1665
f 5602/30/1666 5627/30/1666 5663/30/1666 5638/30/1666
f 5613/31/1667 5601/31/1667 5637/31/1667 5649/31/1667
f 5622/30/1668 5598/30/1668 5634/30/1668 5658/30/1668
f 5595/31/1669 5619/31/1669 5655/31/1669 5631/31/1669
f 5604/30/1670 5628/30/1670 5664/30/1670 5640/30/1670
f 5515/30/1606 5513/30/1606 5695/30/1606 5714/30/1606
f 5736/30/1651 5729/30/1651 5694/30/1651 5715/30/1651
f 5754/30/1651 5747/30/1651 5693/30/1651 5716/30/1651
f 5505/30/1605 5503/30/1605 5692/30/1605 5711/30/1605
f 5735/30/1605 5728/30/1605 5691/30/1605 5712/30/1605
f 5753/30/1605 5746/30/1605 5690/30/1605 5713/30/1605
f 5495/30/1604 5493/30/1604 5689/30/1604 5708/30/1604
f 5734/30/1604 5727/30/1604 5688/30/1604 5709/30/1604
f 5752/30/1604 5745/30/1604 5687/30/1604 5710/30/1604
f 5519/30/1603 5517/30/1603 5686/30/1603 5705/30/1603
f 5733/30/1603 5726/30/1603 5685/30/1603 5706/30/1603
f 5751/30/1603 5744/30/1603 5684/30/1603 5707/30/1603
f 5509/30/1630 5507/30/1630 5683/30/1630 5702/30/1630
f 5732/30/1630 5725/30/1630 5682/30/1630 5703/30/1630
f 5750/30/1602 5743/30/1602 5681/30/1602 5704/30/1602
f 5499/30/1601 5497/30/1601 5680/30/1601 5699/30/1601
f 5731/30/1601 5724/30/1601 5679/30/1601 5700/30/1601
f 5749/30/1601 5742/30/1601 5678/30/1601 5701/30/1601
f 5487/30/1600 5521/30/1600 5677/30/1600 5717/30/1600
f 5737/30/1600 5723/30/1600 5676/30/1600 5718/30/1600
f 5755/30/1600 5741/30/1600 5675/30/1600 5719/30/1600
f 5513/30/1599 5511/30/1599 5674/30/1599 5695/30/1599
f 5729/30/1599 5722/30/1599 5673/30/1599 5694/30/1599
f 5747/30/1599 5740/30/1599 5672/30/1599 5693/30/1599
f 5489/30/1598 5487/30/1598 5717/30/1598 5696/30/1598
f 5730/30/1598 5737/30/1598 5718/30/1598 5697/30/1598
f 5748/30/1598 5755/30/1598 5719/30/1598 5698/30/1598
f 5503/30/1597 5501/30/1597 5671/30/1597 5692/30/1597
f 5728/30/1597 5721/30/1597 5670/30/1597 5691/30/1597
f 5746/30/1597 5739/30/1597 5669/30/1597 5690/30/1597
f 5493/30/1596 5491/30/1596 5668/30/1596 5689/30/1596
f 5727/30/1596 5720/30/1596 5667/30/1596 5688/30/1596
f 5745/30/1596 5738/30/1596 5666/30/1596 5687/30/1596
f 5517/30/1652 5515/30/1652 5714/30/1652 5686/30/1652
f 5726/30/1595 5736/30/1595 5715/30/1595 5685/30/1595
f 5744/30/1595 5754/30/1595 5716/30/1595 5684/30/1595
f 5507/30/1594 5505/30/1594 5711/30/1594 5683/30/1594
f 5725/30/1594 5735/30/1594 5712/30/1594 5682/30/1594
f 5743/30/1594 5753/30/1594 5713/30/1594 5681/30/1594
f 5497/30/1593 5495/30/1593 5708/30/1593 5680/30/1593
f 5724/30/1593 5734/30/1593 5709/30/1593 5679/30/1593
f 5742/30/1593 5752/30/1593 5710/30/1593 5678/30/1593
f 5521/30/1592 5519/30/1592 5705/30/1592 5677/30/1592
f 5723/30/1592 5733/30/1592 5706/30/1592 5676/30/1592
f 5741/30/1592 5751/30/1592 5707/30/1592 5675/30/1592
f 5511/30/1591 5509/30/1591 5702/30/1591 5674/30/1591
f 5722/30/1591 5732/30/1591 5703/30/1591 5673/30/1591
f 5740/30/1591 5750/30/1591 5704/30/1591 5672/30/1591
f 5501/30/1590 5499/30/1590 5699/30/1590 5671/30/1590
f 5721/30/1590 5731/30/1590 5700/30/1590 5670/30/1590
f 5739/30/1590 5749/30/1590 5701/30/1590 5669/30/1590
f 5491/30/1629 5489/30/1629 5696/30/1629 5668/30/1629
f 5720/30/1629 5730/30/1629 5697/30/1629 5667/30/1629
f 5738/30/1629 5748/30/1629 5698/30/1629 5666/30/1629
f 5668/34/1629 5696/34/1629 5730/34/1629 5720/34/1629
f 5671/34/1590 5699/34/1590 5731/34/1590 5721/34/1590
f 5674/34/1591 5702/34/1591 5732/34/1591 5722/34/1591
f 5677/34/1592 5705/34/1592 5733/34/1592 5723/34/1592
f 5680/34/1593 5708/34/1593 5734/34/1593 5724/34/1593
f 5683/34/1594 5711/34/1594 5735/34/1594 5725/34/1594
f 5686/34/1595 5714/34/1595 5736/34/1595 5726/34/1595
f 5689/34/1596 5668/34/1596 5720/34/1596 5727/34/1596
f 5692/34/1597 5671/34/1597 5721/34/1597 5728/34/1597
f 5696/34/1598 5717/34/1598 5737/34/1598 5730/34/1598
f 5695/34/1599 5674/34/1599 5722/34/1599 5729/34/1599
f 5717/34/1600 5677/34/1600 5723/34/1600 5737/34/1600
f 5699/34/1601 5680/34/1601 5724/34/1601 5731/34/1601
f 5702/34/1602 5683/34/1602 5725/34/1602 5732/34/1602
f 5705/34/1603 5686/34/1603 5726/34/1603 5733/34/1603
f 5708/34/1671 5689/34/1671 5727/34/1671 5734/34/1671
f 5711/34/1605 5692/34/1605 5728/34/1605 5735/34/1605
f 5714/34/1606 5695/34/1606 5729/34/1606 5736/34/1606
f 5667/34/1629 5697/34/1629 5748/34/1629 5738/34/1629
f 5670/34/1672 5700/34/1672 5749/34/1672 5739/34/1672
f 5673/34/1591 5703/34/1591 5750/34/1591 5740/34/1591
f 5676/34/1592 5706/34/1592 5751/34/1592 5741/34/1592
f 5679/34/1593 5709/34/1593 5752/34/1593 5742/34/1593
f 5682/34/1594 5712/34/1594 5753/34/1594 5743/34/1594
f 5685/34/1652 5715/34/1652 5754/34/1652 5744/34/1652
f 5688/34/1596 5667/34/1596 5738/34/1596 5745/34/1596
f 5691/34/1597 5670/34/1597 5739/34/1597 5746/34/1597
f 5697/34/1598 5718/34/1598 5755/34/1598 5748/34/1598
f 5694/34/1599 5673/34/1599 5740/34/1599 5747/34/1599
f 5718/34/1600 5676/34/1600 5741/34/1600 5755/34/1600
f 5700/34/1601 5679/34/1601 5742/34/1601 5749/34/1601
f 5703/34/1602 5682/34/1602 5743/34/1602 5750/34/1602
f 5706/34/1603 5685/34/1603 5744/34/1603 5751/34/1603
f 5709/34/1604 5688/34/1604 5745/34/1604 5752/34/1604
f 5712/34/1605 5691/34/1605 5746/34/1605 5753/34/1605
f 5715/34/1606 5694/34/1606 5747/34/1606 5754/34/1606
f 5520/30/1588 6020/30/1588 6021/30/1588 5486/30/1588
f 5518/30/1587 6022/30/1587 6020/30/1587 5520/30/1587
f 5516/30/1585 6023/30/1585 6022/30/1585 5518/30/1585
f 5514/30/1584 6024/30/1584 6023/30/1584 5516/30/1584
f 5512/30/1583 6025/30/1583 6024/30/1583 5514/30/1583
f 5510/30/1582 6026/30/1582 6025/30/1582 5512/30/1582
f 5508/30/1581 6027/30/1581 6026/30/1581 5510/30/1581
f 5506/30/1580 6028/30/1580 6027/30/1580 5508/30/1580
f 5504/30/1649 6029/30/1649 6028/30/1649 5506/30/1649
f 5502/30/1578 6030/30/1578 6029/30/1578 5504/30/1578
f 5500/30/1577 6031/30/1577 6030/30/1577 5502/30/1577
f 5498/30/1576 6032/30/1576 6031/30/1576 5500/30/1576
f 5496/30/1575 6033/30/1575 6032/30/1575 5498/30/1575
f 5494/30/1574 6034/30/1574 6033/30/1574 5496/30/1574
f 5492/30/1573 6035/30/1573 6034/30/1573 5494/30/1573
f 5490/30/1572 6036/30/1572 6035/30/1572 5492/30/1572
f 5488/30/1571 6037/30/1571 6036/30/1571 5490/30/1571
f 5486/30/1570 6021/30/1570 6037/30/1570 5488/30/1570
f 5765/35/1673 5764/35/1673 6071/35/1673 6073/35/1673
f 6043/35/1674 6042/35/1674 6082/35/1674 6080/35/1674
f 5774/35/1675 6055/35/1675 6056/35/1675 6091/35/1675
f 5766/35/1676 5765/35/1676 6073/35/1676 6075/35/1676
f 6042/35/1677 6041/35/1677 6084/35/1677 6082/35/1677
f 6055/35/1678 6054/35/1678 6058/35/1678 6056/35/1678
f 5767/35/1679 5766/35/1679 6075/35/1679 6077/35/1679
f 6041/35/1680 6040/35/1680 6086/35/1680 6084/35/1680
f 6054/35/1681 6053/35/1681 6060/35/1681 6058/35/1681
f 5768/35/1682 5767/35/1682 6077/35/1682 6079/35/1682
f 6040/35/1683 6038/35/1683 6088/35/1683 6086/35/1683
f 6053/35/1684 6052/35/1684 6062/35/1684 6060/35/1684
f 5769/35/1685 5768/35/1685 6079/35/1685 6081/35/1685
f 6038/35/1686 5774/35/1686 6091/35/1686 6088/35/1686
f 6052/35/1687 6051/35/1687 6064/35/1687 6062/35/1687
f 5770/35/1688 5769/35/1688 6081/35/1688 6083/35/1688
f 5757/35/1689 5756/35/1689 6090/35/1689 6057/35/1689
f 6051/35/1690 6050/35/1690 6066/35/1690 6064/35/1690
f 5553/36/1583 5554/36/1583 5806/36/1583 5805/36/1583
f 5546/36/1576 5547/36/1576 5799/36/1576 5798/36/1576
f 5554/36/1584 5555/36/1584 5807/36/1584 5806/36/1584
f 5547/36/1577 5548/36/1577 5800/36/1577 5799/36/1577
f 5540/36/1625 5541/36/1625 5793/36/1625 5792/36/1625
f 5555/36/1585 5556/36/1585 5808/36/1585 5807/36/1585
f 5548/36/1578 5549/36/1578 5801/36/1578 5800/36/1578
f 5541/36/1571 5542/36/1571 5794/36/1571 5793/36/1571
f 5556/36/1691 5557/36/1691 5809/36/1691 5808/36/1691
f 5549/36/1579 5550/36/1579 5802/36/1579 5801/36/1579
f 5542/36/1572 5543/36/1572 5795/36/1572 5794/36/1572
f 5557/36/1588 5540/36/1588 5792/36/1588 5809/36/1588
f 5550/36/1580 5551/36/1580 5803/36/1580 5802/36/1580
f 5543/36/1573 5544/36/1573 5796/36/1573 5795/36/1573
f 5551/36/1581 5552/36/1581 5804/36/1581 5803/36/1581
f 5544/36/1574 5545/36/1574 5797/36/1574 5796/36/1574
f 5552/36/1582 5553/36/1582 5805/36/1582 5804/36/1582
f 5545/36/1575 5546/36/1575 5798/36/1575 5797/36/1575
f 5798/30/1692 5799/30/1692 5817/30/1692 5816/30/1692
f 5806/30/1693 5807/30/1693 5825/30/1693 5824/30/1693
f 5799/30/1694 5800/30/1694 5818/30/1694 5817/30/1694
f 5792/30/1695 5793/30/1695 5811/30/1695 5810/30/1695
f 5807/30/1696 5808/30/1696 5826/30/1696 5825/30/1696
f 5800/30/1697 5801/30/1697 5819/30/1697 5818/30/1697
f 5793/30/1698 5794/30/1698 5812/30/1698 5811/30/1698
f 5808/30/1699 5809/30/1699 5827/30/1699 5826/30/1699
f 5801/30/1700 5802/30/1700 5820/30/1700 5819/30/1700
f 5794/30/1701 5795/30/1701 5813/30/1701 5812/30/1701
f 5809/30/1702 5792/30/1702 5810/30/1702 5827/30/1702
f 5802/30/1703 5803/30/1703 5821/30/1703 5820/30/1703
f 5795/30/1704 5796/30/1704 5814/30/1704 5813/30/1704
f 5803/30/1705 5804/30/1705 5822/30/1705 5821/30/1705
f 5796/30/1706 5797/30/1706 5815/30/1706 5814/30/1706
f 5804/30/1707 5805/30/1707 5823/30/1707 5822/30/1707
f 5797/30/1708 5798/30/1708 5816/30/1708 5815/30/1708
f 5805/30/1709 5806/30/1709 5824/30/1709 5823/30/1709
f 5817/37/1577 5818/37/1577 5854/37/1577 5853/37/1577
f 5810/37/1625 5811/37/1625 5847/37/1625 5846/37/1625
f 5825/37/1585 5826/37/1585 5862/37/1585 5861/37/1585
f 5814/30/1710 5850/30/1710 5889/30/1710 5883/30/1710
f 5811/37/1571 5812/37/1571 5848/37/1571 5847/37/1571
f 5862/30/1711 5826/30/1711 5886/30/1711 5892/30/1711
f 5819/37/1649 5820/37/1649 5856/37/1649 5855/37/1649
f 5812/37/1572 5813/37/1572 5849/37/1572 5848/37/1572
f 5827/37/1588 5810/37/1588 5846/37/1588 5863/37/1588
f 5820/37/1712 5821/37/1712 5857/37/1712 5856/37/1712
f 5818/30/1713 5819/30/1713 5885/30/1713 5884/30/1713
f 5821/37/1581 5822/37/1581 5858/37/1581 5857/37/1581
f 5814/37/1574 5815/37/1574 5851/37/1574 5850/37/1574
f 5822/37/1582 5823/37/1582 5859/37/1582 5858/37/1582
f 5815/37/1575 5816/37/1575 5852/37/1575 5851/37/1575
f 5823/37/1583 5824/37/1583 5860/37/1583 5859/37/1583
f 5816/37/1576 5817/37/1576 5853/37/1576 5852/37/1576
f 5824/37/1584 5825/37/1584 5861/37/1584 5860/37/1584
f 5844/38/1577 5845/39/1577 5881/39/1577 5880/38/1577
f 5842/39/1714 5841/39/1714 5925/39/1714 5926/39/1714
f 5854/30/1715 5855/30/1715 5903/30/1715 5902/30/1715
f 5841/39/1716 5840/40/1716 5924/40/1716 5925/39/1716
f 5853/30/1717 5854/30/1717 5902/30/1717 5901/30/1717
f 5840/40/1718 5839/38/1718 5923/38/1718 5924/40/1718
f 5852/30/1719 5853/30/1719 5901/30/1719 5900/30/1719
f 5839/38/1720 5838/40/1720 5922/40/1720 5923/38/1720
f 5851/30/1721 5852/30/1721 5900/30/1721 5899/30/1721
f 5838/40/1722 5837/38/1722 5921/38/1722 5922/40/1722
f 5850/30/1723 5851/30/1723 5899/30/1723 5898/30/1723
f 5837/38/1724 5836/38/1724 5920/38/1724 5921/38/1724
f 5863/30/1725 5846/30/1725 5894/30/1725 5911/30/1725
f 5849/30/1726 5850/30/1726 5898/30/1726 5897/30/1726
f 5836/38/1727 5835/41/1727 5919/41/1727 5920/38/1727
f 5862/30/1728 5863/30/1728 5911/30/1728 5910/30/1728
f 5848/30/1729 5849/30/1729 5897/30/1729 5896/30/1729
f 5835/41/1730 5834/40/1730 5918/40/1730 5919/41/1730
f 5861/30/1731 5862/30/1731 5910/30/1731 5909/30/1731
f 5864/40/1732 5865/39/1732 5866/41/1732 5867/38/1732 5868/41/1732 5869/38/1732 5870/40/1732 5871/41/1732 5872/38/1732 5873/38/1732 5874/40/1732 5875/38/1732 5876/40/1732 5877/39/1732 5878/39/1732 5879/39/1732 5880/38/1732 5881/39/1732
f 5837/38/1625 5838/40/1625 5874/40/1625 5873/38/1625
f 5830/41/1581 5831/38/1581 5867/38/1581 5866/41/1581
f 5845/39/1578 5828/40/1578 5864/40/1578 5881/39/1578
f 5838/40/1627 5839/38/1627 5875/38/1627 5874/40/1627
f 5831/38/1582 5832/41/1582 5868/41/1582 5867/38/1582
f 5839/38/1572 5840/40/1572 5876/40/1572 5875/38/1572
f 5832/41/1583 5833/38/1583 5869/38/1583 5868/41/1583
f 5840/40/1573 5841/39/1573 5877/39/1573 5876/40/1573
f 5833/38/1584 5834/40/1584 5870/40/1584 5869/38/1584
f 5841/39/1574 5842/39/1574 5878/39/1574 5877/39/1574
f 5834/40/1585 5835/41/1585 5871/41/1585 5870/40/1585
f 5842/39/1575 5843/39/1575 5879/39/1575 5878/39/1575
f 5835/41/1587 5836/38/1587 5872/38/1587 5871/41/1587
f 5828/40/1649 5829/39/1649 5865/39/1649 5864/40/1649
f 5843/39/1576 5844/38/1576 5880/38/1576 5879/39/1576
f 5836/38/1588 5837/38/1588 5873/38/1588 5872/38/1588
f 5829/39/1580 5830/41/1580 5866/41/1580 5865/39/1580
f 5884/30/1574 5885/30/1574 5891/30/1574 5890/30/1574
f 5886/30/1583 5887/30/1583 5893/30/1583 5892/30/1583
f 5882/30/1102 5883/30/1102 5889/30/1102 5888/30/1102
f 5850/30/1733 5849/30/1733 5888/30/1733 5889/30/1733
f 5819/30/1734 5855/30/1734 5891/30/1734 5885/30/1734
f 5826/30/1735 5827/30/1735 5887/30/1735 5886/30/1735
f 5849/30/1736 5813/30/1736 5882/30/1736 5888/30/1736
f 5813/30/1737 5814/30/1737 5883/30/1737 5882/30/1737
f 5855/30/1738 5854/30/1738 5890/30/1738 5891/30/1738
f 5854/30/1739 5818/30/1739 5884/30/1739 5890/30/1739
f 5827/30/1740 5863/30/1740 5893/30/1740 5887/30/1740
f 5863/30/1741 5862/30/1741 5892/30/1741 5893/30/1741
f 5913/32/1732 5912/30/1732 5894/30/1732 5895/30/1732
f 5914/42/1732 5913/32/1732 5895/30/1732 5896/30/1732
f 5915/30/1732 5914/42/1732 5896/30/1732 5897/30/1732
f 5916/42/1732 5915/30/1732 5897/30/1732 5898/30/1732
f 5917/30/1732 5916/42/1732 5898/30/1732 5899/30/1732
f 5918/30/1732 5917/30/1732 5899/30/1732 5900/30/1732
f 5919/42/1732 5918/30/1732 5900/30/1732 5901/30/1732
f 5920/30/1732 5919/42/1732 5901/30/1732 5902/30/1732
f 5921/30/1732 5920/30/1732 5902/30/1732 5903/30/1732
f 5922/30/1732 5921/30/1732 5903/30/1732 5904/30/1732
f 5923/30/1732 5922/30/1732 5904/30/1732 5905/30/1732
f 5924/30/1732 5923/30/1732 5905/30/1732 5906/30/1732
f 5925/32/1732 5924/30/1732 5906/30/1732 5907/30/1732
f 5926/32/1732 5925/32/1732 5907/30/1732 5908/30/1732
f 5927/32/1732 5926/32/1732 5908/30/1732 5909/30/1732
f 5928/43/1732 5927/32/1732 5909/30/1732 5910/30/1732
f 5929/32/1732 5928/43/1732 5910/30/1732 5911/30/1732
f 5912/30/1732 5929/32/1732 5911/30/1732 5894/30/1732
f 5855/30/1742 5856/30/1742 5904/30/1742 5903/30/1742
f 5829/39/1743 5828/40/1743 5912/40/1743 5913/39/1743
f 5843/39/1744 5842/39/1744 5926/39/1744 5927/39/1744
f 5856/30/1745 5857/30/1745 5905/30/1745 5904/30/1745
f 5830/41/1746 5829/39/1746 5913/39/1746 5914/41/1746
f 5844/38/1747 5843/39/1747 5927/39/1747 5928/38/1747
f 5857/30/1748 5858/30/1748 5906/30/1748 5905/30/1748
f 5831/38/1749 5830/41/1749 5914/41/1749 5915/38/1749
f 5845/39/1750 5844/38/1750 5928/38/1750 5929/39/1750
f 5858/30/1751 5859/30/1751 5907/30/1751 5906/30/1751
f 5832/41/1752 5831/38/1752 5915/38/1752 5916/41/1752
f 5828/40/1753 5845/39/1753 5929/39/1753 5912/40/1753
f 5859/30/1754 5860/30/1754 5908/30/1754 5907/30/1754
f 5833/38/1755 5832/41/1755 5916/41/1755 5917/38/1755
f 5846/30/1756 5847/30/1756 5895/30/1756 5894/30/1756
f 5860/30/1757 5861/30/1757 5909/30/1757 5908/30/1757
f 5834/40/1758 5833/38/1758 5917/38/1758 5918/40/1758
f 5847/30/1759 5848/30/1759 5896/30/1759 5895/30/1759
f 5562/44/1581 5563/44/1581 6004/45/1581 5940/45/1581
f 5940/32/1581 6004/32/1581 6003/32/1581 5941/32/1581
f 5941/45/1581 6003/45/1581 6002/44/1581 5942/45/1581
f 5942/32/1581 6002/30/1581 6001/30/1581 5943/32/1581
f 5943/45/1581 6001/44/1581 6000/45/1581 5944/45/1581
f 5573/44/1578 5568/44/1578 6019/45/1578 6005/45/1578
f 6005/32/1578 6019/32/1578 6018/32/1578 6006/30/1578
f 6006/44/1650 6018/46/1650 6017/47/1650 6007/44/1650
f 6007/30/1578 6017/30/1578 6016/30/1578 6008/32/1578
f 6008/48/1578 6016/47/1578 6015/45/1578 6009/45/1578
f 5564/44/1587 5565/44/1587 5994/45/1587 5960/45/1587
f 5960/32/1587 5994/32/1587 5993/32/1587 5961/30/1587
f 5961/44/1691 5993/45/1691 5992/45/1691 5962/44/1691
f 5962/30/1691 5992/32/1691 5991/32/1691 5963/32/1691
f 5963/49/1587 5991/45/1587 5990/45/1587 5964/45/1587
f 5575/44/1583 5570/44/1583 6014/45/1583 5995/45/1583
f 5995/32/1583 6014/32/1583 6013/32/1583 5996/32/1583
f 5996/45/1583 6013/46/1583 6012/47/1583 5997/45/1583
f 5997/32/1583 6012/30/1583 6011/30/1583 5998/32/1583
f 5998/45/1583 6011/47/1583 6010/45/1583 5999/45/1583
f 5566/44/1574 5567/44/1574 5934/50/1574 5980/45/1574
f 5980/32/1574 5934/30/1574 5933/32/1574 5981/32/1574
f 5981/45/1574 5933/45/1574 5932/51/1574 5982/45/1574
f 5982/32/1574 5932/30/1574 5931/30/1574 5983/32/1574
f 5983/48/1574 5931/51/1574 5930/46/1574 5984/47/1574
f 5568/44/1579 5569/44/1579 5939/45/1579 6019/45/1579
f 6019/32/1649 5939/32/1649 5938/32/1649 6018/32/1649
f 6018/46/1649 5938/45/1649 5937/45/1649 6017/47/1649
f 6017/30/1579 5937/32/1579 5936/32/1579 6016/30/1579
f 6016/47/1649 5936/45/1649 5935/45/1649 6015/45/1649
f 5570/44/1584 5571/44/1584 5959/48/1584 6014/45/1584
f 6014/32/1584 5959/32/1584 5958/32/1584 6013/32/1584
f 6013/46/1584 5958/45/1584 5957/45/1584 6012/47/1584
f 6012/30/1584 5957/32/1584 5956/32/1584 6011/30/1584
f 6011/47/1584 5956/45/1584 5955/45/1584 6010/45/1584
f 5559/44/1572 5572/44/1572 5979/45/1572 5950/45/1572
f 5950/32/1572 5979/32/1572 5978/32/1572 5951/32/1572
f 5951/45/1572 5978/45/1572 5977/45/1572 5952/45/1572
f 5952/32/1572 5977/32/1572 5976/32/1572 5953/32/1572
f 5953/48/1572 5976/45/1572 5975/45/1572 5954/46/1572
f 5572/44/1573 5566/44/1573 5980/45/1573 5979/45/1573
f 5979/32/1573 5980/32/1573 5981/32/1573 5978/32/1573
f 5978/45/1573 5981/45/1573 5982/45/1573 5977/45/1573
f 5977/32/1573 5982/32/1573 5983/32/1573 5976/32/1573
f 5976/45/1573 5983/48/1573 5984/47/1573 5975/45/1573
f 5560/44/1576 5561/44/1576 5970/48/1576 5969/45/1576
f 5969/32/1576 5970/32/1576 5971/30/1576 5968/32/1576
f 5968/45/1576 5971/47/1576 5972/47/1576 5967/51/1576
f 5967/30/1576 5972/30/1576 5973/32/1576 5966/30/1576
f 5966/51/1760 5973/45/1760 5974/47/1760 5965/45/1760
f 5571/44/1628 5564/44/1628 5960/45/1628 5959/48/1628
f 5959/32/1585 5960/32/1585 5961/30/1585 5958/32/1585
f 5958/45/1628 5961/44/1628 5962/44/1628 5957/45/1628
f 5957/32/1585 5962/30/1585 5963/32/1585 5956/32/1585
f 5956/45/1585 5963/49/1585 5964/45/1585 5955/45/1585
f 5558/44/1571 5559/44/1571 5950/45/1571 5949/45/1571
f 5949/32/1571 5950/32/1571 5951/32/1571 5948/32/1571
f 5948/45/1571 5951/45/1571 5952/45/1571 5947/44/1571
f 5947/30/1627 5952/32/1627 5953/32/1627 5946/30/1627
f 5946/44/1571 5953/48/1571 5954/46/1571 5945/45/1571
f 5569/44/1580 5562/44/1580 5940/45/1580 5939/45/1580
f 5939/32/1580 5940/32/1580 5941/32/1580 5938/32/1580
f 5938/45/1580 5941/45/1580 5942/45/1580 5937/45/1580
f 5937/32/1580 5942/32/1580 5943/32/1580 5936/32/1580
f 5936/45/1580 5943/45/1580 5944/45/1580 5935/45/1580
f 5567/44/1575 5560/44/1575 5969/45/1575 5934/50/1575
f 5934/30/1626 5969/32/1626 5968/32/1626 5933/32/1626
f 5933/45/1575 5968/45/1575 5967/51/1575 5932/51/1575
f 5932/30/1575 5967/30/1575 5966/30/1575 5931/30/1575
f 5931/51/1575 5966/51/1575 5965/45/1575 5930/46/1575
f 5565/44/1588 5574/44/1588 5985/45/1588 5994/45/1588
f 5994/32/1588 5985/32/1588 5986/30/1588 5993/32/1588
f 5993/45/1588 5986/51/1588 5987/51/1588 5992/45/1588
f 5992/32/1761 5987/30/1761 5988/30/1761 5991/32/1761
f 5991/45/1588 5988/50/1588 5989/45/1588 5990/45/1588
f 5563/44/1582 5575/44/1582 5995/45/1582 6004/45/1582
f 6004/32/1582 5995/32/1582 5996/32/1582 6003/32/1582
f 6003/45/1582 5996/45/1582 5997/45/1582 6002/44/1582
f 6002/30/1582 5997/32/1582 5998/32/1582 6001/30/1582
f 6001/44/1582 5998/45/1582 5999/45/1582 6000/45/1582
f 5574/44/1570 5558/44/1570 5949/45/1570 5985/45/1570
f 5985/32/1625 5949/32/1625 5948/32/1625 5986/30/1625
f 5986/51/1570 5948/45/1570 5947/44/1570 5987/51/1570
f 5987/30/1625 5947/30/1625 5946/30/1625 5988/30/1625
f 5988/50/1570 5946/44/1570 5945/45/1570 5989/45/1570
f 5561/44/1762 5573/44/1762 6005/45/1762 5970/48/1762
f 5970/32/1577 6005/32/1577 6006/30/1577 5971/30/1577
f 5971/47/1577 6006/44/1577 6007/44/1577 5972/47/1577
f 5972/30/1577 6007/30/1577 6008/32/1577 5973/32/1577
f 5973/45/1577 6008/48/1577 6009/45/1577 5974/47/1577
f 5773/52/1761 5756/53/1761 6021/53/1761 6020/53/1761
f 5772/53/1691 5773/52/1691 6020/53/1691 6022/53/1691
f 5771/53/1585 5772/53/1585 6022/53/1585 6023/53/1585
f 5770/53/1584 5771/53/1584 6023/53/1584 6024/53/1584
f 5769/53/1583 5770/53/1583 6024/53/1583 6025/53/1583
f 5768/53/1582 5769/53/1582 6025/53/1582 6026/53/1582
f 5767/53/1581 5768/53/1581 6026/53/1581 6027/53/1581
f 5766/52/1580 5767/53/1580 6027/53/1580 6028/53/1580
f 5765/53/1579 5766/52/1579 6028/53/1579 6029/53/1579
f 5764/52/1578 5765/53/1578 6029/53/1578 6030/53/1578
f 5763/53/1577 5764/52/1577 6030/53/1577 6031/53/1577
f 5762/53/1576 5763/53/1576 6031/53/1576 6032/53/1576
f 5761/53/1575 5762/53/1575 6032/53/1575 6033/53/1575
f 5760/53/1574 5761/53/1574 6033/53/1574 6034/53/1574
f 5759/52/1573 5760/53/1573 6034/53/1573 6035/53/1573
f 5758/53/1572 5759/52/1572 6035/53/1572 6036/53/1572
f 5757/52/1571 5758/53/1571 6036/53/1571 6037/53/1571
f 5756/53/1570 5757/52/1570 6037/53/1570 6021/53/1570
f 5774/52/1588 6038/52/1588 5791/53/1588 6039/53/1588
f 6038/52/1691 6040/53/1691 5790/53/1691 5791/53/1691
f 6040/53/1585 6041/53/1585 5789/53/1585 5790/53/1585
f 6041/53/1584 6042/53/1584 5788/53/1584 5789/53/1584
f 6042/53/1583 6043/53/1583 5787/53/1583 5788/53/1583
f 6043/53/1582 6044/53/1582 5786/53/1582 5787/53/1582
f 6044/53/1581 6045/53/1581 5785/53/1581 5786/53/1581
f 6045/53/1712 6046/52/1712 5784/53/1712 5785/53/1712
f 6046/52/1649 6047/53/1649 5783/53/1649 5784/53/1649
f 6047/53/1578 6048/52/1578 5782/53/1578 5783/53/1578
f 6048/52/1762 6049/53/1762 5781/53/1762 5782/53/1762
f 6049/53/1760 6050/53/1760 5780/53/1760 5781/53/1760
f 6050/53/1575 6051/53/1575 5779/53/1575 5780/53/1575
f 6051/53/1574 6052/53/1574 5778/53/1574 5779/53/1574
f 6052/53/1573 6053/52/1573 5777/53/1573 5778/53/1573
f 6053/52/1572 6054/53/1572 5776/53/1572 5777/53/1572
f 6054/53/1627 6055/52/1627 5775/53/1627 5776/53/1627
f 6055/52/1625 5774/52/1625 6039/53/1625 5775/53/1625
f 6089/35/1761 6088/35/1761 6091/35/1761 6090/35/1761
f 6087/35/1587 6086/35/1587 6088/35/1587 6089/35/1587
f 6085/35/1585 6084/35/1585 6086/35/1585 6087/35/1585
f 6083/35/1584 6082/35/1584 6084/35/1584 6085/35/1584
f 6081/35/1583 6080/35/1583 6082/35/1583 6083/35/1583
f 6079/35/1582 6078/35/1582 6080/35/1582 6081/35/1582
f 6077/35/1581 6076/35/1581 6078/35/1581 6079/35/1581
f 6075/35/1580 6074/35/1580 6076/35/1580 6077/35/1580
f 6073/35/1649 6072/35/1649 6074/35/1649 6075/35/1649
f 6071/35/1650 6070/35/1650 6072/35/1650 6073/35/1650
f 6069/35/1577 6068/35/1577 6070/35/1577 6071/35/1577
f 6067/35/1576 6066/35/1576 6068/35/1576 6069/35/1576
f 6065/35/1575 6064/35/1575 6066/35/1575 6067/35/1575
f 6063/35/1574 6062/35/1574 6064/35/1574 6065/35/1574
f 6061/35/1573 6060/35/1573 6062/35/1573 6063/35/1573
f 6059/35/1572 6058/35/1572 6060/35/1572 6061/35/1572
f 6057/35/1627 6056/35/1627 6058/35/1627 6059/35/1627
f 6090/35/1625 6091/35/1625 6056/35/1625 6057/35/1625
f 6044/35/1763 6043/35/1763 6080/35/1763 6078/35/1763
f 5764/35/1764 5763/35/1764 6069/35/1764 6071/35/1764
f 6045/35/1765 6044/35/1765 6078/35/1765 6076/35/1765
f 5763/35/1766 5762/35/1766 6067/35/1766 6069/35/1766
f 6046/35/1767 6045/35/1767 6076/35/1767 6074/35/1767
f 5762/35/1768 5761/35/1768 6065/35/1768 6067/35/1768
f 6047/35/1769 6046/35/1769 6074/35/1769 6072/35/1769
f 5761/35/1770 5760/35/1770 6063/35/1770 6065/35/1770
f 5756/35/1771 5773/35/1771 6089/35/1771 6090/35/1771
f 6048/35/1772 6047/35/1772 6072/35/1772 6070/35/1772
f 5760/35/1773 5759/35/1773 6061/35/1773 6063/35/1773
f 5773/35/1774 5772/35/1774 6087/35/1774 6089/35/1774
f 6049/35/1775 6048/35/1775 6070/35/1775 6068/35/1775
f 5759/35/1776 5758/35/1776 6059/35/1776 6061/35/1776
f 5772/35/1777 5771/35/1777 6085/35/1777 6087/35/1777
f 6050/35/1778 6049/35/1778 6068/35/1778 6066/35/1778
f 5758/35/1779 5757/35/1779 6057/35/1779 6059/35/1779
f 5771/35/1780 5770/35/1780 6083/35/1780 6085/35/1780
