# Blender 5.0.0
# www.blender.org
mtllib horseB.mtl
o horse_001
v 0.256458 1.094462 -0.153409
v 0.266335 1.003984 -0.144351
v 0.000000 0.687091 -0.377327
v 0.112632 1.486697 -0.704157
v 0.000000 0.843447 0.165011
v 0.000000 1.421879 -1.029383
v 0.064035 1.410577 -1.106474
v 0.228042 1.037662 0.149753
v 0.073458 1.429620 -1.274502
v 0.103385 1.309093 -0.817281
v 0.104713 1.296470 -0.019489
v 0.000000 0.759928 -0.760700
v 0.000000 1.242479 -0.885105
v 0.135868 1.132212 -0.794250
v 0.245660 0.840801 -0.601308
v 0.098980 0.706276 -0.678558
v 0.128325 1.560009 -1.161317
v 0.070818 0.685185 -0.602904
v 0.134914 1.288116 -0.327961
v 0.108983 1.285080 -0.179278
v 0.268089 0.953027 -0.604055
v 0.048465 1.372746 -0.932070
v 0.260202 1.081690 -0.322306
v 0.118368 1.438075 -0.771899
v 0.000000 1.541182 -1.353832
v 0.000000 1.340840 -1.257874
v 0.166154 0.716935 -0.532480
v 0.131625 1.366357 -0.563794
v 0.161988 0.771599 -0.719763
v 0.169153 1.026085 -0.790130
v 0.201105 1.206706 -0.477240
v 0.058565 1.345913 -1.458062
v 0.195667 1.229942 0.146669
v 0.252205 0.929488 -0.469726
v 0.118585 0.742738 -0.479825
v 0.000000 1.273836 -1.370422
v 0.221331 1.062610 -0.704460
v 0.088772 1.633489 -0.976077
v 0.079517 1.548813 -1.007001
v 0.118322 1.607026 -1.218184
v 0.048873 1.422266 -0.969607
v 0.082608 1.001050 -0.840191
v 0.000000 0.835263 -0.823274
v 0.092099 1.495648 -0.936212
v 0.126402 0.727049 -0.245398
v 0.141644 1.288458 -0.709910
v 0.000000 1.319317 -1.481131
v 0.055827 1.515413 -1.292196
v 0.061039 1.761582 -1.115105
v 0.125292 1.782984 -1.174571
v 0.195808 0.835132 -0.415950
v 0.063506 1.733921 -1.187634
v 0.089936 0.844246 -0.812696
v 0.000000 1.688546 -1.256379
v 0.259434 0.885918 -0.131792
v 0.192787 1.198275 -0.163793
v 0.000000 1.420210 -1.473283
v 0.000000 0.742656 -0.123848
v 0.000000 0.692097 -0.625130
v 0.099370 1.632990 -1.155761
v 0.000000 1.336602 -0.331643
v 0.000000 1.327340 -0.187968
v 0.000000 1.346588 -0.944318
v 0.243039 1.110498 -0.012687
v 0.000000 1.384844 -0.977541
v 0.107687 0.697925 -0.529044
v 0.111598 1.506981 -0.818427
v 0.210675 0.774391 -0.676105
v 0.112205 1.634066 -1.235762
v 0.103768 1.570750 -0.882998
v 0.000000 0.998182 -0.849517
v 0.246289 0.855394 -0.275340
v 0.274991 0.970676 -0.302798
v 0.000000 1.174993 -0.867547
v 0.041871 1.301070 -1.378244
v 0.045204 1.762576 -1.174738
v 0.150110 1.283825 -0.463747
v 0.113751 1.460014 -1.126173
v 0.095028 1.503246 -1.070415
v 0.082194 1.724914 -1.123967
v 0.116471 0.867902 0.165011
v 0.081449 1.616069 -0.856912
v 0.235269 0.962399 -0.699421
v 0.000000 1.281037 -1.433545
v 0.140285 0.769166 -0.117954
v 0.113285 1.231125 -0.798558
v 0.000000 1.335697 -0.021925
v 0.052631 1.375470 -1.260997
v 0.087733 0.777498 -0.741671
v 0.060614 1.374279 -1.162820
v 0.188458 1.222452 -0.601088
v 0.236163 1.072784 -0.611357
v 0.076320 1.091843 -0.841287
v 0.092717 1.437497 -0.884132
v 0.080039 0.709584 -0.507644
v 0.228811 0.934489 0.149810
v 0.052807 1.299136 -1.422588
v 0.143240 0.803664 0.020695
v 0.076354 1.674489 -0.952767
v 0.000000 0.692047 -0.509746
v 0.086064 0.925054 -0.834215
v 0.000000 0.793292 0.018239
v 0.176395 0.945531 -0.783696
v 0.093516 1.634799 -1.265534
v 0.000000 1.423131 -1.061815
v 0.171933 1.186031 -0.705748
v 0.052182 1.261074 -0.870572
v 0.238619 1.065186 -0.480783
v 0.223932 1.129739 0.150152
v 0.093628 0.706265 -0.386050
v 0.207741 1.203186 -0.336596
v 0.092644 1.379894 -0.849066
v 0.130739 1.364631 -0.734235
v 0.217594 0.753991 -0.589681
v 0.094295 1.554699 -0.778237
v 0.040701 1.536025 -1.344079
v 0.119025 1.578023 -1.229782
v 0.042899 1.383842 -1.466919
v 0.071532 1.818024 -1.184227
v 0.000000 0.715913 -0.696431
v 0.047237 1.483287 -1.022875
v 0.057620 1.191424 -0.848414
v 0.076015 1.589172 -1.278355
v 0.183113 0.792118 -0.477306
v 0.127771 1.421539 -0.633936
v 0.000000 1.616057 -1.298526
v 0.053132 1.679589 -1.246140
v 0.079891 1.719702 -1.174181
v 0.121593 1.619959 -1.242660
v 0.000000 1.078737 -0.855677
v 0.000000 1.357123 0.131533
v 0.000000 1.293884 -0.914270
v 0.089247 1.337473 -0.426031
v 0.048229 1.318228 -0.900585
v 0.106100 1.429881 -1.188480
v 0.000000 0.700658 -0.253178
v 0.227039 0.857150 -0.695443
v 0.055943 1.461597 -1.062142
v 0.124426 1.527161 -1.227895
v 0.116682 1.855671 -1.236682
v 0.087541 1.822760 -1.232140
v 0.108835 1.323066 0.135449
v 0.258393 1.015830 -0.009190
v 0.202078 1.209690 -0.016936
v 0.248653 0.911671 0.001703
v 0.175062 0.536891 -0.595205
v 0.095607 0.646667 -0.607158
v 0.149576 0.657675 -0.710496
v 0.174149 0.854041 -0.764246
v 0.191393 0.658586 -0.675052
v 0.112547 0.653657 -0.677154
v 0.136416 0.545197 -0.547965
v 0.133633 0.488658 -0.526706
v 0.169670 0.523225 -0.651425
v 0.139082 0.519994 -0.668030
v 0.098392 0.528770 -0.597937
v 0.106255 0.523772 -0.649930
v 0.091296 0.451025 -0.639095
v 0.109879 0.535402 -0.550599
v 0.191205 0.656541 -0.595834
v 0.120965 0.654905 -0.545566
v 0.157354 0.655287 -0.537565
v 0.106139 0.489403 -0.539307
v 0.180646 0.439888 -0.643840
v 0.182889 0.466356 -0.581280
v 0.141866 0.434264 -0.671777
v 0.134151 0.405811 -0.538952
v 0.100771 0.395989 -0.622769
v 0.113401 0.409010 -0.547933
v 0.162010 0.391798 -0.625278
v 0.164874 0.399828 -0.583786
v 0.137066 0.384978 -0.638129
v 0.132432 0.143567 -0.490732
v 0.097914 0.129512 -0.593749
v 0.108325 0.141826 -0.501071
v 0.167294 0.135001 -0.590111
v 0.168446 0.144747 -0.542345
v 0.140716 0.126342 -0.605568
v 0.104824 0.263203 -0.598610
v 0.137663 0.253080 -0.608073
v 0.115149 0.270953 -0.524403
v 0.159955 0.255088 -0.595697
v 0.162595 0.262489 -0.557451
v 0.134276 0.268004 -0.516125
v 0.134409 0.084750 -0.533322
v 0.107626 0.106615 -0.605207
v 0.117016 0.089871 -0.539457
v 0.157760 0.098774 -0.605275
v 0.160162 0.093051 -0.570316
v 0.137489 0.100956 -0.616467
v 0.151647 0.036300 -0.534631
v 0.096532 0.081743 -0.616113
v 0.119795 0.037688 -0.533941
v 0.166448 0.071116 -0.618687
v 0.169797 0.052281 -0.573017
v 0.138178 0.077621 -0.633197
v 0.152868 -0.000378 -0.546220
v 0.096532 0.000062 -0.675242
v 0.119795 0.000289 -0.548526
v 0.166448 0.000062 -0.679255
v 0.169797 0.000062 -0.608076
v 0.138178 0.000062 -0.701868
v 0.087293 0.470640 -0.586706
v 0.105980 0.266312 -0.562878
v 0.101099 0.056627 -0.563644
v 0.104024 0.403530 -0.588557
v 0.101714 -0.000159 -0.598998
v 0.110937 0.098865 -0.560805
v 0.099667 0.136215 -0.542839
v 0.000000 0.924872 -0.844685
v 0.085483 1.675263 -1.050589
v 0.073075 1.715793 -1.031774
v 0.088741 1.672678 -1.203526
v 0.000000 1.351985 -1.157933
v 0.089981 1.589699 -1.069228
v 0.000000 1.392452 -1.095940
v 0.079440 1.597975 -1.236652
v 0.101593 1.614956 -1.269218
v 0.096293 1.569572 -1.258062
v 0.041830 1.323386 -1.348508
v 0.000000 1.449426 -1.434728
v 0.000000 1.298711 -1.338011
v 0.071176 1.381832 -1.370290
v 0.041030 1.445434 -1.425712
v 0.059498 1.416589 -1.393442
v 0.056177 1.322892 -1.407805
v 0.088030 1.586051 -1.228789
v 0.087509 1.611472 -1.228586
v 0.078859 1.613262 -1.240667
v 0.086206 1.598925 -1.224852
v 0.072694 1.597590 -1.238742
v 0.079432 1.582148 -1.240928
v 0.076432 1.584038 -1.254872
v 0.075982 1.609421 -1.254648
v 0.072045 1.596449 -1.256784
v 0.095195 1.576012 -1.245974
v 0.116624 1.598467 -1.252907
v 0.113470 1.586599 -1.236972
v 0.117256 1.599591 -1.234872
v 0.102128 1.583685 -1.229967
v 0.094208 1.619994 -1.245601
v 0.104659 1.599751 -1.223250
v 0.101380 1.614813 -1.229717
v 0.112785 1.611999 -1.236764
v 0.109805 1.613868 -1.250680
v 0.087924 1.581182 -1.261912
v 0.101890 1.584522 -1.263051
v 0.110626 1.582786 -1.250948
v 0.084649 1.596174 -1.268404
v 0.101273 1.609884 -1.262822
v 0.103119 1.597018 -1.266797
v 0.087279 1.612252 -1.261632
v 0.000000 1.726402 -1.222705
v 0.038377 1.728004 -1.207372
v 0.055550 1.524132 -0.578735
v 0.000000 1.581868 -0.532742
v 0.099969 1.462445 -0.617205
v 0.088124 1.524415 -0.685195
v 0.046979 1.581376 -0.642399
v 0.102984 1.399821 -0.541465
v 0.073777 1.588739 -0.753958
v 0.039897 1.640056 -0.708988
v 0.063040 1.458672 -0.497702
v 0.069828 1.373036 -0.409391
v 0.026591 1.793941 -0.972930
v 0.030331 1.759452 -0.897601
v 0.063727 1.652865 -0.831405
v 0.059740 1.716386 -0.931233
v 0.033409 1.704510 -0.797669
v 0.000000 1.678792 -0.671030
v 0.000000 1.729684 -0.763660
v 0.000000 1.780349 -0.872848
v 0.000000 1.630885 -0.595464
v 0.044907 1.798891 -1.085019
v 0.019294 1.821809 -1.034706
v 0.028203 1.812263 -1.169539
v 0.000000 1.812827 -1.185298
v 0.033998 1.780772 -1.197622
v 0.000000 1.451147 -0.387849
v 0.000000 1.521547 -0.458063
v 0.000000 1.835696 -1.028228
v 0.000000 1.362245 -0.330064
v 0.000000 1.809924 -0.948635
v 0.057174 1.755783 -1.005881
v 0.000000 1.779254 -1.212148
v 0.000000 1.849693 -1.088283
v 0.018563 1.838698 -1.091196
v 0.021284 1.835257 -1.144287
v 0.000000 1.845945 -1.148733
v 0.000000 1.324505 -1.299887
v 0.045084 1.352811 -1.306388
v 0.000000 1.497429 -1.390785
v 0.069031 1.406551 -1.323229
v 0.035600 1.493062 -1.381827
v 0.049643 1.464064 -1.345317
v 0.041030 1.423633 -1.446084
v 0.067344 1.367798 -1.400596
v 0.039015 1.402674 -1.401659
v 0.056510 1.360101 -1.443596
v 0.026651 1.405811 -1.431793
v 0.038125 1.385079 -1.446437
v 0.052310 1.375589 -1.406397
v 0.000000 1.377954 -1.492602
v 0.043575 1.651108 -1.269262
v 0.139957 0.157860 -0.606191
v 0.166991 0.174028 -0.546102
v 0.132890 0.174513 -0.497047
v 0.099633 0.162759 -0.594958
v 0.110022 0.173938 -0.506873
v 0.165469 0.164864 -0.591500
v 0.101237 0.168568 -0.547822
v -0.256458 1.094462 -0.153409
v -0.266335 1.003984 -0.144351
v -0.112632 1.486697 -0.704157
v -0.064035 1.410577 -1.106474
v -0.228042 1.037663 0.149753
v -0.073458 1.429620 -1.274502
v -0.103385 1.309093 -0.817281
v -0.104713 1.296470 -0.019489
v -0.135868 1.132212 -0.794250
v -0.245660 0.840801 -0.601308
v -0.098980 0.706276 -0.678558
v -0.128325 1.560009 -1.161317
v -0.070818 0.685185 -0.602904
v -0.134914 1.288116 -0.327961
v -0.108983 1.285080 -0.179278
v -0.268089 0.953027 -0.604055
v -0.048465 1.372746 -0.932070
v -0.260202 1.081690 -0.322306
v -0.118368 1.438075 -0.771899
v -0.166154 0.716935 -0.532480
v -0.131625 1.366357 -0.563794
v -0.161988 0.771599 -0.719763
v -0.169153 1.026085 -0.790130
v -0.201105 1.206706 -0.477240
v -0.058565 1.345913 -1.458062
v -0.195667 1.229942 0.146669
v -0.252205 0.929488 -0.469726
v -0.118585 0.742738 -0.479825
v -0.221331 1.062610 -0.704460
v -0.088772 1.633489 -0.976077
v -0.079517 1.548813 -1.007001
v -0.118322 1.607026 -1.218184
v -0.048873 1.422266 -0.969607
v -0.082608 1.001050 -0.840191
v -0.092099 1.495648 -0.936212
v -0.126402 0.727049 -0.245398
v -0.141644 1.288458 -0.709910
v -0.055827 1.515413 -1.292196
v -0.061039 1.761582 -1.115105
v -0.125292 1.782984 -1.174571
v -0.195808 0.835132 -0.415950
v -0.063506 1.733921 -1.187634
v -0.089936 0.844246 -0.812696
v -0.259434 0.885918 -0.131792
v -0.192787 1.198275 -0.163793
v -0.099370 1.632990 -1.155761
v -0.243039 1.110498 -0.012687
v -0.107687 0.697925 -0.529044
v -0.111598 1.506981 -0.818427
v -0.210675 0.774391 -0.676105
v -0.112205 1.634066 -1.235762
v -0.103768 1.570750 -0.882998
v -0.246289 0.855394 -0.275340
v -0.274991 0.970676 -0.302798
v -0.041871 1.301070 -1.378244
v -0.045204 1.762576 -1.174738
v -0.150110 1.283825 -0.463747
v -0.113751 1.460014 -1.126173
v -0.095028 1.503246 -1.070415
v -0.082194 1.724914 -1.123967
v -0.116471 0.867902 0.165011
v -0.081449 1.616069 -0.856912
v -0.235269 0.962399 -0.699421
v -0.140285 0.769166 -0.117954
v -0.113285 1.231125 -0.798558
v -0.052631 1.375470 -1.260997
v -0.087733 0.777498 -0.741671
v -0.060614 1.374279 -1.162820
v -0.188458 1.222452 -0.601088
v -0.236163 1.072784 -0.611357
v -0.076320 1.091843 -0.841287
v -0.092717 1.437497 -0.884132
v -0.080039 0.709584 -0.507644
v -0.228811 0.934489 0.149810
v -0.052807 1.299136 -1.422588
v -0.143240 0.803664 0.020695
v -0.076354 1.674489 -0.952767
v -0.086064 0.925054 -0.834215
v -0.176395 0.945531 -0.783696
v -0.093516 1.634799 -1.265534
v -0.171933 1.186031 -0.705748
v -0.052182 1.261074 -0.870572
v -0.238619 1.065186 -0.480783
v -0.223932 1.129739 0.150152
v -0.093628 0.706265 -0.386050
v -0.207741 1.203186 -0.336596
v -0.092644 1.379894 -0.849066
v -0.130739 1.364631 -0.734235
v -0.217594 0.753991 -0.589681
v -0.094295 1.554699 -0.778237
v -0.040701 1.536025 -1.344079
v -0.119025 1.578023 -1.229782
v -0.042899 1.383842 -1.466919
v -0.071532 1.818024 -1.184227
v -0.047237 1.483287 -1.022875
v -0.057620 1.191424 -0.848414
v -0.076015 1.589172 -1.278355
v -0.183113 0.792118 -0.477306
v -0.127771 1.421539 -0.633936
v -0.053132 1.679589 -1.246140
v -0.079891 1.719702 -1.174181
v -0.121593 1.619959 -1.242660
v -0.089247 1.337473 -0.426031
v -0.048229 1.318228 -0.900585
v -0.106100 1.429881 -1.188480
v -0.227039 0.857150 -0.695443
v -0.055943 1.461597 -1.062142
v -0.124426 1.527161 -1.227895
v -0.116682 1.855671 -1.236682
v -0.087541 1.822761 -1.232140
v -0.108835 1.323066 0.135449
v -0.258393 1.015830 -0.009190
v -0.202078 1.209690 -0.016936
v -0.248653 0.911671 0.001703
v -0.175062 0.536891 -0.595205
v -0.095607 0.646667 -0.607158
v -0.149576 0.657675 -0.710496
v -0.174149 0.854041 -0.764246
v -0.191393 0.658586 -0.675052
v -0.112547 0.653657 -0.677154
v -0.136416 0.545197 -0.547965
v -0.133633 0.488658 -0.526706
v -0.169670 0.523225 -0.651425
v -0.139082 0.519994 -0.668030
v -0.098392 0.528770 -0.597937
v -0.106255 0.523772 -0.649930
v -0.091296 0.451025 -0.639095
v -0.109879 0.535402 -0.550599
v -0.191205 0.656541 -0.595834
v -0.120965 0.654905 -0.545566
v -0.157354 0.655287 -0.537565
v -0.106139 0.489403 -0.539307
v -0.180646 0.439888 -0.643839
v -0.182889 0.466356 -0.581280
v -0.141866 0.434264 -0.671777
v -0.134151 0.405811 -0.538952
v -0.100771 0.395989 -0.622769
v -0.113401 0.409010 -0.547933
v -0.162010 0.391798 -0.625278
v -0.164874 0.399828 -0.583786
v -0.137066 0.384978 -0.638129
v -0.132432 0.143568 -0.490732
v -0.097914 0.129512 -0.593749
v -0.108325 0.141826 -0.501071
v -0.167294 0.135001 -0.590111
v -0.168446 0.144747 -0.542345
v -0.140716 0.126342 -0.605568
v -0.104824 0.263203 -0.598610
v -0.137663 0.253080 -0.608073
v -0.115149 0.270953 -0.524403
v -0.159955 0.255088 -0.595697
v -0.162595 0.262489 -0.557451
v -0.134276 0.268005 -0.516125
v -0.134409 0.084750 -0.533322
v -0.107626 0.106615 -0.605207
v -0.117016 0.089871 -0.539457
v -0.157760 0.098774 -0.605276
v -0.160162 0.093051 -0.570316
v -0.137489 0.100956 -0.616467
v -0.151647 0.036300 -0.534631
v -0.096532 0.081743 -0.616113
v -0.119795 0.037688 -0.533941
v -0.166448 0.071116 -0.618687
v -0.169797 0.052281 -0.573017
v -0.138178 0.077621 -0.633197
v -0.152868 -0.000378 -0.546220
v -0.096532 0.000062 -0.675243
v -0.119795 0.000289 -0.548526
v -0.166448 0.000062 -0.679255
v -0.169797 0.000062 -0.608076
v -0.138178 0.000062 -0.701868
v -0.087293 0.470640 -0.586705
v -0.105980 0.266312 -0.562878
v -0.101099 0.056627 -0.563644
v -0.104024 0.403531 -0.588557
v -0.101714 -0.000159 -0.598998
v -0.110937 0.098865 -0.560805
v -0.099667 0.136215 -0.542839
v -0.085483 1.675263 -1.050589
v -0.073075 1.715793 -1.031774
v -0.088741 1.672678 -1.203526
v -0.089981 1.589699 -1.069228
v -0.079440 1.597975 -1.236652
v -0.101593 1.614956 -1.269218
v -0.096293 1.569572 -1.258062
v -0.041830 1.323386 -1.348508
v -0.071176 1.381832 -1.370290
v -0.041030 1.445434 -1.425712
v -0.059498 1.416589 -1.393442
v -0.056177 1.322892 -1.407805
v -0.088030 1.586051 -1.228789
v -0.087509 1.611472 -1.228586
v -0.078859 1.613262 -1.240667
v -0.086206 1.598925 -1.224852
v -0.072694 1.597590 -1.238742
v -0.079432 1.582148 -1.240928
v -0.076432 1.584038 -1.254872
v -0.075982 1.609421 -1.254648
v -0.072045 1.596449 -1.256784
v -0.095195 1.576012 -1.245974
v -0.116624 1.598467 -1.252907
v -0.113470 1.586599 -1.236972
v -0.117256 1.599591 -1.234872
v -0.102128 1.583685 -1.229967
v -0.094208 1.619994 -1.245601
v -0.104659 1.599751 -1.223250
v -0.101380 1.614813 -1.229717
v -0.112785 1.611999 -1.236764
v -0.109805 1.613868 -1.250680
v -0.087924 1.581182 -1.261912
v -0.101890 1.584522 -1.263051
v -0.110626 1.582786 -1.250948
v -0.084649 1.596174 -1.268404
v -0.101273 1.609884 -1.262822
v -0.103119 1.597018 -1.266797
v -0.087279 1.612252 -1.261632
v -0.038377 1.728004 -1.207372
v -0.055550 1.524132 -0.578735
v -0.099969 1.462445 -0.617205
v -0.088124 1.524415 -0.685195
v -0.046979 1.581376 -0.642399
v -0.102984 1.399821 -0.541465
v -0.073777 1.588739 -0.753958
v -0.039897 1.640056 -0.708988
v -0.063040 1.458672 -0.497702
v -0.069828 1.373036 -0.409391
v -0.026591 1.793941 -0.972930
v -0.030331 1.759452 -0.897601
v -0.063727 1.652865 -0.831405
v -0.059740 1.716386 -0.931233
v -0.033409 1.704510 -0.797669
v -0.044907 1.798891 -1.085019
v -0.019294 1.821809 -1.034706
v -0.028203 1.812263 -1.169539
v -0.033998 1.780772 -1.197622
v -0.057174 1.755783 -1.005881
v -0.018563 1.838698 -1.091196
v -0.021284 1.835257 -1.144287
v -0.045084 1.352811 -1.306388
v -0.069031 1.406551 -1.323229
v -0.035600 1.493062 -1.381827
v -0.049643 1.464064 -1.345317
v -0.041030 1.423633 -1.446084
v -0.067344 1.367798 -1.400596
v -0.039015 1.402674 -1.401659
v -0.056510 1.360101 -1.443596
v -0.026651 1.405811 -1.431793
v -0.038125 1.385079 -1.446437
v -0.052310 1.375589 -1.406397
v -0.043575 1.651108 -1.269262
v -0.139957 0.157860 -0.606191
v -0.166991 0.174028 -0.546102
v -0.132890 0.174513 -0.497047
v -0.099633 0.162759 -0.594958
v -0.110022 0.173938 -0.506873
v -0.165469 0.164865 -0.591500
v -0.101237 0.168568 -0.547822
vn 0.8660 -0.2305 0.4437
vn 0.9803 0.0224 0.1961
vn 0.9884 -0.1509 -0.0159
vn 0.8661 -0.4992 -0.0276
vn 0.9362 0.3497 0.0351
vn 0.9529 0.1866 -0.2391
vn 0.9827 0.0774 -0.1681
vn 0.9916 0.1274 -0.0228
vn 0.4122 0.6095 -0.6772
vn 0.8649 0.4490 -0.2245
vn 0.8216 0.5509 -0.1464
vn 0.9312 0.3513 -0.0977
vn 0.8901 0.2909 -0.3509
vn 0.1974 -0.9596 0.2007
vn -0.4463 -0.8949 -0.0022
vn -0.1158 -0.7176 0.6867
vn 0.9144 -0.1344 -0.3819
vn 0.8835 -0.0605 -0.4646
vn 0.6028 -0.2466 -0.7588
vn 0.6542 -0.3379 -0.6766
vn 0.4220 -0.8564 0.2976
vn 0.3761 -0.8548 0.3574
vn -0.0000 -0.9269 0.3754
vn -0.0000 -0.9435 0.3315
vn 0.7442 -0.6671 0.0343
vn 0.6055 -0.7729 0.1894
vn -0.0000 -0.9558 0.2940
vn -0.0000 -0.9794 0.2020
vn 0.7005 -0.4083 -0.5853
vn 0.9360 -0.1879 -0.2975
vn 0.4809 0.5123 -0.7115
vn 0.5168 0.1815 -0.8367
vn -0.0000 0.5131 -0.8583
vn 0.9399 -0.2173 -0.2635
vn 0.8987 -0.0415 -0.4366
vn 0.9254 -0.0812 -0.3702
vn 0.9040 -0.4151 -0.1028
vn 0.9061 -0.4114 0.0983
vn 0.4629 -0.8573 0.2252
vn 0.4889 -0.8657 0.1076
vn 0.8700 -0.4922 -0.0286
vn 0.9088 0.0096 -0.4171
vn 0.8902 0.2238 -0.3968
vn 0.9614 0.2507 -0.1132
vn 0.9958 0.0123 -0.0911
vn 0.9423 0.3136 0.1174
vn 0.9628 0.2575 0.0815
vn 0.9943 0.0944 -0.0495
vn 0.9895 0.1431 -0.0183
vn 0.9839 0.1783 -0.0150
vn 0.9880 0.0710 -0.1370
vn 0.4840 -0.8747 -0.0262
vn -0.0000 -0.9994 0.0339
vn -0.0000 -0.9993 0.0364
vn 0.5965 -0.7432 0.3030
vn 0.8309 -0.5564 -0.0014
vn -0.0000 0.9999 0.0128
vn -0.0000 0.9942 -0.1078
vn 0.5316 0.8418 -0.0935
vn 0.5431 0.8395 0.0178
vn 0.9547 0.2967 0.0234
vn 0.8105 0.5856 0.0110
vn 0.8282 0.5591 -0.0390
vn 0.9637 0.2620 0.0518
vn 0.9589 -0.2836 -0.0010
vn 0.8711 -0.2236 -0.4373
vn 0.8400 0.5414 -0.0363
vn 0.5242 0.8420 -0.1276
vn 0.8923 -0.3239 0.3145
vn 0.5529 -0.6471 0.5249
vn 0.9876 0.0418 0.1511
vn 0.9932 0.0352 0.1108
vn 0.9703 0.2272 0.0827
vn -0.0000 -0.1552 -0.9879
vn 0.3181 -0.1417 -0.9374
vn 0.3335 -0.4497 -0.8286
vn -0.0000 -0.4833 -0.8754
vn 0.6295 0.6700 -0.3934
vn 0.9924 -0.1086 -0.0586
vn 0.8370 -0.1387 -0.5294
vn -0.0000 0.6650 -0.7469
vn 0.6725 0.5028 -0.5431
vn 0.6713 0.5482 -0.4988
vn -0.0000 0.7229 -0.6910
vn 0.3997 -0.3856 -0.8316
vn -0.3660 -0.5988 -0.7124
vn 0.2265 -0.6569 -0.7192
vn 0.9660 0.2535 -0.0512
vn 0.9747 0.2175 -0.0506
vn 0.9133 0.4072 -0.0134
vn 0.8564 0.5161 0.0124
vn 0.4114 -0.8663 -0.2834
vn 0.4674 -0.3619 -0.8066
vn 0.8178 0.0601 -0.5724
vn 0.5019 -0.0823 -0.8610
vn 0.3949 0.5236 -0.7549
vn 0.9177 -0.0072 -0.3972
vn 0.9664 0.1274 0.2233
vn 0.9577 0.2624 0.1181
vn 0.9942 -0.0862 -0.0645
vn 0.9989 0.0173 0.0447
vn 0.7090 -0.0251 -0.7048
vn 0.9492 0.0815 -0.3040
vn 0.3972 0.0178 -0.9175
vn 0.7140 0.1682 -0.6797
vn 0.6125 -0.3250 -0.7206
vn 0.6795 -0.0701 -0.7303
vn 0.8702 -0.2640 -0.4159
vn 0.9911 0.1320 0.0195
vn 0.9541 0.2828 0.0983
vn 0.9858 -0.1675 0.0133
vn 0.7245 -0.5714 0.3856
vn 0.9958 0.0114 0.0904
vn 0.5222 0.5802 0.6251
vn 0.6219 -0.5910 0.5139
vn -0.8371 0.3428 -0.4263
vn -0.5645 0.7749 0.2844
vn -0.0000 -0.0522 -0.9986
vn 0.3302 -0.0179 -0.9437
vn -0.0000 -0.0534 -0.9986
vn -0.3651 0.0390 -0.9302
vn 0.4208 0.2037 -0.8840
vn 0.3386 0.6353 -0.6941
vn 0.8601 -0.5090 0.0344
vn 0.8230 0.2830 -0.4925
vn 0.9238 0.1312 -0.3598
vn 0.5892 -0.3627 -0.7220
vn -0.0000 -0.9909 -0.1349
vn 0.8116 0.5727 0.1153
vn 0.6887 0.0957 -0.7187
vn 0.9855 0.1004 0.1368
vn -0.0000 0.9874 -0.1583
vn 0.9472 0.3046 0.1006
vn 0.6140 -0.4122 0.6732
vn -0.0000 -0.4799 -0.8773
vn 0.8395 -0.1122 -0.5316
vn 0.7564 -0.6269 -0.1866
vn -0.0000 -0.9212 -0.3891
vn 0.7467 -0.4439 -0.4954
vn 0.9428 -0.1837 -0.2783
vn 0.9420 -0.2856 0.1764
vn -0.0000 -0.1548 -0.9879
vn -0.0000 -0.8521 -0.5234
vn 0.7992 0.2370 -0.5523
vn -0.0000 0.1189 -0.9929
vn -0.0000 -0.9802 0.1980
vn 0.6052 0.7884 0.1106
vn -0.0000 0.9858 0.1681
vn -0.0000 -0.6661 -0.7459
vn -0.0000 -0.9673 -0.2537
vn -0.0000 -0.3532 -0.9356
vn -0.0000 -0.4795 -0.8775
vn -0.0000 -0.5542 -0.8324
vn 0.9862 0.1414 0.0864
vn 0.9546 0.2772 0.1086
vn 0.9610 -0.2569 0.1025
vn 0.8968 -0.3982 0.1927
vn -0.0000 -0.9551 0.2964
vn -0.0000 -0.7676 0.6410
vn -0.0000 -0.7936 0.6085
vn 0.7650 -0.5844 0.2706
vn -0.0000 -0.8846 0.4664
vn -0.0000 -0.8148 0.5798
vn 0.7496 -0.5495 0.3690
vn 0.8752 -0.4078 0.2603
vn 0.3949 0.3809 -0.8361
vn 0.8499 0.5126 -0.1219
vn 0.4101 0.7333 -0.5423
vn -0.0000 -0.7107 -0.7035
vn -0.0000 0.6019 -0.7985
vn 0.2150 0.5085 -0.8338
vn -0.0000 0.6689 -0.7433
vn 0.7091 -0.6559 0.2587
vn -0.0000 -0.9506 0.3103
vn 0.5940 0.7710 0.2299
vn 0.8682 -0.1983 -0.4548
vn 0.0255 -0.2687 -0.9629
vn -0.0166 -0.1176 -0.9929
vn 0.8621 -0.0754 -0.5012
vn -0.8335 -0.0054 -0.5525
vn -0.7799 -0.1677 -0.6030
vn 0.0187 -0.1820 -0.9831
vn 0.1227 -0.0166 -0.9923
vn 0.8525 0.0249 -0.5221
vn 0.8934 -0.0170 -0.4490
vn 0.1392 0.1910 -0.9717
vn -0.7679 0.1521 0.6223
vn -0.9910 0.0683 0.1154
vn -0.9817 -0.1364 0.1328
vn -0.7322 -0.1829 0.6561
vn -0.9938 0.0999 0.0490
vn -0.9754 -0.2161 0.0432
vn 0.8653 -0.2009 -0.4591
vn -0.8057 0.0187 -0.5921
vn -0.8704 -0.0632 -0.4883
vn 0.9459 -0.1929 0.2610
vn 0.4327 -0.1846 0.8824
vn 0.3540 0.0669 0.9328
vn 0.9619 -0.0034 0.2733
vn 0.9436 -0.0256 0.3301
vn 0.2212 0.0813 0.9718
vn -0.7120 0.1653 0.6825
vn -0.9911 -0.0032 0.1331
vn -0.7205 0.0789 0.6889
vn 0.9587 0.0839 0.2716
vn 0.9424 -0.1026 0.3183
vn 0.2763 0.1892 0.9423
vn 0.2298 -0.1814 0.9562
vn 0.8454 -0.3070 -0.4371
vn 0.0203 -0.3609 -0.9324
vn -0.8701 -0.1180 -0.4786
vn 0.9452 -0.1127 0.3063
vn 0.2682 -0.0109 0.9633
vn -0.7597 -0.0511 0.6483
vn -0.9812 -0.0953 0.1677
vn -0.8640 -0.2420 -0.4416
vn -0.5363 -0.2232 0.8140
vn -0.7579 0.1267 0.6399
vn 0.2920 0.1741 0.9405
vn 0.9611 0.0591 0.2697
vn 0.8571 -0.0480 -0.5129
vn 0.0942 -0.1062 -0.9899
vn -0.8401 -0.0606 -0.5391
vn -0.9903 0.0393 0.1329
vn 0.9393 -0.2741 0.2063
vn 0.7898 0.0959 -0.6058
vn 0.1103 0.3469 -0.9314
vn -0.6997 -0.4970 0.5132
vn 0.3501 -0.5634 0.7484
vn -0.9326 -0.3413 0.1171
vn -0.6677 0.1475 -0.7297
vn 0.8200 0.4261 -0.3822
vn 0.9277 0.2486 0.2785
vn 0.9656 0.0860 0.2455
vn 0.8594 0.3601 -0.3629
vn 0.0981 0.5550 -0.8261
vn 0.0984 0.6031 -0.7916
vn 0.3200 0.1203 0.9397
vn -0.6653 0.0642 0.7439
vn -0.5297 -0.1497 0.8349
vn 0.5267 -0.0977 0.8444
vn -0.9341 0.1841 0.3059
vn -0.9552 0.0140 0.2956
vn -0.7855 0.4889 -0.3794
vn -0.8502 0.3823 -0.3619
vn 0.6177 -0.2858 0.7326
vn 0.9978 -0.0204 0.0637
vn -0.9805 -0.1010 0.1683
vn -0.6055 -0.3060 0.7346
vn 0.0661 0.6388 -0.7665
vn -0.6905 0.4536 -0.5634
vn 0.7202 0.4544 -0.5243
vn 0.0011 -1.0000 -0.0012
vn -0.0000 -1.0000 -0.0000
vn 0.0010 -1.0000 -0.0011
vn -0.0044 -1.0000 0.0001
vn -0.0013 -1.0000 -0.0008
vn -0.0010 -1.0000 -0.0009
vn 0.9404 0.3103 0.1392
vn 0.9407 0.3280 0.0865
vn 0.8978 0.4200 0.1326
vn 0.9090 0.3795 0.1723
vn 0.5636 -0.8247 -0.0466
vn 0.6945 0.3872 -0.6064
vn -0.0000 0.6375 -0.7704
vn 0.9467 0.1031 -0.3051
vn 0.7032 0.4792 -0.5252
vn -0.0000 0.5755 -0.8178
vn 0.9560 0.2168 -0.1978
vn 0.9976 -0.0669 -0.0179
vn 0.9983 -0.0572 0.0144
vn 0.5603 0.1890 -0.8064
vn -0.0000 0.2046 -0.9789
vn -0.0000 0.4186 -0.9082
vn 0.6806 0.3887 -0.6211
vn 0.8649 0.4458 0.2306
vn 0.8950 0.4061 0.1847
vn 0.8920 0.4029 0.2051
vn 0.8690 0.4348 0.2362
vn 0.9192 0.3866 -0.0747
vn 0.8837 0.4669 0.0331
vn 0.9242 0.3463 0.1608
vn 0.9079 0.3744 0.1883
vn 0.8388 0.4554 0.2985
vn 0.8535 0.4407 0.2781
vn 0.8402 0.2934 0.4561
vn 0.8383 0.4366 0.3266
vn 0.8539 0.4178 0.3102
vn 0.7875 0.3059 0.5350
vn 0.9254 0.2964 -0.2362
vn 0.6924 0.5765 -0.4339
vn -0.0000 0.0476 0.9989
vn -0.0000 0.2656 0.9641
vn 0.0389 -0.9980 0.0496
vn 0.2452 -0.7026 0.6680
vn -0.3222 -0.5857 0.7437
vn -0.6147 -0.7268 0.3065
vn 0.3276 0.0153 0.9447
vn -0.4235 -0.0056 0.9059
vn -0.9208 -0.0180 0.3895
vn 0.2011 0.7523 0.6274
vn -0.3728 0.5969 0.7105
vn -0.0378 0.9980 -0.0501
vn -0.6702 0.7031 0.2376
vn -0.7173 -0.6387 -0.2783
vn -0.2010 -0.7535 -0.6260
vn -0.9203 -0.0240 -0.3904
vn -0.3276 -0.0145 -0.9447
vn -0.2433 0.7032 -0.6681
vn -0.7449 0.5831 -0.3242
vn 0.6735 -0.6996 -0.2386
vn 0.7488 -0.5782 0.3241
vn 0.9205 0.0249 -0.3901
vn 0.9203 0.0303 0.3900
vn 0.7159 0.6401 0.2789
vn 0.6126 0.7284 -0.3066
vn 0.3737 -0.5974 -0.7095
vn 0.4229 0.0073 -0.9062
vn 0.3213 0.5860 -0.7438
vn 0.8239 0.5012 0.2645
vn 0.8427 0.4624 0.2757
vn 0.8177 0.4520 0.3565
vn 0.8305 0.4596 0.3146
vn -0.0000 0.8079 0.5893
vn -0.0000 0.7739 0.6333
vn 0.7939 0.5551 0.2483
vn -0.0000 0.9116 0.4111
vn -0.0000 0.8784 0.4780
vn 0.6717 0.6974 -0.2500
vn 0.6790 0.7303 0.0750
vn -0.0000 0.6693 0.7430
vn 0.8411 0.4544 0.2932
vn -0.0000 0.8200 0.5723
vn -0.0000 0.8466 0.5322
vn -0.0000 0.9583 0.2858
vn 0.7172 0.6688 0.1960
vn -0.0000 0.9943 0.1062
vn 0.7587 0.6133 0.2198
vn -0.0000 0.9362 0.3515
vn -0.0000 0.7042 -0.7100
vn -0.0000 0.9278 -0.3730
vn 0.9351 0.3478 0.0682
vn 0.7974 0.5746 -0.1847
vn 0.7829 0.5736 -0.2410
vn 0.8240 0.5342 -0.1889
vn -0.8660 -0.2305 0.4437
vn -0.8661 -0.4992 -0.0276
vn -0.9884 -0.1509 -0.0159
vn -0.9803 0.0224 0.1961
vn -0.9362 0.3497 0.0351
vn -0.9916 0.1274 -0.0228
vn -0.9827 0.0774 -0.1681
vn -0.9529 0.1866 -0.2391
vn -0.4122 0.6095 -0.6772
vn -0.8216 0.5509 -0.1464
vn -0.8649 0.4490 -0.2245
vn -0.9312 0.3513 -0.0977
vn -0.8901 0.2909 -0.3509
vn -0.1974 -0.9596 0.2007
vn 0.1158 -0.7176 0.6867
vn 0.4463 -0.8949 -0.0022
vn -0.9144 -0.1344 -0.3819
vn -0.6542 -0.3379 -0.6766
vn -0.6028 -0.2466 -0.7588
vn -0.8835 -0.0605 -0.4646
vn -0.4220 -0.8564 0.2976
vn -0.3761 -0.8548 0.3574
vn -0.7442 -0.6671 0.0343
vn -0.6055 -0.7729 0.1894
vn -0.7005 -0.4083 -0.5853
vn -0.9360 -0.1879 -0.2975
vn -0.4809 0.5123 -0.7115
vn -0.5168 0.1815 -0.8367
vn -0.9399 -0.2173 -0.2635
vn -0.9040 -0.4151 -0.1028
vn -0.9254 -0.0812 -0.3702
vn -0.8987 -0.0415 -0.4366
vn -0.9061 -0.4114 0.0983
vn -0.8700 -0.4922 -0.0286
vn -0.4889 -0.8657 0.1076
vn -0.4629 -0.8573 0.2252
vn -0.9088 0.0096 -0.4171
vn -0.9958 0.0123 -0.0911
vn -0.9614 0.2507 -0.1132
vn -0.8902 0.2238 -0.3968
vn -0.9423 0.3136 0.1174
vn -0.9895 0.1431 -0.0183
vn -0.9943 0.0944 -0.0495
vn -0.9628 0.2575 0.0815
vn -0.9880 0.0710 -0.1370
vn -0.9839 0.1783 -0.0150
vn -0.4840 -0.8747 -0.0262
vn -0.8309 -0.5564 -0.0014
vn -0.5965 -0.7432 0.3030
vn -0.5431 0.8395 0.0178
vn -0.5316 0.8418 -0.0935
vn -0.9547 0.2967 0.0234
vn -0.9637 0.2620 0.0518
vn -0.8282 0.5591 -0.0390
vn -0.8105 0.5856 0.0110
vn -0.8711 -0.2236 -0.4373
vn -0.9589 -0.2836 -0.0010
vn -0.8400 0.5414 -0.0363
vn -0.5242 0.8420 -0.1276
vn -0.5529 -0.6471 0.5249
vn -0.8923 -0.3239 0.3145
vn -0.9876 0.0418 0.1511
vn -0.9703 0.2272 0.0827
vn -0.9932 0.0352 0.1108
vn -0.3335 -0.4497 -0.8286
vn -0.3181 -0.1417 -0.9374
vn -0.6295 0.6700 -0.3934
vn -0.8370 -0.1387 -0.5294
vn -0.9924 -0.1086 -0.0586
vn -0.6713 0.5482 -0.4988
vn -0.6725 0.5028 -0.5431
vn -0.3997 -0.3856 -0.8316
vn -0.2265 -0.6569 -0.7192
vn 0.3660 -0.5988 -0.7124
vn -0.9660 0.2535 -0.0512
vn -0.8564 0.5161 0.0124
vn -0.9133 0.4072 -0.0134
vn -0.9747 0.2175 -0.0506
vn -0.4114 -0.8663 -0.2834
vn -0.4674 -0.3619 -0.8066
vn -0.5019 -0.0823 -0.8610
vn -0.8178 0.0601 -0.5724
vn -0.3949 0.5236 -0.7549
vn -0.9577 0.2624 0.1181
vn -0.9664 0.1274 0.2233
vn -0.9177 -0.0072 -0.3972
vn -0.9942 -0.0862 -0.0645
vn -0.9989 0.0173 0.0447
vn -0.9492 0.0815 -0.3040
vn -0.7090 -0.0251 -0.7048
vn -0.3972 0.0178 -0.9175
vn -0.7140 0.1682 -0.6797
vn -0.6795 -0.0701 -0.7303
vn -0.6125 -0.3250 -0.7206
vn -0.8702 -0.2640 -0.4159
vn -0.9911 0.1320 0.0195
vn -0.9541 0.2828 0.0983
vn -0.9858 -0.1675 0.0133
vn -0.7245 -0.5714 0.3856
vn -0.5222 0.5802 0.6251
vn -0.9958 0.0114 0.0904
vn -0.6219 -0.5910 0.5139
vn 0.8371 0.3428 -0.4263
vn 0.5645 0.7749 0.2844
vn -0.3302 -0.0179 -0.9437
vn -0.4208 0.2037 -0.8840
vn 0.3651 0.0390 -0.9302
vn -0.3386 0.6353 -0.6941
vn -0.8601 -0.5090 0.0344
vn -0.5892 -0.3627 -0.7220
vn -0.9238 0.1312 -0.3598
vn -0.8230 0.2830 -0.4925
vn -0.8116 0.5727 0.1153
vn -0.6887 0.0957 -0.7187
vn -0.9855 0.1004 0.1368
vn -0.9472 0.3046 0.1006
vn -0.6140 -0.4122 0.6732
vn -0.7564 -0.6269 -0.1866
vn -0.8395 -0.1122 -0.5316
vn -0.7467 -0.4439 -0.4954
vn -0.9428 -0.1837 -0.2783
vn -0.9420 -0.2856 0.1764
vn -0.7992 0.2370 -0.5523
vn -0.6052 0.7884 0.1106
vn -0.9546 0.2772 0.1086
vn -0.9862 0.1414 0.0864
vn -0.9610 -0.2569 0.1025
vn -0.8968 -0.3982 0.1927
vn -0.7650 -0.5844 0.2706
vn -0.7496 -0.5495 0.3690
vn -0.8752 -0.4078 0.2603
vn -0.3949 0.3809 -0.8361
vn -0.8499 0.5126 -0.1219
vn -0.4101 0.7333 -0.5423
vn -0.2150 0.5085 -0.8338
vn -0.7091 -0.6559 0.2587
vn -0.5940 0.7710 0.2299
vn -0.8682 -0.1983 -0.4548
vn -0.8621 -0.0754 -0.5012
vn 0.0166 -0.1176 -0.9929
vn -0.0255 -0.2687 -0.9629
vn 0.8335 -0.0054 -0.5525
vn -0.0187 -0.1820 -0.9831
vn 0.7799 -0.1677 -0.6030
vn -0.1227 -0.0166 -0.9923
vn -0.1392 0.1910 -0.9717
vn -0.8934 -0.0170 -0.4490
vn -0.8525 0.0249 -0.5221
vn 0.7679 0.1521 0.6223
vn 0.7322 -0.1829 0.6561
vn 0.9817 -0.1364 0.1328
vn 0.9910 0.0683 0.1154
vn 0.9938 0.0999 0.0490
vn 0.9754 -0.2161 0.0432
vn -0.8653 -0.2009 -0.4591
vn 0.8057 0.0187 -0.5921
vn 0.8704 -0.0632 -0.4883
vn -0.9459 -0.1929 0.2610
vn -0.9619 -0.0034 0.2733
vn -0.3540 0.0669 0.9328
vn -0.4327 -0.1846 0.8824
vn -0.9436 -0.0256 0.3301
vn -0.2212 0.0813 0.9718
vn 0.7120 0.1653 0.6825
vn 0.7205 0.0789 0.6889
vn 0.9911 -0.0032 0.1331
vn -0.9424 -0.1026 0.3183
vn -0.9587 0.0839 0.2716
vn -0.2298 -0.1814 0.9562
vn -0.2763 0.1892 0.9423
vn -0.0203 -0.3609 -0.9324
vn -0.8454 -0.3070 -0.4371
vn 0.8701 -0.1180 -0.4786
vn -0.9452 -0.1127 0.3063
vn -0.2682 -0.0109 0.9633
vn 0.7597 -0.0511 0.6483
vn 0.9812 -0.0953 0.1677
vn 0.8640 -0.2420 -0.4416
vn 0.5363 -0.2232 0.8140
vn -0.2920 0.1741 0.9405
vn 0.7579 0.1267 0.6399
vn -0.9611 0.0591 0.2697
vn -0.8571 -0.0480 -0.5129
vn 0.8401 -0.0606 -0.5391
vn -0.0942 -0.1062 -0.9899
vn 0.9903 0.0393 0.1329
vn -0.7898 0.0959 -0.6058
vn -0.9393 -0.2741 0.2063
vn -0.1103 0.3469 -0.9314
vn -0.3501 -0.5634 0.7484
vn 0.6997 -0.4970 0.5132
vn 0.9326 -0.3413 0.1171
vn 0.6677 0.1475 -0.7297
vn -0.8200 0.4261 -0.3822
vn -0.8594 0.3601 -0.3629
vn -0.9656 0.0860 0.2455
vn -0.9277 0.2486 0.2785
vn -0.0981 0.5549 -0.8261
vn -0.0984 0.6031 -0.7916
vn -0.3200 0.1203 0.9397
vn -0.5267 -0.0977 0.8444
vn 0.5297 -0.1497 0.8349
vn 0.6653 0.0642 0.7439
vn 0.9552 0.0140 0.2956
vn 0.9341 0.1841 0.3059
vn 0.7855 0.4889 -0.3794
vn 0.8502 0.3823 -0.3619
vn -0.9978 -0.0204 0.0637
vn -0.6177 -0.2858 0.7326
vn 0.6055 -0.3060 0.7346
vn 0.9805 -0.1010 0.1683
vn 0.6905 0.4536 -0.5634
vn -0.0661 0.6388 -0.7665
vn -0.7202 0.4544 -0.5243
vn -0.0011 -1.0000 -0.0012
vn -0.0010 -1.0000 -0.0011
vn 0.0044 -1.0000 0.0001
vn 0.0010 -1.0000 -0.0009
vn 0.0013 -1.0000 -0.0008
vn -0.9404 0.3103 0.1392
vn -0.9090 0.3795 0.1723
vn -0.8978 0.4200 0.1326
vn -0.9407 0.3280 0.0865
vn -0.5636 -0.8247 -0.0466
vn -0.6945 0.3872 -0.6064
vn -0.9467 0.1031 -0.3051
vn -0.7032 0.4792 -0.5252
vn -0.9560 0.2168 -0.1978
vn -0.9976 -0.0669 -0.0179
vn -0.9983 -0.0572 0.0144
vn -0.5603 0.1890 -0.8064
vn -0.6806 0.3887 -0.6211
vn -0.8649 0.4458 0.2306
vn -0.8690 0.4348 0.2362
vn -0.8920 0.4029 0.2051
vn -0.8950 0.4061 0.1847
vn -0.8837 0.4669 0.0331
vn -0.9192 0.3866 -0.0747
vn -0.9242 0.3463 0.1608
vn -0.9079 0.3744 0.1883
vn -0.8388 0.4554 0.2985
vn -0.8535 0.4407 0.2781
vn -0.8402 0.2934 0.4561
vn -0.7875 0.3059 0.5350
vn -0.8539 0.4178 0.3102
vn -0.8383 0.4366 0.3266
vn -0.6924 0.5765 -0.4339
vn -0.9254 0.2964 -0.2362
vn -0.0389 -0.9980 0.0496
vn 0.6147 -0.7268 0.3065
vn 0.3222 -0.5857 0.7437
vn -0.2452 -0.7026 0.6680
vn -0.3276 0.0153 0.9447
vn 0.4235 -0.0056 0.9059
vn 0.9208 -0.0180 0.3895
vn 0.3728 0.5969 0.7105
vn -0.2011 0.7523 0.6274
vn 0.0378 0.9980 -0.0501
vn 0.6702 0.7031 0.2376
vn 0.2010 -0.7535 -0.6260
vn 0.7173 -0.6387 -0.2783
vn 0.9203 -0.0240 -0.3904
vn 0.3276 -0.0145 -0.9447
vn 0.7449 0.5831 -0.3242
vn 0.2433 0.7032 -0.6681
vn -0.7488 -0.5782 0.3241
vn -0.6735 -0.6996 -0.2386
vn -0.9205 0.0249 -0.3901
vn -0.9203 0.0303 0.3900
vn -0.6126 0.7284 -0.3066
vn -0.7159 0.6401 0.2789
vn -0.3737 -0.5974 -0.7095
vn -0.4229 0.0073 -0.9062
vn -0.3213 0.5860 -0.7438
vn -0.8427 0.4624 0.2757
vn -0.8239 0.5012 0.2645
vn -0.8177 0.4520 0.3565
vn -0.8305 0.4596 0.3146
vn -0.7939 0.5551 0.2483
vn -0.6717 0.6974 -0.2500
vn -0.6790 0.7303 0.0750
vn -0.8411 0.4544 0.2932
vn -0.7172 0.6688 0.1960
vn -0.7587 0.6133 0.2198
vn -0.9351 0.3478 0.0682
vn -0.7974 0.5746 -0.1847
vn -0.8240 0.5342 -0.1889
vn -0.7829 0.5736 -0.2410
vt 0.817292 0.200623
vt 0.817302 0.200621
vt 0.817299 0.200629
vt 0.817291 0.200630
vt 0.817291 0.200687
vt 0.817278 0.200672
vt 0.817286 0.200667
vt 0.817296 0.200677
vt 0.817307 0.200597
vt 0.817308 0.200602
vt 0.817302 0.200600
vt 0.817273 0.200687
vt 0.817266 0.200676
vt 0.817222 0.200713
vt 0.817215 0.200703
vt 0.817218 0.200711
vt 0.817284 0.200653
vt 0.817277 0.200659
vt 0.817270 0.200654
vt 0.817275 0.200649
vt 0.817244 0.200773
vt 0.817256 0.200788
vt 0.817253 0.200789
vt 0.817242 0.200773
vt 0.817271 0.200605
vt 0.817274 0.200616
vt 0.817271 0.200618
vt 0.817267 0.200606
vt 0.817281 0.200644
vt 0.817290 0.200647
vt 0.817301 0.200596
vt 0.817295 0.200596
vt 0.817277 0.200602
vt 0.817286 0.200597
vt 0.817290 0.200604
vt 0.817279 0.200612
vt 0.817249 0.200753
vt 0.817237 0.200758
vt 0.817231 0.200743
vt 0.817242 0.200737
vt 0.817240 0.200684
vt 0.817251 0.200680
vt 0.817256 0.200691
vt 0.817243 0.200695
vt 0.817312 0.200645
vt 0.817307 0.200656
vt 0.817300 0.200653
vt 0.817306 0.200643
vt 0.817301 0.200667
vt 0.817293 0.200660
vt 0.817226 0.200727
vt 0.817224 0.200728
vt 0.817220 0.200713
vt 0.817226 0.200715
vt 0.817236 0.200720
vt 0.817299 0.200732
vt 0.817305 0.200752
vt 0.817300 0.200753
vt 0.817294 0.200735
vt 0.817272 0.200744
vt 0.817284 0.200739
vt 0.817290 0.200756
vt 0.817279 0.200760
vt 0.817230 0.200699
vt 0.817228 0.200687
vt 0.817298 0.200775
vt 0.817308 0.200771
vt 0.817285 0.200618
vt 0.817280 0.200622
vt 0.817275 0.200781
vt 0.817268 0.200763
vt 0.817286 0.200778
vt 0.817231 0.200668
vt 0.817222 0.200673
vt 0.822926 0.626649
vt 0.822989 0.626399
vt 0.823065 0.626642
vt 0.817281 0.200586
vt 0.817281 0.200587
vt 0.817274 0.200583
vt 0.817274 0.200582
vt 0.817218 0.200687
vt 0.817214 0.200693
vt 0.817219 0.200683
vt 0.817266 0.200724
vt 0.817259 0.200706
vt 0.817275 0.200702
vt 0.817279 0.200719
vt 0.823191 0.626783
vt 0.823143 0.626874
vt 0.817268 0.200664
vt 0.817262 0.200659
vt 0.822999 0.626815
vt 0.817314 0.200604
vt 0.817316 0.200610
vt 0.817304 0.200609
vt 0.817254 0.200730
vt 0.817262 0.200748
vt 0.817294 0.200599
vt 0.817296 0.200602
vt 0.817251 0.200663
vt 0.817257 0.200667
vt 0.817225 0.200679
vt 0.817235 0.200674
vt 0.817219 0.200692
vt 0.817310 0.200630
vt 0.817316 0.200632
vt 0.817245 0.200711
vt 0.817229 0.200714
vt 0.817321 0.200602
vt 0.817321 0.200610
vt 0.817287 0.200626
vt 0.817319 0.200603
vt 0.817325 0.200600
vt 0.817249 0.200662
vt 0.817240 0.200666
vt 0.817239 0.200665
vt 0.817324 0.200594
vt 0.817315 0.200602
vt 0.817314 0.200600
vt 0.868665 0.628579
vt 0.868668 0.628578
vt 0.868678 0.628596
vt 0.868669 0.628589
vt 0.817216 0.200700
vt 0.817285 0.200701
vt 0.817244 0.200671
vt 0.817296 0.200611
vt 0.817312 0.200769
vt 0.817299 0.200603
vt 0.817219 0.200710
vt 0.868628 0.628569
vt 0.868643 0.628570
vt 0.868383 0.629758
vt 0.868411 0.629763
vt 0.817285 0.200638
vt 0.817295 0.200639
vt 0.817221 0.200703
vt 0.817260 0.200657
vt 0.817215 0.200690
vt 0.869367 0.629863
vt 0.869366 0.629851
vt 0.869382 0.629835
vt 0.869382 0.629859
vt 0.817227 0.200743
vt 0.817290 0.200717
vt 0.817295 0.200715
vt 0.817281 0.200638
vt 0.817284 0.200631
vt 0.817267 0.200653
vt 0.817272 0.200648
vt 0.817277 0.200643
vt 0.817313 0.200620
vt 0.817318 0.200621
vt 0.868637 0.628592
vt 0.868619 0.628589
vt 0.817256 0.200768
vt 0.817233 0.200758
vt 0.817278 0.200624
vt 0.817283 0.200627
vt 0.817267 0.200600
vt 0.817264 0.200602
vt 0.817259 0.200598
vt 0.817262 0.200596
vt 0.817263 0.200784
vt 0.817299 0.200596
vt 0.817300 0.200599
vt 0.817328 0.200593
vt 0.817217 0.200681
vt 0.874051 0.912361
vt 0.873644 0.912349
vt 0.873690 0.912256
vt 0.873849 0.912302
vt 0.873256 0.912065
vt 0.873298 0.912175
vt 0.868634 0.628602
vt 0.868386 0.629742
vt 0.817292 0.200704
vt 0.817037 0.201432
vt 0.817034 0.201446
vt 0.817106 0.201198
vt 0.817104 0.201154
vt 0.817109 0.201185
vt 0.817206 0.200695
vt 0.817205 0.200692
vt 0.874110 0.916141
vt 0.874029 0.916046
vt 0.874247 0.915977
vt 0.874341 0.916074
vt 0.873796 0.915439
vt 0.873916 0.915730
vt 0.874145 0.915630
vt 0.874022 0.915333
vt 0.817113 0.201169
vt 0.817209 0.200704
vt 0.817205 0.200696
vt 0.874051 0.916067
vt 0.874295 0.915993
vt 0.817208 0.200705
vt 0.817211 0.200712
vt 0.817123 0.201083
vt 0.817115 0.201111
vt 0.817058 0.201359
vt 0.817076 0.201296
vt 0.817114 0.201113
vt 0.817062 0.201346
vt 0.817077 0.201292
vt 0.873872 0.915729
vt 0.874081 0.915643
vt 0.873772 0.915367
vt 0.873989 0.915260
vt 0.816997 0.201572
vt 0.816991 0.201590
vt 0.817047 0.201400
vt 0.817002 0.201551
vt 0.817006 0.201536
vt 0.817009 0.201527
vt 0.817005 0.201540
vt 0.817000 0.201560
vt 0.817211 0.200711
vt 0.816892 0.201927
vt 0.816889 0.201936
vt 0.816886 0.201949
vt 0.816881 0.201968
vt 0.816880 0.201973
vt 0.816888 0.201945
vt 0.816889 0.201938
vt 0.874518 0.915748
vt 0.874544 0.916018
vt 0.874550 0.916105
vt 0.874481 0.915514
vt 0.874507 0.915459
vt 0.874456 0.915690
vt 0.874486 0.916033
vt 0.871722 0.770473
vt 0.871726 0.770481
vt 0.872025 0.770625
vt 0.871994 0.770611
vt 0.872196 0.770599
vt 0.871885 0.770627
vt 0.871730 0.770492
vt 0.872194 0.770593
vt 0.872184 0.770592
vt 0.872186 0.770592
vt 0.872241 0.770748
vt 0.872234 0.770747
vt 0.872185 0.770592
vt 0.872177 0.770590
vt 0.873223 0.916033
vt 0.873316 0.916291
vt 0.859651 0.067849
vt 0.859709 0.067809
vt 0.823198 0.626586
vt 0.823204 0.626688
vt 0.817287 0.200590
vt 0.817287 0.200589
vt 0.868640 0.628612
vt 0.868626 0.628614
vt 0.868615 0.628605
vt 0.868650 0.628596
vt 0.868656 0.628590
vt 0.868667 0.629674
vt 0.868654 0.629685
vt 0.868651 0.629677
vt 0.817279 0.200592
vt 0.817273 0.200597
vt 0.868654 0.628613
vt 0.859634 0.068013
vt 0.859637 0.068013
vt 0.859641 0.067865
vt 0.859643 0.067860
vt 0.859700 0.067818
vt 0.859646 0.067855
vt 0.859636 0.067867
vt 0.859711 0.067744
vt 0.859632 0.067868
vt 0.859717 0.068004
vt 0.859634 0.068014
vt 0.859631 0.067889
vt 0.859633 0.067885
vt 0.886662 0.559466
vt 0.859738 0.053562
vt 0.859723 0.053581
vt 0.859713 0.053556
vt 0.859722 0.053548
vt 0.859697 0.053436
vt 0.859757 0.053511
vt 0.859753 0.053500
vt 0.859686 0.053427
vt 0.859444 0.053549
vt 0.859443 0.053549
vt 0.859439 0.053398
vt 0.859796 0.053515
vt 0.859775 0.053529
vt 0.859681 0.053619
vt 0.859679 0.053621
vt 0.859677 0.053585
vt 0.859637 0.053535
vt 0.859639 0.053540
vt 0.859676 0.053636
vt 0.859694 0.053410
vt 0.859686 0.053407
vt 0.859790 0.053438
vt 0.859754 0.053542
vt 0.859745 0.053526
vt 0.859741 0.053513
vt 0.859709 0.053549
vt 0.859639 0.053503
vt 0.859641 0.053521
vt 0.859636 0.053532
vt 0.859650 0.053498
vt 0.859680 0.053651
vt 0.859680 0.053636
vt 0.859666 0.053630
vt 0.859681 0.053635
vt 0.859689 0.053621
vt 0.859702 0.053605
vt 0.859717 0.053420
vt 0.859714 0.053437
vt 0.859709 0.053430
vt 0.859709 0.053428
vt 0.859157 0.053570
vt 0.859156 0.053569
vt 0.859160 0.053569
vt 0.859160 0.053571
vt 0.817271 0.200582
vt 0.817269 0.200579
vt 0.859644 0.053542
vt 0.817268 0.200592
vt 0.817272 0.200588
vt 0.868655 0.628571
vt 0.868656 0.628574
vt 0.886696 0.559385
vt 0.886695 0.559385
vt 0.886695 0.559384
vt 0.868647 0.628573
vt 0.869382 0.629869
vt 0.817304 0.200596
vt 0.873119 0.915691
vt 0.873114 0.915758
vt 0.873241 0.915986
vt 0.873371 0.916254
vt 0.873410 0.916341
s 1
usemtl material
f 79/1/1 215/2/2 39/3/3 121/4/4
f 28/5/5 46/6/6 113/7/7 125/8/8
f 127/9/9 213/10/10 69/11/11
f 91/12/12 106/13/13 46/6/6 28/5/5
f 95/14/14 18/15/15 66/16/16
f 112/17/17 10/18/18 107/19/19 134/20/20
f 98/21/21 81/22/22 5/23/23 102/24/24
f 88/25/25 90/26/26 214/27/27 26/28/28
f 22/29/29 94/30/30 112/17/17 134/20/20
f 104/31/31 123/32/32 126/31/33
f 9/33/34 48/34/35 139/35/36 135/36/37
f 55/37/38 85/38/39 45/39/40 72/40/41
f 83/41/42 37/42/43 92/43/44 21/44/45
f 82/45/46 115/46/47 67/47/48 70/48/49
f 115/46/47 4/49/50 24/50/51 67/47/48
f 110/51/52 3/52/53 100/53/54 95/14/14
f 110/51/52 35/54/55 51/55/56
f 62/56/57 87/57/58 11/58/59 20/59/60
f 125/8/8 113/7/7 24/50/51 4/49/50
f 1/60/61 56/61/62 144/62/63 64/63/64
f 21/44/45 15/64/65 137/65/66 83/41/42
f 33/66/67 144/62/63 11/58/59 142/67/68
f 135/36/37 78/68/69 7/69/70 90/26/26
f 8/70/71 143/71/72 64/63/64 109/72/73
f 210/73/74 101/73/75 53/74/76 43/74/77
f 219/75/78 123/76/79 217/77/80
f 292/78/81 294/79/82 224/80/83 221/81/84
f 29/82/85 16/83/86 89/84/87
f 23/85/88 108/86/89 31/87/90 111/88/91
f 129/89/92 40/90/93 217/77/80
f 10/18/18 86/91/94 122/92/95 107/19/19
f 117/93/96 219/75/78 217/77/80
f 213/10/10 128/94/97 80/95/98 60/96/99
f 73/97/100 2/98/101 55/37/38 72/40/41
f 110/51/52 51/55/56 72/40/41 45/39/40
f 139/35/36 219/99/102 117/100/103
f 93/101/104 122/92/95 86/91/94 14/102/105
f 83/41/42 137/65/66 149/103/106 103/104/107
f 53/74/76 101/73/75 103/104/107 149/103/106
f 29/82/85 149/103/106 137/65/66 68/105/108
f 38/106/109 99/107/110 82/45/46 70/48/49
f 34/108/111 124/109/112 15/64/65
f 80/95/98 50/110/113 49/111/114
f 79/1/1 121/4/4 138/112/115
f 128/94/97 50/110/113 80/95/98
f 76/113/116 49/111/114 119/114/117
f 130/115/118 93/101/104 42/116/119 71/117/120
f 76/113/116 141/118/121 52/119/122
f 52/119/122 127/9/9 254/120/123
f 112/17/17 24/50/51 113/7/7 10/18/18
f 34/108/111 51/55/56 124/109/112
f 21/44/45 92/43/44 108/86/89 34/108/111
f 92/43/44 37/42/43 106/13/13 91/12/12
f 300/121/124 296/122/125 225/123/126 298/124/127
f 95/14/14 100/53/54 59/125/128 18/15/15
f 31/87/90 91/12/12 28/5/5 77/126/129
f 103/104/107 30/127/130 37/42/43 83/41/42
f 135/36/37 139/35/36 17/128/131 78/68/69
f 131/129/132 142/67/68 11/58/59 87/57/58
f 40/130/133 69/11/11 213/10/10 60/96/99
f 95/14/14 35/54/55 110/51/52
f 124/109/112 35/54/55 66/16/16 27/131/134
f 47/132/135 32/133/136 97/134/137 84/135/138
f 41/136/139 44/137/140 94/30/30 22/29/29
f 137/65/66 15/64/65 114/138/141 68/105/108
f 130/115/118 74/139/142 122/92/95 93/101/104
f 16/83/86 18/15/15 59/125/128 120/140/143
f 118/141/144 32/142/136 47/143/135 303/144/145
f 110/51/52 45/39/40 136/145/146 3/52/53
f 19/146/147 20/59/60 56/61/62 111/88/91
f 31/87/90 108/86/89 92/43/44 91/12/12
f 39/3/3 44/137/140 41/136/139 121/4/4
f 40/90/93 117/93/96 217/77/80
f 20/59/60 19/146/147 61/147/148 62/56/57
f 65/148/149 6/149/150 121/4/4 41/136/139
f 2/98/101 73/97/100 23/85/88 1/60/61
f 67/47/48 94/30/30 44/137/140 70/48/49
f 24/50/51 112/17/17 94/30/30 67/47/48
f 13/150/151 107/19/19 122/92/95 74/139/142
f 79/1/1 138/112/115 7/69/70 78/68/69
f 135/36/37 90/26/26 88/25/25 9/33/34
f 132/151/152 63/152/153 22/29/29 134/20/20
f 99/107/110 38/106/109 211/153/154 212/154/155
f 66/16/16 35/54/55 95/14/14
f 17/128/131 40/130/133 60/96/99
f 32/133/136 226/155/156 97/156/137
f 132/151/152 134/20/20 107/19/19 13/150/151
f 98/21/21 85/38/39 55/37/38 145/157/157
f 42/116/119 101/73/75 210/73/74 71/117/120
f 136/145/146 45/39/40 85/38/39 58/158/158
f 216/159/159 7/69/70 138/112/115 105/160/160
f 23/85/88 73/97/100 34/108/111 108/86/89
f 11/58/59 144/62/63 56/61/62 20/59/60
f 21/44/45 34/108/111 15/64/65
f 19/146/147 111/88/91 31/87/90 77/126/129
f 291/161/161 290/162/162 222/163/163 220/164/164
f 101/73/75 42/116/119 30/127/130 103/104/107
f 73/97/100 72/40/41 51/55/56 34/108/111
f 96/165/165 145/157/157 143/71/72 8/70/71
f 106/13/13 14/102/105 86/91/94 46/6/6
f 17/128/131 215/2/2 79/1/1 78/68/69
f 218/166/166 104/31/31 69/11/11 129/167/167
f 52/119/122 141/118/121 50/110/113
f 50/110/113 140/168/168 49/111/114
f 89/84/87 12/169/169 43/74/77 53/74/76
f 12/169/169 89/84/87 16/83/86 120/140/143
f 38/106/109 39/3/3 215/2/2 211/153/154
f 10/18/18 113/7/7 46/6/6 86/91/94
f 17/128/131 60/96/99 215/2/2
f 218/166/166 123/32/32 104/31/31
f 35/54/55 124/109/112 51/55/56
f 124/109/112 27/131/134 114/138/141 15/64/65
f 22/29/29 63/152/153 65/148/149 41/136/139
f 126/170/33 54/171/170 127/172/9 304/173/171
f 69/11/11 104/31/31 127/9/9
f 128/94/97 52/119/122 50/110/113
f 254/174/123 127/172/9 54/171/170 253/175/172
f 40/130/133 129/167/167 69/11/11
f 97/156/137 75/176/173 36/177/174 84/135/138
f 37/42/43 30/127/130 14/102/105 106/13/13
f 42/116/119 93/101/104 14/102/105 30/127/130
f 56/61/62 1/60/61 23/85/88 111/88/91
f 133/178/175 61/147/148 19/146/147
f 128/94/97 213/10/10 127/9/9 52/119/122
f 17/128/131 139/35/36 117/100/103 40/130/133
f 119/114/117 49/111/114 140/168/168
f 140/168/168 50/110/113 141/118/121
f 145/157/157 55/37/38 2/98/101 143/71/72
f 140/168/168 141/118/121 119/114/117
f 76/113/116 119/114/117 141/118/121
f 64/63/64 144/62/63 33/66/67 109/72/73
f 64/63/64 143/71/72 2/98/101 1/60/61
f 98/21/21 145/157/157 96/165/165 81/22/22
f 85/38/39 98/21/21 102/24/24 58/158/158
f 164/179/176 166/180/177 155/181/178 154/182/179
f 157/183/180 151/184/181 148/185/182 155/181/178
f 305/186/183 310/187/184 176/188/185 178/189/186
f 309/190/187 311/191/188 209/192/189 175/193/190
f 156/194/191 147/195/192 151/184/181 157/183/180
f 150/196/193 154/182/179 155/181/178 148/185/182
f 308/197/194 305/186/183 178/189/186 174/198/195
f 160/199/196 162/200/197 152/201/198 146/202/199
f 165/203/200 164/179/176 154/182/179 146/202/199
f 153/204/201 165/203/200 146/202/199 152/201/198
f 154/182/179 150/196/193 160/199/196 146/202/199
f 159/205/202 156/194/191 203/206/203 163/207/204
f 310/187/184 306/208/205 177/209/206 176/188/185
f 306/208/205 307/210/207 173/211/208 177/209/206
f 166/180/177 164/179/176 170/212/209 172/213/210
f 159/205/202 163/207/204 153/204/201 152/201/198
f 166/180/177 158/214/211 157/183/180 155/181/178
f 164/179/176 165/203/200 171/215/212 170/212/209
f 165/203/200 153/204/201 167/216/213 171/215/212
f 153/204/201 163/207/204 169/217/214 167/216/213
f 163/207/204 203/206/203 206/218/215 169/217/214
f 158/214/211 166/180/177 172/213/210 168/219/216
f 159/205/202 161/220/217 147/195/192 156/194/191
f 307/210/207 309/190/187 175/193/190 173/211/208
f 167/216/213 169/217/214 181/221/218 184/222/219
f 171/215/212 167/216/213 184/222/219 183/223/220
f 170/212/209 171/215/212 183/223/220 182/224/221
f 168/219/216 172/213/210 180/225/222 179/226/223
f 169/217/214 206/218/215 204/227/224 181/221/218
f 172/213/210 170/212/209 182/224/221 180/225/222
f 176/188/185 177/209/206 189/228/225 188/229/226
f 178/189/186 176/188/185 188/229/226 190/230/227
f 173/211/208 175/193/190 187/231/228 185/232/229
f 177/209/206 173/211/208 185/232/229 189/228/225
f 175/193/190 209/192/189 208/233/230 187/231/228
f 174/198/195 178/189/186 190/230/227 186/234/231
f 188/235/232 189/236/233 195/236/234 194/235/235
f 190/237/236 188/238/232 194/238/235 196/237/237
f 185/239/238 187/240/239 193/240/240 191/239/241
f 189/236/233 185/241/238 191/241/241 195/236/234
f 187/242/239 208/243/242 205/244/243 193/242/240
f 186/245/244 190/246/236 196/246/237 192/245/245
f 195/236/234 191/241/241 197/241/246 201/236/247
f 193/242/240 205/244/243 207/247/248 199/242/249
f 192/245/245 196/246/237 202/246/250 198/245/251
f 194/235/235 195/236/234 201/236/247 200/235/252
f 196/237/237 194/238/235 200/238/252 202/237/250
f 191/239/241 193/240/240 199/240/249 197/239/246
f 198/248/253 202/246/254 200/238/255
f 199/242/256 207/247/257 201/236/258 197/241/256
f 207/247/248 205/244/243 192/248/245 198/248/251
f 205/244/243 208/243/242 186/248/244 192/248/245
f 208/233/230 209/192/189 174/198/195 186/234/231
f 206/218/215 203/206/203 158/214/211 168/219/216
f 204/227/224 206/218/215 168/219/216 179/226/223
f 311/191/188 204/249/224 179/250/223 308/197/194
f 207/247/257 198/248/253 200/238/255 201/236/258
f 203/206/203 156/194/191 157/183/180 158/214/211
f 147/195/192 161/220/217 66/16/16 18/15/15
f 152/201/198 162/200/197 161/220/217 159/205/202
f 161/220/217 162/200/197 27/131/134 66/16/16
f 162/200/197 160/199/196 114/138/141 27/131/134
f 160/199/196 150/196/193 68/105/108 114/138/141
f 150/196/193 148/185/182 29/82/85 68/105/108
f 148/185/182 151/184/181 16/83/86 29/82/85
f 151/184/181 147/195/192 18/15/15 16/83/86
f 89/84/87 53/74/76 149/103/106
f 44/137/140 39/3/3 38/106/109 70/48/49
f 6/149/150 105/160/160 138/112/115 121/4/4
f 211/153/154 215/2/2 60/96/99 80/95/98
f 212/154/155 211/153/154 80/95/98
f 99/251/259 212/252/260 284/252/261 268/251/262
f 212/154/155 80/95/98 49/111/114
f 7/69/70 216/159/159 214/27/27 90/26/26
f 123/76/79 218/253/263 217/77/80
f 218/254/263 129/89/92 217/77/80
f 48/34/35 123/32/32 219/99/102
f 139/35/36 48/34/35 219/99/102
f 48/34/35 116/255/264 123/32/32
f 116/255/264 25/256/265 126/31/33 123/32/32
f 77/126/129 28/5/5 133/178/175
f 220/257/164 222/258/163 36/259/174 75/176/173
f 297/260/266 302/261/267 298/124/127 225/123/126
f 57/262/268 296/263/125 118/264/144
f 295/265/269 294/79/82 116/255/264 48/34/35
f 291/161/161 293/266/270 9/33/34 88/25/25
f 293/266/270 295/265/269 48/34/35 9/33/34
f 226/155/156 223/267/271 220/257/164 75/176/173
f 97/156/137 226/155/156 75/176/173
f 226/155/156 32/133/136 297/260/266 223/267/271
f 254/268/272 253/269/273 285/269/274 278/268/275
f 4/270/276 115/271/277 261/271/278 258/270/279
f 212/252/260 49/272/280 274/272/281 284/252/261
f 82/273/282 99/251/259 268/251/262 267/273/283
f 125/274/284 4/270/276 258/270/279 257/274/285
f 133/275/286 28/276/287 260/276/288 264/275/289
f 49/277/280 76/278/290 276/278/291 274/277/281
f 61/279/292 133/280/286 264/280/289 282/279/293
f 115/271/277 82/273/282 267/273/283 261/271/278
f 77/126/129 133/178/175 19/146/147
f 29/82/85 89/84/87 149/103/106
f 236/281/294 240/281/295 227/281/296 232/281/297
f 242/281/298 230/281/299 227/281/296 240/281/295
f 231/281/300 232/281/297 227/281/296 230/281/299
f 242/281/298 243/281/301 228/281/302 230/281/299
f 241/281/303 229/281/304 228/281/302 243/281/301
f 231/281/300 230/281/299 228/281/302 229/281/304
f 236/281/294 232/281/297 233/281/305 246/281/306
f 231/281/300 235/281/307 233/281/305 232/281/297
f 249/281/308 246/281/306 233/281/305 235/281/307
f 241/281/303 252/281/309 234/281/310 229/281/304
f 249/281/308 235/281/307 234/281/310 252/281/309
f 231/281/300 229/281/304 234/281/310 235/281/307
f 236/281/294 248/281/311 238/281/312 240/281/295
f 237/281/313 239/281/314 238/281/312 248/281/311
f 242/281/298 240/281/295 238/281/312 239/281/314
f 241/281/303 243/281/301 244/281/315 245/281/316
f 242/281/298 239/281/314 244/281/315 243/281/301
f 237/281/313 245/281/316 244/281/315 239/281/314
f 236/281/294 246/281/306 247/281/317 248/281/311
f 249/281/308 251/281/318 247/281/317 246/281/306
f 237/281/313 248/281/311 247/281/317 251/281/318
f 241/281/303 245/281/316 250/281/319 252/281/309
f 237/281/313 251/281/318 250/281/319 245/281/316
f 249/281/308 252/281/309 250/281/319 251/281/318
f 28/276/287 125/274/284 257/274/285 260/276/288
f 76/278/290 254/268/272 278/268/275
f 76/113/116 52/119/122 254/120/123
f 261/282/278 267/283/283 269/284/320 262/285/321
f 263/286/322 255/287/323 256/288/324 280/289/325
f 260/290/288 263/291/322 264/292/289
f 263/286/322 260/293/288 257/294/285 255/287/323
f 266/295/326 272/296/327 271/297/328 269/284/320
f 288/298/329 287/299/330 274/300/281
f 264/301/289 279/302/331 282/303/293
f 258/304/279 261/282/278 262/285/321 259/305/332
f 255/287/323 259/305/332 273/306/333 256/288/324
f 269/284/320 271/297/328 270/307/334 262/285/321
f 255/287/323 257/294/285 258/304/279 259/305/332
f 281/308/335 275/309/336 287/299/330 286/310/337
f 265/311/338 275/309/336 281/312/335 283/313/339
f 274/300/281 275/314/336 265/315/338 284/316/261
f 262/285/321 270/307/334 273/306/333 259/305/332
f 287/299/330 275/314/336 274/300/281
f 280/289/325 279/302/331 264/301/289 263/286/322
f 268/317/262 266/295/326 269/284/320 267/283/283
f 284/316/261 265/315/338 266/295/326 268/317/262
f 265/315/338 283/313/339 272/296/327 266/295/326
f 276/318/291 277/319/340 289/320/341 288/321/329
f 276/322/291 278/323/275 285/324/274 277/325/340
f 289/320/341 286/310/337 287/299/330 288/298/329
f 221/81/84 224/80/83 296/326/125 57/327/268
f 276/328/291 288/298/329 274/300/281
f 223/329/271 225/330/126 295/265/269 293/266/270
f 220/164/164 223/329/271 293/266/270 291/161/161
f 225/330/126 224/80/83 294/79/82 295/265/269
f 88/25/25 26/28/28 290/162/162 291/161/161
f 25/256/265 116/255/264 294/79/82 292/78/81
f 118/331/144 296/122/125 300/121/124 301/332/342
f 225/330/126 296/326/125 224/80/83
f 297/260/266 225/123/126 223/267/271
f 299/333/343 301/334/342 300/334/344 298/335/345
f 298/335/345 302/335/267 299/333/343
f 32/133/136 299/336/343 302/261/267 297/260/266
f 32/133/136 118/331/144 301/332/342 299/336/343
f 276/278/291 76/278/290 278/268/275
f 303/144/145 57/337/268 118/141/144
f 127/9/9 104/31/31 304/338/171
f 304/338/171 104/31/31 126/31/33
f 209/192/189 311/191/188 308/197/194 174/198/195
f 184/339/219 181/340/218 309/190/187 307/210/207
f 183/341/220 184/339/219 307/210/207 306/208/205
f 182/342/221 183/341/220 306/208/205 310/187/184
f 179/250/223 180/343/222 305/186/183 308/197/194
f 181/340/218 204/249/224 311/191/188 309/190/187
f 180/343/222 182/342/221 310/187/184 305/186/183
f 370/1/346 406/4/347 342/3/348 493/2/349
f 332/5/350 410/8/351 399/7/352 348/6/353
f 411/9/354 362/11/355 492/10/356
f 380/12/357 332/5/350 348/6/353 392/13/358
f 384/14/359 359/16/360 324/15/361
f 398/17/362 415/20/363 393/19/364 318/18/365
f 387/21/366 102/24/24 5/23/23 372/22/367
f 377/25/368 26/28/28 214/27/27 379/26/369
f 328/29/370 415/20/363 398/17/362 383/30/371
f 391/31/372 126/31/33 408/32/373
f 317/33/374 416/36/375 419/35/376 349/34/377
f 355/37/378 364/40/379 347/39/380 375/38/381
f 374/41/382 327/44/383 381/43/384 340/42/385
f 373/45/386 363/48/387 360/47/388 401/46/389
f 401/46/389 360/47/388 330/50/390 314/49/391
f 396/51/392 384/14/359 100/53/54 3/52/53
f 396/51/392 352/55/393 339/54/394
f 62/56/57 326/59/395 319/58/396 87/57/58
f 410/8/351 314/49/391 330/50/390 399/7/352
f 312/60/397 358/63/398 424/62/399 356/61/400
f 327/44/383 374/41/382 417/65/401 321/64/402
f 337/66/403 422/67/404 319/58/396 424/62/399
f 416/36/375 379/26/369 315/69/405 369/68/406
f 316/70/407 395/72/408 358/63/398 423/71/409
f 210/73/74 43/74/77 354/74/410 389/73/411
f 496/75/412 494/77/413 408/76/414
f 292/78/81 221/81/84 499/80/415 552/79/416
f 333/82/417 378/84/418 322/83/419
f 329/85/420 397/88/421 335/87/422 394/86/423
f 413/89/424 494/77/413 343/90/425
f 318/18/365 393/19/364 407/92/426 376/91/427
f 403/93/428 494/77/413 496/75/412
f 492/10/356 357/96/429 371/95/430 412/94/431
f 365/97/432 364/40/379 355/37/378 313/98/433
f 396/51/392 347/39/380 364/40/379 352/55/393
f 419/35/376 403/100/434 496/99/435
f 382/101/436 320/102/437 376/91/427 407/92/426
f 374/41/382 390/104/438 429/103/439 417/65/401
f 354/74/410 429/103/439 390/104/438 389/73/411
f 333/82/417 361/105/440 417/65/401 429/103/439
f 341/106/441 363/48/387 373/45/386 388/107/442
f 338/108/443 321/64/402 409/109/444
f 371/95/430 350/111/445 351/110/446
f 370/1/346 418/112/447 406/4/347
f 412/94/431 371/95/430 351/110/446
f 367/113/448 405/114/449 350/111/445
f 130/115/118 71/117/120 345/116/450 382/101/436
f 367/113/448 353/119/451 421/118/452
f 353/119/451 528/120/453 411/9/354
f 398/17/362 318/18/365 399/7/352 330/50/390
f 338/108/443 409/109/444 352/55/393
f 327/44/383 338/108/443 394/86/423 381/43/384
f 381/43/384 380/12/357 392/13/358 340/42/385
f 558/121/454 556/124/455 500/123/456 554/122/457
f 384/14/359 324/15/361 59/125/128 100/53/54
f 335/87/422 368/126/458 332/5/350 380/12/357
f 390/104/438 374/41/382 340/42/385 334/127/459
f 416/36/375 369/68/406 323/128/460 419/35/376
f 131/129/132 87/57/58 319/58/396 422/67/404
f 343/130/461 357/96/429 492/10/356 362/11/355
f 384/14/359 396/51/392 339/54/394
f 409/109/444 331/131/462 359/16/360 339/54/394
f 47/132/135 84/135/138 386/134/463 336/133/464
f 344/136/465 328/29/370 383/30/371 346/137/466
f 417/65/401 361/105/440 400/138/467 321/64/402
f 130/115/118 382/101/436 407/92/426 74/139/142
f 322/83/419 120/140/143 59/125/128 324/15/361
f 404/141/468 303/144/145 47/143/135 336/142/464
f 396/51/392 3/52/53 136/145/146 347/39/380
f 325/146/469 397/88/421 356/61/400 326/59/395
f 335/87/422 380/12/357 381/43/384 394/86/423
f 342/3/348 406/4/347 344/136/465 346/137/466
f 343/90/425 494/77/413 403/93/428
f 326/59/395 62/56/57 61/147/148 325/146/469
f 65/148/149 344/136/465 406/4/347 6/149/150
f 313/98/433 312/60/397 329/85/420 365/97/432
f 360/47/388 363/48/387 346/137/466 383/30/371
f 330/50/390 360/47/388 383/30/371 398/17/362
f 13/150/151 74/139/142 407/92/426 393/19/364
f 370/1/346 369/68/406 315/69/405 418/112/447
f 416/36/375 317/33/374 377/25/368 379/26/369
f 132/151/152 415/20/363 328/29/370 63/152/153
f 388/107/442 491/154/470 490/153/471 341/106/441
f 359/16/360 384/14/359 339/54/394
f 323/128/460 357/96/429 343/130/461
f 336/133/464 386/156/463 501/155/472
f 132/151/152 13/150/151 393/19/364 415/20/363
f 387/21/366 425/157/473 355/37/378 375/38/381
f 345/116/450 71/117/120 210/73/74 389/73/411
f 136/145/146 58/158/158 375/38/381 347/39/380
f 216/159/159 105/160/160 418/112/447 315/69/405
f 329/85/420 394/86/423 338/108/443 365/97/432
f 319/58/396 326/59/395 356/61/400 424/62/399
f 327/44/383 321/64/402 338/108/443
f 325/146/469 368/126/458 335/87/422 397/88/421
f 550/161/474 497/164/475 222/163/163 290/162/162
f 389/73/411 390/104/438 334/127/459 345/116/450
f 365/97/432 338/108/443 352/55/393 364/40/379
f 385/165/476 316/70/407 423/71/409 425/157/473
f 392/13/358 348/6/353 376/91/427 320/102/437
f 323/128/460 369/68/406 370/1/346 493/2/349
f 495/166/477 413/167/478 362/11/355 391/31/372
f 353/119/451 351/110/446 421/118/452
f 351/110/446 350/111/445 420/168/479
f 378/84/418 354/74/410 43/74/77 12/169/169
f 12/169/169 120/140/143 322/83/419 378/84/418
f 341/106/441 490/153/471 493/2/349 342/3/348
f 318/18/365 376/91/427 348/6/353 399/7/352
f 323/128/460 493/2/349 357/96/429
f 495/166/477 391/31/372 408/32/373
f 339/54/394 352/55/393 409/109/444
f 409/109/444 321/64/402 400/138/467 331/131/462
f 328/29/370 344/136/465 65/148/149 63/152/153
f 126/170/33 561/173/480 411/172/354 54/171/170
f 362/11/355 411/9/354 391/31/372
f 412/94/431 351/110/446 353/119/451
f 528/174/453 253/175/172 54/171/170 411/172/354
f 343/130/461 362/11/355 413/167/478
f 386/156/463 84/135/138 36/177/174 366/176/481
f 340/42/385 392/13/358 320/102/437 334/127/459
f 345/116/450 334/127/459 320/102/437 382/101/436
f 356/61/400 397/88/421 329/85/420 312/60/397
f 414/178/482 325/146/469 61/147/148
f 412/94/431 353/119/451 411/9/354 492/10/356
f 323/128/460 343/130/461 403/100/434 419/35/376
f 405/114/449 420/168/479 350/111/445
f 420/168/479 421/118/452 351/110/446
f 425/157/473 423/71/409 313/98/433 355/37/378
f 420/168/479 405/114/449 421/118/452
f 367/113/448 421/118/452 405/114/449
f 358/63/398 395/72/408 337/66/403 424/62/399
f 358/63/398 312/60/397 313/98/433 423/71/409
f 387/21/366 372/22/367 385/165/476 425/157/473
f 375/38/381 58/158/158 102/24/24 387/21/366
f 444/179/483 434/182/484 435/181/485 446/180/486
f 437/183/487 435/181/485 428/185/488 431/184/489
f 562/186/490 458/189/491 456/188/492 567/187/493
f 566/190/494 455/193/495 489/192/496 568/191/497
f 436/194/498 437/183/487 431/184/489 427/195/499
f 430/196/500 428/185/488 435/181/485 434/182/484
f 565/197/501 454/198/502 458/189/491 562/186/490
f 440/199/503 426/202/504 432/201/505 442/200/506
f 445/203/507 426/202/504 434/182/484 444/179/483
f 433/204/508 432/201/505 426/202/504 445/203/507
f 434/182/484 426/202/504 440/199/503 430/196/500
f 439/205/509 443/207/510 483/206/511 436/194/498
f 567/187/493 456/188/492 457/209/512 563/208/513
f 563/208/513 457/209/512 453/211/514 564/210/515
f 446/180/486 452/213/516 450/212/517 444/179/483
f 439/205/509 432/201/505 433/204/508 443/207/510
f 446/180/486 435/181/485 437/183/487 438/214/518
f 444/179/483 450/212/517 451/215/519 445/203/507
f 445/203/507 451/215/519 447/216/520 433/204/508
f 433/204/508 447/216/520 449/217/521 443/207/510
f 443/207/510 449/217/521 486/218/522 483/206/511
f 438/214/518 448/219/523 452/213/516 446/180/486
f 439/205/509 436/194/498 427/195/499 441/220/524
f 564/210/515 453/211/514 455/193/495 566/190/494
f 447/216/520 464/222/525 461/221/526 449/217/521
f 451/215/519 463/223/527 464/222/525 447/216/520
f 450/212/517 462/224/528 463/223/527 451/215/519
f 448/219/523 459/226/529 460/225/530 452/213/516
f 449/217/521 461/221/526 484/227/531 486/218/522
f 452/213/516 460/225/530 462/224/528 450/212/517
f 456/188/492 468/229/532 469/228/533 457/209/512
f 458/189/491 470/230/534 468/229/532 456/188/492
f 453/211/514 465/232/535 467/231/536 455/193/495
f 457/209/512 469/228/533 465/232/535 453/211/514
f 455/193/495 467/231/536 488/233/537 489/192/496
f 454/198/502 466/234/538 470/230/534 458/189/491
f 468/235/539 474/235/540 475/236/541 469/236/542
f 470/237/543 476/237/544 474/238/540 468/238/539
f 465/239/545 471/239/546 473/240/547 467/240/548
f 469/236/542 475/236/541 471/241/546 465/241/545
f 467/242/548 473/242/547 485/244/549 488/243/550
f 466/245/551 472/245/552 476/246/544 470/246/543
f 475/236/541 481/236/553 477/241/554 471/241/546
f 473/242/547 479/242/555 487/247/556 485/244/549
f 472/245/552 478/245/557 482/246/558 476/246/544
f 474/235/540 480/235/559 481/236/553 475/236/541
f 476/237/544 482/237/558 480/238/559 474/238/540
f 471/239/546 477/239/554 479/240/555 473/240/547
f 478/248/560 480/238/561 482/246/254
f 479/242/562 477/241/562 481/236/563 487/247/564
f 487/247/556 478/248/557 472/248/552 485/244/549
f 485/244/549 472/248/552 466/248/551 488/243/550
f 488/233/537 466/234/538 454/198/502 489/192/496
f 486/218/522 448/219/523 438/214/518 483/206/511
f 484/227/531 459/226/529 448/219/523 486/218/522
f 568/191/497 565/197/501 459/250/529 484/249/531
f 487/247/564 481/236/563 480/238/561 478/248/560
f 483/206/511 438/214/518 437/183/487 436/194/498
f 427/195/499 324/15/361 359/16/360 441/220/524
f 432/201/505 439/205/509 441/220/524 442/200/506
f 441/220/524 359/16/360 331/131/462 442/200/506
f 442/200/506 331/131/462 400/138/467 440/199/503
f 440/199/503 400/138/467 361/105/440 430/196/500
f 430/196/500 361/105/440 333/82/417 428/185/488
f 428/185/488 333/82/417 322/83/419 431/184/489
f 431/184/489 322/83/419 324/15/361 427/195/499
f 378/84/418 429/103/439 354/74/410
f 346/137/466 363/48/387 341/106/441 342/3/348
f 6/149/150 406/4/347 418/112/447 105/160/160
f 490/153/471 371/95/430 357/96/429 493/2/349
f 491/154/470 371/95/430 490/153/471
f 388/251/565 541/251/566 547/252/567 491/252/568
f 491/154/470 350/111/445 371/95/430
f 315/69/405 379/26/369 214/27/27 216/159/159
f 408/76/414 494/77/413 495/253/569
f 495/254/569 494/77/413 413/89/424
f 349/34/377 496/99/435 408/32/373
f 419/35/376 496/99/435 349/34/377
f 349/34/377 408/32/373 402/255/570
f 402/255/570 408/32/373 126/31/33 25/256/265
f 368/126/458 414/178/482 332/5/350
f 497/257/475 366/176/481 36/259/174 222/258/163
f 555/260/571 500/123/456 556/124/455 560/261/572
f 57/262/268 404/264/468 554/263/457
f 553/265/573 349/34/377 402/255/570 552/79/416
f 550/161/474 377/25/368 317/33/374 551/266/574
f 551/266/574 317/33/374 349/34/377 553/265/573
f 501/155/472 366/176/481 497/257/475 498/267/575
f 386/156/463 366/176/481 501/155/472
f 501/155/472 498/267/575 555/260/571 336/133/464
f 528/268/576 546/268/577 285/269/274 253/269/273
f 314/270/578 531/270/579 534/271/580 401/271/581
f 491/252/568 547/252/567 543/272/582 350/272/583
f 373/273/584 540/273/585 541/251/566 388/251/565
f 410/274/586 530/274/587 531/270/579 314/270/578
f 414/275/588 537/275/589 533/276/590 332/276/591
f 350/277/583 543/277/582 545/278/592 367/278/593
f 61/279/292 282/279/293 537/280/589 414/280/588
f 401/271/581 534/271/580 540/273/585 373/273/584
f 368/126/458 325/146/469 414/178/482
f 333/82/417 429/103/439 378/84/418
f 511/281/594 507/281/595 502/281/596 515/281/597
f 517/281/598 515/281/597 502/281/596 505/281/599
f 506/281/600 505/281/599 502/281/596 507/281/595
f 517/281/598 505/281/599 503/281/601 518/281/602
f 516/281/603 518/281/602 503/281/601 504/281/604
f 506/281/600 504/281/604 503/281/601 505/281/599
f 511/281/594 521/281/605 508/281/606 507/281/595
f 506/281/600 507/281/595 508/281/606 510/281/607
f 524/281/608 510/281/607 508/281/606 521/281/605
f 516/281/603 504/281/604 509/281/609 527/281/610
f 524/281/608 527/281/610 509/281/609 510/281/607
f 506/281/600 510/281/607 509/281/609 504/281/604
f 511/281/594 515/281/597 513/281/611 523/281/612
f 512/281/613 523/281/612 513/281/611 514/281/614
f 517/281/598 514/281/614 513/281/611 515/281/597
f 516/281/603 520/281/615 519/281/616 518/281/602
f 517/281/598 518/281/602 519/281/616 514/281/614
f 512/281/613 514/281/614 519/281/616 520/281/615
f 511/281/594 523/281/612 522/281/617 521/281/605
f 524/281/608 521/281/605 522/281/617 526/281/618
f 512/281/613 526/281/618 522/281/617 523/281/612
f 516/281/603 527/281/610 525/281/619 520/281/615
f 512/281/613 520/281/615 525/281/619 526/281/618
f 524/281/608 526/281/618 525/281/619 527/281/610
f 332/276/591 533/276/590 530/274/587 410/274/586
f 367/278/593 546/268/577 528/268/576
f 367/113/448 528/120/453 353/119/451
f 534/282/580 535/285/620 542/284/621 540/283/585
f 536/286/622 280/289/325 256/288/324 529/287/623
f 533/290/590 537/292/589 536/291/622
f 536/286/622 529/287/623 530/294/587 533/293/590
f 539/295/624 542/284/621 271/297/328 272/296/327
f 549/298/625 543/300/582 548/299/626
f 537/301/589 282/303/293 279/302/331
f 531/304/579 532/305/627 535/285/620 534/282/580
f 529/287/623 256/288/324 273/306/333 532/305/627
f 542/284/621 535/285/620 270/307/334 271/297/328
f 529/287/623 532/305/627 531/304/579 530/294/587
f 281/308/335 286/310/337 548/299/626 544/309/628
f 538/311/629 283/313/339 281/312/335 544/309/628
f 543/300/582 547/316/567 538/315/629 544/314/628
f 535/285/620 532/305/627 273/306/333 270/307/334
f 548/299/626 543/300/582 544/314/628
f 280/289/325 536/286/622 537/301/589 279/302/331
f 541/317/566 540/283/585 542/284/621 539/295/624
f 547/316/567 541/317/566 539/295/624 538/315/629
f 538/315/629 539/295/624 272/296/327 283/313/339
f 545/318/592 549/321/625 289/320/341 277/319/340
f 545/322/592 277/325/340 285/324/274 546/323/577
f 289/320/341 549/298/625 548/299/626 286/310/337
f 221/81/84 57/327/268 554/326/457 499/80/415
f 545/328/592 543/300/582 549/298/625
f 498/329/575 551/266/574 553/265/573 500/330/456
f 497/164/475 550/161/474 551/266/574 498/329/575
f 500/330/456 553/265/573 552/79/416 499/80/415
f 377/25/368 550/161/474 290/162/162 26/28/28
f 25/256/265 292/78/81 552/79/416 402/255/570
f 404/331/468 559/332/630 558/121/454 554/122/457
f 500/330/456 499/80/415 554/326/457
f 555/260/571 498/267/575 500/123/456
f 557/333/631 556/335/632 558/334/633 559/334/630
f 556/335/632 557/333/631 560/335/572
f 336/133/464 555/260/571 560/261/572 557/336/631
f 336/133/464 557/336/631 559/332/630 404/331/468
f 545/278/592 546/268/577 367/278/593
f 303/144/145 404/141/468 57/337/268
f 411/9/354 561/338/480 391/31/372
f 561/338/480 126/31/33 391/31/372
f 489/192/496 454/198/502 565/197/501 568/191/497
f 464/339/525 564/210/515 566/190/494 461/340/526
f 463/341/527 563/208/513 564/210/515 464/339/525
f 462/342/528 567/187/493 563/208/513 463/341/527
f 459/250/529 565/197/501 562/186/490 460/343/530
f 461/340/526 566/190/494 568/191/497 484/249/531
f 460/343/530 562/186/490 567/187/493 462/342/528
o horse_001.001
v 0.190156 1.282241 0.405754
v 0.144673 1.099385 0.649637
v 0.000000 0.843447 0.165011
v 0.252396 1.154026 0.294932
v 0.228042 1.037662 0.149753
v 0.050578 0.768757 0.525206
v 0.120036 1.369802 0.335382
v 0.220919 0.819232 0.311655
v 0.069226 0.744246 0.414579
v 0.153602 0.526819 0.621097
v 0.215505 1.106718 0.585006
v 0.156076 0.781953 0.612365
v 0.053757 0.661258 0.544932
v 0.000000 1.361375 0.446656
v 0.236878 0.904631 0.233476
v 0.187952 0.870409 0.609783
v 0.180870 0.890897 0.206413
v 0.195667 1.229942 0.146669
v 0.000000 1.314902 0.541123
v 0.041359 0.894043 0.585170
v 0.073876 0.914324 0.632418
v 0.108508 0.633396 0.416193
v 0.186805 0.774566 0.559292
v 0.231947 0.859310 0.395960
v 0.195447 0.733401 0.391786
v 0.235054 0.885039 0.541920
v 0.228834 1.184086 0.450039
v 0.077887 0.782594 0.605970
v 0.218504 1.258870 0.272819
v 0.109844 1.181072 0.633982
v 0.173547 0.800373 0.282405
v 0.148010 0.625363 0.405763
v 0.000000 0.851818 0.386603
v 0.000000 0.854352 0.298020
v 0.056249 1.060989 0.648724
v 0.248678 1.098219 0.470161
v 0.185986 0.632224 0.458027
v 0.101165 1.345346 0.436209
v 0.118823 0.975929 0.665462
v 0.045085 1.271799 0.605893
v 0.185159 1.204604 0.561099
v 0.000000 0.874510 0.491785
v 0.000000 1.391105 0.334597
v 0.000000 0.916972 0.572511
v 0.000000 1.386054 0.225731
v 0.111563 0.718593 0.333735
v 0.116471 0.867902 0.165011
v 0.160299 0.989266 0.658747
v 0.122533 0.784144 0.628170
v 0.251293 0.974823 0.326534
v 0.000000 0.975552 0.614687
v 0.245694 0.988471 0.481190
v 0.163577 0.716495 0.335732
v 0.110734 0.809838 0.298020
v 0.114112 1.360218 0.233599
v 0.228811 0.934489 0.149810
v 0.077142 0.643943 0.453614
v 0.137303 1.282325 0.523038
v 0.212070 0.753532 0.471318
v 0.114623 0.551907 0.673544
v 0.111840 0.489443 0.700770
v 0.000000 0.856893 0.219850
v 0.135929 0.851393 0.640453
v 0.147876 0.499579 0.571684
v 0.117289 0.493014 0.555274
v 0.076598 0.517727 0.624649
v 0.084462 0.502320 0.573089
v 0.069502 0.451025 0.588381
v 0.223932 1.129739 0.150152
v 0.088086 0.534483 0.671489
v 0.046093 1.152910 0.648878
v 0.119238 0.875673 0.219849
v 0.051820 0.986815 0.655401
v 0.064838 0.829807 0.386600
v 0.000000 1.217243 0.744996
v 0.210694 0.995644 0.595929
v 0.188614 0.645291 0.524177
v 0.106908 0.685468 0.645627
v 0.038132 0.855921 0.515473
v 0.000000 1.357123 0.131533
v 0.101904 0.851945 0.632045
v 0.254346 1.066174 0.313054
v 0.108835 1.323066 0.135449
v 0.088762 0.680016 0.624803
v 0.138996 0.672760 0.636503
v 0.168610 0.659450 0.586770
v 0.084345 0.490338 0.688169
v 0.158852 0.439888 0.583637
v 0.161095 0.466357 0.646197
v 0.120072 0.434264 0.555700
v 0.112358 0.405811 0.688524
v 0.078977 0.395989 0.604707
v 0.091608 0.409010 0.679543
v 0.140216 0.391798 0.602198
v 0.143081 0.399828 0.643690
v 0.115272 0.384978 0.589347
v 0.110638 0.143568 0.754461
v 0.076121 0.129512 0.651443
v 0.086531 0.141826 0.744122
v 0.145500 0.135001 0.655082
v 0.146652 0.144747 0.702848
v 0.118923 0.126342 0.639624
v 0.083030 0.263203 0.628866
v 0.115870 0.253080 0.619403
v 0.093356 0.270953 0.703073
v 0.138161 0.255088 0.631779
v 0.140802 0.262489 0.670025
v 0.112482 0.268004 0.711351
v 0.112615 0.091050 0.711871
v 0.085832 0.100806 0.639986
v 0.095222 0.093335 0.705736
v 0.135967 0.097308 0.639917
v 0.138368 0.094754 0.674877
v 0.115696 0.098281 0.628726
v 0.129853 0.036300 0.710562
v 0.074738 0.081743 0.629080
v 0.098001 0.037688 0.711252
v 0.144654 0.071116 0.626505
v 0.148003 0.052281 0.672176
v 0.116385 0.077621 0.611996
v 0.131074 -0.000378 0.698973
v 0.074738 0.000062 0.569950
v 0.098001 0.000289 0.696666
v 0.144654 0.000062 0.565938
v 0.148003 0.000062 0.637117
v 0.116385 0.000062 0.543324
v 0.065500 0.470777 0.640771
v 0.084186 0.266312 0.664598
v 0.079305 0.056627 0.681548
v 0.082230 0.403530 0.638919
v 0.079920 -0.000159 0.646195
v 0.089144 0.097348 0.684388
v 0.077873 0.136215 0.702354
v 0.059015 1.266503 0.598097
v 0.029317 1.281922 0.649156
v 0.000000 1.305382 0.695202
v 0.000000 1.328270 0.636488
v 0.000000 1.000358 0.650830
v 0.000000 1.060989 0.660180
v 0.000000 0.594700 1.165812
v 0.053762 0.978362 0.882109
v 0.054076 1.021653 0.767071
v 0.057610 0.597984 1.142789
v 0.000000 0.997321 0.906301
v 0.000000 0.916103 0.806234
v 0.037434 1.124743 0.760630
v 0.029947 0.684657 0.994179
v 0.057222 0.738061 1.067784
v 0.000000 0.751613 1.088889
v 0.058154 0.868048 0.961720
v 0.000000 0.689010 0.987482
v 0.068408 0.707135 1.018450
v 0.000000 1.147463 0.792937
v 0.000000 0.565615 1.126674
v 0.042904 1.059788 0.819967
v 0.057352 0.833851 0.922705
v 0.039476 1.194264 0.710209
v 0.055359 0.941324 0.833126
v 0.049431 0.586455 1.128219
v 0.000000 0.993681 0.743865
v 0.046739 1.089788 0.712337
v 0.000000 1.076608 0.847865
v 0.000000 0.883122 0.987820
v 0.000000 0.806619 0.895852
v 0.000000 1.148172 0.646177
v 0.001509 1.076641 0.691227
v 0.078572 0.176933 0.643435
v 0.088952 0.187628 0.729562
v 0.142897 0.177596 0.646816
v 0.117840 0.171296 0.632452
v 0.144577 0.186511 0.691205
v 0.111292 0.187706 0.739170
v 0.080113 0.182361 0.688962
v 0.000000 1.077052 0.691888
v -0.190156 1.282241 0.405754
v -0.144673 1.099385 0.649637
v -0.252396 1.154026 0.294932
v -0.228042 1.037663 0.149753
v -0.050578 0.768757 0.525206
v -0.120036 1.369802 0.335382
v -0.220919 0.819232 0.311655
v -0.069226 0.744246 0.414579
v -0.153602 0.526819 0.621097
v -0.215505 1.106718 0.585006
v -0.156076 0.781953 0.612365
v -0.053757 0.661258 0.544932
v -0.236878 0.904631 0.233476
v -0.187952 0.870409 0.609783
v -0.180870 0.890897 0.206413
v -0.195667 1.229942 0.146669
v -0.041359 0.894043 0.585170
v -0.073876 0.914324 0.632418
v -0.108508 0.633396 0.416193
v -0.186805 0.774566 0.559292
v -0.231947 0.859310 0.395960
v -0.195447 0.733401 0.391786
v -0.235054 0.885039 0.541920
v -0.228834 1.184086 0.450039
v -0.077887 0.782594 0.605970
v -0.218504 1.258870 0.272819
v -0.109844 1.181072 0.633982
v -0.173547 0.800373 0.282405
v -0.148010 0.625363 0.405763
v -0.056249 1.060989 0.648724
v -0.248678 1.098219 0.470161
v -0.185986 0.632224 0.458027
v -0.101165 1.345346 0.436209
v -0.118823 0.975929 0.665462
v -0.045085 1.271799 0.605893
v -0.185160 1.204604 0.561099
v -0.111563 0.718593 0.333735
v -0.116471 0.867902 0.165011
v -0.160299 0.989266 0.658747
v -0.122533 0.784144 0.628170
v -0.251293 0.974823 0.326534
v -0.245694 0.988471 0.481190
v -0.163577 0.716495 0.335732
v -0.110734 0.809838 0.298020
v -0.114112 1.360218 0.233599
v -0.228811 0.934489 0.149810
v -0.077142 0.643943 0.453614
v -0.137303 1.282325 0.523038
v -0.212070 0.753532 0.471318
v -0.114623 0.551907 0.673544
v -0.111840 0.489443 0.700770
v -0.135929 0.851393 0.640453
v -0.147876 0.499579 0.571684
v -0.117289 0.493014 0.555274
v -0.076598 0.517727 0.624649
v -0.084462 0.502320 0.573089
v -0.069502 0.451025 0.588381
v -0.223932 1.129739 0.150152
v -0.088086 0.534483 0.671489
v -0.046093 1.152910 0.648878
v -0.119238 0.875673 0.219849
v -0.051820 0.986815 0.655401
v -0.064838 0.829807 0.386600
v -0.210694 0.995644 0.595929
v -0.188614 0.645291 0.524177
v -0.106908 0.685468 0.645627
v -0.038132 0.855921 0.515473
v -0.101904 0.851945 0.632045
v -0.254346 1.066174 0.313054
v -0.108835 1.323066 0.135449
v -0.088762 0.680016 0.624803
v -0.138996 0.672760 0.636503
v -0.168610 0.659450 0.586770
v -0.084345 0.490338 0.688169
v -0.158852 0.439888 0.583637
v -0.161095 0.466357 0.646197
v -0.120072 0.434264 0.555700
v -0.112358 0.405811 0.688524
v -0.078977 0.395989 0.604707
v -0.091608 0.409010 0.679543
v -0.140216 0.391798 0.602198
v -0.143081 0.399828 0.643690
v -0.115272 0.384978 0.589347
v -0.110638 0.143567 0.754461
v -0.076121 0.129512 0.651443
v -0.086531 0.141826 0.744122
v -0.145500 0.135001 0.655082
v -0.146652 0.144747 0.702848
v -0.118923 0.126342 0.639624
v -0.083030 0.263203 0.628866
v -0.115870 0.253079 0.619403
v -0.093356 0.270953 0.703073
v -0.138161 0.255088 0.631779
v -0.140802 0.262489 0.670025
v -0.112482 0.268004 0.711351
v -0.112615 0.091050 0.711871
v -0.085832 0.100806 0.639986
v -0.095222 0.093335 0.705736
v -0.135967 0.097308 0.639917
v -0.138368 0.094754 0.674877
v -0.115696 0.098281 0.628726
v -0.129853 0.036300 0.710562
v -0.074738 0.081743 0.629080
v -0.098001 0.037688 0.711252
v -0.144654 0.071116 0.626505
v -0.148003 0.052281 0.672176
v -0.116385 0.077621 0.611996
v -0.131074 -0.000378 0.698973
v -0.074738 0.000062 0.569950
v -0.098001 0.000289 0.696666
v -0.144654 0.000062 0.565938
v -0.148003 0.000062 0.637117
v -0.116385 0.000062 0.543324
v -0.065500 0.470777 0.640771
v -0.084186 0.266312 0.664598
v -0.079305 0.056627 0.681548
v -0.082230 0.403530 0.638919
v -0.079920 -0.000159 0.646195
v -0.089144 0.097348 0.684388
v -0.077873 0.136215 0.702354
v -0.059015 1.266503 0.598097
v -0.029317 1.281922 0.649156
v -0.053762 0.978362 0.882109
v -0.054076 1.021653 0.767071
v -0.057610 0.597984 1.142789
v -0.037434 1.124743 0.760630
v -0.029947 0.684657 0.994179
v -0.057222 0.738061 1.067784
v -0.058154 0.868048 0.961720
v -0.068408 0.707135 1.018450
v -0.042904 1.059788 0.819967
v -0.057352 0.833851 0.922705
v -0.039476 1.194264 0.710209
v -0.055359 0.941324 0.833126
v -0.049431 0.586455 1.128219
v -0.046739 1.089788 0.712337
v -0.001509 1.076641 0.691227
v -0.078572 0.176933 0.643435
v -0.088952 0.187628 0.729562
v -0.142897 0.177596 0.646816
v -0.117840 0.171296 0.632452
v -0.144577 0.186511 0.691205
v -0.111292 0.187706 0.739170
v -0.080113 0.182361 0.688962
vn 0.9791 0.1944 -0.0606
vn 0.9708 0.1283 -0.2027
vn 0.8537 0.4520 -0.2586
vn 0.8654 0.4901 -0.1044
vn 0.9791 -0.2029 0.0106
vn 0.9961 -0.0815 -0.0348
vn 0.9892 -0.0347 0.1424
vn 0.9405 -0.1435 0.3079
vn -0.7751 -0.0472 0.6301
vn -0.6941 -0.4388 0.5707
vn -0.8224 -0.5305 0.2056
vn -0.9916 -0.1101 0.0680
vn 0.8724 -0.2073 -0.4427
vn 0.0263 -0.2978 -0.9543
vn -0.0360 -0.4212 -0.9062
vn 0.8950 -0.2176 -0.3894
vn -0.5361 -0.5602 -0.6314
vn 0.2955 -0.6710 -0.6800
vn 0.8627 -0.4143 -0.2900
vn 0.8702 -0.4331 -0.2349
vn -0.8655 -0.1700 -0.4712
vn -0.8754 -0.3166 -0.3653
vn 0.0717 0.1685 0.9831
vn 0.4274 0.6489 0.6295
vn 0.5430 0.6553 0.5251
vn 0.8997 0.4332 0.0544
vn 0.8859 0.4165 0.2041
vn 0.9124 0.2407 0.3310
vn 0.9475 -0.2012 -0.2487
vn 0.7224 0.4747 0.5028
vn 0.5387 0.7092 0.4548
vn 0.3101 0.3878 0.8680
vn -0.5436 -0.4421 -0.7135
vn -0.9352 -0.1830 -0.3030
vn 0.0425 -0.9628 -0.2669
vn 0.3536 -0.8344 -0.4228
vn 0.2747 -0.6249 -0.7308
vn -0.3774 -0.7079 -0.5970
vn -0.8324 0.1112 0.5428
vn -0.7151 0.2623 0.6480
vn -0.1940 0.1991 0.9606
vn -0.4604 -0.1769 0.8699
vn 0.8557 -0.4181 -0.3049
vn 0.5216 0.7953 -0.3090
vn 0.4941 0.8490 -0.1874
vn -0.0000 -0.9766 -0.2150
vn -0.7466 -0.6525 -0.1299
vn -0.0000 -0.9968 0.0799
vn -0.0000 0.9996 -0.0292
vn -0.0000 0.9929 0.1190
vn 0.7895 0.5882 0.1755
vn 0.9200 0.3436 0.1883
vn -0.0000 -0.9590 0.2834
vn -0.0000 -0.7346 0.6785
vn 0.4851 -0.0042 0.8744
vn 0.8625 0.0122 0.5060
vn 0.8354 0.2047 0.5101
vn 0.3850 0.1934 0.9024
vn -0.0000 -0.6615 0.7499
vn 0.1234 -0.1525 -0.9806
vn 0.8586 -0.0480 -0.5104
vn 0.9036 -0.0567 -0.4246
vn 0.1368 0.1102 -0.9844
vn -0.0160 -0.0261 0.9995
vn 0.1313 -0.2102 0.9688
vn -0.5051 -0.3351 0.7954
vn -0.2304 -0.2593 0.9379
vn 0.9132 -0.1615 0.3742
vn 0.6916 -0.1932 0.6959
vn 0.6755 -0.1035 0.7300
vn 0.3530 -0.5804 -0.7339
vn 0.8980 -0.3570 -0.2573
vn 0.8719 -0.4078 -0.2709
vn 0.9762 -0.2042 0.0733
vn 0.9068 -0.0224 0.4210
vn 0.9788 -0.1554 0.1336
vn 0.9878 -0.0048 -0.1556
vn 0.9983 0.0270 -0.0511
vn -0.9940 0.0866 0.0670
vn -0.9949 -0.0778 0.0638
vn -0.0000 -0.9935 -0.1137
vn 0.0228 -0.0935 0.9954
vn 0.0270 0.0729 0.9970
vn -0.7594 0.2335 0.6073
vn -0.9899 0.0836 0.1144
vn -0.9807 -0.1300 0.1463
vn -0.7155 -0.1607 0.6799
vn 0.3538 0.2400 0.9040
vn 0.9444 -0.0056 0.3289
vn 0.9587 0.0426 0.2812
vn 0.2686 -0.9603 0.0750
vn 0.6436 0.0908 0.7600
vn 0.2220 0.1273 0.9667
vn -0.9918 0.0151 0.1270
vn -0.7271 0.1160 0.6767
vn 0.9789 0.1125 0.1708
vn 0.3806 0.8586 0.3434
vn -0.0000 0.9264 0.3765
vn -0.0000 0.8848 0.4659
vn -0.8130 -0.0598 -0.5793
vn -0.8758 -0.0896 -0.4742
vn 0.9561 0.1220 0.2666
vn 0.9372 -0.0900 0.3368
vn -0.0000 -0.9826 0.1855
vn 0.8454 -0.3070 -0.4371
vn 0.0203 -0.3609 -0.9324
vn -0.0000 0.9957 0.0922
vn 0.4753 0.8757 0.0855
vn -0.0000 0.9785 -0.2064
vn -0.8783 -0.1216 -0.4624
vn 0.9452 -0.1125 0.3065
vn 0.2679 -0.0102 0.9634
vn -0.7595 -0.0503 0.6486
vn -0.9812 -0.0949 0.1681
vn -0.0000 0.9434 -0.3316
vn -0.8640 -0.2420 -0.4415
vn 0.2768 0.3118 0.9089
vn 0.2300 -0.1392 0.9632
vn -0.7637 0.1628 0.6247
vn 0.3031 0.2425 0.9216
vn 0.9645 0.0749 0.2532
vn 0.8482 -0.0879 -0.5222
vn 0.0875 -0.1812 -0.9795
vn -0.8314 -0.0960 -0.5474
vn -0.9906 0.0460 0.1286
vn 0.9387 -0.2838 0.1959
vn 0.7763 0.0934 -0.6234
vn 0.0809 0.3128 -0.9464
vn -0.7014 -0.5157 0.4921
vn 0.3470 -0.5924 0.7271
vn -0.9334 -0.3344 0.1300
vn -0.7003 0.1014 -0.7066
vn 0.8223 0.4376 -0.3637
vn 0.9286 0.2403 0.2828
vn 0.9673 0.0818 0.2403
vn 0.8554 0.3691 -0.3635
vn 0.1057 0.6101 -0.7852
vn 0.0944 0.6257 -0.7743
vn 0.3363 0.1145 0.9348
vn -0.6262 0.0592 0.7774
vn -0.5319 -0.1505 0.8333
vn 0.5243 -0.1031 0.8453
vn -0.9293 0.1896 0.3169
vn -0.9559 0.0198 0.2929
vn -0.7674 0.5431 -0.3408
vn -0.8413 0.4112 -0.3508
vn 0.6177 -0.2858 0.7326
vn 0.9978 -0.0204 0.0637
vn -0.9805 -0.1010 0.1683
vn -0.6056 -0.3060 0.7346
vn 0.0661 0.6388 -0.7665
vn -0.6905 0.4536 -0.5634
vn 0.7202 0.4544 -0.5243
vn 0.0011 -1.0000 -0.0012
vn -0.0000 -1.0000 -0.0000
vn 0.0010 -1.0000 -0.0011
vn -0.0044 -1.0000 0.0001
vn -0.0013 -1.0000 -0.0008
vn -0.0010 -1.0000 -0.0009
vn -0.0000 0.7453 0.6667
vn -0.0000 0.5766 0.8170
vn -0.0000 0.0299 0.9996
vn -0.0000 -0.4253 0.9051
vn -0.0000 0.0817 0.9967
vn 0.8560 0.3328 0.3957
vn 0.8580 0.3565 0.3697
vn -0.0000 0.6446 0.7645
vn -0.0000 0.6089 0.7932
vn 0.3971 -0.6204 -0.6763
vn -0.0000 -0.6464 -0.7630
vn -0.0000 -0.5920 -0.8059
vn 0.8837 -0.2648 -0.3860
vn 0.8936 0.2936 0.3394
vn -0.0000 0.6191 0.7853
vn -0.0000 -0.9997 -0.0234
vn -0.0000 0.5394 0.8421
vn -0.0000 -0.2334 0.9724
vn 0.7540 -0.1101 0.6476
vn 0.8013 0.3184 0.5064
vn 0.9028 -0.2945 -0.3133
vn -0.0000 0.6058 0.7956
vn 0.8453 0.3360 0.4155
vn 0.7166 -0.6955 0.0527
vn 0.9044 -0.2150 -0.3685
vn 0.8825 -0.2580 -0.3932
vn 0.8930 -0.2652 -0.3636
vn -0.0000 -0.6305 -0.7762
vn -0.0000 -0.5955 -0.8033
vn -0.4584 -0.4805 -0.7477
vn -0.4584 -0.4754 -0.7509
vn -0.4584 -0.4702 -0.7542
vn 0.4041 -0.5451 -0.7346
vn 0.2981 -0.6014 -0.7413
vn -0.9791 0.1944 -0.0606
vn -0.8654 0.4901 -0.1044
vn -0.8537 0.4520 -0.2586
vn -0.9708 0.1283 -0.2027
vn -0.9791 -0.2029 0.0106
vn -0.9405 -0.1435 0.3079
vn -0.9892 -0.0347 0.1424
vn -0.9961 -0.0815 -0.0348
vn 0.7751 -0.0472 0.6301
vn 0.9916 -0.1101 0.0680
vn 0.8224 -0.5305 0.2056
vn 0.6941 -0.4388 0.5707
vn -0.8724 -0.2073 -0.4427
vn -0.8950 -0.2176 -0.3894
vn 0.0360 -0.4212 -0.9062
vn -0.0263 -0.2978 -0.9543
vn 0.5361 -0.5602 -0.6314
vn -0.2955 -0.6710 -0.6800
vn -0.8627 -0.4143 -0.2900
vn -0.8702 -0.4331 -0.2349
vn 0.8655 -0.1700 -0.4712
vn 0.8754 -0.3166 -0.3653
vn -0.0717 0.1685 0.9831
vn -0.5430 0.6553 0.5251
vn -0.4274 0.6489 0.6295
vn -0.8997 0.4332 0.0544
vn -0.9475 -0.2012 -0.2487
vn -0.9124 0.2407 0.3310
vn -0.8859 0.4165 0.2041
vn -0.7224 0.4747 0.5028
vn -0.3101 0.3878 0.8680
vn -0.5387 0.7092 0.4548
vn 0.5436 -0.4421 -0.7135
vn 0.9352 -0.1830 -0.3030
vn -0.0425 -0.9628 -0.2669
vn 0.3774 -0.7079 -0.5970
vn -0.2747 -0.6249 -0.7308
vn -0.3536 -0.8344 -0.4228
vn 0.8324 0.1112 0.5428
vn 0.1940 0.1991 0.9606
vn 0.7151 0.2623 0.6480
vn 0.4604 -0.1769 0.8699
vn -0.8557 -0.4181 -0.3049
vn -0.4941 0.8490 -0.1874
vn -0.5216 0.7953 -0.3090
vn 0.7466 -0.6525 -0.1299
vn -0.9200 0.3436 0.1883
vn -0.7895 0.5882 0.1755
vn -0.4851 -0.0042 0.8744
vn -0.3850 0.1934 0.9024
vn -0.8354 0.2047 0.5101
vn -0.8625 0.0122 0.5060
vn -0.1234 -0.1525 -0.9806
vn -0.1368 0.1102 -0.9844
vn -0.9036 -0.0567 -0.4246
vn -0.8586 -0.0480 -0.5104
vn -0.1313 -0.2102 0.9688
vn 0.0160 -0.0261 0.9995
vn 0.5051 -0.3351 0.7954
vn 0.2304 -0.2593 0.9379
vn -0.9132 -0.1615 0.3742
vn -0.6755 -0.1035 0.7300
vn -0.6916 -0.1932 0.6959
vn -0.3530 -0.5804 -0.7339
vn -0.8719 -0.4078 -0.2709
vn -0.8980 -0.3570 -0.2573
vn -0.9762 -0.2042 0.0733
vn -0.9788 -0.1554 0.1336
vn -0.9068 -0.0224 0.4210
vn -0.9983 0.0270 -0.0511
vn -0.9878 -0.0048 -0.1556
vn 0.9940 0.0866 0.0670
vn 0.9949 -0.0778 0.0638
vn -0.0270 0.0729 0.9970
vn -0.0228 -0.0935 0.9954
vn 0.7594 0.2335 0.6073
vn 0.7155 -0.1607 0.6799
vn 0.9807 -0.1300 0.1463
vn 0.9899 0.0836 0.1144
vn -0.3538 0.2400 0.9040
vn -0.9444 -0.0056 0.3289
vn -0.9587 0.0426 0.2812
vn -0.2686 -0.9603 0.0750
vn -0.6436 0.0908 0.7600
vn -0.2220 0.1273 0.9667
vn 0.7271 0.1160 0.6767
vn 0.9918 0.0151 0.1270
vn -0.9789 0.1125 0.1708
vn -0.3806 0.8586 0.3434
vn 0.8130 -0.0598 -0.5793
vn 0.8758 -0.0896 -0.4742
vn -0.9372 -0.0900 0.3368
vn -0.9561 0.1220 0.2666
vn -0.0203 -0.3609 -0.9324
vn -0.8454 -0.3070 -0.4371
vn -0.4753 0.8757 0.0855
vn 0.8783 -0.1216 -0.4624
vn -0.9452 -0.1125 0.3065
vn -0.2679 -0.0102 0.9634
vn 0.7595 -0.0503 0.6486
vn 0.9812 -0.0949 0.1681
vn 0.8640 -0.2420 -0.4415
vn -0.2300 -0.1392 0.9632
vn -0.2768 0.3118 0.9089
vn -0.3031 0.2425 0.9216
vn 0.7637 0.1628 0.6247
vn -0.9645 0.0749 0.2532
vn -0.8482 -0.0879 -0.5222
vn 0.8314 -0.0960 -0.5474
vn -0.0875 -0.1812 -0.9795
vn 0.9906 0.0460 0.1286
vn -0.7763 0.0934 -0.6234
vn -0.9387 -0.2838 0.1959
vn -0.0809 0.3128 -0.9464
vn -0.3470 -0.5924 0.7271
vn 0.7014 -0.5157 0.4921
vn 0.9334 -0.3344 0.1300
vn 0.7003 0.1014 -0.7066
vn -0.8223 0.4376 -0.3637
vn -0.8554 0.3691 -0.3635
vn -0.9673 0.0818 0.2403
vn -0.9286 0.2403 0.2828
vn -0.1057 0.6101 -0.7852
vn -0.0944 0.6257 -0.7743
vn -0.3363 0.1145 0.9348
vn -0.5243 -0.1031 0.8453
vn 0.5319 -0.1505 0.8333
vn 0.6262 0.0592 0.7774
vn 0.9559 0.0198 0.2929
vn 0.9293 0.1896 0.3169
vn 0.7674 0.5431 -0.3408
vn 0.8413 0.4112 -0.3508
vn -0.9978 -0.0204 0.0637
vn -0.6177 -0.2858 0.7326
vn 0.6056 -0.3060 0.7346
vn 0.9805 -0.1010 0.1683
vn 0.6905 0.4536 -0.5634
vn -0.0661 0.6388 -0.7665
vn -0.7202 0.4544 -0.5243
vn -0.0011 -1.0000 -0.0012
vn -0.0010 -1.0000 -0.0011
vn 0.0044 -1.0000 0.0001
vn 0.0010 -1.0000 -0.0009
vn 0.0013 -1.0000 -0.0008
vn -0.8560 0.3328 0.3957
vn -0.8580 0.3565 0.3697
vn -0.3971 -0.6204 -0.6763
vn -0.8837 -0.2648 -0.3860
vn -0.8936 0.2936 0.3394
vn -0.8013 0.3184 0.5064
vn -0.7540 -0.1101 0.6476
vn -0.9028 -0.2945 -0.3133
vn -0.8453 0.3360 0.4155
vn -0.7166 -0.6955 0.0527
vn -0.8825 -0.2580 -0.3932
vn -0.9044 -0.2150 -0.3685
vn -0.8930 -0.2652 -0.3636
vn 0.4584 -0.4805 -0.7477
vn 0.4584 -0.4754 -0.7509
vn 0.4584 -0.4702 -0.7542
vn -0.2981 -0.6014 -0.7413
vn -0.4041 -0.5451 -0.7346
vt 0.817293 0.200795
vt 0.817286 0.200778
vt 0.817298 0.200775
vt 0.817305 0.200789
vt 0.817262 0.200816
vt 0.817273 0.200804
vt 0.817280 0.200822
vt 0.817269 0.200832
vt 0.817259 0.200843
vt 0.817272 0.200837
vt 0.817265 0.200830
vt 0.817255 0.200834
vt 0.817085 0.201437
vt 0.817081 0.201451
vt 0.817130 0.201281
vt 0.817135 0.201264
vt 0.817236 0.200825
vt 0.817235 0.200824
vt 0.817262 0.200795
vt 0.817263 0.200784
vt 0.817137 0.201256
vt 0.817238 0.200829
vt 0.817304 0.200836
vt 0.817316 0.200827
vt 0.817317 0.200828
vt 0.860644 0.046060
vt 0.860909 0.046093
vt 0.860879 0.046234
vt 0.860798 0.046403
vt 0.817308 0.200824
vt 0.817316 0.200817
vt 0.817307 0.200834
vt 0.817243 0.200813
vt 0.817249 0.200821
vt 0.817258 0.200795
vt 0.817260 0.200792
vt 0.817251 0.200804
vt 0.817253 0.200806
vt 0.817285 0.200746
vt 0.817161 0.201169
vt 0.817289 0.200731
vt 0.817268 0.200844
vt 0.817255 0.200807
vt 0.817308 0.200771
vt 0.817316 0.200781
vt 0.817258 0.200804
vt 0.817258 0.200816
vt 0.817261 0.200815
vt 0.860737 0.046048
vt 0.859020 0.048763
vt 0.858948 0.048545
vt 0.817312 0.200804
vt 0.817302 0.200812
vt 0.817267 0.200826
vt 0.817274 0.200835
vt 0.817285 0.200843
vt 0.817284 0.200835
vt 0.817297 0.200830
vt 0.817298 0.200838
vt 0.817282 0.200838
vt 0.871580 0.907016
vt 0.871505 0.906922
vt 0.871804 0.906778
vt 0.871898 0.906875
vt 0.817260 0.200845
vt 0.817269 0.200845
vt 0.817276 0.200842
vt 0.817285 0.200842
vt 0.817257 0.200838
vt 0.817270 0.200840
vt 0.817260 0.200844
vt 0.817247 0.200819
vt 0.817237 0.200830
vt 0.817252 0.200828
vt 0.817269 0.200803
vt 0.817259 0.200840
vt 0.817275 0.200781
vt 0.817284 0.200800
vt 0.817149 0.201214
vt 0.817272 0.200795
vt 0.817256 0.200795
vt 0.817248 0.200848
vt 0.817284 0.200844
vt 0.817293 0.200839
vt 0.871269 0.906331
vt 0.871387 0.906621
vt 0.871702 0.906431
vt 0.871578 0.906133
vt 0.817176 0.201119
vt 0.817105 0.201364
vt 0.817156 0.201188
vt 0.817256 0.200788
vt 0.817247 0.200850
vt 0.817123 0.201301
vt 0.817109 0.201351
vt 0.817124 0.201297
vt 0.817292 0.200817
vt 0.817320 0.200805
vt 0.817322 0.200806
vt 0.817320 0.200819
vt 0.817249 0.200850
vt 0.871517 0.906946
vt 0.871851 0.906794
vt 0.871352 0.906612
vt 0.871638 0.906444
vt 0.817253 0.200789
vt 0.817044 0.201577
vt 0.817038 0.201596
vt 0.817322 0.200792
vt 0.817320 0.200793
vt 0.817318 0.200779
vt 0.817094 0.201405
vt 0.817049 0.201556
vt 0.817053 0.201542
vt 0.817056 0.201532
vt 0.817052 0.201545
vt 0.817312 0.200769
vt 0.817047 0.201565
vt 0.871249 0.906260
vt 0.871545 0.906060
vt 0.816939 0.201932
vt 0.816936 0.201941
vt 0.816933 0.201955
vt 0.816928 0.201974
vt 0.817261 0.201435
vt 0.817276 0.201382
vt 0.817468 0.200727
vt 0.817453 0.200776
vt 0.816936 0.201943
vt 0.816927 0.201979
vt 0.872062 0.906553
vt 0.872112 0.906816
vt 0.872127 0.906900
vt 0.872012 0.906322
vt 0.872017 0.906272
vt 0.872024 0.906487
vt 0.872086 0.906822
vt 0.871722 0.770473
vt 0.871726 0.770481
vt 0.872025 0.770625
vt 0.871994 0.770611
vt 0.872196 0.770599
vt 0.871885 0.770627
vt 0.871730 0.770492
vt 0.872194 0.770593
vt 0.872184 0.770592
vt 0.872186 0.770592
vt 0.872241 0.770748
vt 0.872234 0.770747
vt 0.872185 0.770592
vt 0.872177 0.770590
vt 0.816935 0.201950
vt 0.870815 0.906965
vt 0.870908 0.907223
vt 0.860993 0.046107
vt 0.860955 0.046060
vt 0.861001 0.046268
vt 0.861069 0.046258
vt 0.817294 0.200840
vt 0.817286 0.200841
vt 0.859757 0.047977
vt 0.861137 0.046920
vt 0.861172 0.046882
vt 0.859610 0.048188
vt 0.859382 0.048460
vt 0.859241 0.048195
vt 0.860841 0.047881
vt 0.860975 0.047740
vt 0.861098 0.046706
vt 0.861161 0.046583
vt 0.859314 0.048763
vt 0.859271 0.048430
vt 0.861158 0.048300
vt 0.861172 0.048689
vt 0.861065 0.048727
vt 0.861086 0.048271
vt 0.860999 0.048337
vt 0.860846 0.048397
vt 0.861139 0.047741
vt 0.861048 0.047809
vt 0.860972 0.048733
vt 0.860995 0.046892
vt 0.860866 0.046878
vt 0.860871 0.046638
vt 0.860954 0.046660
vt 0.860928 0.047301
vt 0.861047 0.047192
vt 0.860879 0.048699
vt 0.858696 0.048509
vt 0.858789 0.048486
vt 0.858879 0.048753
vt 0.858603 0.048645
vt 0.859271 0.047571
vt 0.860748 0.046917
vt 0.860838 0.047535
vt 0.860860 0.046635
vt 0.860861 0.046635
vt 0.871001 0.907273
vt 0.870962 0.907186
vt 0.870705 0.906690
vt 0.870832 0.906918
vt 0.870711 0.906623
s 1
usemtl material
f 572/344/634 637/345/635 586/346/636 597/347/637
f 592/348/638 618/349/639 620/350/640 594/351/641
f 596/352/642 588/353/643 647/354/644 574/355/645
f 656/356/646 658/357/647 633/358/648 632/359/649
f 590/360/650 600/361/651 633/358/648
f 583/362/652 624/363/653 618/349/639
f 635/364/654 625/365/655 590/360/650 633/358/648
f 639/366/656 702/367/657 608/368/658
f 608/369/659 703/370/660 725/371/661 639/372/662
f 609/373/663 626/374/664 702/367/657 598/375/665
f 614/376/666 590/360/650 625/365/655 577/377/667
f 640/378/668 585/379/669 599/380/670 622/381/671
f 652/382/672 638/383/673 646/384/674
f 596/352/642 649/385/675 588/353/643
f 583/362/652 576/386/676 599/380/670 585/379/669
f 597/347/637 586/346/636 651/387/677 623/388/678
f 583/362/652 618/349/639 592/348/638 576/386/676
f 602/389/679 622/381/671 642/390/680 601/391/681
f 703/392/660 608/369/659 587/393/682 705/394/683
f 597/347/637 569/395/684 595/396/685 572/344/634
f 610/397/686 647/354/644 588/353/643 612/398/687
f 616/399/688 644/400/689 579/401/690 570/402/691
f 612/398/687 588/353/643 619/403/692
f 738/404/693 737/405/694 668/406/695 670/407/696
f 649/385/675 596/352/642 617/408/697 631/409/698
f 589/410/699 641/411/700 619/403/692 588/353/643
f 594/351/641 620/350/640 644/400/689
f 591/412/701 594/351/641 584/413/702 580/414/703
f 621/376/704 593/415/705 605/416/706 600/361/651
f 627/417/707 591/412/701 654/418/708 645/419/709
f 624/363/653 573/420/710 650/421/711 618/349/639
f 634/422/712 581/423/713 625/365/655 635/364/654
f 640/378/668 622/381/671 602/389/679 630/424/714
f 652/425/672 596/352/642 574/355/645 581/423/713
f 616/399/688 584/413/702 594/351/641 644/400/689
f 577/377/667 625/365/655 581/423/713 574/355/645
f 577/377/667 574/355/645 647/354/644 642/390/680
f 577/377/667 642/390/680 622/381/671 614/376/666
f 605/416/706 632/359/649 633/358/648 600/361/651
f 641/411/700 607/426/715 603/427/716
f 736/428/717 741/429/718 701/430/719 667/431/720
f 628/432/721 646/384/674 638/383/673
f 607/426/715 641/411/700 589/410/699
f 610/397/686 601/391/681 642/390/680 647/354/644
f 657/433/722 656/356/646 632/359/649 578/434/723
f 570/402/691 603/427/716 607/426/715 616/399/688
f 626/374/664 609/373/663 595/396/685 569/395/684
f 615/435/724 624/363/653 585/379/669
f 609/373/663 598/375/665 570/402/691 579/401/690
f 640/378/668 615/435/724 585/379/669
f 614/376/666 621/376/704 600/361/651 590/360/650
f 646/384/674 628/432/721 653/436/725
f 599/380/670 621/376/704 614/376/666 622/381/671
f 629/437/726 657/433/722 578/434/723 628/432/721
f 592/348/638 627/417/707 593/415/705 576/386/676
f 632/359/649 605/416/706 645/419/709 578/434/723
f 638/383/673 634/422/712 695/438/727 655/439/728
f 631/409/698 617/408/697 580/414/703 584/413/702
f 595/396/685 604/440/729 650/421/711 572/344/634
f 606/441/730 582/442/731 587/443/732 626/374/664
f 583/362/652 585/379/669 624/363/653
f 594/351/641 591/412/701 627/417/707 592/348/638
f 593/415/705 627/417/707 645/419/709 605/416/706
f 576/386/676 593/415/705 621/376/704 599/380/670
f 580/414/703 617/408/697 646/444/674 653/436/725
f 735/445/733 738/404/693 670/407/696 666/446/734
f 598/375/665 639/366/656 603/427/716 570/402/691
f 737/405/694 739/447/735 669/448/736 668/406/695
f 571/449/737 615/435/724 640/378/668 630/424/714
f 631/409/698 607/426/715 649/385/675
f 587/443/732 608/368/658 702/367/657
f 658/357/647 656/356/646 662/450/738 664/451/739
f 611/452/740 575/453/741 623/388/678 613/454/742
f 638/383/673 655/439/728 629/437/726 628/432/721
f 658/357/647 636/455/743 635/364/654 633/358/648
f 656/356/646 657/433/722 663/456/744 662/450/738
f 657/433/722 629/437/726 659/457/745 663/456/744
f 629/437/726 655/439/728 661/458/746 659/457/745
f 569/395/684 597/347/637 623/388/678 575/453/741
f 637/345/635 572/344/634 650/421/711 573/420/710
f 616/399/688 607/426/715 631/409/698 584/413/702
f 654/418/708 653/436/725 628/432/721 578/434/723
f 609/373/663 579/401/690 604/440/729 595/396/685
f 655/439/728 695/438/727 698/459/747 661/458/746
f 591/412/701 580/414/703 653/436/725 654/418/708
f 654/418/708 578/434/723 645/419/709
f 575/453/741 611/452/740 582/442/731 606/441/730
f 651/387/677 648/460/748 613/454/742 623/388/678
f 604/440/729 620/350/640 618/349/639 650/421/711
f 588/353/643 649/385/675 589/410/699
f 589/410/699 649/385/675 607/426/715
f 606/441/730 626/374/664 569/395/684 575/453/741
f 620/350/640 604/440/729 579/401/690 644/400/689
f 636/455/743 658/357/647 664/451/739 660/461/749
f 638/383/673 652/382/672 581/423/713 634/422/712
f 646/444/674 617/408/697 596/352/642 652/425/672
f 739/447/735 740/462/750 665/463/751 669/448/736
f 659/457/745 661/458/746 673/464/752 676/465/753
f 663/456/744 659/457/745 676/465/753 675/466/754
f 662/450/738 663/456/744 675/466/754 674/467/755
f 660/468/749 664/469/739 672/470/756 671/471/757
f 661/458/746 698/459/747 696/472/758 673/464/752
f 664/451/739 662/450/738 674/467/755 672/473/756
f 668/406/695 669/448/736 681/474/759 680/475/760
f 670/407/696 668/406/695 680/475/760 682/476/761
f 665/463/751 667/431/720 679/477/762 677/478/763
f 669/448/736 665/463/751 677/478/763 681/474/759
f 667/431/720 701/430/719 700/479/764 679/477/762
f 666/446/734 670/407/696 682/476/761 678/480/765
f 680/481/766 681/482/767 687/482/768 686/481/769
f 682/483/770 680/484/766 686/484/769 688/483/771
f 677/485/772 679/486/773 685/486/774 683/485/775
f 681/482/767 677/487/772 683/487/775 687/482/768
f 679/488/773 700/489/776 697/490/777 685/488/774
f 678/491/778 682/492/770 688/492/771 684/491/779
f 687/482/768 683/487/775 689/487/780 693/482/781
f 685/488/774 697/490/777 699/493/782 691/488/783
f 684/491/779 688/492/771 694/492/784 690/491/785
f 686/481/769 687/482/768 693/482/781 692/481/786
f 688/483/771 686/484/769 692/484/786 694/483/784
f 683/485/775 685/486/774 691/486/783 689/485/780
f 690/494/787 694/492/788 692/484/789
f 691/488/790 699/493/791 693/482/792 689/487/790
f 699/493/782 697/490/777 684/494/779 690/494/785
f 697/490/777 700/489/776 678/494/778 684/494/779
f 700/479/764 701/430/719 666/446/734 678/480/765
f 698/459/747 695/438/727 636/455/743 660/461/749
f 696/472/758 698/459/747 660/461/749 671/495/757
f 741/429/718 696/496/758 671/497/757 735/445/733
f 699/493/791 690/494/787 692/484/789 693/482/792
f 695/438/727 634/422/712 635/364/654 636/455/743
f 702/367/657 639/366/656 598/375/665
f 702/367/657 626/374/664 587/443/732
f 704/498/793 703/370/660 705/499/683
f 725/500/661 703/370/660 704/498/793 643/501/794
f 641/411/700 603/427/716 707/502/795 706/503/796
f 639/366/656 733/366/797 707/502/795 603/427/716
f 706/503/796 619/403/692 641/411/700
f 709/504/798 723/505/799 730/506/800 712/507/801
f 715/508/802 719/509/803 732/510/804 724/511/805
f 714/512/806 725/500/661 643/501/794 721/513/807
f 722/514/808 719/515/803 715/508/802
f 717/516/809 708/517/810 711/518/811 716/519/812
f 720/520/813 715/521/802 724/511/805
f 731/522/814 717/516/809 716/519/812 718/523/815
f 714/512/806 721/513/807 730/506/800 723/505/799
f 709/504/798 712/507/801 731/522/814 718/523/815
f 711/518/811 727/524/816 720/520/813 716/519/812
f 723/525/799 710/526/817 729/527/818 714/528/806
f 726/529/819 709/530/798 718/523/815 724/511/805
f 720/520/813 727/524/816 722/531/808 715/521/802
f 727/532/816 711/533/811 708/534/810 722/535/808
f 710/526/817 723/525/799 709/530/798 726/529/819
f 714/528/806 729/527/818 639/372/662 725/371/661
f 713/536/820 728/537/821 710/526/817 726/529/819
f 724/511/805 732/510/804 713/538/820 726/529/819
f 720/520/813 724/511/805 718/523/815 716/519/812
f 733/372/822 734/539/823 742/540/823
f 742/540/823 734/539/823 728/526/824
f 672/541/756 674/542/755 737/405/694 738/404/693
f 673/543/752 696/496/758 741/429/718 736/428/717
f 671/497/757 672/541/756 738/404/693 735/445/733
f 674/542/755 675/544/754 739/447/735 737/405/694
f 675/544/754 676/545/753 740/462/750 739/447/735
f 676/545/753 673/543/752 736/428/717 740/462/750
f 740/462/750 736/428/717 667/431/720 665/463/751
f 701/430/719 741/429/718 735/445/733 666/446/734
f 639/372/662 729/527/818 742/540/825 733/372/826
f 729/527/818 710/526/817 728/526/821 742/540/825
f 745/344/827 768/347/828 758/346/829 800/345/830
f 763/348/831 765/351/832 784/350/833 783/349/834
f 767/352/835 747/355/836 809/354/837 759/353/838
f 817/356/839 795/359/840 796/358/841 819/357/842
f 761/360/843 796/358/841 771/361/844
f 755/362/845 783/349/834 788/363/846
f 798/364/847 796/358/841 761/360/843 789/365/848
f 802/366/849 777/368/850 863/367/851
f 777/369/852 802/372/853 875/371/854 864/370/855
f 778/373/856 769/375/857 863/367/851 790/374/858
f 779/376/859 750/377/860 789/365/848 761/360/843
f 803/378/861 786/381/862 770/380/863 757/379/864
f 813/382/865 808/384/866 801/383/867
f 767/352/835 759/353/838 810/385/868
f 755/362/845 757/379/864 770/380/863 749/386/869
f 768/347/828 787/388/870 812/387/871 758/346/829
f 755/362/845 749/386/869 763/348/831 783/349/834
f 602/389/679 601/391/681 805/390/872 786/381/862
f 864/392/855 705/394/683 587/393/682 777/369/852
f 768/347/828 745/344/827 766/396/873 743/395/874
f 610/397/686 612/398/687 759/353/838 809/354/837
f 781/399/875 744/402/876 752/401/877 806/400/878
f 612/398/687 619/403/692 759/353/838
f 883/404/879 831/407/880 829/406/881 882/405/882
f 810/385/868 794/409/883 782/408/884 767/352/835
f 760/410/885 759/353/838 619/403/692 804/411/886
f 765/351/832 806/400/878 784/350/833
f 762/412/887 753/414/888 756/413/889 765/351/832
f 785/376/890 771/361/844 774/416/891 764/415/892
f 791/417/893 807/419/894 815/418/895 762/412/887
f 788/363/846 783/349/834 811/421/896 746/420/897
f 797/422/898 798/364/847 789/365/848 754/423/899
f 803/378/861 630/424/714 602/389/679 786/381/862
f 813/425/865 754/423/899 747/355/836 767/352/835
f 781/399/875 806/400/878 765/351/832 756/413/889
f 750/377/860 747/355/836 754/423/899 789/365/848
f 750/377/860 805/390/872 809/354/837 747/355/836
f 750/377/860 779/376/859 786/381/862 805/390/872
f 774/416/891 771/361/844 796/358/841 795/359/840
f 804/411/886 772/427/900 776/426/901
f 881/428/902 828/431/903 862/430/904 886/429/905
f 792/432/906 801/383/867 808/384/866
f 776/426/901 760/410/885 804/411/886
f 610/397/686 809/354/837 805/390/872 601/391/681
f 818/433/907 751/434/908 795/359/840 817/356/839
f 744/402/876 781/399/875 776/426/901 772/427/900
f 790/374/858 743/395/874 766/396/873 778/373/856
f 780/435/909 757/379/864 788/363/846
f 778/373/856 752/401/877 744/402/876 769/375/857
f 803/378/861 757/379/864 780/435/909
f 779/376/859 761/360/843 771/361/844 785/376/890
f 808/384/866 814/436/910 792/432/906
f 770/380/863 786/381/862 779/376/859 785/376/890
f 793/437/911 792/432/906 751/434/908 818/433/907
f 763/348/831 749/386/869 764/415/892 791/417/893
f 795/359/840 751/434/908 807/419/894 774/416/891
f 801/383/867 816/439/912 856/438/913 797/422/898
f 794/409/883 756/413/889 753/414/888 782/408/884
f 766/396/873 745/344/827 811/421/896 773/440/914
f 775/441/915 790/374/858 587/443/732 582/442/731
f 755/362/845 788/363/846 757/379/864
f 765/351/832 763/348/831 791/417/893 762/412/887
f 764/415/892 774/416/891 807/419/894 791/417/893
f 749/386/869 770/380/863 785/376/890 764/415/892
f 753/414/888 814/436/910 808/444/866 782/408/884
f 880/445/916 827/446/917 831/407/880 883/404/879
f 769/375/857 744/402/876 772/427/900 802/366/849
f 882/405/882 829/406/881 830/448/918 884/447/919
f 571/449/737 630/424/714 803/378/861 780/435/909
f 794/409/883 810/385/868 776/426/901
f 587/443/732 863/367/851 777/368/850
f 819/357/842 825/451/920 823/450/921 817/356/839
f 611/452/740 613/454/742 787/388/870 748/453/922
f 801/383/867 792/432/906 793/437/911 816/439/912
f 819/357/842 796/358/841 798/364/847 799/455/923
f 817/356/839 823/450/921 824/456/924 818/433/907
f 818/433/907 824/456/924 820/457/925 793/437/911
f 793/437/911 820/457/925 822/458/926 816/439/912
f 743/395/874 748/453/922 787/388/870 768/347/828
f 800/345/830 746/420/897 811/421/896 745/344/827
f 781/399/875 756/413/889 794/409/883 776/426/901
f 815/418/895 751/434/908 792/432/906 814/436/910
f 778/373/856 766/396/873 773/440/914 752/401/877
f 816/439/912 822/458/926 859/459/927 856/438/913
f 762/412/887 815/418/895 814/436/910 753/414/888
f 815/418/895 807/419/894 751/434/908
f 748/453/922 775/441/915 582/442/731 611/452/740
f 812/387/871 787/388/870 613/454/742 648/460/748
f 773/440/914 811/421/896 783/349/834 784/350/833
f 759/353/838 760/410/885 810/385/868
f 760/410/885 776/426/901 810/385/868
f 775/441/915 748/453/922 743/395/874 790/374/858
f 784/350/833 806/400/878 752/401/877 773/440/914
f 799/455/923 821/461/928 825/451/920 819/357/842
f 801/383/867 797/422/898 754/423/899 813/382/865
f 808/444/866 813/425/865 767/352/835 782/408/884
f 884/447/919 830/448/918 826/463/929 885/462/930
f 820/457/925 837/465/931 834/464/932 822/458/926
f 824/456/924 836/466/933 837/465/931 820/457/925
f 823/450/921 835/467/934 836/466/933 824/456/924
f 821/468/928 832/471/935 833/470/936 825/469/920
f 822/458/926 834/464/932 857/472/937 859/459/927
f 825/451/920 833/473/936 835/467/934 823/450/921
f 829/406/881 841/475/938 842/474/939 830/448/918
f 831/407/880 843/476/940 841/475/938 829/406/881
f 826/463/929 838/478/941 840/477/942 828/431/903
f 830/448/918 842/474/939 838/478/941 826/463/929
f 828/431/903 840/477/942 861/479/943 862/430/904
f 827/446/917 839/480/944 843/476/940 831/407/880
f 841/481/945 847/481/946 848/482/947 842/482/948
f 843/483/949 849/483/950 847/484/946 841/484/945
f 838/485/951 844/485/952 846/486/953 840/486/954
f 842/482/948 848/482/947 844/487/952 838/487/951
f 840/488/954 846/488/953 858/490/955 861/489/956
f 839/491/957 845/491/958 849/492/950 843/492/949
f 848/482/947 854/482/959 850/487/960 844/487/952
f 846/488/953 852/488/961 860/493/962 858/490/955
f 845/491/958 851/491/963 855/492/964 849/492/950
f 847/481/946 853/481/965 854/482/959 848/482/947
f 849/483/950 855/483/964 853/484/965 847/484/946
f 844/485/952 850/485/960 852/486/961 846/486/953
f 851/494/966 853/484/967 855/492/788
f 852/488/968 850/487/968 854/482/969 860/493/970
f 860/493/962 851/494/963 845/494/958 858/490/955
f 858/490/955 845/494/958 839/494/957 861/489/956
f 861/479/943 839/480/944 827/446/917 862/430/904
f 859/459/927 821/461/928 799/455/923 856/438/913
f 857/472/937 832/495/935 821/461/928 859/459/927
f 886/429/905 880/445/916 832/497/935 857/496/937
f 860/493/970 854/482/969 853/484/967 851/494/966
f 856/438/913 799/455/923 798/364/847 797/422/898
f 863/367/851 769/375/857 802/366/849
f 863/367/851 587/443/732 790/374/858
f 704/498/793 705/499/683 864/370/855
f 875/500/854 643/501/794 704/498/793 864/370/855
f 804/411/886 706/503/796 707/502/795 772/427/900
f 802/366/849 772/427/900 707/502/795 733/366/797
f 706/503/796 804/411/886 619/403/692
f 865/504/971 712/507/801 730/506/800 873/505/972
f 869/508/973 874/511/974 732/510/804 719/509/803
f 868/512/975 721/513/807 643/501/794 875/500/854
f 722/514/808 869/508/973 719/515/803
f 717/516/809 870/519/976 867/518/977 708/517/810
f 872/520/978 874/511/974 869/521/973
f 731/522/814 871/523/979 870/519/976 717/516/809
f 868/512/975 873/505/972 730/506/800 721/513/807
f 865/504/971 871/523/979 731/522/814 712/507/801
f 867/518/977 870/519/976 872/520/978 877/524/980
f 873/525/972 868/528/975 878/527/981 866/526/982
f 876/529/983 874/511/974 871/523/979 865/530/971
f 872/520/978 869/521/973 722/531/808 877/524/980
f 877/532/980 722/535/808 708/534/810 867/533/977
f 866/526/982 876/529/983 865/530/971 873/525/972
f 868/528/975 875/371/854 802/372/853 878/527/981
f 713/536/820 876/529/983 866/526/982 728/537/821
f 874/511/974 876/529/983 713/538/820 732/510/804
f 872/520/978 870/519/976 871/523/979 874/511/974
f 733/372/984 742/540/985 879/539/985
f 742/540/985 728/526/986 879/539/985
f 833/541/936 883/404/879 882/405/882 835/542/934
f 834/543/932 881/428/902 886/429/905 857/496/937
f 832/497/935 880/445/916 883/404/879 833/541/936
f 835/542/934 882/405/882 884/447/919 836/544/933
f 836/544/933 884/447/919 885/462/930 837/545/931
f 837/545/931 885/462/930 881/428/902 834/543/932
f 885/462/930 826/463/929 828/431/903 881/428/902
f 862/430/904 827/446/917 880/445/916 886/429/905
f 802/372/853 733/372/987 742/540/988 878/527/981
f 878/527/981 742/540/988 728/526/821 866/526/982
