# Blender 4.5.3 LTS
# www.blender.org
mtllib Museo_Anahuacalli.mtl
o Museo_Anahuacalli
v 12.000000 0.000000 -66.000000
v 28.000000 0.000000 -66.000000
v 12.000000 0.000000 -92.000000
v 28.000000 0.000000 -92.000000
v 28.000000 0.000000 -69.000000
v 32.000000 0.000000 -69.000000
v 28.000000 0.000000 -75.000000
v 32.000000 0.000000 -75.000000
v 12.000000 0.000000 -92.000000
v 16.000000 0.000000 -92.000000
v 12.000000 0.000000 -96.000000
v 16.000000 0.000000 -96.000000
v 12.000000 0.000000 -46.000000
v 16.000000 0.000000 -46.000000
v 12.000000 0.000000 -66.000000
v 16.000000 0.000000 -66.000000
v 0.000000 0.000000 0.000000
v 64.000000 0.000000 0.000000
v 0.000000 0.000000 -14.000000
v 64.000000 0.000000 -14.000000
v 1.000000 4.000000 -2.000000
v 30.000000 4.000000 -2.000000
v 1.000000 4.000000 -10.000000
v 30.000000 4.000000 -10.000000
v 29.990000 4.000000 -2.000000
v 29.990000 0.000000 -2.000000
v 29.990000 4.000000 -4.461540
v 29.990000 0.000000 -4.461540
v 29.990000 4.000000 -6.923073
v 29.989998 0.000000 -6.923073
v 29.990000 4.000000 -4.461540
v 29.990000 0.000000 -4.461540
v 29.990000 4.000000 -2.000000
v 29.990000 0.000000 -2.000000
v 27.994999 4.000000 -2.000000
v 27.994999 0.000000 -2.000000
v 26.000000 4.000000 -2.000000
v 26.000000 0.000000 -2.000000
v 27.994999 4.000000 -2.000000
v 27.994999 0.000000 -2.000000
v 26.000000 4.000000 -2.000000
v 26.000000 0.000000 -2.000000
v 24.004999 4.000000 -2.000000
v 24.004999 0.000000 -2.000000
v 22.010000 4.000000 -2.000000
v 22.010000 0.000000 -2.000000
v 24.004999 4.000000 -2.000000
v 24.004999 0.000000 -2.000000
v 22.010000 4.000000 -2.000000
v 22.010000 0.000000 -2.000000
v 22.010000 4.000000 -4.461540
v 22.010000 0.000000 -4.461540
v 22.010000 4.000000 -6.923073
v 22.009998 0.000000 -6.923073
v 22.010000 4.000000 -4.461540
v 22.010000 0.000000 -4.461540
v 29.990000 4.000000 -10.000000
v 29.990000 0.000000 -10.000000
v 27.994999 4.000000 -10.000000
v 27.994999 0.000000 -10.000000
v 26.000000 4.000000 -10.000000
v 26.000000 0.000000 -10.000000
v 27.994999 4.000000 -10.000000
v 27.994999 0.000000 -10.000000
v 26.000000 4.000000 -10.000000
v 26.000000 0.000000 -10.000000
v 24.004999 4.000000 -10.000000
v 24.004999 0.000000 -10.000000
v 22.010000 4.000000 -10.000000
v 22.010000 0.000000 -10.000000
v 24.004999 4.000000 -10.000000
v 24.004999 0.000000 -10.000000
v 13.000000 4.000000 -2.000000
v 13.000000 0.000000 -2.000000
v 11.000000 4.000000 -2.000000
v 11.000000 0.000000 -2.000000
v 9.000000 4.000000 -2.000000
v 9.000000 0.000000 -2.000000
v 11.000000 4.000000 -2.000000
v 11.000000 0.000000 -2.000000
v 13.000000 4.000000 -2.000000
v 13.000000 0.000000 -2.000000
v 13.000000 4.000000 -4.000000
v 13.000000 0.000000 -4.000000
v 13.000000 4.000000 -6.000000
v 13.000000 0.000000 -6.000000
v 13.000000 4.000000 -4.000000
v 13.000000 0.000000 -4.000000
v 9.000000 4.000000 -2.000000
v 9.000000 0.000000 -2.000000
v 7.000000 4.000000 -2.000000
v 7.000000 0.000000 -2.000000
v 5.000000 4.000000 -2.000000
v 5.000000 0.000000 -2.000000
v 7.000000 4.000000 -2.000000
v 7.000000 0.000000 -2.000000
v 5.000000 4.000000 -2.000000
v 5.000000 0.000000 -2.000000
v 3.000000 4.000000 -2.000000
v 3.000000 0.000000 -2.000000
v 1.000000 4.000000 -2.000000
v 1.000000 0.000000 -2.000000
v 3.000000 4.000000 -2.000000
v 3.000000 0.000000 -2.000000
v 0.999998 4.000000 -2.000000
v 0.999998 0.000000 -2.000000
v 0.999998 4.000000 -4.000000
v 0.999998 0.000000 -4.000000
v 0.999998 4.000000 -6.000000
v 0.999998 0.000000 -6.000000
v 0.999998 4.000000 -4.000000
v 0.999998 0.000000 -4.000000
v 0.999998 4.000000 -6.000000
v 0.999998 0.000000 -6.000000
v 0.999998 4.000000 -7.999992
v 0.999998 0.000000 -7.999992
v 0.999998 4.000000 -10.000000
v 0.999998 0.000000 -10.000000
v 0.999998 4.000000 -7.999992
v 0.999998 0.000000 -7.999992
v 5.000000 4.000000 -10.000000
v 5.000000 0.000000 -10.000000
v 3.000000 4.000000 -10.000000
v 3.000000 0.000000 -10.000000
v 1.000000 4.000000 -10.000000
v 1.000000 0.000000 -10.000000
v 3.000000 4.000000 -10.000000
v 3.000000 0.000000 -10.000000
v 9.000000 4.000000 -10.000000
v 9.000000 0.000000 -10.000000
v 7.000000 4.000000 -10.000000
v 7.000000 0.000000 -10.000000
v 5.000000 4.000000 -10.000000
v 5.000000 0.000000 -10.000000
v 7.000000 4.000000 -10.000000
v 7.000000 0.000000 -10.000000
v 13.000000 4.000000 -10.000000
v 13.000000 0.000000 -10.000000
v 11.000000 4.000000 -10.000000
v 11.000000 0.000000 -10.000000
v 9.000000 4.000000 -10.000000
v 9.000000 0.000000 -10.000000
v 11.000000 4.000000 -10.000000
v 11.000000 0.000000 -10.000000
v 4.000000 -0.600000 -17.999996
v 28.000000 -0.600000 -17.999996
v 4.000000 -0.600000 -42.000000
v 28.000000 -0.600000 -42.000000
v 28.000000 0.000000 -17.999996
v 32.000000 0.000000 -17.999996
v 28.000000 0.000000 -42.000000
v 32.000000 0.000000 -42.000000
v 0.000000 0.000000 -14.000000
v 32.000000 0.000000 -14.000000
v 0.000000 0.000000 -17.999996
v 32.000000 0.000000 -17.999996
v 0.000000 0.000000 -42.000000
v 32.000000 0.000000 -42.000000
v 0.000000 0.000000 -46.000000
v 32.000000 0.000000 -46.000000
v 0.000000 0.000000 -17.999996
v 3.999998 0.000000 -17.999996
v 0.000000 0.000000 -42.000000
v 3.999998 0.000000 -42.000000
v 28.000002 -0.600000 -17.999996
v 28.000002 -0.600000 -42.000000
v 28.000002 0.000000 -17.999996
v 28.000002 0.000000 -42.000000
v 4.000002 -0.600002 -42.000000
v 28.000002 -0.600000 -42.000004
v 4.000002 -0.000002 -42.000000
v 28.000002 0.000000 -42.000004
v 3.999998 -0.600002 -17.999996
v 28.000000 -0.600000 -17.999996
v 3.999998 -0.000002 -17.999996
v 28.000000 0.000000 -17.999996
v 3.999998 -0.600002 -17.999996
v 3.999998 -0.600002 -42.000000
v 3.999998 -0.000002 -17.999996
v 3.999998 -0.000002 -42.000000
v 64.000000 0.000000 -14.000000
v 64.000000 0.000000 -46.000000
v 32.000000 0.000000 -14.000000
v 32.000000 0.000000 -46.000000
v 32.000000 4.000000 -22.000000
v 32.000000 4.000000 -14.000000
v 32.000000 -0.000000 -22.000000
v 32.000000 0.000000 -14.000000
v 32.000000 4.000000 -22.000000
v 32.000000 4.000000 -30.000000
v 32.000000 0.000000 -22.000000
v 32.000000 0.000000 -30.000000
v 32.000000 4.000000 -38.000000
v 32.000000 4.000000 -30.000000
v 32.000000 -0.000000 -38.000000
v 32.000000 0.000000 -30.000000
v 40.000000 4.000000 -46.000000
v 32.000000 4.000000 -46.000000
v 40.000000 0.000000 -46.000000
v 32.000000 0.000000 -46.000000
v 32.000000 4.000000 -38.000000
v 32.000000 4.000000 -46.000000
v 32.000000 0.000000 -38.000000
v 32.000000 0.000000 -46.000000
v 40.000000 4.000000 -46.000000
v 48.000000 4.000000 -46.000000
v 40.000000 -0.000000 -46.000000
v 48.000000 0.000000 -46.000000
v 56.000000 4.000000 -46.000000
v 48.000000 4.000000 -46.000000
v 56.000000 0.000000 -46.000000
v 48.000000 0.000000 -46.000000
v 56.000000 4.000000 -46.000000
v 64.000000 4.000000 -46.000000
v 56.000000 -0.000000 -46.000000
v 64.000000 0.000000 -46.000000
v 64.000000 4.000000 -38.000000
v 64.000000 4.000000 -46.000000
v 64.000000 0.000000 -38.000000
v 64.000000 0.000000 -46.000000
v 64.000000 4.000000 -38.000000
v 64.000000 4.000000 -30.000004
v 64.000000 -0.000000 -38.000000
v 64.000000 0.000000 -30.000000
v 64.000000 4.000000 -22.000000
v 64.000000 4.000000 -30.000000
v 64.000000 0.000000 -22.000000
v 64.000000 0.000000 -30.000000
v 64.000000 4.000000 -22.000000
v 64.000000 4.000000 -14.000000
v 64.000000 -0.000000 -22.000000
v 64.000000 0.000000 -14.000000
v 64.000000 1.000000 -14.000000
v 58.000000 1.000000 -14.000000
v 64.000000 -0.000000 -14.000000
v 58.000000 0.000000 -14.000000
v 40.000000 4.000000 -14.000000
v 32.000000 4.000000 -14.000000
v 40.000000 -0.000000 -14.000000
v 32.000000 0.000000 -14.000000
v 58.000000 4.000000 -14.000000
v 52.000000 4.000000 -14.000000
v 58.000000 -0.000000 -14.000000
v 52.000000 0.000000 -14.000000
v 40.000000 4.000000 -14.000000
v 48.000000 4.000000 -14.000000
v 40.000000 -0.000000 -14.000000
v 48.000000 0.000000 -14.000000
v 64.000000 4.000000 -14.000000
v 64.000000 4.000000 -46.000000
v 32.000000 4.000000 -14.000000
v 32.000000 4.000000 -46.000000
v 64.000000 4.000000 -14.000000
v 32.000000 4.000000 -14.000000
v 64.000000 4.800000 -14.000000
v 32.000000 4.800000 -14.000000
v 64.000000 4.000000 -46.000000
v 32.000000 4.000000 -46.000000
v 64.000000 4.800000 -46.000000
v 32.000000 4.800000 -46.000000
v 64.000000 4.000000 -14.000000
v 64.000000 4.000000 -46.000000
v 64.000000 4.800000 -14.000000
v 64.000000 4.800000 -46.000000
v 32.000000 4.000000 -14.000000
v 32.000000 4.000000 -46.000000
v 32.000000 4.800000 -14.000000
v 32.000000 4.800000 -46.000000
v 49.500000 0.000000 -2.550003
v 49.500000 1.400000 -2.550003
v 49.509743 0.000000 -2.549042
v 49.509743 1.400000 -2.549042
v 49.519112 0.000000 -2.546196
v 49.519112 1.400000 -2.546196
v 49.527740 0.000000 -2.541573
v 49.527740 1.400000 -2.541573
v 49.535309 0.000000 -2.535355
v 49.535309 1.400000 -2.535355
v 49.541519 0.000000 -2.527779
v 49.541519 1.400000 -2.527779
v 49.546135 0.000000 -2.519127
v 49.546135 1.400000 -2.519127
v 49.548977 0.000000 -2.509750
v 49.548977 1.400000 -2.509750
v 49.549934 0.000000 -2.500000
v 49.549934 1.400000 -2.500000
v 49.548977 0.000000 -2.490242
v 49.548977 1.400000 -2.490242
v 49.546135 0.000000 -2.480865
v 49.546135 1.400000 -2.480865
v 49.541519 0.000000 -2.472214
v 49.541519 1.400000 -2.472214
v 49.535309 0.000000 -2.464638
v 49.535309 1.400000 -2.464638
v 49.527740 0.000000 -2.458420
v 49.527740 1.400000 -2.458420
v 49.519112 0.000000 -2.453804
v 49.519112 1.400000 -2.453804
v 49.509743 0.000000 -2.450958
v 49.509743 1.400000 -2.450958
v 49.500000 0.000000 -2.449997
v 49.500000 1.400000 -2.449997
v 49.490257 0.000000 -2.450958
v 49.490257 1.400000 -2.450958
v 49.480888 0.000000 -2.453804
v 49.480888 1.400000 -2.453804
v 49.472260 0.000000 -2.458420
v 49.472260 1.400000 -2.458420
v 49.464691 0.000000 -2.464638
v 49.464691 1.400000 -2.464638
v 49.458481 0.000000 -2.472214
v 49.458481 1.400000 -2.472214
v 49.453865 0.000000 -2.480865
v 49.453865 1.400000 -2.480865
v 49.451023 0.000000 -2.490242
v 49.451023 1.400000 -2.490242
v 49.450066 0.000000 -2.500000
v 49.450066 1.400000 -2.500000
v 49.451023 0.000000 -2.509750
v 49.451023 1.400000 -2.509750
v 49.453865 0.000000 -2.519127
v 49.453865 1.400000 -2.519127
v 49.458481 0.000000 -2.527779
v 49.458481 1.400000 -2.527779
v 49.464691 0.000000 -2.535355
v 49.464691 1.400000 -2.535355
v 49.472260 0.000000 -2.541573
v 49.472260 1.400000 -2.541573
v 49.480888 0.000000 -2.546196
v 49.480888 1.400000 -2.546196
v 49.490257 0.000000 -2.549042
v 49.490257 1.400000 -2.549042
v 32.049999 0.000000 -8.549995
v 32.049999 1.400000 -8.549995
v 32.059742 0.000000 -8.549034
v 32.059742 1.400000 -8.549034
v 32.069107 0.000000 -8.546188
v 32.069107 1.400000 -8.546188
v 32.077744 0.000000 -8.541573
v 32.077744 1.400000 -8.541573
v 32.085308 0.000000 -8.535347
v 32.085308 1.400000 -8.535347
v 32.091522 0.000000 -8.527771
v 32.091522 1.400000 -8.527771
v 32.096134 0.000000 -8.519135
v 32.096134 1.400000 -8.519135
v 32.098976 0.000000 -8.509758
v 32.098976 1.400000 -8.509758
v 32.099937 0.000000 -8.500000
v 32.099937 1.400000 -8.500000
v 32.098976 0.000000 -8.490242
v 32.098976 1.400000 -8.490242
v 32.096134 0.000000 -8.480865
v 32.096134 1.400000 -8.480865
v 32.091522 0.000000 -8.472221
v 32.091522 1.400000 -8.472221
v 32.085308 0.000000 -8.464638
v 32.085308 1.400000 -8.464638
v 32.077744 0.000000 -8.458420
v 32.077744 1.400000 -8.458420
v 32.069107 0.000000 -8.453804
v 32.069107 1.400000 -8.453804
v 32.059742 0.000000 -8.450958
v 32.059742 1.400000 -8.450958
v 32.049999 0.000000 -8.449997
v 32.049999 1.400000 -8.449997
v 32.040257 0.000000 -8.450958
v 32.040257 1.400000 -8.450958
v 32.030891 0.000000 -8.453804
v 32.030891 1.400000 -8.453804
v 32.022255 0.000000 -8.458420
v 32.022255 1.400000 -8.458420
v 32.014690 0.000000 -8.464638
v 32.014690 1.400000 -8.464638
v 32.008476 0.000000 -8.472221
v 32.008476 1.400000 -8.472221
v 32.003864 0.000000 -8.480865
v 32.003864 1.400000 -8.480865
v 32.001022 0.000000 -8.490242
v 32.001022 1.400000 -8.490242
v 32.000061 0.000000 -8.500000
v 32.000061 1.400000 -8.500000
v 32.001022 0.000000 -8.509758
v 32.001022 1.400000 -8.509758
v 32.003864 0.000000 -8.519135
v 32.003864 1.400000 -8.519135
v 32.008476 0.000000 -8.527771
v 32.008476 1.400000 -8.527771
v 32.014690 0.000000 -8.535347
v 32.014690 1.400000 -8.535347
v 32.022255 0.000000 -8.541573
v 32.022255 1.400000 -8.541573
v 32.030891 0.000000 -8.546188
v 32.030891 1.400000 -8.546188
v 32.040257 0.000000 -8.549034
v 32.040257 1.400000 -8.549034
v 35.500000 0.000000 -8.549995
v 35.500000 1.400000 -8.549995
v 35.509743 0.000000 -8.549034
v 35.509743 1.400000 -8.549034
v 35.519108 0.000000 -8.546188
v 35.519108 1.400000 -8.546188
v 35.527740 0.000000 -8.541573
v 35.527740 1.400000 -8.541573
v 35.535309 0.000000 -8.535347
v 35.535309 1.400000 -8.535347
v 35.541519 0.000000 -8.527771
v 35.541519 1.400000 -8.527771
v 35.546135 0.000000 -8.519135
v 35.546135 1.400000 -8.519135
v 35.548973 0.000000 -8.509758
v 35.548973 1.400000 -8.509758
v 35.549934 0.000000 -8.500000
v 35.549934 1.400000 -8.500000
v 35.548973 0.000000 -8.490242
v 35.548973 1.400000 -8.490242
v 35.546135 0.000000 -8.480865
v 35.546135 1.400000 -8.480865
v 35.541519 0.000000 -8.472221
v 35.541519 1.400000 -8.472221
v 35.535309 0.000000 -8.464638
v 35.535309 1.400000 -8.464638
v 35.527740 0.000000 -8.458420
v 35.527740 1.400000 -8.458420
v 35.519108 0.000000 -8.453804
v 35.519108 1.400000 -8.453804
v 35.509743 0.000000 -8.450958
v 35.509743 1.400000 -8.450958
v 35.500000 0.000000 -8.449997
v 35.500000 1.400000 -8.449997
v 35.490257 0.000000 -8.450958
v 35.490257 1.400000 -8.450958
v 35.480888 0.000000 -8.453804
v 35.480888 1.400000 -8.453804
v 35.472256 0.000000 -8.458420
v 35.472256 1.400000 -8.458420
v 35.464691 0.000000 -8.464638
v 35.464691 1.400000 -8.464638
v 35.458481 0.000000 -8.472221
v 35.458481 1.400000 -8.472221
v 35.453865 0.000000 -8.480865
v 35.453865 1.400000 -8.480865
v 35.451023 0.000000 -8.490242
v 35.451023 1.400000 -8.490242
v 35.450066 0.000000 -8.500000
v 35.450066 1.400000 -8.500000
v 35.451023 0.000000 -8.509758
v 35.451023 1.400000 -8.509758
v 35.453865 0.000000 -8.519135
v 35.453865 1.400000 -8.519135
v 35.458481 0.000000 -8.527771
v 35.458481 1.400000 -8.527771
v 35.464691 0.000000 -8.535347
v 35.464691 1.400000 -8.535347
v 35.472256 0.000000 -8.541573
v 35.472256 1.400000 -8.541573
v 35.480888 0.000000 -8.546188
v 35.480888 1.400000 -8.546188
v 35.490257 0.000000 -8.549034
v 35.490257 1.400000 -8.549034
v 39.000000 0.000000 -8.549995
v 39.000000 1.400000 -8.549995
v 39.009739 0.000000 -8.549034
v 39.009739 1.400000 -8.549034
v 39.019108 0.000000 -8.546188
v 39.019108 1.400000 -8.546188
v 39.027740 0.000000 -8.541573
v 39.027740 1.400000 -8.541573
v 39.035309 0.000000 -8.535347
v 39.035309 1.400000 -8.535347
v 39.041519 0.000000 -8.527771
v 39.041519 1.400000 -8.527771
v 39.046135 0.000000 -8.519135
v 39.046135 1.400000 -8.519135
v 39.048973 0.000000 -8.509758
v 39.048973 1.400000 -8.509758
v 39.049934 0.000000 -8.500000
v 39.049934 1.400000 -8.500000
v 39.048973 0.000000 -8.490242
v 39.048973 1.400000 -8.490242
v 39.046135 0.000000 -8.480865
v 39.046135 1.400000 -8.480865
v 39.041519 0.000000 -8.472221
v 39.041519 1.400000 -8.472221
v 39.035309 0.000000 -8.464638
v 39.035309 1.400000 -8.464638
v 39.027740 0.000000 -8.458420
v 39.027740 1.400000 -8.458420
v 39.019108 0.000000 -8.453804
v 39.019108 1.400000 -8.453804
v 39.009739 0.000000 -8.450958
v 39.009739 1.400000 -8.450958
v 39.000000 0.000000 -8.449997
v 39.000000 1.400000 -8.449997
v 38.990257 0.000000 -8.450958
v 38.990257 1.400000 -8.450958
v 38.980888 0.000000 -8.453804
v 38.980888 1.400000 -8.453804
v 38.972256 0.000000 -8.458420
v 38.972256 1.400000 -8.458420
v 38.964687 0.000000 -8.464638
v 38.964687 1.400000 -8.464638
v 38.958481 0.000000 -8.472221
v 38.958481 1.400000 -8.472221
v 38.953865 0.000000 -8.480865
v 38.953865 1.400000 -8.480865
v 38.951023 0.000000 -8.490242
v 38.951023 1.400000 -8.490242
v 38.950062 0.000000 -8.500000
v 38.950062 1.400000 -8.500000
v 38.951023 0.000000 -8.509758
v 38.951023 1.400000 -8.509758
v 38.953865 0.000000 -8.519135
v 38.953865 1.400000 -8.519135
v 38.958481 0.000000 -8.527771
v 38.958481 1.400000 -8.527771
v 38.964687 0.000000 -8.535347
v 38.964687 1.400000 -8.535347
v 38.972256 0.000000 -8.541573
v 38.972256 1.400000 -8.541573
v 38.980888 0.000000 -8.546188
v 38.980888 1.400000 -8.546188
v 38.990257 0.000000 -8.549034
v 38.990257 1.400000 -8.549034
v 42.500000 0.000000 -8.549995
v 42.500000 1.400000 -8.549995
v 42.509743 0.000000 -8.549034
v 42.509743 1.400000 -8.549034
v 42.519108 0.000000 -8.546188
v 42.519108 1.400000 -8.546188
v 42.527740 0.000000 -8.541573
v 42.527740 1.400000 -8.541573
v 42.535309 0.000000 -8.535347
v 42.535309 1.400000 -8.535347
v 42.541519 0.000000 -8.527771
v 42.541519 1.400000 -8.527771
v 42.546135 0.000000 -8.519135
v 42.546135 1.400000 -8.519135
v 42.548973 0.000000 -8.509758
v 42.548973 1.400000 -8.509758
v 42.549934 0.000000 -8.500000
v 42.549934 1.400000 -8.500000
v 42.548973 0.000000 -8.490242
v 42.548973 1.400000 -8.490242
v 42.546135 0.000000 -8.480865
v 42.546135 1.400000 -8.480865
v 42.541519 0.000000 -8.472221
v 42.541519 1.400000 -8.472221
v 42.535309 0.000000 -8.464638
v 42.535309 1.400000 -8.464638
v 42.527740 0.000000 -8.458420
v 42.527740 1.400000 -8.458420
v 42.519108 0.000000 -8.453804
v 42.519108 1.400000 -8.453804
v 42.509743 0.000000 -8.450958
v 42.509743 1.400000 -8.450958
v 42.500000 0.000000 -8.449997
v 42.500000 1.400000 -8.449997
v 42.490257 0.000000 -8.450958
v 42.490257 1.400000 -8.450958
v 42.480888 0.000000 -8.453804
v 42.480888 1.400000 -8.453804
v 42.472256 0.000000 -8.458420
v 42.472256 1.400000 -8.458420
v 42.464691 0.000000 -8.464638
v 42.464691 1.400000 -8.464638
v 42.458481 0.000000 -8.472221
v 42.458481 1.400000 -8.472221
v 42.453865 0.000000 -8.480865
v 42.453865 1.400000 -8.480865
v 42.451023 0.000000 -8.490242
v 42.451023 1.400000 -8.490242
v 42.450066 0.000000 -8.500000
v 42.450066 1.400000 -8.500000
v 42.451023 0.000000 -8.509758
v 42.451023 1.400000 -8.509758
v 42.453865 0.000000 -8.519135
v 42.453865 1.400000 -8.519135
v 42.458481 0.000000 -8.527771
v 42.458481 1.400000 -8.527771
v 42.464691 0.000000 -8.535347
v 42.464691 1.400000 -8.535347
v 42.472256 0.000000 -8.541573
v 42.472256 1.400000 -8.541573
v 42.480888 0.000000 -8.546188
v 42.480888 1.400000 -8.546188
v 42.490257 0.000000 -8.549034
v 42.490257 1.400000 -8.549034
v 46.000000 0.000000 -8.549995
v 46.000000 1.400000 -8.549995
v 46.009743 0.000000 -8.549034
v 46.009743 1.400000 -8.549034
v 46.019108 0.000000 -8.546188
v 46.019108 1.400000 -8.546188
v 46.027740 0.000000 -8.541573
v 46.027740 1.400000 -8.541573
v 46.035309 0.000000 -8.535347
v 46.035309 1.400000 -8.535347
v 46.041519 0.000000 -8.527771
v 46.041519 1.400000 -8.527771
v 46.046135 0.000000 -8.519135
v 46.046135 1.400000 -8.519135
v 46.048973 0.000000 -8.509758
v 46.048973 1.400000 -8.509758
v 46.049934 0.000000 -8.500000
v 46.049934 1.400000 -8.500000
v 46.048973 0.000000 -8.490242
v 46.048973 1.400000 -8.490242
v 46.046135 0.000000 -8.480865
v 46.046135 1.400000 -8.480865
v 46.041519 0.000000 -8.472221
v 46.041519 1.400000 -8.472221
v 46.035309 0.000000 -8.464638
v 46.035309 1.400000 -8.464638
v 46.027740 0.000000 -8.458420
v 46.027740 1.400000 -8.458420
v 46.019108 0.000000 -8.453804
v 46.019108 1.400000 -8.453804
v 46.009743 0.000000 -8.450958
v 46.009743 1.400000 -8.450958
v 46.000000 0.000000 -8.449997
v 46.000000 1.400000 -8.449997
v 45.990257 0.000000 -8.450958
v 45.990257 1.400000 -8.450958
v 45.980888 0.000000 -8.453804
v 45.980888 1.400000 -8.453804
v 45.972256 0.000000 -8.458420
v 45.972256 1.400000 -8.458420
v 45.964687 0.000000 -8.464638
v 45.964687 1.400000 -8.464638
v 45.958481 0.000000 -8.472221
v 45.958481 1.400000 -8.472221
v 45.953865 0.000000 -8.480865
v 45.953865 1.400000 -8.480865
v 45.951023 0.000000 -8.490242
v 45.951023 1.400000 -8.490242
v 45.950062 0.000000 -8.500000
v 45.950062 1.400000 -8.500000
v 45.951023 0.000000 -8.509758
v 45.951023 1.400000 -8.509758
v 45.953865 0.000000 -8.519135
v 45.953865 1.400000 -8.519135
v 45.958481 0.000000 -8.527771
v 45.958481 1.400000 -8.527771
v 45.964687 0.000000 -8.535347
v 45.964687 1.400000 -8.535347
v 45.972256 0.000000 -8.541573
v 45.972256 1.400000 -8.541573
v 45.980888 0.000000 -8.546188
v 45.980888 1.400000 -8.546188
v 45.990257 0.000000 -8.549034
v 45.990257 1.400000 -8.549034
v 49.500000 0.000000 -8.549995
v 49.500000 1.400000 -8.549995
v 49.509743 0.000000 -8.549034
v 49.509743 1.400000 -8.549034
v 49.519108 0.000000 -8.546188
v 49.519108 1.400000 -8.546188
v 49.527740 0.000000 -8.541573
v 49.527740 1.400000 -8.541573
v 49.535309 0.000000 -8.535347
v 49.535309 1.400000 -8.535347
v 49.541519 0.000000 -8.527771
v 49.541519 1.400000 -8.527771
v 49.546135 0.000000 -8.519135
v 49.546135 1.400000 -8.519135
v 49.548973 0.000000 -8.509758
v 49.548973 1.400000 -8.509758
v 49.549934 0.000000 -8.500000
v 49.549934 1.400000 -8.500000
v 49.548973 0.000000 -8.490242
v 49.548973 1.400000 -8.490242
v 49.546135 0.000000 -8.480865
v 49.546135 1.400000 -8.480865
v 49.541519 0.000000 -8.472221
v 49.541519 1.400000 -8.472221
v 49.535309 0.000000 -8.464638
v 49.535309 1.400000 -8.464638
v 49.527740 0.000000 -8.458420
v 49.527740 1.400000 -8.458420
v 49.519108 0.000000 -8.453804
v 49.519108 1.400000 -8.453804
v 49.509743 0.000000 -8.450958
v 49.509743 1.400000 -8.450958
v 49.500000 0.000000 -8.449997
v 49.500000 1.400000 -8.449997
v 49.490257 0.000000 -8.450958
v 49.490257 1.400000 -8.450958
v 49.480888 0.000000 -8.453804
v 49.480888 1.400000 -8.453804
v 49.472256 0.000000 -8.458420
v 49.472256 1.400000 -8.458420
v 49.464691 0.000000 -8.464638
v 49.464691 1.400000 -8.464638
v 49.458481 0.000000 -8.472221
v 49.458481 1.400000 -8.472221
v 49.453865 0.000000 -8.480865
v 49.453865 1.400000 -8.480865
v 49.451023 0.000000 -8.490242
v 49.451023 1.400000 -8.490242
v 49.450062 0.000000 -8.500000
v 49.450062 1.400000 -8.500000
v 49.451023 0.000000 -8.509758
v 49.451023 1.400000 -8.509758
v 49.453865 0.000000 -8.519135
v 49.453865 1.400000 -8.519135
v 49.458481 0.000000 -8.527771
v 49.458481 1.400000 -8.527771
v 49.464691 0.000000 -8.535347
v 49.464691 1.400000 -8.535347
v 49.472256 0.000000 -8.541573
v 49.472256 1.400000 -8.541573
v 49.480888 0.000000 -8.546188
v 49.480888 1.400000 -8.546188
v 49.490257 0.000000 -8.549034
v 49.490257 1.400000 -8.549034
v 49.500000 0.000000 -5.549995
v 49.500000 1.400000 -5.549995
v 49.509743 0.000000 -5.549042
v 49.509743 1.400000 -5.549042
v 49.519108 0.000000 -5.546196
v 49.519108 1.400000 -5.546196
v 49.527740 0.000000 -5.541565
v 49.527740 1.400000 -5.541565
v 49.535309 0.000000 -5.535355
v 49.535309 1.400000 -5.535355
v 49.541519 0.000000 -5.527779
v 49.541519 1.400000 -5.527779
v 49.546135 0.000000 -5.519127
v 49.546135 1.400000 -5.519127
v 49.548973 0.000000 -5.509750
v 49.548973 1.400000 -5.509750
v 49.549934 0.000000 -5.500000
v 49.549934 1.400000 -5.500000
v 49.548973 0.000000 -5.490242
v 49.548973 1.400000 -5.490242
v 49.546135 0.000000 -5.480865
v 49.546135 1.400000 -5.480865
v 49.541519 0.000000 -5.472221
v 49.541519 1.400000 -5.472221
v 49.535309 0.000000 -5.464638
v 49.535309 1.400000 -5.464638
v 49.527740 0.000000 -5.458420
v 49.527740 1.400000 -5.458420
v 49.519108 0.000000 -5.453804
v 49.519108 1.400000 -5.453804
v 49.509743 0.000000 -5.450958
v 49.509743 1.400000 -5.450958
v 49.500000 0.000000 -5.449997
v 49.500000 1.400000 -5.449997
v 49.490257 0.000000 -5.450958
v 49.490257 1.400000 -5.450958
v 49.480888 0.000000 -5.453804
v 49.480888 1.400000 -5.453804
v 49.472256 0.000000 -5.458420
v 49.472256 1.400000 -5.458420
v 49.464691 0.000000 -5.464638
v 49.464691 1.400000 -5.464638
v 49.458481 0.000000 -5.472221
v 49.458481 1.400000 -5.472221
v 49.453865 0.000000 -5.480865
v 49.453865 1.400000 -5.480865
v 49.451023 0.000000 -5.490242
v 49.451023 1.400000 -5.490242
v 49.450062 0.000000 -5.500000
v 49.450062 1.400000 -5.500000
v 49.451023 0.000000 -5.509750
v 49.451023 1.400000 -5.509750
v 49.453865 0.000000 -5.519127
v 49.453865 1.400000 -5.519127
v 49.458481 0.000000 -5.527779
v 49.458481 1.400000 -5.527779
v 49.464691 0.000000 -5.535355
v 49.464691 1.400000 -5.535355
v 49.472256 0.000000 -5.541565
v 49.472256 1.400000 -5.541565
v 49.480888 0.000000 -5.546196
v 49.480888 1.400000 -5.546196
v 49.490257 0.000000 -5.549042
v 49.490257 1.400000 -5.549042
v 32.080002 1.250000 -8.500000
v 49.479996 1.250000 -8.500000
v 32.080002 1.350000 -8.500000
v 49.479996 1.350000 -8.500000
v 49.500000 1.250000 -2.500000
v 49.500000 1.250000 -8.500000
v 49.500000 1.350000 -2.500000
v 49.500000 1.350000 -8.500000
v 14.528936 1.000000 -5.373894
v 14.528936 1.050000 -5.373894
v 14.013899 1.000000 -6.231064
v 14.013899 1.050000 -6.231064
v 15.386103 1.000000 -5.888931
v 15.386103 1.050000 -5.888931
v 14.871065 1.000000 -6.746101
v 14.871065 1.050000 -6.746101
v 14.541836 0.000000 -5.644135
v 14.541836 1.000000 -5.644135
v 14.516085 0.000000 -5.686996
v 14.516085 1.000000 -5.686996
v 14.584694 0.000000 -5.669891
v 14.584694 1.000000 -5.669891
v 14.558943 0.000000 -5.712753
v 14.558943 1.000000 -5.712753
v 14.284317 0.000000 -6.072723
v 14.284317 1.000000 -6.072723
v 14.258564 0.000000 -6.115578
v 14.258564 1.000000 -6.115578
v 14.327175 0.000000 -6.098473
v 14.327175 1.000000 -6.098473
v 14.301424 0.000000 -6.141327
v 14.301424 1.000000 -6.141327
v 15.034498 0.000000 -5.940155
v 15.034498 1.000000 -5.940155
v 15.008747 0.000000 -5.983017
v 15.008747 1.000000 -5.983017
v 15.077356 0.000000 -5.965912
v 15.077356 1.000000 -5.965912
v 15.051605 0.000000 -6.008774
v 15.051605 1.000000 -6.008774
v 14.776979 0.000000 -6.368744
v 14.776979 1.000000 -6.368744
v 14.751228 0.000000 -6.411598
v 14.751228 1.000000 -6.411598
v 14.819838 0.000000 -6.394501
v 14.819838 1.000000 -6.394501
v 14.794086 0.000000 -6.437347
v 14.794086 1.000000 -6.437347
v 14.913282 0.700000 -5.074020
v 14.913282 0.750000 -5.074020
v 14.640312 0.700000 -5.528313
v 14.640312 0.750000 -5.528313
v 15.427582 0.700000 -5.383041
v 15.427582 0.750000 -5.383041
v 15.154612 0.700000 -5.837334
v 15.154612 0.750000 -5.837334
v 14.939034 0.000000 -5.031158
v 14.939034 1.400000 -5.031158
v 14.913282 0.000000 -5.074020
v 14.913282 1.400000 -5.074020
v 14.981892 0.000000 -5.056908
v 14.981892 1.400000 -5.056908
v 14.956141 0.000000 -5.099770
v 14.956141 1.400000 -5.099770
v 15.410475 0.000000 -5.314430
v 15.410475 1.400000 -5.314430
v 15.384724 0.000000 -5.357285
v 15.384724 1.400000 -5.357285
v 15.453335 0.000000 -5.340179
v 15.453335 1.400000 -5.340179
v 15.427582 0.000000 -5.383041
v 15.427582 1.400000 -5.383041
v 15.142656 0.000000 -5.760155
v 15.142656 0.700000 -5.760155
v 15.116903 0.000000 -5.803009
v 15.116903 0.700000 -5.803009
v 15.185514 0.000000 -5.785912
v 15.185514 0.700000 -5.785912
v 15.159761 0.000000 -5.828766
v 15.159761 0.700000 -5.828766
v 14.671213 0.000000 -5.476883
v 14.671213 0.700000 -5.476883
v 14.645462 0.000000 -5.519745
v 14.645462 0.700000 -5.519745
v 14.714071 0.000000 -5.502640
v 14.714071 0.700000 -5.502640
v 14.688320 0.000000 -5.545494
v 14.688320 0.700000 -5.545494
v 14.958715 1.050000 -5.095482
v 14.984467 1.050000 -5.052628
v 14.958715 1.280000 -5.095482
v 14.984467 1.280000 -5.052628
v 15.387299 1.050000 -5.352997
v 15.413052 1.050000 -5.310143
v 15.387299 1.280000 -5.352997
v 15.413052 1.280000 -5.310143
v 13.686592 0.700000 -5.824402
v 13.686592 0.750000 -5.824402
v 14.140890 0.700000 -6.097374
v 14.140890 0.750000 -6.097374
v 13.995615 0.700000 -5.310104
v 13.995615 0.750000 -5.310104
v 14.449913 0.700000 -5.583076
v 14.449913 0.750000 -5.583076
v 13.643734 0.000000 -5.798653
v 13.643734 1.400000 -5.798653
v 13.686592 0.000000 -5.824402
v 13.686592 1.400000 -5.824402
v 13.669485 0.000000 -5.755798
v 13.669485 1.400000 -5.755798
v 13.712345 0.000000 -5.781548
v 13.712345 1.400000 -5.781548
v 13.927006 0.000000 -5.327209
v 13.927006 1.400000 -5.327209
v 13.969864 0.000000 -5.352959
v 13.969864 1.400000 -5.352959
v 13.952757 0.000000 -5.284355
v 13.952757 1.400000 -5.284355
v 13.995615 0.000000 -5.310104
v 13.995615 1.400000 -5.310104
v 14.372732 0.000000 -5.595032
v 14.372732 0.700000 -5.595032
v 14.415590 0.000000 -5.620781
v 14.415590 0.700000 -5.620781
v 14.398483 0.000000 -5.552177
v 14.398483 0.700000 -5.552177
v 14.441341 0.000000 -5.577927
v 14.441341 0.700000 -5.577927
v 14.089460 0.000000 -6.066467
v 14.089460 0.700000 -6.066467
v 14.132320 0.000000 -6.092224
v 14.132320 0.700000 -6.092224
v 14.115213 0.000000 -6.023613
v 14.115213 0.700000 -6.023613
v 14.158072 0.000000 -6.049370
v 14.158072 0.700000 -6.049370
v 13.708059 1.050000 -5.778976
v 13.665199 1.050000 -5.753220
v 13.708059 1.280000 -5.778976
v 13.665199 1.280000 -5.753220
v 13.965578 1.050000 -5.350388
v 13.922720 1.050000 -5.324638
v 13.965578 1.280000 -5.350388
v 13.922720 1.280000 -5.324638
v 14.438709 0.700000 -7.028801
v 14.438709 0.750000 -7.028801
v 14.711679 0.700000 -6.574501
v 14.711679 0.750000 -6.574501
v 13.924408 0.700000 -6.719780
v 13.924408 0.750000 -6.719780
v 14.197378 0.700000 -6.265480
v 14.197378 0.750000 -6.265480
v 14.412956 0.000000 -7.071655
v 14.412956 1.400000 -7.071655
v 14.438709 0.000000 -7.028801
v 14.438709 1.400000 -7.028801
v 14.370098 0.000000 -7.045906
v 14.370098 1.400000 -7.045906
v 14.395851 0.000000 -7.003052
v 14.395851 1.400000 -7.003052
v 13.941515 0.000000 -6.788383
v 13.941515 1.400000 -6.788383
v 13.967266 0.000000 -6.745529
v 13.967266 1.400000 -6.745529
v 13.898657 0.000000 -6.762634
v 13.898657 1.400000 -6.762634
v 13.924408 0.000000 -6.719780
v 13.924408 1.400000 -6.719780
v 14.209335 0.000000 -6.342659
v 14.209335 0.700000 -6.342659
v 14.235086 0.000000 -6.299805
v 14.235086 0.700000 -6.299805
v 14.166477 0.000000 -6.316910
v 14.166477 0.700000 -6.316910
v 14.192228 0.000000 -6.274055
v 14.192228 0.700000 -6.274055
v 14.680777 0.000000 -6.625931
v 14.680777 0.700000 -6.625931
v 14.706530 0.000000 -6.583076
v 14.706530 0.700000 -6.583076
v 14.637918 0.000000 -6.600182
v 14.637918 0.700000 -6.600182
v 14.663670 0.000000 -6.557327
v 14.663670 0.700000 -6.557327
v 14.393276 1.050000 -7.007332
v 14.367523 1.050000 -7.050194
v 14.393276 1.280000 -7.007332
v 14.367523 1.280000 -7.050194
v 13.964691 1.050000 -6.749817
v 13.938940 1.050000 -6.792679
v 13.964691 1.280000 -6.749817
v 13.938940 1.280000 -6.792679
v 15.675663 0.700000 -6.319580
v 15.675663 0.750000 -6.319580
v 15.221363 0.700000 -6.046608
v 15.221363 0.750000 -6.046608
v 15.366640 0.700000 -6.833878
v 15.366640 0.750000 -6.833878
v 14.912340 0.700000 -6.560905
v 14.912340 0.750000 -6.560905
v 15.718521 0.000000 -6.345329
v 15.718521 1.400000 -6.345329
v 15.675663 0.000000 -6.319580
v 15.675663 1.400000 -6.319580
v 15.692768 0.000000 -6.388184
v 15.692768 1.400000 -6.388184
v 15.649910 0.000000 -6.362434
v 15.649910 1.400000 -6.362434
v 15.435249 0.000000 -6.816772
v 15.435249 1.400000 -6.816772
v 15.392391 0.000000 -6.791023
v 15.392391 1.400000 -6.791023
v 15.409498 0.000000 -6.859634
v 15.409498 1.400000 -6.859634
v 15.366640 0.000000 -6.833878
v 15.366640 1.400000 -6.833878
v 14.989523 0.000000 -6.548958
v 14.989523 0.700000 -6.548958
v 14.946665 0.000000 -6.523201
v 14.946665 0.700000 -6.523201
v 14.963770 0.000000 -6.591805
v 14.963770 0.700000 -6.591805
v 14.920912 0.000000 -6.566055
v 14.920912 0.700000 -6.566055
v 15.272793 0.000000 -6.077515
v 15.272793 0.700000 -6.077515
v 15.229935 0.000000 -6.051758
v 15.229935 0.700000 -6.051758
v 15.247042 0.000000 -6.120369
v 15.247042 0.700000 -6.120369
v 15.204184 0.000000 -6.094612
v 15.204184 0.700000 -6.094612
v 15.654196 1.050000 -6.365005
v 15.697054 1.050000 -6.390762
v 15.654196 1.280000 -6.365005
v 15.697054 1.280000 -6.390762
v 15.396677 1.050000 -6.793594
v 15.439535 1.050000 -6.819351
v 15.396677 1.280000 -6.793594
v 15.439535 1.280000 -6.819351
v 14.863638 1.000000 -2.737206
v 14.863638 1.050000 -2.737206
v 15.437214 1.000000 -3.556358
v 15.437214 1.050000 -3.556358
v 15.682789 1.000000 -2.163628
v 15.682789 1.050000 -2.163628
v 16.256367 1.000000 -2.982780
v 16.256367 1.050000 -2.982780
v 15.115765 0.000000 -2.835342
v 15.115765 1.000000 -2.835342
v 15.144444 0.000000 -2.876297
v 15.144444 1.000000 -2.876297
v 15.156721 0.000000 -2.806664
v 15.156721 1.000000 -2.806664
v 15.185400 0.000000 -2.847618
v 15.185400 1.000000 -2.847618
v 15.402552 0.000000 -3.244919
v 15.402552 1.000000 -3.244919
v 15.431231 0.000000 -3.285873
v 15.431231 1.000000 -3.285873
v 15.443510 0.000000 -3.216240
v 15.443510 1.000000 -3.216240
v 15.472189 0.000000 -3.257202
v 15.472189 1.000000 -3.257202
v 15.586578 0.000000 -2.505669
v 15.586578 1.000000 -2.505669
v 15.615257 0.000000 -2.546631
v 15.615257 1.000000 -2.546631
v 15.627535 0.000000 -2.476997
v 15.627535 1.000000 -2.476997
v 15.656214 0.000000 -2.517952
v 15.656214 1.000000 -2.517952
v 15.873365 0.000000 -2.915253
v 15.873365 1.000000 -2.915253
v 15.902044 0.000000 -2.956207
v 15.902044 1.000000 -2.956207
v 15.914324 0.000000 -2.886574
v 15.914324 1.000000 -2.886574
v 15.943003 0.000000 -2.927528
v 15.943003 1.000000 -2.927528
v 14.746012 0.700000 -2.264122
v 14.746012 0.750000 -2.264122
v 15.050009 0.700000 -2.698273
v 15.050009 0.750000 -2.698273
v 15.237503 0.700000 -1.919968
v 15.237503 0.750000 -1.919968
v 15.541500 0.700000 -2.354118
v 15.541500 0.750000 -2.354118
v 14.717335 0.000000 -2.223160
v 14.717335 1.400000 -2.223160
v 14.746014 0.000000 -2.264122
v 14.746014 1.400000 -2.264122
v 14.758291 0.000000 -2.194481
v 14.758291 1.400000 -2.194481
v 14.786970 0.000000 -2.235435
v 14.786970 1.400000 -2.235435
v 15.167868 0.000000 -1.907700
v 15.167868 1.400000 -1.907700
v 15.196547 0.000000 -1.948654
v 15.196547 1.400000 -1.948654
v 15.208826 0.000000 -1.879013
v 15.208826 1.400000 -1.879013
v 15.237505 0.000000 -1.919975
v 15.237505 1.400000 -1.919975
v 15.466127 0.000000 -2.333649
v 15.466127 0.700000 -2.333649
v 15.494806 0.000000 -2.374619
v 15.494806 0.700000 -2.374619
v 15.507086 0.000000 -2.304977
v 15.507086 0.700000 -2.304977
v 15.535765 0.000000 -2.345932
v 15.535765 0.700000 -2.345932
v 15.015594 0.000000 -2.649117
v 15.015594 0.700000 -2.649117
v 15.044273 0.000000 -2.690079
v 15.044273 0.700000 -2.690079
v 15.056551 0.000000 -2.620445
v 15.056551 0.700000 -2.620445
v 15.085230 0.000000 -2.661400
v 15.085230 0.700000 -2.661400
v 14.784103 1.050000 -2.231346
v 14.755424 1.050000 -2.190384
v 14.784103 1.280000 -2.231346
v 14.755424 1.280000 -2.190384
v 15.193680 1.050000 -1.944557
v 15.165001 1.050000 -1.903595
v 15.193680 1.280000 -1.944557
v 15.165001 1.280000 -1.903595
v 14.932587 0.700000 -3.689972
v 14.932587 0.750000 -3.689972
v 15.366737 0.700000 -3.385971
v 15.366737 0.750000 -3.385971
v 14.588442 0.700000 -3.198479
v 14.588442 0.750000 -3.198479
v 15.022593 0.700000 -2.894478
v 15.022593 0.750000 -2.894478
v 14.891630 0.000000 -3.718643
v 14.891630 1.400000 -3.718643
v 14.932589 0.000000 -3.689972
v 14.932589 1.400000 -3.689972
v 14.862951 0.000000 -3.677689
v 14.862951 1.400000 -3.677689
v 14.903910 0.000000 -3.649002
v 14.903910 1.400000 -3.649002
v 14.576162 0.000000 -3.268112
v 14.576162 1.400000 -3.268112
v 14.617121 0.000000 -3.239433
v 14.617121 1.400000 -3.239433
v 14.547483 0.000000 -3.227150
v 14.547483 1.400000 -3.227150
v 14.588442 0.000000 -3.198479
v 14.588442 1.400000 -3.198479
v 15.002123 0.000000 -2.969849
v 15.002123 0.700000 -2.969849
v 15.043079 0.000000 -2.941177
v 15.043079 0.700000 -2.941177
v 14.973444 0.000000 -2.928894
v 14.973444 0.700000 -2.928894
v 15.014400 0.000000 -2.900215
v 15.014400 0.700000 -2.900215
v 15.317589 0.000000 -3.420387
v 15.317589 0.700000 -3.420387
v 15.358547 0.000000 -3.391708
v 15.358547 0.700000 -3.391708
v 15.288910 0.000000 -3.379425
v 15.288910 0.700000 -3.379425
v 15.329868 0.000000 -3.350746
v 15.329868 0.700000 -3.350746
v 14.899813 1.050000 -3.651878
v 14.858856 1.050000 -3.680557
v 14.899813 1.280000 -3.651878
v 14.858856 1.280000 -3.680557
v 14.613026 1.050000 -3.242302
v 14.572067 1.050000 -3.270981
v 14.613026 1.280000 -3.242302
v 14.572067 1.280000 -3.270981
v 16.338772 0.700000 -3.492744
v 16.338772 0.750000 -3.492744
v 16.034775 0.700000 -3.058594
v 16.034775 0.750000 -3.058594
v 15.847281 0.700000 -3.836891
v 15.847281 0.750000 -3.836891
v 15.543285 0.700000 -3.402740
v 15.543285 0.750000 -3.402740
v 16.367451 0.000000 -3.533707
v 16.367451 1.400000 -3.533707
v 16.338772 0.000000 -3.492744
v 16.338772 1.400000 -3.492744
v 16.326492 0.000000 -3.562386
v 16.326492 1.400000 -3.562386
v 16.297813 0.000000 -3.521423
v 16.297813 1.400000 -3.521423
v 15.916916 0.000000 -3.849167
v 15.916916 1.400000 -3.849167
v 15.888237 0.000000 -3.808212
v 15.888237 1.400000 -3.808212
v 15.875959 0.000000 -3.877853
v 15.875959 1.400000 -3.877853
v 15.847281 0.000000 -3.836891
v 15.847281 1.400000 -3.836891
v 15.618656 0.000000 -3.423210
v 15.618656 0.700000 -3.423210
v 15.589977 0.000000 -3.382256
v 15.589977 0.700000 -3.382256
v 15.577700 0.000000 -3.451889
v 15.577700 0.700000 -3.451889
v 15.549021 0.000000 -3.410934
v 15.549021 0.700000 -3.410934
v 16.069191 0.000000 -3.107742
v 16.069191 0.700000 -3.107742
v 16.040512 0.000000 -3.066788
v 16.040512 0.700000 -3.066788
v 16.028233 0.000000 -3.136421
v 16.028233 0.700000 -3.136421
v 15.999554 0.000000 -3.095467
v 15.999554 0.700000 -3.095467
v 16.300682 1.050000 -3.525520
v 16.329361 1.050000 -3.566483
v 16.300682 1.280000 -3.525520
v 16.329361 1.280000 -3.566483
v 15.891106 1.050000 -3.812309
v 15.919785 1.050000 -3.853264
v 15.891106 1.280000 -3.812309
v 15.919785 1.280000 -3.853264
v 16.193979 0.700000 -2.074265
v 16.193979 0.750000 -2.074265
v 15.759829 0.700000 -2.378258
v 15.759829 0.750000 -2.378258
v 16.538124 0.700000 -2.565758
v 16.538124 0.750000 -2.565758
v 16.103973 0.700000 -2.869751
v 16.103973 0.750000 -2.869751
v 16.234936 0.000000 -2.045593
v 16.234936 1.400000 -2.045593
v 16.193979 0.000000 -2.074265
v 16.193979 1.400000 -2.074265
v 16.263615 0.000000 -2.086548
v 16.263615 1.400000 -2.086548
v 16.222658 0.000000 -2.115219
v 16.222658 1.400000 -2.115219
v 16.550404 0.000000 -2.496117
v 16.550404 1.400000 -2.496117
v 16.509445 0.000000 -2.524803
v 16.509445 1.400000 -2.524803
v 16.579082 0.000000 -2.537079
v 16.579082 1.400000 -2.537079
v 16.538124 0.000000 -2.565758
v 16.538124 1.400000 -2.565758
v 16.124443 0.000000 -2.794380
v 16.124443 0.700000 -2.794380
v 16.083487 0.000000 -2.823059
v 16.083487 0.700000 -2.823059
v 16.153122 0.000000 -2.835342
v 16.153122 0.700000 -2.835342
v 16.112165 0.000000 -2.864014
v 16.112165 0.700000 -2.864014
v 15.808977 0.000000 -2.343849
v 15.808977 0.700000 -2.343849
v 15.768021 0.000000 -2.372528
v 15.768021 0.700000 -2.372528
v 15.837656 0.000000 -2.384804
v 15.837656 0.700000 -2.384804
v 15.796700 0.000000 -2.413483
v 15.796700 0.700000 -2.413483
v 16.226753 1.050000 -2.112358
v 16.267712 1.050000 -2.083679
v 16.226753 1.280000 -2.112358
v 16.267712 1.280000 -2.083679
v 16.513542 1.050000 -2.521935
v 16.554501 1.050000 -2.493256
v 16.513542 1.280000 -2.521935
v 16.554501 1.280000 -2.493256
v 18.064381 1.000000 -6.145111
v 18.064381 1.050000 -6.145111
v 18.455112 1.000000 -7.065613
v 18.455112 1.050000 -7.065613
v 18.984886 1.000000 -5.754379
v 18.984886 1.050000 -5.754379
v 19.375618 1.000000 -6.674889
v 19.375618 1.050000 -6.674889
v 18.290596 0.000000 -6.293518
v 18.290596 1.000000 -6.293518
v 18.310131 0.000000 -6.339546
v 18.310131 1.000000 -6.339546
v 18.336620 0.000000 -6.273979
v 18.336620 1.000000 -6.273979
v 18.356157 0.000000 -6.320007
v 18.356157 1.000000 -6.320007
v 18.485962 0.000000 -6.753769
v 18.485962 1.000000 -6.753769
v 18.505497 0.000000 -6.799797
v 18.505497 1.000000 -6.799797
v 18.531986 0.000000 -6.734230
v 18.531986 1.000000 -6.734230
v 18.551523 0.000000 -6.780258
v 18.551523 1.000000 -6.780258
v 18.819662 0.000000 -6.068947
v 18.819662 1.000000 -6.068947
v 18.839199 0.000000 -6.114967
v 18.839199 1.000000 -6.114967
v 18.865688 0.000000 -6.049408
v 18.865688 1.000000 -6.049408
v 18.885223 0.000000 -6.095428
v 18.885223 1.000000 -6.095428
v 19.015028 0.000000 -6.529190
v 19.015028 1.000000 -6.529190
v 19.034565 0.000000 -6.575218
v 19.034565 1.000000 -6.575218
v 19.061054 0.000000 -6.509659
v 19.061054 1.000000 -6.509659
v 19.080589 0.000000 -6.555679
v 19.080589 1.000000 -6.555679
v 18.047688 0.700000 -5.657906
v 18.047688 0.750000 -5.657906
v 18.254776 0.700000 -6.145767
v 18.254776 0.750000 -6.145767
v 18.599991 0.700000 -5.423470
v 18.599991 0.750000 -5.423470
v 18.807079 0.700000 -5.911331
v 18.807079 0.750000 -5.911331
v 18.028152 0.000000 -5.611877
v 18.028152 1.400000 -5.611877
v 18.047688 0.000000 -5.657906
v 18.047688 1.400000 -5.657906
v 18.074177 0.000000 -5.592346
v 18.074177 1.400000 -5.592346
v 18.093714 0.000000 -5.638367
v 18.093714 1.400000 -5.638367
v 18.534430 0.000000 -5.396973
v 18.534430 1.400000 -5.396973
v 18.553967 0.000000 -5.443001
v 18.553967 1.400000 -5.443001
v 18.580456 0.000000 -5.377441
v 18.580456 1.400000 -5.377441
v 18.599991 0.000000 -5.423470
v 18.599991 1.400000 -5.423470
v 18.737610 0.000000 -5.875641
v 18.737610 0.700000 -5.875641
v 18.757147 0.000000 -5.921661
v 18.757147 0.700000 -5.921661
v 18.783634 0.000000 -5.856102
v 18.783634 0.700000 -5.856102
v 18.803171 0.000000 -5.902130
v 18.803171 0.700000 -5.902130
v 18.231331 0.000000 -6.090538
v 18.231331 0.700000 -6.090538
v 18.250870 0.000000 -6.136566
v 18.250870 0.700000 -6.136566
v 18.277357 0.000000 -6.070999
v 18.277357 0.700000 -6.070999
v 18.296894 0.000000 -6.117027
v 18.296894 0.700000 -6.117027
v 18.091759 1.050000 -5.633766
v 18.072224 1.050000 -5.587738
v 18.091759 1.280000 -5.633766
v 18.072224 1.280000 -5.587738
v 18.552013 1.050000 -5.438400
v 18.532475 1.050000 -5.392372
v 18.552013 1.280000 -5.438400
v 18.532475 1.280000 -5.392372
v 17.933735 0.700000 -7.091385
v 17.933735 0.750000 -7.091385
v 18.421602 0.700000 -6.884293
v 18.421602 0.750000 -6.884293
v 17.699295 0.700000 -6.539078
v 17.699295 0.750000 -6.539078
v 18.187164 0.700000 -6.331993
v 18.187164 0.750000 -6.331993
v 17.887711 0.000000 -7.110924
v 17.887711 1.400000 -7.110924
v 17.933735 0.000000 -7.091385
v 17.933735 1.400000 -7.091385
v 17.868174 0.000000 -7.064896
v 17.868174 1.400000 -7.064896
v 17.914200 0.000000 -7.045357
v 17.914200 1.400000 -7.045357
v 17.672808 0.000000 -6.604637
v 17.672808 1.400000 -6.604637
v 17.718834 0.000000 -6.585106
v 17.718834 1.400000 -6.585106
v 17.653271 0.000000 -6.558617
v 17.653271 1.400000 -6.558617
v 17.699297 0.000000 -6.539078
v 17.699297 1.400000 -6.539078
v 18.151470 0.000000 -6.401466
v 18.151470 0.700000 -6.401466
v 18.197496 0.000000 -6.381927
v 18.197496 0.700000 -6.381927
v 18.131935 0.000000 -6.355438
v 18.131935 0.700000 -6.355438
v 18.177959 0.000000 -6.335899
v 18.177959 0.700000 -6.335899
v 18.366373 0.000000 -6.907738
v 18.366373 0.700000 -6.907738
v 18.412399 0.000000 -6.888199
v 18.412399 0.700000 -6.888199
v 18.346836 0.000000 -6.861710
v 18.346836 0.700000 -6.861710
v 18.392862 0.000000 -6.842178
v 18.392862 0.700000 -6.842178
v 17.909595 1.050000 -7.047318
v 17.863571 1.050000 -7.066849
v 17.909595 1.280000 -7.047318
v 17.863571 1.280000 -7.066849
v 17.714231 1.050000 -6.587059
v 17.668205 1.050000 -6.606598
v 17.714231 1.280000 -6.587059
v 17.668205 1.280000 -6.606598
v 19.350195 0.700000 -7.190834
v 19.350195 0.750000 -7.190834
v 19.143108 0.700000 -6.702965
v 19.143108 0.750000 -6.702965
v 18.797894 0.700000 -7.425270
v 18.797894 0.750000 -7.425270
v 18.590805 0.700000 -6.937408
v 18.590805 0.750000 -6.937408
v 19.369732 0.000000 -7.236855
v 19.369732 1.400000 -7.236855
v 19.350195 0.000000 -7.190834
v 19.350195 1.400000 -7.190834
v 19.323708 0.000000 -7.256393
v 19.323708 1.400000 -7.256393
v 19.304169 0.000000 -7.210373
v 19.304169 1.400000 -7.210373
v 18.863453 0.000000 -7.451759
v 18.863453 1.400000 -7.451759
v 18.843918 0.000000 -7.405731
v 18.843918 1.400000 -7.405731
v 18.817429 0.000000 -7.471298
v 18.817429 1.400000 -7.471298
v 18.797892 0.000000 -7.425270
v 18.797892 1.400000 -7.425270
v 18.660275 0.000000 -6.973099
v 18.660275 0.700000 -6.973099
v 18.640736 0.000000 -6.927078
v 18.640736 0.700000 -6.927078
v 18.614248 0.000000 -6.992630
v 18.614248 0.700000 -6.992630
v 18.594711 0.000000 -6.946609
v 18.594711 0.700000 -6.946609
v 19.166552 0.000000 -6.758202
v 19.166552 0.700000 -6.758202
v 19.147015 0.000000 -6.712173
v 19.147015 0.700000 -6.712173
v 19.120525 0.000000 -6.777733
v 19.120525 0.700000 -6.777733
v 19.100990 0.000000 -6.731712
v 19.100990 0.700000 -6.731712
v 19.306124 1.050000 -7.214973
v 19.325661 1.050000 -7.260994
v 19.306124 1.280000 -7.214973
v 19.325661 1.280000 -7.260994
v 18.845871 1.050000 -7.410339
v 18.865408 1.050000 -7.456367
v 18.845871 1.280000 -7.410339
v 18.865408 1.280000 -7.456367
v 19.503487 0.700000 -5.773247
v 19.503487 0.750000 -5.773247
v 19.015617 0.700000 -5.980339
v 19.015617 0.750000 -5.980339
v 19.737925 0.700000 -6.325554
v 19.737925 0.750000 -6.325554
v 19.250057 0.700000 -6.532639
v 19.250057 0.750000 -6.532639
v 19.549511 0.000000 -5.753716
v 19.549511 1.400000 -5.753716
v 19.503485 0.000000 -5.773247
v 19.503485 1.400000 -5.773247
v 19.569046 0.000000 -5.799736
v 19.569046 1.400000 -5.799736
v 19.523022 0.000000 -5.819275
v 19.523022 1.400000 -5.819275
v 19.764412 0.000000 -6.259987
v 19.764412 1.400000 -6.259987
v 19.718388 0.000000 -6.279526
v 19.718388 1.400000 -6.279526
v 19.783949 0.000000 -6.306015
v 19.783949 1.400000 -6.306015
v 19.737923 0.000000 -6.325554
v 19.737923 1.400000 -6.325554
v 19.285749 0.000000 -6.463165
v 19.285749 0.700000 -6.463165
v 19.239725 0.000000 -6.482704
v 19.239725 0.700000 -6.482704
v 19.305286 0.000000 -6.509193
v 19.305286 0.700000 -6.509193
v 19.259262 0.000000 -6.528725
v 19.259262 0.700000 -6.528725
v 19.070848 0.000000 -5.956894
v 19.070848 0.700000 -5.956894
v 19.024822 0.000000 -5.976425
v 19.024822 0.700000 -5.976425
v 19.090385 0.000000 -6.002914
v 19.090385 0.700000 -6.002914
v 19.044359 0.000000 -6.022453
v 19.044359 0.700000 -6.022453
v 19.527624 1.050000 -5.817322
v 19.573650 1.050000 -5.797783
v 19.527624 1.280000 -5.817322
v 19.573650 1.280000 -5.797783
v 19.722990 1.050000 -6.277573
v 19.769016 1.050000 -6.258034
v 19.722990 1.280000 -6.277573
v 19.769016 1.280000 -6.258034
v 4.490000 1.000000 -7.779999
v 4.490000 1.050000 -7.779999
v 4.490000 1.000000 -8.779999
v 4.490000 1.050000 -8.779999
v 5.490000 1.000000 -7.779999
v 5.490000 1.050000 -7.779999
v 5.490000 1.000000 -8.779999
v 5.490000 1.050000 -8.779999
v 4.640244 0.000000 -8.004997
v 4.640244 1.000000 -8.004997
v 4.640244 0.000000 -8.055000
v 4.640244 1.000000 -8.055000
v 4.690243 0.000000 -8.004997
v 4.690243 1.000000 -8.004997
v 4.690243 0.000000 -8.055000
v 4.690243 1.000000 -8.055000
v 4.640244 0.000000 -8.504997
v 4.640244 1.000000 -8.504997
v 4.640244 0.000000 -8.554993
v 4.640244 1.000000 -8.554993
v 4.690243 0.000000 -8.504997
v 4.690243 1.000000 -8.504997
v 4.690243 0.000000 -8.554993
v 4.690243 1.000000 -8.554993
v 5.215000 0.000000 -8.004997
v 5.215000 1.000000 -8.004997
v 5.215000 0.000000 -8.055000
v 5.215000 1.000000 -8.055000
v 5.264999 0.000000 -8.004997
v 5.264999 1.000000 -8.004997
v 5.264999 0.000000 -8.055000
v 5.264999 1.000000 -8.055000
v 5.215000 0.000000 -8.504997
v 5.215000 1.000000 -8.504997
v 5.215000 0.000000 -8.554993
v 5.215000 1.000000 -8.554993
v 5.264999 0.000000 -8.504997
v 5.264999 1.000000 -8.504997
v 5.264999 0.000000 -8.554993
v 5.264999 1.000000 -8.554993
v 4.665001 0.700000 -7.324997
v 4.665001 0.750000 -7.324997
v 4.665001 0.700000 -7.854996
v 4.665001 0.750000 -7.854996
v 5.264999 0.700000 -7.324997
v 5.264999 0.750000 -7.324997
v 5.264999 0.700000 -7.854996
v 5.264999 0.750000 -7.854996
v 4.665001 0.000000 -7.275002
v 4.665001 1.400000 -7.275002
v 4.665001 0.000000 -7.324997
v 4.665001 1.400000 -7.324997
v 4.715000 0.000000 -7.275002
v 4.715000 1.400000 -7.275002
v 4.715000 0.000000 -7.324997
v 4.715000 1.400000 -7.324997
v 5.215000 0.000000 -7.275002
v 5.215000 1.400000 -7.275002
v 5.215000 0.000000 -7.324997
v 5.215000 1.400000 -7.324997
v 5.264999 0.000000 -7.275002
v 5.264999 1.400000 -7.275002
v 5.264999 0.000000 -7.324997
v 5.264999 1.400000 -7.324997
v 5.215000 0.000000 -7.794998
v 5.215000 0.700000 -7.794998
v 5.215000 0.000000 -7.845001
v 5.215000 0.700000 -7.845001
v 5.264999 0.000000 -7.794998
v 5.264999 0.700000 -7.794998
v 5.264999 0.000000 -7.845001
v 5.264999 0.700000 -7.845001
v 4.665001 0.000000 -7.794998
v 4.665001 0.700000 -7.794998
v 4.665001 0.000000 -7.845001
v 4.665001 0.700000 -7.845001
v 4.715000 0.000000 -7.794998
v 4.715000 0.700000 -7.794998
v 4.715000 0.000000 -7.845001
v 4.715000 0.700000 -7.845001
v 4.715000 1.050000 -7.320000
v 4.715000 1.050000 -7.269997
v 4.715000 1.280000 -7.320000
v 4.715000 1.280000 -7.269997
v 5.215000 1.050000 -7.320000
v 5.215000 1.050000 -7.269997
v 5.215000 1.280000 -7.320000
v 5.215000 1.280000 -7.269997
v 4.000000 0.700000 -8.599998
v 4.000000 0.750000 -8.599998
v 4.529999 0.700000 -8.599998
v 4.529999 0.750000 -8.599998
v 4.000000 0.700000 -8.000000
v 4.000000 0.750000 -8.000000
v 4.529999 0.700000 -8.000000
v 4.529999 0.750000 -8.000000
v 3.950001 0.000000 -8.599998
v 3.950001 1.400000 -8.599998
v 4.000000 0.000000 -8.599998
v 4.000000 1.400000 -8.599998
v 3.950001 0.000000 -8.549995
v 3.950001 1.400000 -8.549995
v 4.000000 0.000000 -8.549995
v 4.000000 1.400000 -8.549995
v 3.950001 0.000000 -8.050003
v 3.950001 1.400000 -8.050003
v 4.000000 0.000000 -8.050003
v 4.000000 1.400000 -8.050003
v 3.950001 0.000000 -8.000000
v 3.950001 1.400000 -8.000000
v 4.000000 0.000000 -8.000000
v 4.000000 1.400000 -8.000000
v 4.470001 0.000000 -8.050003
v 4.470001 0.700000 -8.050003
v 4.520000 0.000000 -8.050003
v 4.520000 0.700000 -8.050003
v 4.470001 0.000000 -8.000000
v 4.470001 0.700000 -8.000000
v 4.520000 0.000000 -8.000000
v 4.520000 0.700000 -8.000000
v 4.470001 0.000000 -8.599998
v 4.470001 0.700000 -8.599998
v 4.520000 0.000000 -8.599998
v 4.520000 0.700000 -8.599998
v 4.470001 0.000000 -8.549995
v 4.470001 0.700000 -8.549995
v 4.520000 0.000000 -8.549995
v 4.520000 0.700000 -8.549995
v 3.995001 1.050000 -8.549995
v 3.945002 1.050000 -8.549995
v 3.995001 1.280000 -8.549995
v 3.945002 1.280000 -8.549995
v 3.995001 1.050000 -8.050003
v 3.945002 1.050000 -8.050003
v 3.995001 1.280000 -8.050003
v 3.945002 1.280000 -8.050003
v 5.264999 0.700000 -9.244995
v 5.264999 0.750000 -9.244995
v 5.264999 0.700000 -8.714996
v 5.264999 0.750000 -8.714996
v 4.665001 0.700000 -9.244995
v 4.665001 0.750000 -9.244995
v 4.665001 0.700000 -8.714996
v 4.665001 0.750000 -8.714996
v 5.264999 0.000000 -9.294998
v 5.264999 1.400000 -9.294998
v 5.264999 0.000000 -9.244995
v 5.264999 1.400000 -9.244995
v 5.215000 0.000000 -9.294998
v 5.215000 1.400000 -9.294998
v 5.215000 0.000000 -9.244995
v 5.215000 1.400000 -9.244995
v 4.715000 0.000000 -9.294998
v 4.715000 1.400000 -9.294998
v 4.715000 0.000000 -9.244995
v 4.715000 1.400000 -9.244995
v 4.665001 0.000000 -9.294998
v 4.665001 1.400000 -9.294998
v 4.665001 0.000000 -9.244995
v 4.665001 1.400000 -9.244995
v 4.715000 0.000000 -8.775002
v 4.715000 0.700000 -8.775002
v 4.715000 0.000000 -8.724998
v 4.715000 0.700000 -8.724998
v 4.665001 0.000000 -8.775002
v 4.665001 0.700000 -8.775002
v 4.665001 0.000000 -8.724998
v 4.665001 0.700000 -8.724998
v 5.264999 0.000000 -8.775002
v 5.264999 0.700000 -8.775002
v 5.264999 0.000000 -8.724998
v 5.264999 0.700000 -8.724998
v 5.215000 0.000000 -8.775002
v 5.215000 0.700000 -8.775002
v 5.215000 0.000000 -8.724998
v 5.215000 0.700000 -8.724998
v 5.215000 1.050000 -9.250000
v 5.215000 1.050000 -9.300003
v 5.215000 1.280000 -9.250000
v 5.215000 1.280000 -9.300003
v 4.715000 1.050000 -9.250000
v 4.715000 1.050000 -9.300003
v 4.715000 1.280000 -9.250000
v 4.715000 1.280000 -9.300003
v 5.959999 0.700000 -8.000000
v 5.959999 0.750000 -8.000000
v 5.430000 0.700000 -8.000000
v 5.430000 0.750000 -8.000000
v 5.960001 0.700000 -8.599998
v 5.960001 0.750000 -8.599998
v 5.430000 0.700000 -8.599998
v 5.430000 0.750000 -8.599998
v 6.009998 0.000000 -8.000000
v 6.009998 1.400000 -8.000000
v 5.959999 0.000000 -8.000000
v 5.959999 1.400000 -8.000000
v 6.009998 0.000000 -8.050003
v 6.009998 1.400000 -8.050003
v 5.959999 0.000000 -8.050003
v 5.959999 1.400000 -8.050003
v 6.009998 0.000000 -8.549995
v 6.009998 1.400000 -8.549995
v 5.959999 0.000000 -8.549995
v 5.959999 1.400000 -8.549995
v 6.009998 0.000000 -8.599998
v 6.009998 1.400000 -8.599998
v 5.959999 0.000000 -8.599998
v 5.959999 1.400000 -8.599998
v 5.490000 0.000000 -8.549995
v 5.490000 0.700000 -8.549995
v 5.439999 0.000000 -8.549995
v 5.439999 0.700000 -8.549995
v 5.490000 0.000000 -8.599998
v 5.490000 0.700000 -8.599998
v 5.439999 0.000000 -8.599998
v 5.439999 0.700000 -8.599998
v 5.490000 0.000000 -8.000000
v 5.490000 0.700000 -8.000000
v 5.439999 0.000000 -8.000000
v 5.439999 0.700000 -8.000000
v 5.489998 0.000000 -8.050003
v 5.489998 0.700000 -8.050003
v 5.439999 0.000000 -8.050003
v 5.439999 0.700000 -8.050003
v 5.965000 1.050000 -8.050003
v 6.014999 1.050000 -8.050003
v 5.965000 1.280000 -8.050003
v 6.014999 1.280000 -8.050003
v 5.965000 1.050000 -8.549995
v 6.014999 1.050000 -8.549995
v 5.965000 1.280000 -8.549995
v 6.014999 1.280000 -8.549995
v 2.000000 0.000000 -5.820000
v 2.000000 1.500000 -5.820000
v 2.000000 0.000000 -6.239998
v 2.000000 1.500000 -6.239998
v 9.000000 0.000000 -5.820000
v 9.000000 1.500000 -5.820000
v 9.000000 0.000000 -6.239998
v 9.000000 1.500000 -6.239998
v 9.010002 0.000000 -3.559998
v 9.010002 1.500000 -3.559998
v 8.590000 0.000000 -3.559998
v 8.590000 1.500000 -3.559998
v 9.010000 0.000000 -5.820000
v 9.010000 1.500000 -5.820000
v 8.590000 0.000000 -5.820000
v 8.590000 1.500000 -5.820000
v 10.948936 1.000000 -4.013901
v 10.948936 1.050000 -4.013901
v 10.433899 1.000000 -4.871063
v 10.433899 1.050000 -4.871063
v 11.806105 1.000000 -4.528931
v 11.806105 1.050000 -4.528931
v 11.291065 1.000000 -5.386101
v 11.291065 1.050000 -5.386101
v 10.961836 0.000000 -4.284134
v 10.961836 1.000000 -4.284134
v 10.936085 0.000000 -4.326996
v 10.936085 1.000000 -4.326996
v 11.004696 0.000000 -4.309891
v 11.004696 1.000000 -4.309891
v 10.978943 0.000000 -4.352745
v 10.978943 1.000000 -4.352745
v 10.704317 0.000000 -4.712723
v 10.704317 1.000000 -4.712723
v 10.678566 0.000000 -4.755585
v 10.678566 1.000000 -4.755585
v 10.747175 0.000000 -4.738472
v 10.747175 1.000000 -4.738472
v 10.721424 0.000000 -4.781334
v 10.721424 1.000000 -4.781334
v 11.454500 0.000000 -4.580162
v 11.454500 1.000000 -4.580162
v 11.428747 0.000000 -4.623016
v 11.428747 1.000000 -4.623016
v 11.497358 0.000000 -4.605911
v 11.497358 1.000000 -4.605911
v 11.471605 0.000000 -4.648766
v 11.471605 1.000000 -4.648766
v 11.196980 0.000000 -5.008743
v 11.196980 1.000000 -5.008743
v 11.171228 0.000000 -5.051605
v 11.171228 1.000000 -5.051605
v 11.239840 0.000000 -5.034492
v 11.239840 1.000000 -5.034492
v 11.214087 0.000000 -5.077354
v 11.214087 1.000000 -5.077354
v 11.333282 0.700000 -3.714020
v 11.333282 0.750000 -3.714020
v 11.060312 0.700000 -4.168320
v 11.060312 0.750000 -4.168320
v 11.847584 0.700000 -4.023041
v 11.847584 0.750000 -4.023041
v 11.574614 0.700000 -4.477341
v 11.574614 0.750000 -4.477341
v 11.359034 0.000000 -3.671158
v 11.359034 1.400000 -3.671158
v 11.333282 0.000000 -3.714020
v 11.333282 1.400000 -3.714020
v 11.401892 0.000000 -3.696915
v 11.401892 1.400000 -3.696915
v 11.376141 0.000000 -3.739769
v 11.376141 1.400000 -3.739769
v 11.830477 0.000000 -3.954430
v 11.830477 1.400000 -3.954430
v 11.804724 0.000000 -3.997292
v 11.804724 1.400000 -3.997292
v 11.873335 0.000000 -3.980179
v 11.873335 1.400000 -3.980179
v 11.847584 0.000000 -4.023041
v 11.847584 1.400000 -4.023041
v 11.562656 0.000000 -4.400154
v 11.562656 0.700000 -4.400154
v 11.536905 0.000000 -4.443016
v 11.536905 0.700000 -4.443016
v 11.605515 0.000000 -4.425903
v 11.605515 0.700000 -4.425903
v 11.579763 0.000000 -4.468765
v 11.579763 0.700000 -4.468765
v 11.091215 0.000000 -4.116882
v 11.091215 0.700000 -4.116882
v 11.065462 0.000000 -4.159744
v 11.065462 0.700000 -4.159744
v 11.134073 0.000000 -4.142639
v 11.134073 0.700000 -4.142639
v 11.108320 0.000000 -4.185493
v 11.108320 0.700000 -4.185493
v 11.378716 1.050000 -3.735481
v 11.404469 1.050000 -3.692619
v 11.378716 1.280000 -3.735481
v 11.404469 1.280000 -3.692619
v 11.807301 1.050000 -3.993004
v 11.833052 1.050000 -3.950142
v 11.807301 1.280000 -3.993004
v 11.833052 1.280000 -3.950142
v 10.106592 0.700000 -4.464409
v 10.106592 0.750000 -4.464409
v 10.560890 0.700000 -4.737373
v 10.560890 0.750000 -4.737373
v 10.415615 0.700000 -3.950104
v 10.415615 0.750000 -3.950104
v 10.869913 0.700000 -4.223068
v 10.869913 0.750000 -4.223068
v 10.063734 0.000000 -4.438660
v 10.063734 1.400000 -4.438660
v 10.106592 0.000000 -4.464409
v 10.106592 1.400000 -4.464409
v 10.089487 0.000000 -4.395798
v 10.089487 1.400000 -4.395798
v 10.132345 0.000000 -4.421547
v 10.132345 1.400000 -4.421547
v 10.347006 0.000000 -3.967216
v 10.347006 1.400000 -3.967216
v 10.389864 0.000000 -3.992966
v 10.389864 1.400000 -3.992966
v 10.372757 0.000000 -3.924355
v 10.372757 1.400000 -3.924355
v 10.415615 0.000000 -3.950104
v 10.415615 1.400000 -3.950104
v 10.792732 0.000000 -4.235031
v 10.792732 0.700000 -4.235031
v 10.835590 0.000000 -4.260788
v 10.835590 0.700000 -4.260788
v 10.818485 0.000000 -4.192169
v 10.818485 0.700000 -4.192169
v 10.861343 0.000000 -4.217926
v 10.861343 0.700000 -4.217926
v 10.509462 0.000000 -4.706474
v 10.509462 0.700000 -4.706474
v 10.552320 0.000000 -4.732224
v 10.552320 0.700000 -4.732224
v 10.535213 0.000000 -4.663612
v 10.535213 0.700000 -4.663612
v 10.578072 0.000000 -4.689362
v 10.578072 0.700000 -4.689362
v 10.128059 1.050000 -4.418976
v 10.085201 1.050000 -4.393219
v 10.128059 1.280000 -4.418976
v 10.085201 1.280000 -4.393219
v 10.385578 1.050000 -3.990387
v 10.342720 1.050000 -3.964638
v 10.385578 1.280000 -3.990387
v 10.342720 1.280000 -3.964638
v 10.858709 0.700000 -5.668800
v 10.858709 0.750000 -5.668800
v 11.131680 0.700000 -5.214500
v 11.131680 0.750000 -5.214500
v 10.344410 0.700000 -5.359779
v 10.344410 0.750000 -5.359779
v 10.617378 0.700000 -4.905479
v 10.617378 0.750000 -4.905479
v 10.832958 0.000000 -5.711662
v 10.832958 1.400000 -5.711662
v 10.858709 0.000000 -5.668800
v 10.858709 1.400000 -5.668800
v 10.790100 0.000000 -5.685913
v 10.790100 1.400000 -5.685913
v 10.815851 0.000000 -5.643051
v 10.815851 1.400000 -5.643051
v 10.361515 0.000000 -5.428391
v 10.361515 1.400000 -5.428391
v 10.387268 0.000000 -5.385529
v 10.387268 1.400000 -5.385529
v 10.318657 0.000000 -5.402641
v 10.318657 1.400000 -5.402641
v 10.344410 0.000000 -5.359779
v 10.344410 1.400000 -5.359779
v 10.629335 0.000000 -4.982658
v 10.629335 0.700000 -4.982658
v 10.655087 0.000000 -4.939804
v 10.655087 0.700000 -4.939804
v 10.586477 0.000000 -4.956909
v 10.586477 0.700000 -4.956909
v 10.612228 0.000000 -4.914047
v 10.612228 0.700000 -4.914047
v 11.100777 0.000000 -5.265938
v 11.100777 0.700000 -5.265938
v 11.126530 0.000000 -5.223076
v 11.126530 0.700000 -5.223076
v 11.057919 0.000000 -5.240181
v 11.057919 0.700000 -5.240181
v 11.083672 0.000000 -5.197319
v 11.083672 0.700000 -5.197319
v 10.813276 1.050000 -5.647331
v 10.787525 1.050000 -5.690193
v 10.813276 1.280000 -5.647331
v 10.787525 1.280000 -5.690193
v 10.384693 1.050000 -5.389816
v 10.358940 1.050000 -5.432671
v 10.384693 1.280000 -5.389816
v 10.358940 1.280000 -5.432671
v 12.095663 0.700000 -4.959579
v 12.095663 0.750000 -4.959579
v 11.641365 0.700000 -4.686615
v 11.641365 0.750000 -4.686615
v 11.786640 0.700000 -5.473885
v 11.786640 0.750000 -5.473885
v 11.332342 0.700000 -5.200912
v 11.332342 0.750000 -5.200912
v 12.138521 0.000000 -4.985329
v 12.138521 1.400000 -4.985329
v 12.095663 0.000000 -4.959579
v 12.095663 1.400000 -4.959579
v 12.112770 0.000000 -5.028191
v 12.112770 1.400000 -5.028191
v 12.069910 0.000000 -5.002441
v 12.069910 1.400000 -5.002441
v 11.855249 0.000000 -5.456772
v 11.855249 1.400000 -5.456772
v 11.812391 0.000000 -5.431023
v 11.812391 1.400000 -5.431023
v 11.829498 0.000000 -5.499634
v 11.829498 1.400000 -5.499634
v 11.786640 0.000000 -5.473885
v 11.786640 1.400000 -5.473885
v 11.409523 0.000000 -5.188950
v 11.409523 0.700000 -5.188950
v 11.366665 0.000000 -5.163200
v 11.366665 0.700000 -5.163200
v 11.383770 0.000000 -5.231812
v 11.383770 0.700000 -5.231812
v 11.340912 0.000000 -5.206062
v 11.340912 0.700000 -5.206062
v 11.692795 0.000000 -4.717514
v 11.692795 0.700000 -4.717514
v 11.649935 0.000000 -4.691757
v 11.649935 0.700000 -4.691757
v 11.667042 0.000000 -4.760368
v 11.667042 0.700000 -4.760368
v 11.624184 0.000000 -4.734619
v 11.624184 0.700000 -4.734619
v 12.074196 1.050000 -5.005013
v 12.117056 1.050000 -5.030762
v 12.074196 1.280000 -5.005013
v 12.117056 1.280000 -5.030762
v 11.816677 1.050000 -5.433594
v 11.859535 1.050000 -5.459343
v 11.816677 1.280000 -5.433594
v 11.859535 1.280000 -5.459343
v 9.586176 1.000000 -7.578163
v 9.586176 1.050000 -7.578163
v 8.798164 1.000000 -8.193825
v 8.798164 1.050000 -8.193825
v 10.201838 1.000000 -8.366173
v 10.201838 1.050000 -8.366173
v 9.413826 1.000000 -8.981827
v 9.413826 1.050000 -8.981827
v 9.501373 0.000000 -7.835075
v 9.501373 1.000000 -7.835075
v 9.461971 0.000000 -7.865860
v 9.461971 1.000000 -7.865860
v 9.532156 0.000000 -7.874481
v 9.532156 1.000000 -7.874481
v 9.492756 0.000000 -7.905258
v 9.492756 1.000000 -7.905258
v 9.107368 0.000000 -8.142914
v 9.107368 1.000000 -8.142914
v 9.067966 0.000000 -8.173691
v 9.067966 1.000000 -8.173691
v 9.138149 0.000000 -8.182312
v 9.138149 1.000000 -8.182312
v 9.098751 0.000000 -8.213089
v 9.098751 1.000000 -8.213089
v 9.855228 0.000000 -8.287987
v 9.855228 1.000000 -8.287987
v 9.815828 0.000000 -8.318771
v 9.815828 1.000000 -8.318771
v 9.886011 0.000000 -8.327393
v 9.886011 1.000000 -8.327393
v 9.846611 0.000000 -8.358170
v 9.846611 1.000000 -8.358170
v 9.461224 0.000000 -8.595825
v 9.461224 1.000000 -8.595825
v 9.421822 0.000000 -8.626602
v 9.421822 1.000000 -8.626602
v 9.492006 0.000000 -8.635223
v 9.492006 1.000000 -8.635223
v 9.452606 0.000000 -8.666000
v 9.452606 1.000000 -8.666000
v 10.052460 0.700000 -7.435936
v 10.052460 0.750000 -7.435936
v 9.634815 0.700000 -7.762238
v 9.634815 0.750000 -7.762238
v 10.421858 0.700000 -7.908745
v 10.421858 0.750000 -7.908745
v 10.004211 0.700000 -8.235046
v 10.004211 0.750000 -8.235046
v 10.091862 0.000000 -7.405159
v 10.091862 1.400000 -7.405159
v 10.052460 0.000000 -7.435936
v 10.052460 1.400000 -7.435936
v 10.122644 0.000000 -7.444557
v 10.122644 1.400000 -7.444557
v 10.083244 0.000000 -7.475342
v 10.083244 1.400000 -7.475342
v 10.430475 0.000000 -7.838562
v 10.430475 1.400000 -7.838562
v 10.391075 0.000000 -7.869339
v 10.391075 1.400000 -7.869339
v 10.461258 0.000000 -7.877960
v 10.461258 1.400000 -7.877960
v 10.421858 0.000000 -7.908745
v 10.421858 1.400000 -7.908745
v 10.020710 0.000000 -8.158707
v 10.020710 0.700000 -8.158707
v 9.981308 0.000000 -8.189491
v 9.981308 0.700000 -8.189491
v 10.051493 0.000000 -8.198105
v 10.051493 0.700000 -8.198105
v 10.012093 0.000000 -8.228889
v 10.012093 0.700000 -8.228889
v 9.682095 0.000000 -7.725296
v 9.682095 0.700000 -7.725296
v 9.642694 0.000000 -7.756081
v 9.642694 0.700000 -7.756081
v 9.712879 0.000000 -7.764702
v 9.712879 0.700000 -7.764702
v 9.673477 0.000000 -7.795479
v 9.673477 0.700000 -7.795479
v 10.087183 1.050000 -7.472260
v 10.126583 1.050000 -7.441475
v 10.087183 1.280000 -7.472260
v 10.126583 1.280000 -7.441475
v 10.395014 1.050000 -7.866264
v 10.434414 1.050000 -7.835480
v 10.395014 1.280000 -7.866264
v 10.434414 1.280000 -7.835480
v 8.638332 0.700000 -7.696877
v 8.638332 0.750000 -7.696877
v 8.964632 0.700000 -8.114525
v 8.964632 0.750000 -8.114525
v 9.111137 0.700000 -7.327484
v 9.111137 0.750000 -7.327484
v 9.437439 0.700000 -7.745132
v 9.437439 0.750000 -7.745132
v 8.607550 0.000000 -7.657486
v 8.607550 1.400000 -7.657486
v 8.638332 0.000000 -7.696884
v 8.638332 1.400000 -7.696884
v 8.646950 0.000000 -7.626701
v 8.646950 1.400000 -7.626701
v 8.677732 0.000000 -7.666100
v 8.677732 1.400000 -7.666100
v 9.040955 0.000000 -7.318863
v 9.040955 1.400000 -7.318863
v 9.071737 0.000000 -7.358269
v 9.071737 1.400000 -7.358269
v 9.080357 0.000000 -7.288086
v 9.080357 1.400000 -7.288086
v 9.111137 0.000000 -7.327484
v 9.111137 1.400000 -7.327484
v 9.361099 0.000000 -7.728630
v 9.361099 0.700000 -7.728630
v 9.391882 0.000000 -7.768036
v 9.391882 0.700000 -7.768036
v 9.400499 0.000000 -7.697853
v 9.400499 0.700000 -7.697853
v 9.431282 0.000000 -7.737251
v 9.431282 0.700000 -7.737251
v 8.927692 0.000000 -8.067245
v 8.927692 0.700000 -8.067245
v 8.958477 0.000000 -8.106644
v 8.958477 0.700000 -8.106644
v 8.967094 0.000000 -8.036461
v 8.967094 0.700000 -8.036461
v 8.997877 0.000000 -8.075867
v 8.997877 0.700000 -8.075867
v 8.674654 1.050000 -7.662155
v 8.643871 1.050000 -7.622757
v 8.674654 1.280000 -7.662155
v 8.643871 1.280000 -7.622757
v 9.068661 1.050000 -7.354324
v 9.037876 1.050000 -7.314926
v 9.068661 1.280000 -7.354324
v 9.037876 1.280000 -7.314926
v 8.908876 0.700000 -9.090813
v 8.908876 0.750000 -9.090813
v 9.326523 0.700000 -8.764519
v 9.326523 0.750000 -8.764519
v 8.539478 0.700000 -8.618004
v 8.539478 0.750000 -8.618004
v 8.957125 0.700000 -8.291710
v 8.957125 0.750000 -8.291710
v 8.869476 0.000000 -9.121597
v 8.869476 1.400000 -9.121597
v 8.908876 0.000000 -9.090813
v 8.908876 1.400000 -9.090813
v 8.838694 0.000000 -9.082199
v 8.838694 1.400000 -9.082199
v 8.878094 0.000000 -9.051414
v 8.878094 1.400000 -9.051414
v 8.530863 0.000000 -8.688187
v 8.530863 1.400000 -8.688187
v 8.570263 0.000000 -8.657410
v 8.570263 1.400000 -8.657410
v 8.500080 0.000000 -8.648788
v 8.500080 1.400000 -8.648788
v 8.539478 0.000000 -8.618004
v 8.539478 1.400000 -8.618004
v 8.940628 0.000000 -8.368050
v 8.940628 0.700000 -8.368050
v 8.980028 0.000000 -8.337265
v 8.980028 0.700000 -8.337265
v 8.909845 0.000000 -8.328651
v 8.909845 0.700000 -8.328651
v 8.949245 0.000000 -8.297867
v 8.949245 0.700000 -8.297867
v 9.279242 0.000000 -8.801453
v 9.279242 0.700000 -8.801453
v 9.318642 0.000000 -8.770676
v 9.318642 0.700000 -8.770676
v 9.248459 0.000000 -8.762054
v 9.248459 0.700000 -8.762054
v 9.287859 0.000000 -8.731270
v 9.287859 0.700000 -8.731270
v 8.874153 1.050000 -9.054497
v 8.834753 1.050000 -9.085281
v 8.874153 1.280000 -9.054497
v 8.834753 1.280000 -9.085281
v 8.566322 1.050000 -8.660484
v 8.526922 1.050000 -8.691269
v 8.566322 1.280000 -8.660484
v 8.526922 1.280000 -8.691269
v 10.317835 0.700000 -8.871986
v 10.317835 0.750000 -8.871986
v 9.991535 0.700000 -8.454338
v 9.991535 0.750000 -8.454338
v 9.845028 0.700000 -9.241379
v 9.845028 0.750000 -9.241379
v 9.518728 0.700000 -8.823730
v 9.518728 0.750000 -8.823730
v 10.348618 0.000000 -8.911377
v 10.348618 1.400000 -8.911377
v 10.317835 0.000000 -8.871979
v 10.317835 1.400000 -8.871979
v 10.309217 0.000000 -8.942162
v 10.309217 1.400000 -8.942162
v 10.278435 0.000000 -8.902763
v 10.278435 1.400000 -8.902763
v 9.915211 0.000000 -9.249992
v 9.915211 1.400000 -9.249992
v 9.884428 0.000000 -9.210594
v 9.884428 1.400000 -9.210594
v 9.875811 0.000000 -9.280777
v 9.875811 1.400000 -9.280777
v 9.845028 0.000000 -9.241379
v 9.845028 1.400000 -9.241379
v 9.595068 0.000000 -8.840233
v 9.595068 0.700000 -8.840233
v 9.564285 0.000000 -8.800827
v 9.564285 0.700000 -8.800827
v 9.555668 0.000000 -8.871010
v 9.555668 0.700000 -8.871010
v 9.524883 0.000000 -8.831612
v 9.524883 0.700000 -8.831612
v 10.028473 0.000000 -8.501617
v 10.028473 0.700000 -8.501617
v 9.997690 0.000000 -8.462219
v 9.997690 0.700000 -8.462219
v 9.989073 0.000000 -8.532402
v 9.989073 0.700000 -8.532402
v 9.958290 0.000000 -8.492996
v 9.958290 0.700000 -8.492996
v 10.281513 1.050000 -8.906708
v 10.312296 1.050000 -8.946106
v 10.281513 1.280000 -8.906708
v 10.312296 1.280000 -8.946106
v 9.887506 1.050000 -9.214539
v 9.918289 1.050000 -9.253937
v 9.887506 1.280000 -9.214539
v 9.918289 1.280000 -9.253937
v 18.879999 1.000000 -2.749992
v 18.879999 1.050000 -2.749992
v 18.879999 1.000000 -3.750000
v 18.879999 1.050000 -3.750000
v 19.879999 1.000000 -2.749992
v 19.879999 1.050000 -2.749992
v 19.879999 1.000000 -3.750000
v 19.879999 1.050000 -3.750000
v 19.030243 0.000000 -2.974998
v 19.030243 1.000000 -2.974998
v 19.030243 0.000000 -3.024994
v 19.030243 1.000000 -3.024994
v 19.080242 0.000000 -2.974998
v 19.080242 1.000000 -2.974998
v 19.080242 0.000000 -3.024994
v 19.080242 1.000000 -3.024994
v 19.030243 0.000000 -3.474998
v 19.030243 1.000000 -3.474998
v 19.030243 0.000000 -3.524994
v 19.030243 1.000000 -3.524994
v 19.080242 0.000000 -3.474998
v 19.080242 1.000000 -3.474998
v 19.080242 0.000000 -3.524994
v 19.080242 1.000000 -3.524994
v 19.605000 0.000000 -2.974998
v 19.605000 1.000000 -2.974998
v 19.605000 0.000000 -3.024994
v 19.605000 1.000000 -3.024994
v 19.654999 0.000000 -2.974998
v 19.654999 1.000000 -2.974998
v 19.654999 0.000000 -3.024994
v 19.654999 1.000000 -3.024994
v 19.605000 0.000000 -3.474998
v 19.605000 1.000000 -3.474998
v 19.605000 0.000000 -3.524994
v 19.605000 1.000000 -3.524994
v 19.654999 0.000000 -3.474998
v 19.654999 1.000000 -3.474998
v 19.654999 0.000000 -3.524994
v 19.654999 1.000000 -3.524994
v 19.055000 0.700000 -2.294998
v 19.055000 0.750000 -2.294998
v 19.055000 0.700000 -2.824997
v 19.055000 0.750000 -2.824997
v 19.654999 0.700000 -2.294998
v 19.654999 0.750000 -2.294998
v 19.654999 0.700000 -2.824997
v 19.654999 0.750000 -2.824997
v 19.055000 0.000000 -2.244995
v 19.055000 1.400000 -2.244995
v 19.055000 0.000000 -2.294998
v 19.055000 1.400000 -2.294998
v 19.105000 0.000000 -2.244995
v 19.105000 1.400000 -2.244995
v 19.105000 0.000000 -2.294998
v 19.105000 1.400000 -2.294998
v 19.605000 0.000000 -2.244995
v 19.605000 1.400000 -2.244995
v 19.605000 0.000000 -2.294998
v 19.605000 1.400000 -2.294998
v 19.654999 0.000000 -2.244995
v 19.654999 1.400000 -2.244995
v 19.654999 0.000000 -2.294998
v 19.654999 1.400000 -2.294998
v 19.605000 0.000000 -2.764999
v 19.605000 0.700000 -2.764999
v 19.605000 0.000000 -2.814995
v 19.605000 0.700000 -2.814995
v 19.654999 0.000000 -2.764999
v 19.654999 0.700000 -2.764999
v 19.654999 0.000000 -2.814995
v 19.654999 0.700000 -2.814995
v 19.055000 0.000000 -2.764999
v 19.055000 0.700000 -2.764999
v 19.055000 0.000000 -2.814995
v 19.055000 0.700000 -2.814995
v 19.105000 0.000000 -2.764999
v 19.105000 0.700000 -2.764999
v 19.105000 0.000000 -2.814995
v 19.105000 0.700000 -2.814995
v 19.105000 1.050000 -2.290001
v 19.105000 1.050000 -2.239998
v 19.105000 1.280000 -2.290001
v 19.105000 1.280000 -2.239998
v 19.605000 1.050000 -2.290001
v 19.605000 1.050000 -2.239998
v 19.605000 1.280000 -2.290001
v 19.605000 1.280000 -2.239998
v 18.389999 0.700000 -3.570000
v 18.389999 0.750000 -3.570000
v 18.920000 0.700000 -3.570000
v 18.920000 0.750000 -3.570000
v 18.389999 0.700000 -2.970001
v 18.389999 0.750000 -2.970001
v 18.920000 0.700000 -2.970001
v 18.920000 0.750000 -2.970001
v 18.340000 0.000000 -3.570000
v 18.340000 1.400000 -3.570000
v 18.389999 0.000000 -3.570000
v 18.389999 1.400000 -3.570000
v 18.340000 0.000000 -3.520004
v 18.340000 1.400000 -3.520004
v 18.389999 0.000000 -3.520004
v 18.389999 1.400000 -3.520004
v 18.340000 0.000000 -3.019997
v 18.340000 1.400000 -3.019997
v 18.389999 0.000000 -3.019997
v 18.389999 1.400000 -3.019997
v 18.340000 0.000000 -2.970001
v 18.340000 1.400000 -2.970001
v 18.389999 0.000000 -2.970001
v 18.389999 1.400000 -2.970001
v 18.860001 0.000000 -3.019997
v 18.860001 0.700000 -3.019997
v 18.910000 0.000000 -3.019997
v 18.910000 0.700000 -3.019997
v 18.860001 0.000000 -2.970001
v 18.860001 0.700000 -2.970001
v 18.910000 0.000000 -2.970001
v 18.910000 0.700000 -2.970001
v 18.860001 0.000000 -3.570000
v 18.860001 0.700000 -3.570000
v 18.910000 0.000000 -3.570000
v 18.910000 0.700000 -3.570000
v 18.860001 0.000000 -3.520004
v 18.860001 0.700000 -3.520004
v 18.910000 0.000000 -3.520004
v 18.910000 0.700000 -3.520004
v 18.385000 1.050000 -3.520004
v 18.335001 1.050000 -3.520004
v 18.385000 1.280000 -3.520004
v 18.335001 1.280000 -3.520004
v 18.385000 1.050000 -3.019997
v 18.335001 1.050000 -3.019997
v 18.385000 1.280000 -3.019997
v 18.335001 1.280000 -3.019997
v 19.654999 0.700000 -4.215004
v 19.654999 0.750000 -4.215004
v 19.654999 0.700000 -3.684998
v 19.654999 0.750000 -3.684998
v 19.055000 0.700000 -4.215004
v 19.055000 0.750000 -4.215004
v 19.055000 0.700000 -3.684998
v 19.055000 0.750000 -3.684998
v 19.654999 0.000000 -4.264999
v 19.654999 1.400000 -4.264999
v 19.654999 0.000000 -4.215004
v 19.654999 1.400000 -4.215004
v 19.605000 0.000000 -4.264999
v 19.605000 1.400000 -4.264999
v 19.605000 0.000000 -4.215004
v 19.605000 1.400000 -4.215004
v 19.105000 0.000000 -4.264999
v 19.105000 1.400000 -4.264999
v 19.105000 0.000000 -4.215004
v 19.105000 1.400000 -4.215004
v 19.055000 0.000000 -4.264999
v 19.055000 1.400000 -4.264999
v 19.055000 0.000000 -4.215004
v 19.055000 1.400000 -4.215004
v 19.105000 0.000000 -3.744995
v 19.105000 0.700000 -3.744995
v 19.105000 0.000000 -3.695000
v 19.105000 0.700000 -3.695000
v 19.055000 0.000000 -3.745003
v 19.055000 0.700000 -3.745003
v 19.055000 0.000000 -3.695000
v 19.055000 0.700000 -3.695000
v 19.654999 0.000000 -3.744995
v 19.654999 0.700000 -3.744995
v 19.654999 0.000000 -3.695000
v 19.654999 0.700000 -3.695000
v 19.605000 0.000000 -3.745003
v 19.605000 0.700000 -3.745003
v 19.605000 0.000000 -3.695000
v 19.605000 0.700000 -3.695000
v 19.605000 1.050000 -4.220001
v 19.605000 1.050000 -4.269997
v 19.605000 1.280000 -4.220001
v 19.605000 1.280000 -4.269997
v 19.105000 1.050000 -4.220001
v 19.105000 1.050000 -4.269997
v 19.105000 1.280000 -4.220001
v 19.105000 1.280000 -4.269997
v 20.349998 0.700000 -2.970001
v 20.349998 0.750000 -2.970001
v 19.820000 0.700000 -2.970001
v 19.820000 0.750000 -2.970001
v 20.350000 0.700000 -3.570000
v 20.350000 0.750000 -3.570000
v 19.820000 0.700000 -3.570000
v 19.820000 0.750000 -3.570000
v 20.400000 0.000000 -2.970001
v 20.400000 1.400000 -2.970001
v 20.349998 0.000000 -2.970001
v 20.349998 1.400000 -2.970001
v 20.400000 0.000000 -3.019997
v 20.400000 1.400000 -3.019997
v 20.349998 0.000000 -3.019997
v 20.349998 1.400000 -3.019997
v 20.400000 0.000000 -3.520004
v 20.400000 1.400000 -3.520004
v 20.349998 0.000000 -3.520004
v 20.349998 1.400000 -3.520004
v 20.399998 0.000000 -3.570000
v 20.399998 1.400000 -3.570000
v 20.349998 0.000000 -3.570000
v 20.349998 1.400000 -3.570000
v 19.879999 0.000000 -3.520004
v 19.879999 0.700000 -3.520004
v 19.829998 0.000000 -3.520004
v 19.829998 0.700000 -3.520004
v 19.879999 0.000000 -3.570000
v 19.879999 0.700000 -3.570000
v 19.829998 0.000000 -3.570000
v 19.829998 0.700000 -3.570000
v 19.879999 0.000000 -2.970001
v 19.879999 0.700000 -2.970001
v 19.829998 0.000000 -2.970001
v 19.829998 0.700000 -2.970001
v 19.879999 0.000000 -3.019997
v 19.879999 0.700000 -3.019997
v 19.829998 0.000000 -3.019997
v 19.829998 0.700000 -3.019997
v 20.355000 1.050000 -3.019997
v 20.404999 1.050000 -3.019997
v 20.355000 1.280000 -3.019997
v 20.404999 1.280000 -3.019997
v 20.355000 1.050000 -3.520004
v 20.404999 1.050000 -3.520004
v 20.355000 1.280000 -3.520004
v 20.404999 1.280000 -3.520004
v 22.400000 0.000000 -5.540001
v 22.400000 1.500000 -5.540001
v 22.400000 0.000000 -5.959999
v 22.400000 1.500000 -5.959999
v 29.600000 0.000000 -5.540001
v 29.600000 1.500000 -5.540001
v 29.600000 0.000000 -5.959999
v 29.600000 1.500000 -5.959999
v 28.000000 0.000000 -46.000004
v 56.000000 0.000000 -46.000004
v 28.000000 0.000000 -50.000004
v 56.000000 0.000000 -50.000004
v 32.000000 0.000000 -49.999992
v 34.000000 0.000000 -49.999992
v 32.000000 0.000000 -100.000000
v 34.000000 0.000000 -100.000000
v 32.000000 0.000000 -95.000000
v 32.000000 4.000000 -95.000000
v 32.000000 0.000000 -95.099998
v 32.000000 4.000000 -95.099998
v 32.099998 0.000000 -95.000000
v 32.099998 4.000000 -95.000000
v 32.099998 0.000000 -95.099998
v 32.099998 4.000000 -95.099998
v 32.000000 0.000000 -69.000000
v 32.000000 4.000000 -69.000000
v 32.000000 0.000000 -69.099998
v 32.000000 4.000000 -69.099998
v 32.099998 0.000000 -69.000000
v 32.099998 4.000000 -69.000000
v 32.099998 0.000000 -69.099998
v 32.099998 4.000000 -69.099998
v 32.000000 0.000000 -64.999992
v 32.000000 4.000000 -64.999992
v 32.000000 0.000000 -65.099991
v 32.000000 4.000000 -65.099991
v 32.099998 0.000000 -64.999992
v 32.099998 4.000000 -64.999992
v 32.099998 0.000000 -65.099991
v 32.099998 4.000000 -65.099991
v 32.000000 0.000000 -65.999992
v 32.000000 4.000000 -65.999992
v 32.000000 0.000000 -66.099991
v 32.000000 4.000000 -66.099991
v 32.099998 0.000000 -65.999992
v 32.099998 4.000000 -65.999992
v 32.099998 0.000000 -66.099991
v 32.099998 4.000000 -66.099991
v 32.000000 0.000000 -66.999992
v 32.000000 4.000000 -66.999992
v 32.000000 0.000000 -67.099991
v 32.000000 4.000000 -67.099991
v 32.099998 0.000000 -66.999992
v 32.099998 4.000000 -66.999992
v 32.099998 0.000000 -67.099991
v 32.099998 4.000000 -67.099991
v 32.000000 0.000000 -67.999992
v 32.000000 4.000000 -67.999992
v 32.000000 0.000000 -68.099991
v 32.000000 4.000000 -68.099991
v 32.099998 0.000000 -67.999992
v 32.099998 4.000000 -67.999992
v 32.099998 0.000000 -68.099991
v 32.099998 4.000000 -68.099991
v 32.000000 0.000000 -63.999989
v 32.000000 4.000000 -63.999989
v 32.000000 0.000000 -64.099991
v 32.000000 4.000000 -64.099991
v 32.099998 0.000000 -63.999989
v 32.099998 4.000000 -63.999989
v 32.099998 0.000000 -64.099991
v 32.099998 4.000000 -64.099991
v 32.000000 0.000000 -59.999985
v 32.000000 4.000000 -59.999985
v 32.000000 0.000000 -60.099983
v 32.000000 4.000000 -60.099983
v 32.099998 0.000000 -59.999985
v 32.099998 4.000000 -59.999985
v 32.099998 0.000000 -60.099983
v 32.099998 4.000000 -60.099983
v 32.000000 0.000000 -60.999985
v 32.000000 4.000000 -60.999985
v 32.000000 0.000000 -61.099983
v 32.000000 4.000000 -61.099983
v 32.099998 0.000000 -60.999985
v 32.099998 4.000000 -60.999985
v 32.099998 0.000000 -61.099983
v 32.099998 4.000000 -61.099983
v 32.000000 0.000000 -61.999985
v 32.000000 4.000000 -61.999985
v 32.000000 0.000000 -62.099983
v 32.000000 4.000000 -62.099983
v 32.099998 0.000000 -61.999985
v 32.099998 4.000000 -61.999985
v 32.099998 0.000000 -62.099983
v 32.099998 4.000000 -62.099983
v 32.000000 0.000000 -62.999985
v 32.000000 4.000000 -62.999985
v 32.000000 0.000000 -63.099983
v 32.000000 4.000000 -63.099983
v 32.099998 0.000000 -62.999985
v 32.099998 4.000000 -62.999985
v 32.099998 0.000000 -63.099983
v 32.099998 4.000000 -63.099983
v 32.000000 0.000000 -58.999996
v 32.000000 4.000000 -58.999996
v 32.000000 0.000000 -59.099995
v 32.000000 4.000000 -59.099995
v 32.099998 0.000000 -58.999996
v 32.099998 4.000000 -58.999996
v 32.099998 0.000000 -59.099995
v 32.099998 4.000000 -59.099995
v 32.000000 0.000000 -54.999989
v 32.000000 4.000000 -54.999989
v 32.000000 0.000000 -55.099991
v 32.000000 4.000000 -55.099991
v 32.099998 0.000000 -54.999989
v 32.099998 4.000000 -54.999989
v 32.099998 0.000000 -55.099991
v 32.099998 4.000000 -55.099991
v 32.000000 0.000000 -55.999992
v 32.000000 4.000000 -55.999992
v 32.000000 0.000000 -56.099991
v 32.000000 4.000000 -56.099991
v 32.099998 0.000000 -55.999992
v 32.099998 4.000000 -55.999992
v 32.099998 0.000000 -56.099991
v 32.099998 4.000000 -56.099991
v 32.000000 0.000000 -56.999992
v 32.000000 4.000000 -56.999992
v 32.000000 0.000000 -57.099991
v 32.000000 4.000000 -57.099991
v 32.099998 0.000000 -56.999992
v 32.099998 4.000000 -56.999992
v 32.099998 0.000000 -57.099991
v 32.099998 4.000000 -57.099991
v 32.000000 0.000000 -57.999992
v 32.000000 4.000000 -57.999992
v 32.000000 0.000000 -58.099991
v 32.000000 4.000000 -58.099991
v 32.099998 0.000000 -57.999992
v 32.099998 4.000000 -57.999992
v 32.099998 0.000000 -58.099991
v 32.099998 4.000000 -58.099991
v 32.000000 0.000000 -53.999992
v 32.000000 4.000000 -53.999992
v 32.000000 0.000000 -54.099991
v 32.000000 4.000000 -54.099991
v 32.099998 0.000000 -53.999992
v 32.099998 4.000000 -53.999992
v 32.099998 0.000000 -54.099991
v 32.099998 4.000000 -54.099991
v 32.000000 0.000000 -49.999985
v 32.000000 4.000000 -49.999985
v 32.000000 0.000000 -50.099983
v 32.000000 4.000000 -50.099983
v 32.099998 0.000000 -49.999985
v 32.099998 4.000000 -49.999985
v 32.099998 0.000000 -50.099983
v 32.099998 4.000000 -50.099983
v 32.000000 0.000000 -50.999985
v 32.000000 4.000000 -50.999985
v 32.000000 0.000000 -51.099979
v 32.000000 4.000000 -51.099979
v 32.099998 0.000000 -50.999985
v 32.099998 4.000000 -50.999985
v 32.099998 0.000000 -51.099979
v 32.099998 4.000000 -51.099979
v 32.000000 0.000000 -51.999985
v 32.000000 4.000000 -51.999985
v 32.000000 0.000000 -52.099983
v 32.000000 4.000000 -52.099983
v 32.099998 0.000000 -51.999985
v 32.099998 4.000000 -51.999985
v 32.099998 0.000000 -52.099983
v 32.099998 4.000000 -52.099983
v 32.000000 0.000000 -52.999985
v 32.000000 4.000000 -52.999985
v 32.000000 0.000000 -53.099983
v 32.000000 4.000000 -53.099983
v 32.099998 0.000000 -52.999985
v 32.099998 4.000000 -52.999985
v 32.099998 0.000000 -53.099983
v 32.099998 4.000000 -53.099983
v 32.000000 0.000000 -94.002998
v 32.000000 4.000000 -94.002998
v 32.000000 0.000000 -94.102997
v 32.000000 4.000000 -94.102997
v 32.099998 0.000000 -94.002998
v 32.099998 4.000000 -94.002998
v 32.099998 0.000000 -94.102997
v 32.099998 4.000000 -94.102997
v 32.000000 0.000000 -90.002991
v 32.000000 4.000000 -90.002991
v 32.000000 0.000000 -90.102989
v 32.000000 4.000000 -90.102989
v 32.099998 0.000000 -90.002991
v 32.099998 4.000000 -90.002991
v 32.099998 0.000000 -90.102989
v 32.099998 4.000000 -90.102989
v 32.000000 0.000000 -91.002991
v 32.000000 4.000000 -91.002991
v 32.000000 0.000000 -91.102989
v 32.000000 4.000000 -91.102989
v 32.099998 0.000000 -91.002991
v 32.099998 4.000000 -91.002991
v 32.099998 0.000000 -91.102989
v 32.099998 4.000000 -91.102989
v 32.000000 0.000000 -92.002991
v 32.000000 4.000000 -92.002991
v 32.000000 0.000000 -92.102989
v 32.000000 4.000000 -92.102989
v 32.099998 0.000000 -92.002991
v 32.099998 4.000000 -92.002991
v 32.099998 0.000000 -92.102989
v 32.099998 4.000000 -92.102989
v 32.000000 0.000000 -93.002991
v 32.000000 4.000000 -93.002991
v 32.000000 0.000000 -93.102989
v 32.000000 4.000000 -93.102989
v 32.099998 0.000000 -93.002991
v 32.099998 4.000000 -93.002991
v 32.099998 0.000000 -93.102989
v 32.099998 4.000000 -93.102989
v 32.000000 0.000000 -89.002991
v 32.000000 4.000000 -89.002991
v 32.000000 0.000000 -89.102989
v 32.000000 4.000000 -89.102989
v 32.099998 0.000000 -89.002991
v 32.099998 4.000000 -89.002991
v 32.099998 0.000000 -89.102989
v 32.099998 4.000000 -89.102989
v 32.000000 0.000000 -85.002983
v 32.000000 4.000000 -85.002983
v 32.000000 0.000000 -85.102982
v 32.000000 4.000000 -85.102982
v 32.099998 0.000000 -85.002983
v 32.099998 4.000000 -85.002983
v 32.099998 0.000000 -85.102982
v 32.099998 4.000000 -85.102982
v 32.000000 0.000000 -86.002983
v 32.000000 4.000000 -86.002983
v 32.000000 0.000000 -86.102982
v 32.000000 4.000000 -86.102982
v 32.099998 0.000000 -86.002983
v 32.099998 4.000000 -86.002983
v 32.099998 0.000000 -86.102982
v 32.099998 4.000000 -86.102982
v 32.000000 0.000000 -87.002983
v 32.000000 4.000000 -87.002983
v 32.000000 0.000000 -87.102982
v 32.000000 4.000000 -87.102982
v 32.099998 0.000000 -87.002983
v 32.099998 4.000000 -87.002983
v 32.099998 0.000000 -87.102982
v 32.099998 4.000000 -87.102982
v 32.000000 0.000000 -88.002983
v 32.000000 4.000000 -88.002983
v 32.000000 0.000000 -88.102982
v 32.000000 4.000000 -88.102982
v 32.099998 0.000000 -88.002983
v 32.099998 4.000000 -88.002983
v 32.099998 0.000000 -88.102982
v 32.099998 4.000000 -88.102982
v 32.000000 0.000000 -84.002998
v 32.000000 4.000000 -84.002998
v 32.000000 0.000000 -84.102997
v 32.000000 4.000000 -84.102997
v 32.099998 0.000000 -84.002998
v 32.099998 4.000000 -84.002998
v 32.099998 0.000000 -84.102997
v 32.099998 4.000000 -84.102997
v 32.000000 0.000000 -80.002991
v 32.000000 4.000000 -80.002991
v 32.000000 0.000000 -80.102989
v 32.000000 4.000000 -80.102989
v 32.099998 0.000000 -80.002991
v 32.099998 4.000000 -80.002991
v 32.099998 0.000000 -80.102989
v 32.099998 4.000000 -80.102989
v 32.000000 0.000000 -81.002991
v 32.000000 4.000000 -81.002991
v 32.000000 0.000000 -81.102989
v 32.000000 4.000000 -81.102989
v 32.099998 0.000000 -81.002991
v 32.099998 4.000000 -81.002991
v 32.099998 0.000000 -81.102989
v 32.099998 4.000000 -81.102989
v 32.000000 0.000000 -82.002991
v 32.000000 4.000000 -82.002991
v 32.000000 0.000000 -82.102989
v 32.000000 4.000000 -82.102989
v 32.099998 0.000000 -82.002991
v 32.099998 4.000000 -82.002991
v 32.099998 0.000000 -82.102989
v 32.099998 4.000000 -82.102989
v 32.000000 0.000000 -83.002991
v 32.000000 4.000000 -83.002991
v 32.000000 0.000000 -83.102989
v 32.000000 4.000000 -83.102989
v 32.099998 0.000000 -83.002991
v 32.099998 4.000000 -83.002991
v 32.099998 0.000000 -83.102989
v 32.099998 4.000000 -83.102989
v 32.000000 0.000000 -79.002991
v 32.000000 4.000000 -79.002991
v 32.000000 0.000000 -79.102989
v 32.000000 4.000000 -79.102989
v 32.099998 0.000000 -79.002991
v 32.099998 4.000000 -79.002991
v 32.099998 0.000000 -79.102989
v 32.099998 4.000000 -79.102989
v 32.000000 0.000000 -75.002983
v 32.000000 4.000000 -75.002983
v 32.000000 0.000000 -75.102982
v 32.000000 4.000000 -75.102982
v 32.099998 0.000000 -75.002983
v 32.099998 4.000000 -75.002983
v 32.099998 0.000000 -75.102982
v 32.099998 4.000000 -75.102982
v 32.000000 0.000000 -76.002983
v 32.000000 4.000000 -76.002983
v 32.000000 0.000000 -76.102982
v 32.000000 4.000000 -76.102982
v 32.099998 0.000000 -76.002983
v 32.099998 4.000000 -76.002983
v 32.099998 0.000000 -76.102982
v 32.099998 4.000000 -76.102982
v 32.000000 0.000000 -77.002983
v 32.000000 4.000000 -77.002983
v 32.000000 0.000000 -77.102982
v 32.000000 4.000000 -77.102982
v 32.099998 0.000000 -77.002983
v 32.099998 4.000000 -77.002983
v 32.099998 0.000000 -77.102982
v 32.099998 4.000000 -77.102982
v 32.000000 0.000000 -78.002983
v 32.000000 4.000000 -78.002983
v 32.000000 0.000000 -78.102982
v 32.000000 4.000000 -78.102982
v 32.099998 0.000000 -78.002983
v 32.099998 4.000000 -78.002983
v 32.099998 0.000000 -78.102982
v 32.099998 4.000000 -78.102982
v 32.000000 0.000000 -99.899994
v 32.000000 4.000000 -99.899994
v 32.000000 0.000000 -99.999992
v 32.000000 4.000000 -99.999992
v 32.099998 0.000000 -99.899994
v 32.099998 4.000000 -99.899994
v 32.099998 0.000000 -99.999992
v 32.099998 4.000000 -99.999992
v 32.949997 0.000000 -99.899994
v 32.949997 4.000000 -99.899994
v 32.949997 0.000000 -99.999992
v 32.949997 4.000000 -99.999992
v 33.049999 0.000000 -99.899994
v 33.049999 4.000000 -99.899994
v 33.049999 0.000000 -99.999992
v 33.049999 4.000000 -99.999992
v 33.900002 0.000000 -99.899994
v 33.900002 4.000000 -99.899994
v 33.900002 0.000000 -99.999992
v 33.900002 4.000000 -99.999992
v 34.000000 0.000000 -99.899994
v 34.000000 4.000000 -99.899994
v 34.000000 0.000000 -99.999992
v 34.000000 4.000000 -99.999992
v 34.000000 0.000000 -88.000000
v 56.000000 0.000000 -88.000000
v 34.000000 0.000000 -100.000000
v 56.000000 0.000000 -100.000000
v 34.000000 0.000000 -70.000000
v 56.000000 0.000000 -70.000000
v 34.000000 0.000000 -78.000000
v 56.000000 0.000000 -78.000000
v 34.000000 0.000000 -77.999992
v 36.000000 0.000000 -77.999992
v 34.000000 0.000000 -87.999992
v 36.000000 0.000000 -87.999992
v 52.000000 0.000000 -77.999992
v 56.000000 0.000000 -77.999992
v 52.000000 0.000000 -87.999992
v 56.000000 0.000000 -87.999992
v 32.000000 4.000000 -88.000000
v 32.000000 4.500000 -88.000000
v 32.000000 4.000000 -100.000000
v 32.000000 4.500000 -100.000000
v 56.000000 4.000000 -88.000000
v 56.000000 4.500000 -88.000000
v 56.000000 4.000000 -100.000000
v 56.000000 4.500000 -100.000000
v 37.000000 0.000000 -77.000000
v 37.000000 4.000000 -77.000000
v 37.000000 0.000000 -78.000000
v 37.000000 4.000000 -78.000000
v 41.000000 0.000000 -77.000000
v 41.000000 4.000000 -77.000000
v 41.000000 0.000000 -78.000000
v 41.000000 4.000000 -78.000000
v 47.000000 0.000000 -77.000000
v 47.000000 4.000000 -77.000000
v 47.000000 0.000000 -78.000000
v 47.000000 4.000000 -78.000000
v 51.000000 0.000000 -77.000000
v 51.000000 4.000000 -77.000000
v 51.000000 0.000000 -78.000000
v 51.000000 4.000000 -78.000000
v 32.000000 4.000000 -49.999992
v 32.000000 4.500000 -49.999992
v 32.000000 4.000000 -78.000000
v 32.000000 4.500000 -78.000000
v 56.000000 4.000000 -49.999992
v 56.000000 4.500000 -49.999992
v 56.000000 4.000000 -78.000000
v 56.000000 4.500000 -78.000000
v 33.968750 0.000000 -50.000000
v 56.000000 0.000000 -50.000000
v 33.968750 0.000000 -70.000000
v 56.000000 0.000000 -70.000000
v 33.968750 0.000000 -50.000000
v 33.968750 4.000000 -50.000000
v 33.968750 0.000000 -51.999996
v 33.968750 4.000000 -51.999996
v 55.985313 0.000000 -50.000000
v 55.985313 4.000000 -50.000000
v 55.985313 0.000000 -51.999996
v 55.985313 4.000000 -51.999996
v 33.968750 0.000000 -54.009998
v 33.968750 4.000000 -54.009998
v 33.968750 0.000000 -58.009995
v 33.968750 4.000000 -58.009995
v 55.985313 0.000000 -54.009998
v 55.985313 4.000000 -54.009998
v 55.985313 0.000000 -58.009995
v 55.985313 4.000000 -58.009995
v 33.968750 0.000000 -60.000000
v 33.968750 4.000000 -60.000000
v 33.968750 0.000000 -64.000008
v 33.968750 4.000000 -64.000008
v 55.985313 0.000000 -60.000000
v 55.985313 4.000000 -60.000000
v 55.985313 0.000000 -64.000008
v 55.985313 4.000000 -64.000008
v 33.968750 0.000000 -66.000000
v 33.968750 4.000000 -66.000000
v 33.968750 0.000000 -70.000000
v 33.968750 4.000000 -70.000000
v 55.985313 0.000000 -66.000000
v 55.985313 4.000000 -66.000000
v 55.985313 0.000000 -70.000000
v 55.985313 4.000000 -70.000000
v 56.000000 4.000000 -50.000000
v 56.000000 0.000000 -50.000000
v 56.000000 4.000000 -70.000000
v 56.000000 0.000000 -70.000000
v 33.968750 4.000000 -58.000000
v 33.968750 4.000000 -60.000000
v 33.968750 0.000000 -58.000000
v 33.968750 0.000000 -60.000000
v 33.968750 4.000000 -52.000000
v 33.968750 4.000000 -54.000000
v 33.968750 0.000000 -52.000000
v 33.968750 0.000000 -54.000000
v 33.968750 4.000000 -64.000000
v 33.968750 4.000000 -66.000000
v 33.968750 0.000000 -64.000000
v 33.968750 0.000000 -66.000000
v 34.000000 0.000000 -99.000000
v 34.000000 4.000000 -99.000000
v 34.000000 0.000000 -100.000000
v 34.000000 4.000000 -100.000000
v 56.000000 0.000000 -99.000000
v 56.000000 4.000000 -99.000000
v 56.000000 0.000000 -100.000000
v 56.000000 4.000000 -100.000000
v 55.000000 0.000000 -88.000000
v 55.000000 4.000000 -88.000000
v 55.000000 0.000000 -99.000000
v 55.000000 4.000000 -99.000000
v 56.000000 0.000000 -88.000000
v 56.000000 4.000000 -88.000000
v 56.000000 0.000000 -99.000000
v 56.000000 4.000000 -99.000000
v 34.000000 0.000000 -88.000000
v 34.000000 4.000000 -88.000000
v 34.000000 0.000000 -99.000000
v 34.000000 4.000000 -99.000000
v 36.000000 0.000000 -88.000000
v 36.000000 4.000000 -88.000000
v 36.000000 0.000000 -99.000000
v 36.000000 4.000000 -99.000000
v 52.000000 4.000000 -78.000000
v 52.000000 4.500000 -78.000000
v 52.000000 4.000000 -88.000000
v 52.000000 4.500000 -88.000000
v 56.000000 4.000000 -78.000000
v 56.000000 4.500000 -78.000000
v 56.000000 4.000000 -88.000000
v 56.000000 4.500000 -88.000000
v 32.000000 4.000000 -78.000000
v 32.000000 4.500000 -78.000000
v 32.000000 4.000000 -88.000000
v 32.000000 4.500000 -88.000000
v 36.000000 4.000000 -78.000000
v 36.000000 4.500000 -78.000000
v 36.000000 4.000000 -88.000000
v 36.000000 4.500000 -88.000000
v 55.900002 0.000000 -86.899994
v 55.900002 4.000000 -86.899994
v 55.900002 0.000000 -87.000000
v 55.900002 4.000000 -87.000000
v 56.000004 0.000000 -86.899994
v 56.000004 4.000000 -86.899994
v 56.000004 0.000000 -87.000000
v 56.000004 4.000000 -87.000000
v 55.899998 0.000000 -70.899994
v 55.899998 4.000000 -70.899994
v 55.899998 0.000000 -70.999992
v 55.899998 4.000000 -70.999992
v 56.000000 0.000000 -70.899994
v 56.000000 4.000000 -70.899994
v 56.000000 0.000000 -70.999992
v 56.000000 4.000000 -70.999992
v 55.899998 0.000000 -73.899994
v 55.899998 4.000000 -73.899994
v 55.899998 0.000000 -73.999992
v 55.899998 4.000000 -73.999992
v 56.000000 0.000000 -73.899994
v 56.000000 4.000000 -73.899994
v 56.000000 0.000000 -73.999992
v 56.000000 4.000000 -73.999992
v 55.899994 0.000000 -71.899986
v 55.899994 4.000000 -71.899986
v 55.899994 0.000000 -71.999992
v 55.899994 4.000000 -71.999992
v 55.999992 0.000000 -71.899986
v 55.999992 4.000000 -71.899986
v 55.999992 0.000000 -71.999992
v 55.999992 4.000000 -71.999992
v 55.899994 0.000000 -72.899986
v 55.899994 4.000000 -72.899986
v 55.899994 0.000000 -72.999985
v 55.899994 4.000000 -72.999985
v 55.999992 0.000000 -72.899986
v 55.999992 4.000000 -72.899986
v 55.999992 0.000000 -72.999985
v 55.999992 4.000000 -72.999985
v 55.899998 0.000000 -76.899994
v 55.899998 4.000000 -76.899994
v 55.899998 0.000000 -77.000000
v 55.899998 4.000000 -77.000000
v 56.000000 0.000000 -76.899994
v 56.000000 4.000000 -76.899994
v 56.000000 0.000000 -77.000000
v 56.000000 4.000000 -77.000000
v 55.899994 0.000000 -74.899986
v 55.899994 4.000000 -74.899986
v 55.899994 0.000000 -74.999992
v 55.899994 4.000000 -74.999992
v 55.999992 0.000000 -74.899986
v 55.999992 4.000000 -74.899986
v 55.999992 0.000000 -74.999992
v 55.999992 4.000000 -74.999992
v 55.899994 0.000000 -75.899994
v 55.899994 4.000000 -75.899994
v 55.899994 0.000000 -75.999992
v 55.899994 4.000000 -75.999992
v 55.999992 0.000000 -75.899994
v 55.999992 4.000000 -75.899994
v 55.999992 0.000000 -75.999992
v 55.999992 4.000000 -75.999992
v 55.899998 0.000000 -79.899994
v 55.899998 4.000000 -79.899994
v 55.899998 0.000000 -80.000000
v 55.899998 4.000000 -80.000000
v 56.000000 0.000000 -79.899994
v 56.000000 4.000000 -79.899994
v 56.000000 0.000000 -80.000000
v 56.000000 4.000000 -80.000000
v 55.899994 0.000000 -77.899986
v 55.899994 4.000000 -77.899986
v 55.899994 0.000000 -77.999992
v 55.899994 4.000000 -77.999992
v 55.999992 0.000000 -77.899986
v 55.999992 4.000000 -77.899986
v 55.999992 0.000000 -77.999992
v 55.999992 4.000000 -77.999992
v 55.899994 0.000000 -78.899994
v 55.899994 4.000000 -78.899994
v 55.899994 0.000000 -78.999992
v 55.899994 4.000000 -78.999992
v 55.999992 0.000000 -78.899994
v 55.999992 4.000000 -78.899994
v 55.999992 0.000000 -78.999992
v 55.999992 4.000000 -78.999992
v 55.899998 0.000000 -82.899994
v 55.899998 4.000000 -82.899994
v 55.899998 0.000000 -83.000000
v 55.899998 4.000000 -83.000000
v 56.000000 0.000000 -82.899994
v 56.000000 4.000000 -82.899994
v 56.000000 0.000000 -83.000000
v 56.000000 4.000000 -83.000000
v 55.899994 0.000000 -80.899986
v 55.899994 4.000000 -80.899986
v 55.899994 0.000000 -80.999992
v 55.899994 4.000000 -80.999992
v 55.999992 0.000000 -80.899986
v 55.999992 4.000000 -80.899986
v 55.999992 0.000000 -80.999992
v 55.999992 4.000000 -80.999992
v 55.899994 0.000000 -81.899994
v 55.899994 4.000000 -81.899994
v 55.899994 0.000000 -81.999992
v 55.899994 4.000000 -81.999992
v 55.999992 0.000000 -81.899994
v 55.999992 4.000000 -81.899994
v 55.999992 0.000000 -81.999992
v 55.999992 4.000000 -81.999992
v 55.899998 0.000000 -85.899994
v 55.899998 4.000000 -85.899994
v 55.899998 0.000000 -86.000000
v 55.899998 4.000000 -86.000000
v 56.000000 0.000000 -85.899994
v 56.000000 4.000000 -85.899994
v 56.000000 0.000000 -86.000000
v 56.000000 4.000000 -86.000000
v 55.899994 0.000000 -83.899994
v 55.899994 4.000000 -83.899994
v 55.899994 0.000000 -83.999992
v 55.899994 4.000000 -83.999992
v 55.999992 0.000000 -83.899994
v 55.999992 4.000000 -83.899994
v 55.999992 0.000000 -83.999992
v 55.999992 4.000000 -83.999992
v 55.899994 0.000000 -84.899994
v 55.899994 4.000000 -84.899994
v 55.899994 0.000000 -84.999992
v 55.899994 4.000000 -84.999992
v 55.999992 0.000000 -84.899994
v 55.999992 4.000000 -84.899994
v 55.999992 0.000000 -84.999992
v 55.999992 4.000000 -84.999992
v 52.000000 0.000000 -88.000000
v 55.000000 0.000000 -88.000000
v 52.000000 4.000000 -88.000000
v 55.000000 4.000000 -88.000000
v 52.000000 0.000000 -77.999992
v 52.000000 -4.000000 -77.999992
v 52.000000 0.000000 -87.999992
v 52.000000 -4.000000 -87.999992
v 36.000000 0.000000 -77.999992
v 36.000000 -4.000000 -77.999992
v 36.000000 0.000000 -87.999992
v 36.000000 -4.000000 -87.999992
v 36.029999 -4.000000 -87.999992
v 52.029999 -4.000000 -87.999992
v 36.029999 0.000000 -87.999992
v 52.029999 -0.000000 -87.999992
v 36.029999 -4.000000 -77.999992
v 52.029999 -4.000000 -77.999992
v 36.029999 0.000000 -77.999992
v 52.029999 -0.000000 -77.999992
v 36.000000 -4.000000 -77.999992
v 52.000000 -4.000000 -77.999992
v 36.000000 -4.000000 -87.999992
v 52.000000 -4.000000 -87.999992
v 36.000000 0.000000 -87.000000
v 36.000000 2.000000 -87.000000
v 35.900002 0.000000 -87.000000
v 35.900002 2.000000 -87.000000
v 36.000000 0.000000 -87.099998
v 36.000000 2.000000 -87.099998
v 35.900002 0.000000 -87.099998
v 35.900002 2.000000 -87.099998
v 36.000008 0.000000 -86.000000
v 36.000008 2.000000 -86.000000
v 35.900009 0.000000 -86.000000
v 35.900009 2.000000 -86.000000
v 36.000008 0.000000 -86.099998
v 36.000008 2.000000 -86.099998
v 35.900009 0.000000 -86.099998
v 35.900009 2.000000 -86.099998
v 36.000008 0.000000 -85.000000
v 36.000008 2.000000 -85.000000
v 35.900009 0.000000 -85.000000
v 35.900009 2.000000 -85.000000
v 36.000008 0.000000 -85.099998
v 36.000008 2.000000 -85.099998
v 35.900009 0.000000 -85.099998
v 35.900009 2.000000 -85.099998
v 36.000008 0.000000 -84.000000
v 36.000008 2.000000 -84.000000
v 35.900009 0.000000 -84.000000
v 35.900009 2.000000 -84.000000
v 36.000008 0.000000 -84.099998
v 36.000008 2.000000 -84.099998
v 35.900009 0.000000 -84.099998
v 35.900009 2.000000 -84.099998
v 36.000000 0.000000 -82.999992
v 36.000000 2.000000 -82.999992
v 35.899998 0.000000 -82.999992
v 35.899998 2.000000 -82.999992
v 36.000000 0.000000 -83.099991
v 36.000000 2.000000 -83.099991
v 35.899998 0.000000 -83.099991
v 35.899998 2.000000 -83.099991
v 36.000004 0.000000 -81.999992
v 36.000004 2.000000 -81.999992
v 35.900005 0.000000 -81.999992
v 35.900005 2.000000 -81.999992
v 36.000004 0.000000 -82.099991
v 36.000004 2.000000 -82.099991
v 35.900005 0.000000 -82.099991
v 35.900005 2.000000 -82.099991
v 36.000004 0.000000 -80.999992
v 36.000004 2.000000 -80.999992
v 35.900005 0.000000 -80.999992
v 35.900005 2.000000 -80.999992
v 36.000004 0.000000 -81.099991
v 36.000004 2.000000 -81.099991
v 35.900005 0.000000 -81.099991
v 35.900005 2.000000 -81.099991
v 36.000004 0.000000 -79.999992
v 36.000004 2.000000 -79.999992
v 35.900005 0.000000 -79.999992
v 35.900005 2.000000 -79.999992
v 36.000004 0.000000 -80.099991
v 36.000004 2.000000 -80.099991
v 35.900005 0.000000 -80.099991
v 35.900005 2.000000 -80.099991
v 35.899998 0.000000 -78.999992
v 35.899998 2.000000 -78.999992
v 35.899998 0.000000 -79.099991
v 35.899998 2.000000 -79.099991
v 36.000000 0.000000 -78.999992
v 36.000000 2.000000 -78.999992
v 36.000000 0.000000 -79.099991
v 36.000000 2.000000 -79.099991
v 35.899998 0.000000 -77.999992
v 35.899998 2.000000 -77.999992
v 35.899998 0.000000 -78.099991
v 35.899998 2.000000 -78.099991
v 36.000000 0.000000 -77.999992
v 36.000000 2.000000 -77.999992
v 36.000000 0.000000 -78.099991
v 36.000000 2.000000 -78.099991
v 52.099998 0.000000 -87.000000
v 52.099998 2.000000 -87.000000
v 52.000000 0.000000 -87.000000
v 52.000000 2.000000 -87.000000
v 52.099998 0.000000 -87.099998
v 52.099998 2.000000 -87.099998
v 52.000000 0.000000 -87.099998
v 52.000000 2.000000 -87.099998
v 52.100006 0.000000 -86.000000
v 52.100006 2.000000 -86.000000
v 52.000008 0.000000 -86.000000
v 52.000008 2.000000 -86.000000
v 52.100006 0.000000 -86.099998
v 52.100006 2.000000 -86.099998
v 52.000008 0.000000 -86.099998
v 52.000008 2.000000 -86.099998
v 52.100006 0.000000 -85.000000
v 52.100006 2.000000 -85.000000
v 52.000008 0.000000 -85.000000
v 52.000008 2.000000 -85.000000
v 52.100006 0.000000 -85.099998
v 52.100006 2.000000 -85.099998
v 52.000008 0.000000 -85.099998
v 52.000008 2.000000 -85.099998
v 52.100006 0.000000 -84.000000
v 52.100006 2.000000 -84.000000
v 52.000008 0.000000 -84.000000
v 52.000008 2.000000 -84.000000
v 52.100006 0.000000 -84.099998
v 52.100006 2.000000 -84.099998
v 52.000008 0.000000 -84.099998
v 52.000008 2.000000 -84.099998
v 52.099998 0.000000 -82.999992
v 52.099998 2.000000 -82.999992
v 51.999996 0.000000 -82.999992
v 51.999996 2.000000 -82.999992
v 52.099998 0.000000 -83.099991
v 52.099998 2.000000 -83.099991
v 51.999996 0.000000 -83.099991
v 51.999996 2.000000 -83.099991
v 52.100002 0.000000 -81.999992
v 52.100002 2.000000 -81.999992
v 52.000000 0.000000 -81.999992
v 52.000000 2.000000 -81.999992
v 52.100002 0.000000 -82.099991
v 52.100002 2.000000 -82.099991
v 52.000000 0.000000 -82.099991
v 52.000000 2.000000 -82.099991
v 52.100002 0.000000 -80.999992
v 52.100002 2.000000 -80.999992
v 52.000000 0.000000 -80.999992
v 52.000000 2.000000 -80.999992
v 52.100002 0.000000 -81.099991
v 52.100002 2.000000 -81.099991
v 52.000000 0.000000 -81.099991
v 52.000000 2.000000 -81.099991
v 52.100002 0.000000 -79.999992
v 52.100002 2.000000 -79.999992
v 52.000000 0.000000 -79.999992
v 52.000000 2.000000 -79.999992
v 52.100002 0.000000 -80.099991
v 52.100002 2.000000 -80.099991
v 52.000000 0.000000 -80.099991
v 52.000000 2.000000 -80.099991
v 51.999996 0.000000 -78.999992
v 51.999996 2.000000 -78.999992
v 51.999996 0.000000 -79.099991
v 51.999996 2.000000 -79.099991
v 52.099998 0.000000 -78.999992
v 52.099998 2.000000 -78.999992
v 52.099998 0.000000 -79.099991
v 52.099998 2.000000 -79.099991
v 51.999996 0.000000 -77.999992
v 51.999996 2.000000 -77.999992
v 51.999996 0.000000 -78.099991
v 51.999996 2.000000 -78.099991
v 52.099998 0.000000 -77.999992
v 52.099998 2.000000 -77.999992
v 52.099998 0.000000 -78.099991
v 52.099998 2.000000 -78.099991
v 50.955002 1.975000 -77.584991
v 50.955002 2.025000 -77.584991
v 50.955002 1.975000 -77.694992
v 50.955002 2.025000 -77.694992
v 52.004997 1.975000 -77.584991
v 52.004997 2.025000 -77.584991
v 52.004997 1.975000 -77.694992
v 52.004997 2.025000 -77.694992
v 51.994995 1.974993 -77.585007
v 51.994995 2.024993 -77.585007
v 51.994995 1.974993 -87.515007
v 51.994995 2.024993 -87.515007
v 52.104996 1.974993 -77.585007
v 52.104996 2.024993 -77.585007
v 52.104996 1.974993 -87.515007
v 52.104996 2.024993 -87.515007
v 37.044983 2.025000 -77.584991
v 37.044983 1.975000 -77.584991
v 37.044983 2.025000 -77.694992
v 37.044983 1.975000 -77.694992
v 35.994987 2.025000 -77.584991
v 35.994987 1.975000 -77.584991
v 35.994987 2.025000 -77.694992
v 35.994987 1.975000 -77.694992
v 36.004990 2.025007 -77.585007
v 36.004990 1.975007 -77.585007
v 36.004990 2.025007 -87.515007
v 36.004990 1.975007 -87.515007
v 35.894989 2.025007 -77.585007
v 35.894989 1.975007 -77.585007
v 35.894989 2.025007 -87.515007
v 35.894989 1.975007 -87.515007
v 36.000000 0.000000 -88.000000
v 36.000000 1.400000 -88.000000
v 36.000000 0.000000 -88.500000
v 36.000000 1.400000 -88.500000
v 52.000000 0.000000 -88.000000
v 52.000000 1.400000 -88.000000
v 52.000000 0.000000 -88.500000
v 52.000000 1.400000 -88.500000
v -10.000000 0.000000 -96.000000
v 32.000000 0.000000 -96.000000
v -10.000000 0.000000 -100.000000
v 32.000000 0.000000 -100.000000
v -10.000000 0.000000 -96.000000
v -10.000000 4.000000 -96.000000
v -10.000000 0.000000 -96.100006
v -10.000000 4.000000 -96.100006
v -9.900000 0.000000 -96.000000
v -9.900000 4.000000 -96.000000
v -9.900000 0.000000 -96.100006
v -9.900000 4.000000 -96.100006
v -7.000002 0.000000 -95.999992
v -7.000002 4.000000 -95.999992
v -7.000002 0.000000 -96.099991
v -7.000002 4.000000 -96.099991
v -6.900002 0.000000 -95.999992
v -6.900002 4.000000 -95.999992
v -6.900002 0.000000 -96.099991
v -6.900002 4.000000 -96.099991
v -8.000002 0.000000 -95.999992
v -8.000002 4.000000 -95.999992
v -8.000002 0.000000 -96.099991
v -8.000002 4.000000 -96.099991
v -7.900002 0.000000 -95.999992
v -7.900002 4.000000 -95.999992
v -7.900002 0.000000 -96.099991
v -7.900002 4.000000 -96.099991
v -9.000002 0.000000 -95.999992
v -9.000002 4.000000 -95.999992
v -9.000002 0.000000 -96.099991
v -9.000002 4.000000 -96.099991
v -8.900002 0.000000 -95.999992
v -8.900002 4.000000 -95.999992
v -8.900002 0.000000 -96.099991
v -8.900002 4.000000 -96.099991
v -2.000000 0.000000 -95.999992
v -2.000000 4.000000 -95.999992
v -2.000000 0.000000 -96.099991
v -2.000000 4.000000 -96.099991
v -1.900002 0.000000 -95.999992
v -1.900002 4.000000 -95.999992
v -1.900002 0.000000 -96.099991
v -1.900002 4.000000 -96.099991
v -0.000004 0.000000 -95.999985
v -0.000004 4.000000 -95.999985
v -0.000004 0.000000 -96.099991
v -0.000004 4.000000 -96.099991
v 0.099998 0.000000 -95.999985
v 0.099998 4.000000 -95.999985
v 0.099998 0.000000 -96.099991
v 0.099998 4.000000 -96.099991
v -1.000002 0.000000 -95.999985
v -1.000002 4.000000 -95.999985
v -1.000002 0.000000 -96.099991
v -1.000002 4.000000 -96.099991
v -0.900002 0.000000 -95.999985
v -0.900002 4.000000 -95.999985
v -0.900002 0.000000 -96.099991
v -0.900002 4.000000 -96.099991
v -6.000002 0.000000 -95.999992
v -6.000002 4.000000 -95.999992
v -6.000002 0.000000 -96.099991
v -6.000002 4.000000 -96.099991
v -5.900002 0.000000 -95.999992
v -5.900002 4.000000 -95.999992
v -5.900002 0.000000 -96.099991
v -5.900002 4.000000 -96.099991
v -3.000002 0.000000 -95.999985
v -3.000002 4.000000 -95.999985
v -3.000002 0.000000 -96.099991
v -3.000002 4.000000 -96.099991
v -2.900002 0.000000 -95.999985
v -2.900002 4.000000 -95.999985
v -2.900002 0.000000 -96.099991
v -2.900002 4.000000 -96.099991
v -4.000004 0.000000 -95.999985
v -4.000004 4.000000 -95.999985
v -4.000004 0.000000 -96.099991
v -4.000004 4.000000 -96.099991
v -3.900002 0.000000 -95.999985
v -3.900002 4.000000 -95.999985
v -3.900002 0.000000 -96.099991
v -3.900002 4.000000 -96.099991
v -5.000002 0.000000 -95.999985
v -5.000002 4.000000 -95.999985
v -5.000002 0.000000 -96.099991
v -5.000002 4.000000 -96.099991
v -4.900002 0.000000 -95.999985
v -4.900002 4.000000 -95.999985
v -4.900002 0.000000 -96.099991
v -4.900002 4.000000 -96.099991
v 15.999998 0.000000 -95.999992
v 15.999998 4.000000 -95.999992
v 15.999998 0.000000 -96.099991
v 15.999998 4.000000 -96.099991
v 16.099998 0.000000 -95.999992
v 16.099998 4.000000 -95.999992
v 16.099998 0.000000 -96.099991
v 16.099998 4.000000 -96.099991
v 18.999994 0.000000 -95.999985
v 18.999994 4.000000 -95.999985
v 18.999994 0.000000 -96.099991
v 18.999994 4.000000 -96.099991
v 19.099995 0.000000 -95.999985
v 19.099995 4.000000 -95.999985
v 19.099995 0.000000 -96.099991
v 19.099995 4.000000 -96.099991
v 17.999996 0.000000 -95.999985
v 17.999996 4.000000 -95.999985
v 17.999996 0.000000 -96.099991
v 17.999996 4.000000 -96.099991
v 18.099997 0.000000 -95.999985
v 18.099997 4.000000 -95.999985
v 18.099997 0.000000 -96.099991
v 18.099997 4.000000 -96.099991
v 16.999994 0.000000 -95.999985
v 16.999994 4.000000 -95.999985
v 16.999994 0.000000 -96.099991
v 16.999994 4.000000 -96.099991
v 17.099995 0.000000 -95.999985
v 17.099995 4.000000 -95.999985
v 17.099995 0.000000 -96.099991
v 17.099995 4.000000 -96.099991
v 23.999996 0.000000 -95.999985
v 23.999996 4.000000 -95.999985
v 23.999996 0.000000 -96.099991
v 23.999996 4.000000 -96.099991
v 24.099997 0.000000 -95.999985
v 24.099997 4.000000 -95.999985
v 24.099997 0.000000 -96.099991
v 24.099997 4.000000 -96.099991
v 25.999996 0.000000 -95.999985
v 25.999996 4.000000 -95.999985
v 25.999996 0.000000 -96.099983
v 25.999996 4.000000 -96.099983
v 26.099995 0.000000 -95.999985
v 26.099995 4.000000 -95.999985
v 26.099995 0.000000 -96.099983
v 26.099995 4.000000 -96.099983
v 24.999996 0.000000 -95.999985
v 24.999996 4.000000 -95.999985
v 24.999996 0.000000 -96.099983
v 24.999996 4.000000 -96.099983
v 25.099995 0.000000 -95.999985
v 25.099995 4.000000 -95.999985
v 25.099995 0.000000 -96.099983
v 25.099995 4.000000 -96.099983
v 19.999996 0.000000 -95.999985
v 19.999996 4.000000 -95.999985
v 19.999996 0.000000 -96.099991
v 19.999996 4.000000 -96.099991
v 20.099997 0.000000 -95.999985
v 20.099997 4.000000 -95.999985
v 20.099997 0.000000 -96.099991
v 20.099997 4.000000 -96.099991
v 22.999994 0.000000 -95.999985
v 22.999994 4.000000 -95.999985
v 22.999994 0.000000 -96.099983
v 22.999994 4.000000 -96.099983
v 23.099995 0.000000 -95.999985
v 23.099995 4.000000 -95.999985
v 23.099995 0.000000 -96.099983
v 23.099995 4.000000 -96.099983
v 21.999996 0.000000 -95.999985
v 21.999996 4.000000 -95.999985
v 21.999996 0.000000 -96.099983
v 21.999996 4.000000 -96.099983
v 22.099997 0.000000 -95.999985
v 22.099997 4.000000 -95.999985
v 22.099997 0.000000 -96.099983
v 22.099997 4.000000 -96.099983
v 20.999994 0.000000 -95.999985
v 20.999994 4.000000 -95.999985
v 20.999994 0.000000 -96.099983
v 20.999994 4.000000 -96.099983
v 21.099995 0.000000 -95.999985
v 21.099995 4.000000 -95.999985
v 21.099995 0.000000 -96.099983
v 21.099995 4.000000 -96.099983
v 0.900000 0.000000 -95.999992
v 0.900000 4.000000 -95.999992
v 0.900000 0.000000 -96.099991
v 0.900000 4.000000 -96.099991
v 1.000000 0.000000 -95.999992
v 1.000000 4.000000 -95.999992
v 1.000000 0.000000 -96.099991
v 1.000000 4.000000 -96.099991
v 3.899998 0.000000 -95.999985
v 3.899998 4.000000 -95.999985
v 3.899998 0.000000 -96.099991
v 3.899998 4.000000 -96.099991
v 3.999998 0.000000 -95.999985
v 3.999998 4.000000 -95.999985
v 3.999998 0.000000 -96.099991
v 3.999998 4.000000 -96.099991
v 2.899998 0.000000 -95.999985
v 2.899998 4.000000 -95.999985
v 2.899998 0.000000 -96.099991
v 2.899998 4.000000 -96.099991
v 2.999998 0.000000 -95.999985
v 2.999998 4.000000 -95.999985
v 2.999998 0.000000 -96.099991
v 2.999998 4.000000 -96.099991
v 1.899998 0.000000 -95.999985
v 1.899998 4.000000 -95.999985
v 1.899998 0.000000 -96.099991
v 1.899998 4.000000 -96.099991
v 1.999998 0.000000 -95.999985
v 1.999998 4.000000 -95.999985
v 1.999998 0.000000 -96.099991
v 1.999998 4.000000 -96.099991
v 8.899998 0.000000 -95.999985
v 8.899998 4.000000 -95.999985
v 8.899998 0.000000 -96.099991
v 8.899998 4.000000 -96.099991
v 8.999998 0.000000 -95.999985
v 8.999998 4.000000 -95.999985
v 8.999998 0.000000 -96.099991
v 8.999998 4.000000 -96.099991
v 11.899996 0.000000 -95.999985
v 11.899996 4.000000 -95.999985
v 11.899996 0.000000 -96.099983
v 11.899996 4.000000 -96.099983
v 11.999996 0.000000 -95.999985
v 11.999996 4.000000 -95.999985
v 11.999996 0.000000 -96.099983
v 11.999996 4.000000 -96.099983
v 10.899997 0.000000 -95.999985
v 10.899997 4.000000 -95.999985
v 10.899997 0.000000 -96.099983
v 10.899997 4.000000 -96.099983
v 10.999996 0.000000 -95.999985
v 10.999996 4.000000 -95.999985
v 10.999996 0.000000 -96.099983
v 10.999996 4.000000 -96.099983
v 9.899997 0.000000 -95.999985
v 9.899997 4.000000 -95.999985
v 9.899997 0.000000 -96.099983
v 9.899997 4.000000 -96.099983
v 9.999996 0.000000 -95.999985
v 9.999996 4.000000 -95.999985
v 9.999996 0.000000 -96.099983
v 9.999996 4.000000 -96.099983
v 4.899998 0.000000 -95.999985
v 4.899998 4.000000 -95.999985
v 4.899998 0.000000 -96.099991
v 4.899998 4.000000 -96.099991
v 4.999998 0.000000 -95.999985
v 4.999998 4.000000 -95.999985
v 4.999998 0.000000 -96.099991
v 4.999998 4.000000 -96.099991
v 7.899996 0.000000 -95.999985
v 7.899996 4.000000 -95.999985
v 7.899996 0.000000 -96.099983
v 7.899996 4.000000 -96.099983
v 7.999996 0.000000 -95.999985
v 7.999996 4.000000 -95.999985
v 7.999996 0.000000 -96.099983
v 7.999996 4.000000 -96.099983
v 6.899996 0.000000 -95.999985
v 6.899996 4.000000 -95.999985
v 6.899996 0.000000 -96.099983
v 6.899996 4.000000 -96.099983
v 6.999996 0.000000 -95.999985
v 6.999996 4.000000 -95.999985
v 6.999996 0.000000 -96.099983
v 6.999996 4.000000 -96.099983
v 5.899996 0.000000 -95.999985
v 5.899996 4.000000 -95.999985
v 5.899996 0.000000 -96.099983
v 5.899996 4.000000 -96.099983
v 5.999996 0.000000 -95.999985
v 5.999996 4.000000 -95.999985
v 5.999996 0.000000 -96.099983
v 5.999996 4.000000 -96.099983
v 27.000000 0.000000 -99.899986
v 27.000000 2.000000 -99.899986
v 27.000000 0.000000 -99.999985
v 27.000000 2.000000 -99.999985
v 27.100000 0.000000 -99.899986
v 27.100000 2.000000 -99.899986
v 27.100000 0.000000 -99.999985
v 27.100000 2.000000 -99.999985
v 30.999998 0.000000 -95.999992
v 30.999998 2.000000 -95.999992
v 30.999998 0.000000 -96.099991
v 30.999998 2.000000 -96.099991
v 31.099998 0.000000 -95.999992
v 31.099998 2.000000 -95.999992
v 31.099998 0.000000 -96.099991
v 31.099998 2.000000 -96.099991
v 29.999998 0.000000 -95.999985
v 29.999998 2.000000 -95.999985
v 29.999998 0.000000 -96.099991
v 29.999998 2.000000 -96.099991
v 30.099998 0.000000 -95.999985
v 30.099998 2.000000 -95.999985
v 30.099998 0.000000 -96.099991
v 30.099998 2.000000 -96.099991
v 28.999998 0.000000 -95.999985
v 28.999998 2.000000 -95.999985
v 28.999998 0.000000 -96.099991
v 28.999998 2.000000 -96.099991
v 29.100000 0.000000 -95.999985
v 29.100000 2.000000 -95.999985
v 29.100000 0.000000 -96.099991
v 29.100000 2.000000 -96.099991
v 27.999998 0.000000 -95.999985
v 27.999998 2.000000 -95.999985
v 27.999998 0.000000 -96.099991
v 27.999998 2.000000 -96.099991
v 28.099998 0.000000 -95.999985
v 28.099998 2.000000 -95.999985
v 28.099998 0.000000 -96.099991
v 28.099998 2.000000 -96.099991
v 30.999998 0.000000 -99.899986
v 30.999998 2.000000 -99.899986
v 30.999998 0.000000 -99.999985
v 30.999998 2.000000 -99.999985
v 31.099998 0.000000 -99.899986
v 31.099998 2.000000 -99.899986
v 31.099998 0.000000 -99.999985
v 31.099998 2.000000 -99.999985
v 29.999998 0.000000 -99.899986
v 29.999998 2.000000 -99.899986
v 29.999998 0.000000 -99.999985
v 29.999998 2.000000 -99.999985
v 30.099998 0.000000 -99.899986
v 30.099998 2.000000 -99.899986
v 30.099998 0.000000 -99.999985
v 30.099998 2.000000 -99.999985
v 28.999998 0.000000 -99.899986
v 28.999998 2.000000 -99.899986
v 28.999998 0.000000 -99.999985
v 28.999998 2.000000 -99.999985
v 29.100000 0.000000 -99.899986
v 29.100000 2.000000 -99.899986
v 29.100000 0.000000 -99.999985
v 29.100000 2.000000 -99.999985
v 27.999998 0.000000 -99.899986
v 27.999998 2.000000 -99.899986
v 27.999998 0.000000 -99.999985
v 27.999998 2.000000 -99.999985
v 28.099998 0.000000 -99.899986
v 28.099998 2.000000 -99.899986
v 28.099998 0.000000 -99.999985
v 28.099998 2.000000 -99.999985
v 26.899994 0.000000 -95.999977
v 26.899994 4.000000 -95.999977
v 26.899994 0.000000 -96.099976
v 26.899994 4.000000 -96.099976
v 26.999992 0.000000 -95.999977
v 26.999992 4.000000 -95.999977
v 26.999992 0.000000 -96.099976
v 26.999992 4.000000 -96.099976
v 3.000000 4.000000 -96.000000
v 3.000000 4.500000 -96.000000
v 3.000000 4.000000 -100.000000
v 3.000000 4.500000 -100.000000
v 11.000000 4.000000 -96.000000
v 11.000000 4.500000 -96.000000
v 11.000000 4.000000 -100.000000
v 11.000000 4.500000 -100.000000
v 2.979076 0.000000 -116.000000
v 10.979078 0.000000 -116.000000
v 2.979076 0.000000 -120.000000
v 10.979078 0.000000 -120.000000
v 11.000000 0.000000 -100.000000
v 17.000000 0.000000 -100.000000
v 11.000000 0.000000 -120.000000
v 17.000000 0.000000 -120.000000
v -10.000000 0.000000 -100.000000
v -5.000002 0.000000 -100.000000
v -10.000000 0.000000 -120.000000
v -5.000002 0.000000 -120.000000
v 17.000000 0.000000 -100.000000
v 27.000000 0.000000 -100.000000
v 17.000000 0.000000 -120.000000
v 27.000000 0.000000 -120.000000
v -5.000002 0.000000 -100.000000
v 3.000000 0.000000 -100.000000
v -5.000002 0.000000 -120.000000
v 3.000000 0.000000 -120.000000
v -9.500002 0.000000 -119.479996
v -9.500002 1.000000 -119.479996
v -9.500002 0.000000 -120.020004
v -9.500002 1.000000 -120.020004
v -5.000002 0.000000 -119.479996
v -5.000002 1.000000 -119.479996
v -5.000002 0.000000 -120.020004
v -5.000002 1.000000 -120.020004
v -10.020002 0.000000 -95.979996
v -10.020002 1.000000 -95.979996
v -10.020002 0.000000 -120.020004
v -10.020002 1.000000 -120.020004
v -9.480001 0.000000 -95.979996
v -9.480001 1.000000 -95.979996
v -9.480001 0.000000 -120.020004
v -9.480001 1.000000 -120.020004
v -9.785004 0.900000 -97.154991
v -9.785004 1.400000 -97.154991
v -9.735001 0.900000 -97.154991
v -9.735001 1.400000 -97.154991
v -9.785004 0.900000 -97.104996
v -9.785004 1.400000 -97.104996
v -9.735001 0.900000 -97.104996
v -9.735001 1.400000 -97.104996
v -9.785013 0.900000 -96.674988
v -9.785013 1.400000 -96.674988
v -9.735016 0.900000 -96.674988
v -9.735016 1.400000 -96.674988
v -9.785013 0.900000 -96.624992
v -9.785013 1.400000 -96.624992
v -9.735016 0.900000 -96.624992
v -9.735016 1.400000 -96.624992
v -5.725000 0.900000 -119.723969
v -5.725000 1.400000 -119.723969
v -5.725000 0.900000 -119.773964
v -5.725000 1.400000 -119.773964
v -5.675001 0.900000 -119.723969
v -5.675001 1.400000 -119.723969
v -5.675001 0.900000 -119.773964
v -5.675001 1.400000 -119.773964
v -5.245001 0.900000 -119.723953
v -5.245001 1.400000 -119.723953
v -5.245001 0.900000 -119.773956
v -5.245001 1.400000 -119.773956
v -5.195002 0.900000 -119.723953
v -5.195002 1.400000 -119.723953
v -5.195002 0.900000 -119.773956
v -5.195002 1.400000 -119.773956
v -6.645000 0.900000 -119.723969
v -6.645000 1.400000 -119.723969
v -6.645000 0.900000 -119.773964
v -6.645000 1.400000 -119.773964
v -6.594999 0.900000 -119.723969
v -6.594999 1.400000 -119.723969
v -6.594999 0.900000 -119.773964
v -6.594999 1.400000 -119.773964
v -6.165001 0.900000 -119.723953
v -6.165001 1.400000 -119.723953
v -6.165001 0.900000 -119.773956
v -6.165001 1.400000 -119.773956
v -6.115002 0.900000 -119.723953
v -6.115002 1.400000 -119.723953
v -6.115002 0.900000 -119.773956
v -6.115002 1.400000 -119.773956
v -7.555002 0.900000 -119.723969
v -7.555002 1.400000 -119.723969
v -7.555002 0.900000 -119.773964
v -7.555002 1.400000 -119.773964
v -7.505001 0.900000 -119.723969
v -7.505001 1.400000 -119.723969
v -7.505001 0.900000 -119.773964
v -7.505001 1.400000 -119.773964
v -7.075001 0.900000 -119.723953
v -7.075001 1.400000 -119.723953
v -7.075001 0.900000 -119.773956
v -7.075001 1.400000 -119.773956
v -7.025000 0.900000 -119.723953
v -7.025000 1.400000 -119.723953
v -7.025000 0.900000 -119.773956
v -7.025000 1.400000 -119.773956
v -8.485001 0.900000 -119.723969
v -8.485001 1.400000 -119.723969
v -8.485001 0.900000 -119.773964
v -8.485001 1.400000 -119.773964
v -8.434999 0.900000 -119.723969
v -8.434999 1.400000 -119.723969
v -8.434999 0.900000 -119.773964
v -8.434999 1.400000 -119.773964
v -8.005001 0.900000 -119.723953
v -8.005001 1.400000 -119.723953
v -8.005001 0.900000 -119.773956
v -8.005001 1.400000 -119.773956
v -7.955002 0.900000 -119.723953
v -7.955002 1.400000 -119.723953
v -7.955002 0.900000 -119.773956
v -7.955002 1.400000 -119.773956
v -9.405001 0.900000 -119.723969
v -9.405001 1.400000 -119.723969
v -9.405001 0.900000 -119.773964
v -9.405001 1.400000 -119.773964
v -9.355003 0.900000 -119.723969
v -9.355003 1.400000 -119.723969
v -9.355003 0.900000 -119.773964
v -9.355003 1.400000 -119.773964
v -8.925003 0.900000 -119.723953
v -8.925003 1.400000 -119.723953
v -8.925003 0.900000 -119.773956
v -8.925003 1.400000 -119.773956
v -8.875002 0.900000 -119.723953
v -8.875002 1.400000 -119.723953
v -8.875002 0.900000 -119.773956
v -8.875002 1.400000 -119.773956
v -9.785004 0.900000 -119.773964
v -9.785004 1.400000 -119.773964
v -9.735001 0.900000 -119.773964
v -9.735001 1.400000 -119.773964
v -9.785004 0.900000 -119.723969
v -9.785004 1.400000 -119.723969
v -9.735001 0.900000 -119.723969
v -9.735001 1.400000 -119.723969
v -9.785013 0.900000 -119.293961
v -9.785013 1.400000 -119.293961
v -9.735016 0.900000 -119.293961
v -9.735016 1.400000 -119.293961
v -9.785013 0.900000 -119.243965
v -9.785013 1.400000 -119.243965
v -9.735016 0.900000 -119.243965
v -9.735016 1.400000 -119.243965
v -9.785004 0.900000 -118.853958
v -9.785004 1.400000 -118.853958
v -9.735001 0.900000 -118.853958
v -9.735001 1.400000 -118.853958
v -9.785004 0.900000 -118.803955
v -9.785004 1.400000 -118.803955
v -9.735001 0.900000 -118.803955
v -9.735001 1.400000 -118.803955
v -9.785013 0.900000 -118.373955
v -9.785013 1.400000 -118.373955
v -9.735016 0.900000 -118.373955
v -9.735016 1.400000 -118.373955
v -9.785013 0.900000 -118.323959
v -9.785013 1.400000 -118.323959
v -9.735016 0.900000 -118.323959
v -9.735016 1.400000 -118.323959
v -9.785004 0.900000 -117.893967
v -9.785004 1.400000 -117.893967
v -9.735001 0.900000 -117.893967
v -9.735001 1.400000 -117.893967
v -9.785004 0.900000 -117.843964
v -9.785004 1.400000 -117.843964
v -9.735001 0.900000 -117.843964
v -9.735001 1.400000 -117.843964
v -9.785013 0.900000 -117.413956
v -9.785013 1.400000 -117.413956
v -9.735016 0.900000 -117.413956
v -9.735016 1.400000 -117.413956
v -9.785013 0.900000 -117.363953
v -9.785013 1.400000 -117.363953
v -9.735016 0.900000 -117.363953
v -9.735016 1.400000 -117.363953
v -9.785004 0.900000 -116.963959
v -9.785004 1.400000 -116.963959
v -9.735001 0.900000 -116.963959
v -9.735001 1.400000 -116.963959
v -9.785004 0.900000 -116.913956
v -9.785004 1.400000 -116.913956
v -9.735001 0.900000 -116.913956
v -9.735001 1.400000 -116.913956
v -9.785013 0.900000 -116.483955
v -9.785013 1.400000 -116.483955
v -9.735016 0.900000 -116.483955
v -9.735016 1.400000 -116.483955
v -9.785013 0.900000 -116.433952
v -9.785013 1.400000 -116.433952
v -9.735016 0.900000 -116.433952
v -9.735016 1.400000 -116.433952
v -9.785004 0.900000 -116.023972
v -9.785004 1.400000 -116.023972
v -9.735001 0.900000 -116.023972
v -9.735001 1.400000 -116.023972
v -9.785004 0.900000 -115.973976
v -9.785004 1.400000 -115.973976
v -9.735001 0.900000 -115.973976
v -9.735001 1.400000 -115.973976
v -9.785013 0.900000 -115.543976
v -9.785013 1.400000 -115.543976
v -9.735016 0.900000 -115.543976
v -9.735016 1.400000 -115.543976
v -9.785013 0.900000 -115.493973
v -9.785013 1.400000 -115.493973
v -9.735016 0.900000 -115.493973
v -9.735016 1.400000 -115.493973
v -9.785004 0.900000 -115.093979
v -9.785004 1.400000 -115.093979
v -9.735001 0.900000 -115.093979
v -9.735001 1.400000 -115.093979
v -9.785004 0.900000 -115.043983
v -9.785004 1.400000 -115.043983
v -9.735001 0.900000 -115.043983
v -9.735001 1.400000 -115.043983
v -9.785013 0.900000 -114.613983
v -9.785013 1.400000 -114.613983
v -9.735016 0.900000 -114.613983
v -9.735016 1.400000 -114.613983
v -9.785013 0.900000 -114.563980
v -9.785013 1.400000 -114.563980
v -9.735016 0.900000 -114.563980
v -9.735016 1.400000 -114.563980
v -9.785004 0.900000 -114.133972
v -9.785004 1.400000 -114.133972
v -9.735001 0.900000 -114.133972
v -9.735001 1.400000 -114.133972
v -9.785004 0.900000 -114.083969
v -9.785004 1.400000 -114.083969
v -9.735001 0.900000 -114.083969
v -9.735001 1.400000 -114.083969
v -9.785013 0.900000 -113.653976
v -9.785013 1.400000 -113.653976
v -9.735016 0.900000 -113.653976
v -9.735016 1.400000 -113.653976
v -9.785013 0.900000 -113.603973
v -9.785013 1.400000 -113.603973
v -9.735016 0.900000 -113.603973
v -9.735016 1.400000 -113.603973
v -9.785002 0.900000 -113.203964
v -9.785002 1.400000 -113.203964
v -9.735001 0.900000 -113.203964
v -9.735001 1.400000 -113.203964
v -9.785002 0.900000 -113.153969
v -9.785002 1.400000 -113.153969
v -9.735001 0.900000 -113.153969
v -9.735001 1.400000 -113.153969
v -9.785013 0.900000 -112.723969
v -9.785013 1.400000 -112.723969
v -9.735014 0.900000 -112.723969
v -9.735014 1.400000 -112.723969
v -9.785013 0.900000 -112.673965
v -9.785013 1.400000 -112.673965
v -9.735014 0.900000 -112.673965
v -9.735014 1.400000 -112.673965
v -9.785002 0.900000 -112.283958
v -9.785002 1.400000 -112.283958
v -9.735001 0.900000 -112.283958
v -9.735001 1.400000 -112.283958
v -9.785002 0.900000 -112.233963
v -9.785002 1.400000 -112.233963
v -9.735001 0.900000 -112.233963
v -9.735001 1.400000 -112.233963
v -9.785013 0.900000 -111.803963
v -9.785013 1.400000 -111.803963
v -9.735014 0.900000 -111.803963
v -9.735014 1.400000 -111.803963
v -9.785013 0.900000 -111.753967
v -9.785013 1.400000 -111.753967
v -9.735014 0.900000 -111.753967
v -9.735014 1.400000 -111.753967
v -9.785002 0.900000 -111.323959
v -9.785002 1.400000 -111.323959
v -9.735001 0.900000 -111.323959
v -9.735001 1.400000 -111.323959
v -9.785002 0.900000 -111.273964
v -9.785002 1.400000 -111.273964
v -9.735001 0.900000 -111.273964
v -9.735001 1.400000 -111.273964
v -9.785013 0.900000 -110.843964
v -9.785013 1.400000 -110.843964
v -9.735014 0.900000 -110.843964
v -9.735014 1.400000 -110.843964
v -9.785013 0.900000 -110.793961
v -9.785013 1.400000 -110.793961
v -9.735014 0.900000 -110.793961
v -9.735014 1.400000 -110.793961
v -9.785002 0.900000 -110.393959
v -9.785002 1.400000 -110.393959
v -9.735001 0.900000 -110.393959
v -9.735001 1.400000 -110.393959
v -9.785002 0.900000 -110.343956
v -9.785002 1.400000 -110.343956
v -9.735001 0.900000 -110.343956
v -9.735001 1.400000 -110.343956
v -9.785013 0.900000 -109.913956
v -9.785013 1.400000 -109.913956
v -9.735014 0.900000 -109.913956
v -9.735014 1.400000 -109.913956
v -9.785013 0.900000 -109.863953
v -9.785013 1.400000 -109.863953
v -9.735014 0.900000 -109.863953
v -9.735014 1.400000 -109.863953
v -9.785002 0.900000 -109.453979
v -9.785002 1.400000 -109.453979
v -9.735001 0.900000 -109.453979
v -9.735001 1.400000 -109.453979
v -9.785002 0.900000 -109.403976
v -9.785002 1.400000 -109.403976
v -9.735001 0.900000 -109.403976
v -9.735001 1.400000 -109.403976
v -9.785013 0.900000 -108.973984
v -9.785013 1.400000 -108.973984
v -9.735014 0.900000 -108.973984
v -9.735014 1.400000 -108.973984
v -9.785013 0.900000 -108.923981
v -9.785013 1.400000 -108.923981
v -9.735014 0.900000 -108.923981
v -9.735014 1.400000 -108.923981
v -9.785002 0.900000 -108.523987
v -9.785002 1.400000 -108.523987
v -9.735001 0.900000 -108.523987
v -9.735001 1.400000 -108.523987
v -9.785002 0.900000 -108.473984
v -9.785002 1.400000 -108.473984
v -9.735001 0.900000 -108.473984
v -9.735001 1.400000 -108.473984
v -9.785013 0.900000 -108.043991
v -9.785013 1.400000 -108.043991
v -9.735014 0.900000 -108.043991
v -9.735014 1.400000 -108.043991
v -9.785013 0.900000 -107.993988
v -9.785013 1.400000 -107.993988
v -9.735014 0.900000 -107.993988
v -9.735014 1.400000 -107.993988
v -9.785002 0.900000 -107.563980
v -9.785002 1.400000 -107.563980
v -9.735001 0.900000 -107.563980
v -9.735001 1.400000 -107.563980
v -9.785002 0.900000 -107.513977
v -9.785002 1.400000 -107.513977
v -9.735001 0.900000 -107.513977
v -9.735001 1.400000 -107.513977
v -9.785013 0.900000 -107.083977
v -9.785013 1.400000 -107.083977
v -9.735014 0.900000 -107.083977
v -9.735014 1.400000 -107.083977
v -9.785013 0.900000 -107.033981
v -9.785013 1.400000 -107.033981
v -9.735014 0.900000 -107.033981
v -9.735014 1.400000 -107.033981
v -9.785002 0.900000 -106.643974
v -9.785002 1.400000 -106.643974
v -9.735001 0.900000 -106.643974
v -9.735001 1.400000 -106.643974
v -9.785002 0.900000 -106.593971
v -9.785002 1.400000 -106.593971
v -9.735001 0.900000 -106.593971
v -9.735001 1.400000 -106.593971
v -9.785013 0.900000 -106.163971
v -9.785013 1.400000 -106.163971
v -9.735014 0.900000 -106.163971
v -9.735014 1.400000 -106.163971
v -9.785013 0.900000 -106.113968
v -9.785013 1.400000 -106.113968
v -9.735014 0.900000 -106.113968
v -9.735014 1.400000 -106.113968
v -9.785002 0.900000 -105.723969
v -9.785002 1.400000 -105.723969
v -9.735001 0.900000 -105.723969
v -9.735001 1.400000 -105.723969
v -9.785002 0.900000 -105.673965
v -9.785002 1.400000 -105.673965
v -9.735001 0.900000 -105.673965
v -9.735001 1.400000 -105.673965
v -9.785013 0.900000 -105.243965
v -9.785013 1.400000 -105.243965
v -9.735014 0.900000 -105.243965
v -9.735014 1.400000 -105.243965
v -9.785013 0.900000 -105.193962
v -9.785013 1.400000 -105.193962
v -9.735014 0.900000 -105.193962
v -9.735014 1.400000 -105.193962
v -9.785004 0.900000 -104.763962
v -9.785004 1.400000 -104.763962
v -9.735001 0.900000 -104.763962
v -9.735001 1.400000 -104.763962
v -9.785004 0.900000 -104.713966
v -9.785004 1.400000 -104.713966
v -9.735001 0.900000 -104.713966
v -9.735001 1.400000 -104.713966
v -9.785013 0.900000 -104.283966
v -9.785013 1.400000 -104.283966
v -9.735016 0.900000 -104.283966
v -9.735016 1.400000 -104.283966
v -9.785013 0.900000 -104.233963
v -9.785013 1.400000 -104.233963
v -9.735016 0.900000 -104.233963
v -9.735016 1.400000 -104.233963
v -9.785004 0.900000 -103.833961
v -9.785004 1.400000 -103.833961
v -9.735001 0.900000 -103.833961
v -9.735001 1.400000 -103.833961
v -9.785004 0.900000 -103.783958
v -9.785004 1.400000 -103.783958
v -9.735001 0.900000 -103.783958
v -9.735001 1.400000 -103.783958
v -9.785013 0.900000 -103.353958
v -9.785013 1.400000 -103.353958
v -9.735016 0.900000 -103.353958
v -9.735016 1.400000 -103.353958
v -9.785013 0.900000 -103.303963
v -9.785013 1.400000 -103.303963
v -9.735016 0.900000 -103.303963
v -9.735016 1.400000 -103.303963
v -9.785004 0.900000 -102.893982
v -9.785004 1.400000 -102.893982
v -9.735001 0.900000 -102.893982
v -9.735001 1.400000 -102.893982
v -9.785004 0.900000 -102.843979
v -9.785004 1.400000 -102.843979
v -9.735001 0.900000 -102.843979
v -9.735001 1.400000 -102.843979
v -9.785013 0.900000 -102.413979
v -9.785013 1.400000 -102.413979
v -9.735016 0.900000 -102.413979
v -9.735016 1.400000 -102.413979
v -9.785013 0.900000 -102.363983
v -9.785013 1.400000 -102.363983
v -9.735016 0.900000 -102.363983
v -9.735016 1.400000 -102.363983
v -9.785004 0.900000 -101.963989
v -9.785004 1.400000 -101.963989
v -9.735001 0.900000 -101.963989
v -9.735001 1.400000 -101.963989
v -9.785004 0.900000 -101.913986
v -9.785004 1.400000 -101.913986
v -9.735001 0.900000 -101.913986
v -9.735001 1.400000 -101.913986
v -9.785013 0.900000 -101.483994
v -9.785013 1.400000 -101.483994
v -9.735016 0.900000 -101.483994
v -9.735016 1.400000 -101.483994
v -9.785013 0.900000 -101.433990
v -9.785013 1.400000 -101.433990
v -9.735016 0.900000 -101.433990
v -9.735016 1.400000 -101.433990
v -9.785004 0.900000 -101.003983
v -9.785004 1.400000 -101.003983
v -9.735001 0.900000 -101.003983
v -9.735001 1.400000 -101.003983
v -9.785004 0.900000 -100.953979
v -9.785004 1.400000 -100.953979
v -9.735001 0.900000 -100.953979
v -9.735001 1.400000 -100.953979
v -9.785013 0.900000 -100.523979
v -9.785013 1.400000 -100.523979
v -9.735016 0.900000 -100.523979
v -9.735016 1.400000 -100.523979
v -9.785013 0.900000 -100.473984
v -9.785013 1.400000 -100.473984
v -9.735016 0.900000 -100.473984
v -9.735016 1.400000 -100.473984
v -9.785004 0.900000 -100.024986
v -9.785004 1.400000 -100.024986
v -9.735001 0.900000 -100.024986
v -9.735001 1.400000 -100.024986
v -9.785004 0.900000 -99.974991
v -9.785004 1.400000 -99.974991
v -9.735001 0.900000 -99.974991
v -9.735001 1.400000 -99.974991
v -9.785013 0.900000 -99.544991
v -9.785013 1.400000 -99.544991
v -9.735016 0.900000 -99.544991
v -9.735016 1.400000 -99.544991
v -9.785013 0.900000 -99.494987
v -9.785013 1.400000 -99.494987
v -9.735016 0.900000 -99.494987
v -9.735016 1.400000 -99.494987
v -9.785004 0.900000 -99.074997
v -9.785004 1.400000 -99.074997
v -9.735001 0.900000 -99.074997
v -9.735001 1.400000 -99.074997
v -9.785004 0.900000 -99.024994
v -9.785004 1.400000 -99.024994
v -9.735001 0.900000 -99.024994
v -9.735001 1.400000 -99.024994
v -9.785013 0.900000 -98.594994
v -9.785013 1.400000 -98.594994
v -9.735016 0.900000 -98.594994
v -9.735016 1.400000 -98.594994
v -9.785013 0.900000 -98.544998
v -9.785013 1.400000 -98.544998
v -9.735016 0.900000 -98.544998
v -9.735016 1.400000 -98.544998
v -9.785004 0.900000 -98.114998
v -9.785004 1.400000 -98.114998
v -9.735001 0.900000 -98.114998
v -9.735001 1.400000 -98.114998
v -9.785004 0.900000 -98.064995
v -9.785004 1.400000 -98.064995
v -9.735001 0.900000 -98.064995
v -9.735001 1.400000 -98.064995
v -9.785013 0.900000 -97.634995
v -9.785013 1.400000 -97.634995
v -9.735016 0.900000 -97.634995
v -9.735016 1.400000 -97.634995
v -9.785013 0.900000 -97.584991
v -9.785013 1.400000 -97.584991
v -9.735016 0.900000 -97.584991
v -9.735016 1.400000 -97.584991
v -9.735001 1.355023 -96.278976
v -9.735001 1.405024 -96.278976
v -9.805000 1.355023 -96.278976
v -9.805000 1.405024 -96.278976
v -9.735003 1.355023 -119.778976
v -9.735003 1.405024 -119.778976
v -9.805002 1.355023 -119.778976
v -9.805002 1.405024 -119.778976
v -9.809999 1.355023 -119.713989
v -9.809999 1.405024 -119.713989
v -9.809999 1.355023 -119.783997
v -9.809999 1.405024 -119.783997
v -5.109999 1.355023 -119.713989
v -5.109999 1.405024 -119.713989
v -5.109999 1.355023 -119.783997
v -5.109999 1.405024 -119.783997
v 11.000000 4.000000 -96.000000
v 11.000000 4.500000 -96.000000
v 11.000000 4.000000 -120.000000
v 11.000000 4.500000 -120.000000
v 27.000000 4.000000 -96.000000
v 27.000000 4.500000 -96.000000
v 27.000000 4.000000 -120.000000
v 27.000000 4.500000 -120.000000
v 26.000000 0.000000 -100.000000
v 26.000000 4.000000 -100.000000
v 26.000000 0.000000 -119.979996
v 26.000000 4.000000 -119.979996
v 27.000000 0.000000 -100.000000
v 27.000000 4.000000 -100.000000
v 27.000000 0.000000 -119.979996
v 27.000000 4.000000 -119.979996
v 22.000000 0.000000 -100.000000
v 22.000000 4.000000 -100.000000
v 22.000000 0.000000 -119.979996
v 22.000000 4.000000 -119.979996
v 24.000000 0.000000 -100.000000
v 24.000000 4.000000 -100.000000
v 24.000000 0.000000 -119.979996
v 24.000000 4.000000 -119.979996
v 17.000000 0.000000 -100.000000
v 17.000000 4.000000 -100.000000
v 17.000000 0.000000 -119.979996
v 17.000000 4.000000 -119.979996
v 20.000000 0.000000 -100.000000
v 20.000000 4.000000 -100.000000
v 20.000000 0.000000 -119.979996
v 20.000000 4.000000 -119.979996
v 24.000000 0.000000 -100.000008
v 26.000000 0.000000 -100.000008
v 24.000000 4.000000 -100.000008
v 26.000000 4.000000 -100.000008
v 20.000000 0.000000 -100.000008
v 22.000000 0.000000 -100.000008
v 20.000000 4.000000 -100.000008
v 22.000000 4.000000 -100.000008
v 17.000000 0.000000 -120.000000
v 27.000000 0.000000 -120.000000
v 17.000000 4.000000 -120.000000
v 27.000000 4.000000 -120.000000
v -5.000002 0.000000 -100.000000
v -5.000002 4.000000 -100.000000
v -5.000002 0.000000 -119.979996
v -5.000002 4.000000 -119.979996
v -4.000000 0.000000 -100.000000
v -4.000000 4.000000 -100.000000
v -4.000000 0.000000 -119.979996
v -4.000000 4.000000 -119.979996
v -2.000000 0.000000 -100.000000
v -2.000000 4.000000 -100.000000
v -2.000000 0.000000 -119.979996
v -2.000000 4.000000 -119.979996
v 0.000000 0.000000 -100.000000
v 0.000000 4.000000 -100.000000
v 0.000000 0.000000 -119.979996
v 0.000000 4.000000 -119.979996
v 2.000000 0.000000 -100.000000
v 2.000000 4.000000 -100.000000
v 2.000000 0.000000 -119.979996
v 2.000000 4.000000 -119.979996
v 3.000000 0.000000 -100.000000
v 3.000000 4.000000 -100.000000
v 3.000000 0.000000 -119.979996
v 3.000000 4.000000 -119.979996
v -5.000002 0.000000 -120.000000
v 3.000000 0.000000 -120.000000
v -5.000002 4.000000 -120.000000
v 3.000000 4.000000 -120.000000
v -4.000000 0.000000 -100.000000
v -2.000000 0.000000 -100.000000
v -4.000000 4.000000 -100.000000
v -2.000000 4.000000 -100.000000
v 0.000000 0.000000 -100.000000
v 2.000000 0.000000 -100.000000
v 0.000000 4.000000 -100.000000
v 2.000000 4.000000 -100.000000
v -11.000002 4.000000 -96.000000
v -11.000002 4.500000 -96.000000
v -11.000002 4.000000 -120.000000
v -11.000002 4.500000 -120.000000
v 3.000000 4.000000 -96.000000
v 3.000000 4.500000 -96.000000
v 3.000000 4.000000 -120.000000
v 3.000000 4.500000 -120.000000
v 3.000000 4.000000 -116.000000
v 3.000000 4.500000 -116.000000
v 3.000000 4.000000 -120.000000
v 3.000000 4.500000 -120.000000
v 11.000000 4.000000 -116.000000
v 11.000000 4.500000 -116.000000
v 11.000000 4.000000 -120.000000
v 11.000000 4.500000 -120.000000
v 6.000000 0.000000 -119.899994
v 6.000000 4.000000 -119.899994
v 6.000000 0.000000 -120.000000
v 6.000000 4.000000 -120.000000
v 6.099999 0.000000 -119.899994
v 6.099999 4.000000 -119.899994
v 6.099999 0.000000 -120.000000
v 6.099999 4.000000 -120.000000
v 15.999997 0.000000 -119.899994
v 15.999997 4.000000 -119.899994
v 15.999997 0.000000 -120.000000
v 15.999997 4.000000 -120.000000
v 16.099997 0.000000 -119.899994
v 16.099997 4.000000 -119.899994
v 16.099997 0.000000 -120.000000
v 16.099997 4.000000 -120.000000
v 14.999998 0.000000 -119.899994
v 14.999998 4.000000 -119.899994
v 14.999998 0.000000 -120.000000
v 14.999998 4.000000 -120.000000
v 15.099998 0.000000 -119.899994
v 15.099998 4.000000 -119.899994
v 15.099998 0.000000 -120.000000
v 15.099998 4.000000 -120.000000
v 13.999998 0.000000 -119.899994
v 13.999998 4.000000 -119.899994
v 13.999998 0.000000 -120.000000
v 13.999998 4.000000 -120.000000
v 14.099998 0.000000 -119.899994
v 14.099998 4.000000 -119.899994
v 14.099998 0.000000 -120.000000
v 14.099998 4.000000 -120.000000
v 12.999998 0.000000 -119.899994
v 12.999998 4.000000 -119.899994
v 12.999998 0.000000 -120.000000
v 12.999998 4.000000 -120.000000
v 13.099998 0.000000 -119.899994
v 13.099998 4.000000 -119.899994
v 13.099998 0.000000 -120.000000
v 13.099998 4.000000 -120.000000
v 12.000000 0.000000 -119.899994
v 12.000000 4.000000 -119.899994
v 12.000000 0.000000 -120.000000
v 12.000000 4.000000 -120.000000
v 12.099999 0.000000 -119.899994
v 12.099999 4.000000 -119.899994
v 12.099999 0.000000 -120.000000
v 12.099999 4.000000 -120.000000
v 11.000000 0.000000 -119.899994
v 11.000000 4.000000 -119.899994
v 11.000000 0.000000 -120.000000
v 11.000000 4.000000 -120.000000
v 11.099999 0.000000 -119.899994
v 11.099999 4.000000 -119.899994
v 11.099999 0.000000 -120.000000
v 11.099999 4.000000 -120.000000
v 9.999999 0.000000 -119.899994
v 9.999999 4.000000 -119.899994
v 9.999999 0.000000 -120.000000
v 9.999999 4.000000 -120.000000
v 10.099999 0.000000 -119.899994
v 10.099999 4.000000 -119.899994
v 10.099999 0.000000 -120.000000
v 10.099999 4.000000 -120.000000
v 8.999999 0.000000 -119.899994
v 8.999999 4.000000 -119.899994
v 8.999999 0.000000 -120.000000
v 8.999999 4.000000 -120.000000
v 9.099999 0.000000 -119.899994
v 9.099999 4.000000 -119.899994
v 9.099999 0.000000 -120.000000
v 9.099999 4.000000 -120.000000
v 8.000000 0.000000 -119.899994
v 8.000000 4.000000 -119.899994
v 8.000000 0.000000 -120.000000
v 8.000000 4.000000 -120.000000
v 8.099999 0.000000 -119.899994
v 8.099999 4.000000 -119.899994
v 8.099999 0.000000 -120.000000
v 8.099999 4.000000 -120.000000
v 7.000000 0.000000 -119.899994
v 7.000000 4.000000 -119.899994
v 7.000000 0.000000 -120.000000
v 7.000000 4.000000 -120.000000
v 7.099999 0.000000 -119.899994
v 7.099999 4.000000 -119.899994
v 7.099999 0.000000 -120.000000
v 7.099999 4.000000 -120.000000
v 5.000000 0.000000 -119.899994
v 5.000000 4.000000 -119.899994
v 5.000000 0.000000 -120.000000
v 5.000000 4.000000 -120.000000
v 5.100000 0.000000 -119.899994
v 5.100000 4.000000 -119.899994
v 5.100000 0.000000 -120.000000
v 5.100000 4.000000 -120.000000
v 4.000000 0.000000 -119.899994
v 4.000000 4.000000 -119.899994
v 4.000000 0.000000 -120.000000
v 4.000000 4.000000 -120.000000
v 4.100000 0.000000 -119.899994
v 4.100000 4.000000 -119.899994
v 4.100000 0.000000 -120.000000
v 4.100000 4.000000 -120.000000
v 11.000000 0.000000 -111.000000
v 11.000000 4.000000 -111.000000
v 11.000000 0.000000 -115.000000
v 11.000000 4.000000 -115.000000
v 12.000000 0.000000 -111.000000
v 12.000000 4.000000 -111.000000
v 12.000000 0.000000 -115.000000
v 12.000000 4.000000 -115.000000
v 11.000000 0.000000 -101.000000
v 11.000000 4.000000 -101.000000
v 11.000000 0.000000 -105.000000
v 11.000000 4.000000 -105.000000
v 12.000000 0.000000 -101.000000
v 12.000000 4.000000 -101.000000
v 12.000000 0.000000 -105.000000
v 12.000000 4.000000 -105.000000
v 3.000000 -4.000000 -116.000000
v 11.000000 -4.000000 -116.000000
v 3.000000 0.000000 -116.000000
v 11.000000 0.000000 -116.000000
v 11.000000 0.000000 -100.000000
v 11.000000 -4.000000 -100.000000
v 11.000000 0.000000 -116.000000
v 11.000000 -4.000000 -116.000000
v 3.000000 0.000000 -100.000000
v 3.000000 -4.000000 -100.000000
v 3.000000 0.000000 -116.000000
v 3.000000 -4.000000 -116.000000
v 3.000000 -4.000000 -100.000000
v 11.000000 -4.000000 -100.000000
v 3.000000 0.000000 -100.000000
v 11.000000 0.000000 -100.000000
v 3.000000 -4.000000 -100.000000
v 11.000000 -4.000000 -100.000000
v 3.000000 -4.000000 -116.000000
v 11.000000 -4.000000 -116.000000
v 11.000000 0.000000 -99.899986
v 11.000000 2.000000 -99.899986
v 11.000000 0.000000 -99.999985
v 11.000000 2.000000 -99.999985
v 11.100000 0.000000 -99.899986
v 11.100000 2.000000 -99.899986
v 11.100000 0.000000 -99.999985
v 11.100000 2.000000 -99.999985
v 9.950001 0.000000 -99.899986
v 9.950001 2.000000 -99.899986
v 9.950001 0.000000 -99.999985
v 9.950001 2.000000 -99.999985
v 10.050000 0.000000 -99.899986
v 10.050000 2.000000 -99.899986
v 10.050000 0.000000 -99.999985
v 10.050000 2.000000 -99.999985
v 8.950001 0.000000 -99.899986
v 8.950001 2.000000 -99.899986
v 8.950001 0.000000 -99.999985
v 8.950001 2.000000 -99.999985
v 9.050000 0.000000 -99.899986
v 9.050000 2.000000 -99.899986
v 9.050000 0.000000 -99.999985
v 9.050000 2.000000 -99.999985
v 7.950001 0.000000 -99.899986
v 7.950001 2.000000 -99.899986
v 7.950001 0.000000 -99.999985
v 7.950001 2.000000 -99.999985
v 8.050000 0.000000 -99.899986
v 8.050000 2.000000 -99.899986
v 8.050000 0.000000 -99.999985
v 8.050000 2.000000 -99.999985
v 6.950001 0.000000 -99.899986
v 6.950001 2.000000 -99.899986
v 6.950001 0.000000 -99.999985
v 6.950001 2.000000 -99.999985
v 7.050000 0.000000 -99.899986
v 7.050000 2.000000 -99.899986
v 7.050000 0.000000 -99.999985
v 7.050000 2.000000 -99.999985
v 5.950000 0.000000 -99.899986
v 5.950000 2.000000 -99.899986
v 5.950000 0.000000 -99.999985
v 5.950000 2.000000 -99.999985
v 6.050000 0.000000 -99.899986
v 6.050000 2.000000 -99.899986
v 6.050000 0.000000 -99.999985
v 6.050000 2.000000 -99.999985
v 4.950001 0.000000 -99.899986
v 4.950001 2.000000 -99.899986
v 4.950001 0.000000 -99.999985
v 4.950001 2.000000 -99.999985
v 5.050001 0.000000 -99.899986
v 5.050001 2.000000 -99.899986
v 5.050001 0.000000 -99.999985
v 5.050001 2.000000 -99.999985
v 3.950001 0.000000 -99.899986
v 3.950001 2.000000 -99.899986
v 3.950001 0.000000 -99.999985
v 3.950001 2.000000 -99.999985
v 4.050000 0.000000 -99.899986
v 4.050000 2.000000 -99.899986
v 4.050000 0.000000 -99.999985
v 4.050000 2.000000 -99.999985
v 11.000000 0.000000 -116.000000
v 11.000000 2.000000 -116.000000
v 11.000000 0.000000 -116.099998
v 11.000000 2.000000 -116.099998
v 11.100000 0.000000 -116.000000
v 11.100000 2.000000 -116.000000
v 11.100000 0.000000 -116.099998
v 11.100000 2.000000 -116.099998
v 9.950001 0.000000 -116.000000
v 9.950001 2.000000 -116.000000
v 9.950001 0.000000 -116.099998
v 9.950001 2.000000 -116.099998
v 10.050000 0.000000 -116.000000
v 10.050000 2.000000 -116.000000
v 10.050000 0.000000 -116.099998
v 10.050000 2.000000 -116.099998
v 8.950001 0.000000 -116.000000
v 8.950001 2.000000 -116.000000
v 8.950001 0.000000 -116.099998
v 8.950001 2.000000 -116.099998
v 9.050000 0.000000 -116.000000
v 9.050000 2.000000 -116.000000
v 9.050000 0.000000 -116.099998
v 9.050000 2.000000 -116.099998
v 7.950001 0.000000 -116.000000
v 7.950001 2.000000 -116.000000
v 7.950001 0.000000 -116.099998
v 7.950001 2.000000 -116.099998
v 8.050000 0.000000 -116.000000
v 8.050000 2.000000 -116.000000
v 8.050000 0.000000 -116.099998
v 8.050000 2.000000 -116.099998
v 6.950001 0.000000 -116.000000
v 6.950001 2.000000 -116.000000
v 6.950001 0.000000 -116.099998
v 6.950001 2.000000 -116.099998
v 7.050000 0.000000 -116.000000
v 7.050000 2.000000 -116.000000
v 7.050000 0.000000 -116.099998
v 7.050000 2.000000 -116.099998
v 5.950000 0.000000 -116.000000
v 5.950000 2.000000 -116.000000
v 5.950000 0.000000 -116.099998
v 5.950000 2.000000 -116.099998
v 6.050000 0.000000 -116.000000
v 6.050000 2.000000 -116.000000
v 6.050000 0.000000 -116.099998
v 6.050000 2.000000 -116.099998
v 4.950001 0.000000 -116.000000
v 4.950001 2.000000 -116.000000
v 4.950001 0.000000 -116.099998
v 4.950001 2.000000 -116.099998
v 5.050001 0.000000 -116.000000
v 5.050001 2.000000 -116.000000
v 5.050001 0.000000 -116.099998
v 5.050001 2.000000 -116.099998
v 3.950001 0.000000 -116.000000
v 3.950001 2.000000 -116.000000
v 3.950001 0.000000 -116.099998
v 3.950001 2.000000 -116.099998
v 4.050000 0.000000 -116.000000
v 4.050000 2.000000 -116.000000
v 4.050000 0.000000 -116.099998
v 4.050000 2.000000 -116.099998
v 3.434999 1.975015 -99.894997
v 3.434999 2.025015 -99.894997
v 3.434999 1.975015 -100.004997
v 3.434999 2.025015 -100.004997
v 11.565000 1.975015 -99.894997
v 11.565000 2.025015 -99.894997
v 11.565000 1.975015 -100.004997
v 11.565000 2.025015 -100.004997
v 11.454997 1.975015 -99.964996
v 11.454997 2.025015 -99.964996
v 11.454997 1.975015 -101.034996
v 11.454997 2.025015 -101.034996
v 11.564997 1.975015 -99.964996
v 11.564997 2.025015 -99.964996
v 11.564997 1.975015 -101.034996
v 11.564997 2.025015 -101.034996
v 3.434999 2.025015 -116.104996
v 3.434999 1.975015 -116.104996
v 3.434999 2.025015 -115.994995
v 3.434999 1.975015 -115.994995
v 11.565000 2.025015 -116.104996
v 11.565000 1.975015 -116.104996
v 11.565000 2.025015 -115.994995
v 11.565000 1.975015 -115.994995
v 11.454997 2.025015 -116.034996
v 11.454997 1.975015 -116.034996
v 11.454997 2.025015 -114.964996
v 11.454997 1.975015 -114.964996
v 11.564997 2.025015 -116.034996
v 11.564997 1.975015 -116.034996
v 11.564997 2.025015 -114.964996
v 11.564997 1.975015 -114.964996
v 30.999998 0.000000 -99.899994
v 30.999998 2.000000 -99.899994
v 30.999998 0.000000 -99.999992
v 30.999998 2.000000 -99.999992
v 31.099998 0.000000 -99.899994
v 31.099998 2.000000 -99.899994
v 31.099998 0.000000 -99.999992
v 31.099998 2.000000 -99.999992
v 29.999998 0.000000 -99.899986
v 29.999998 2.000000 -99.899986
v 29.999998 0.000000 -99.999985
v 29.999998 2.000000 -99.999985
v 30.100000 0.000000 -99.899986
v 30.100000 2.000000 -99.899986
v 30.100000 0.000000 -99.999985
v 30.100000 2.000000 -99.999985
v 28.999998 0.000000 -99.899986
v 28.999998 2.000000 -99.899986
v 28.999998 0.000000 -99.999985
v 28.999998 2.000000 -99.999985
v 29.100000 0.000000 -99.899986
v 29.100000 2.000000 -99.899986
v 29.100000 0.000000 -99.999985
v 29.100000 2.000000 -99.999985
v 27.999998 0.000000 -99.899986
v 27.999998 2.000000 -99.899986
v 27.999998 0.000000 -99.999985
v 27.999998 2.000000 -99.999985
v 28.099998 0.000000 -99.899986
v 28.099998 2.000000 -99.899986
v 28.099998 0.000000 -99.999985
v 28.099998 2.000000 -99.999985
v 0.000000 0.000000 -66.000000
v 12.000000 0.000000 -66.000000
v 0.000000 0.000000 -76.000000
v 12.000000 0.000000 -76.000000
v 28.000000 0.000000 -50.000004
v 32.000000 0.000000 -50.000004
v 28.000000 0.000000 -69.000008
v 32.000000 0.000000 -69.000008
v 28.000000 0.000000 -75.000000
v 32.000000 0.000000 -75.000000
v 28.000000 0.000000 -92.000000
v 32.000000 0.000000 -92.000000
v 16.010000 0.000000 -92.000000
v 31.990002 0.000000 -92.000000
v 16.010000 0.000000 -96.000000
v 31.990002 0.000000 -96.000000
v -10.000000 0.000000 -90.000008
v 12.000000 0.000000 -90.000008
v -10.000000 0.000000 -96.000008
v 12.000000 0.000000 -96.000008
v -10.000000 0.000000 -46.000000
v 0.000000 0.000000 -46.000000
v -10.000000 0.000000 -90.000008
v 0.000000 0.000000 -90.000008
v -45.000000 0.000000 0.000000
v 0.000000 0.000000 0.000000
v -45.000000 0.000000 -13.999992
v 0.000000 0.000000 -13.999992
v 56.000004 0.000000 -46.000004
v 90.000000 0.000000 -46.000004
v 56.000004 0.000000 -120.000015
v 90.000000 0.000000 -120.000015
v 64.000000 0.000000 0.000000
v 90.000008 0.000000 0.000000
v 64.000000 0.000000 -46.000000
v 90.000008 0.000000 -46.000000
v -45.000000 -0.010000 10.000008
v 90.000000 -0.010000 10.000008
v -45.000000 -0.010000 0.000000
v 90.000000 -0.010000 0.000000
v 27.000002 0.000000 -100.000008
v 56.000004 0.000000 -100.000008
v 27.000002 0.000000 -120.000008
v 56.000004 0.000000 -120.000008
v -45.000000 0.000000 -46.000004
v -10.000000 0.000000 -46.000004
v -45.000000 0.000000 -120.000015
v -10.000000 0.000000 -120.000015
v 0.000000 4.000000 -46.000000
v 12.000000 4.000000 -46.000000
v 0.000000 4.000000 -66.000000
v 12.000000 4.000000 -66.000000
v 0.000000 0.000000 -46.000000
v 12.000000 0.000000 -46.000000
v 0.000000 0.000000 -66.000000
v 12.000000 0.000000 -66.000000
v 12.000002 4.000000 -46.000000
v 12.000002 0.000000 -46.000000
v 12.000002 4.000000 -56.000000
v 12.000002 0.000000 -56.000000
v 12.000002 4.000000 -66.000000
v 12.000002 0.000000 -66.000000
v 12.000002 4.000000 -56.000000
v 12.000001 0.000000 -56.000000
v 0.000000 4.000000 -66.000000
v 0.000000 0.000000 -66.000000
v 0.000000 4.000000 -56.000000
v 0.000000 0.000000 -56.000000
v 0.000000 4.000000 -46.000000
v 0.000000 0.000000 -46.000000
v 0.000000 4.000000 -56.000000
v 0.000000 0.000000 -56.000000
v 0.000000 4.000000 -66.000000
v 0.000000 0.000000 -66.000000
v 12.000000 4.000000 -66.000000
v 12.000000 0.000000 -66.000000
v 0.000000 4.000000 -46.000000
v 0.000000 0.000000 -46.000000
v 12.000000 4.000000 -46.000000
v 12.000000 0.000000 -46.000000
v 12.000000 3.000000 -46.000000
v 4.500000 0.000000 -46.000000
v 4.500000 3.000000 -46.000000
v 7.500000 0.000000 -46.000000
v 7.500000 3.000000 -46.000000
v 4.500000 1.500000 -46.000000
v 3.750000 3.000000 -46.000000
v 3.750000 1.500000 -46.000000
v 8.250000 3.000000 -46.000000
v 8.250000 1.500000 -46.000000
v 0.750000 3.000000 -46.000000
v 0.750000 1.500000 -46.000000
v 11.250000 3.000000 -46.000000
v 11.250000 1.500000 -46.000000
v 5.975000 0.000000 -45.989883
v 6.025000 0.000000 -45.989883
v 5.975000 3.000000 -45.989883
v 6.025000 3.000000 -45.989883
v 0.000000 4.000000 -46.000000
v 12.000000 4.000000 -46.000000
v 0.000000 4.500000 -46.000000
v 12.000000 4.500000 -46.000000
v 12.000002 4.000000 -46.000000
v 12.000001 4.000000 -66.000000
v 12.000002 4.500000 -46.000000
v 12.000001 4.500000 -66.000000
v 0.000000 4.000000 -66.000000
v 12.000000 4.000000 -66.000000
v 0.000000 4.500000 -66.000000
v 12.000000 4.500000 -66.000000
v 0.000000 4.000000 -46.000000
v 0.000000 4.000000 -66.000000
v 0.000000 4.500000 -46.000000
v 0.000000 4.500000 -66.000000
v 16.000000 4.000000 -46.000000
v 28.000000 4.000000 -46.000000
v 16.000000 4.000000 -66.000000
v 28.000000 4.000000 -66.000000
v 16.000000 0.000000 -46.000000
v 28.000000 0.000000 -46.000000
v 16.000000 0.000000 -66.000000
v 28.000000 0.000000 -66.000000
v 28.000002 4.000000 -46.000000
v 28.000002 0.000000 -46.000000
v 28.000002 4.000000 -56.000000
v 28.000002 0.000000 -56.000000
v 28.000002 4.000000 -66.000000
v 28.000002 0.000000 -66.000000
v 28.000002 4.000000 -56.000000
v 28.000002 0.000000 -56.000000
v 16.000000 4.000000 -66.000000
v 16.000000 0.000000 -66.000000
v 16.000000 4.000000 -56.000000
v 16.000000 0.000000 -56.000000
v 16.000000 4.000000 -46.000000
v 16.000000 0.000000 -46.000000
v 16.000000 4.000000 -56.000000
v 16.000000 0.000000 -56.000000
v 16.000000 4.000000 -66.000000
v 16.000000 0.000000 -66.000000
v 28.000000 4.000000 -66.000000
v 28.000000 0.000000 -66.000000
v 16.000000 4.000000 -46.000000
v 16.000000 0.000000 -46.000000
v 28.000000 4.000000 -46.000000
v 28.000000 0.000000 -46.000000
v 28.000000 3.000000 -46.000000
v 20.500000 0.000000 -46.000000
v 20.500000 3.000000 -46.000000
v 23.500000 0.000000 -46.000000
v 23.500000 3.000000 -46.000000
v 20.500000 1.500000 -46.000000
v 19.750000 3.000000 -46.000000
v 19.750000 1.500000 -46.000000
v 24.250000 3.000000 -46.000000
v 24.250000 1.500000 -46.000000
v 16.750000 3.000000 -46.000000
v 16.750000 1.500000 -46.000000
v 27.250000 3.000000 -46.000000
v 27.250000 1.500000 -46.000000
v 21.975000 0.000000 -45.989883
v 22.025000 0.000000 -45.989883
v 21.975000 3.000000 -45.989883
v 22.025000 3.000000 -45.989883
v 16.000000 4.000000 -46.000000
v 28.000000 4.000000 -46.000000
v 16.000000 4.500000 -46.000000
v 28.000000 4.500000 -46.000000
v 28.000002 4.000000 -46.000000
v 28.000002 4.000000 -66.000000
v 28.000002 4.500000 -46.000000
v 28.000002 4.500000 -66.000000
v 16.000000 4.000000 -66.000000
v 28.000000 4.000000 -66.000000
v 16.000000 4.500000 -66.000000
v 28.000000 4.500000 -66.000000
v 16.000000 4.000000 -46.000000
v 16.000000 4.000000 -66.000000
v 16.000000 4.500000 -46.000000
v 16.000000 4.500000 -66.000000
v 0.000000 0.000000 -76.000000
v 0.000000 0.250000 -76.000000
v 0.000000 0.000000 -90.000000
v 0.000000 0.250000 -90.000000
v 12.000000 0.000000 -76.000000
v 12.000000 0.250000 -76.000000
v 12.000000 0.000000 -90.000000
v 12.000000 0.250000 -90.000000
v -44.998337 0.006035 -13.999992
v 0.001667 0.006035 -13.999992
v -44.998337 0.006035 -46.000000
v 0.001667 0.006035 -46.000000
v -1.498335 0.000000 -29.499996
v -1.498335 1.000000 -29.499996
v -1.498335 0.000000 -30.499996
v -1.498335 1.000000 -30.499996
v 0.001667 0.000000 -29.499996
v 0.001667 1.000000 -29.499996
v 0.001667 0.000000 -30.499996
v 0.001667 1.000000 -30.499996
v -44.998337 0.000000 -13.999992
v -44.998337 1.000000 -13.999992
v -44.998337 0.000000 -46.000000
v -44.998337 1.000000 -46.000000
v -43.498337 0.000000 -13.999992
v -43.498337 1.000000 -13.999992
v -43.498337 0.000000 -46.000000
v -43.498337 1.000000 -46.000000
v -43.498337 0.000000 -13.999992
v -43.498337 1.000000 -13.999992
v -43.498337 0.000000 -15.000000
v -43.498337 1.000000 -15.000000
v 0.001667 0.000000 -13.999992
v 0.001667 1.000000 -13.999992
v 0.001667 0.000000 -15.000000
v 0.001667 1.000000 -15.000000
v -43.498337 0.000000 -44.999992
v -43.498337 1.000000 -44.999992
v -43.498337 0.000000 -46.000000
v -43.498337 1.000000 -46.000000
v 0.001667 0.000000 -44.999992
v 0.001667 1.000000 -44.999992
v 0.001667 0.000000 -46.000000
v 0.001667 1.000000 -46.000000
v -1.498335 0.000000 -25.499992
v -1.498335 1.000000 -25.499992
v -1.498335 0.000000 -26.500000
v -1.498335 1.000000 -26.500000
v 0.001667 0.000000 -25.499992
v 0.001667 1.000000 -25.499992
v 0.001667 0.000000 -26.500000
v 0.001667 1.000000 -26.500000
v 0.751667 1.000000 -28.999996
v -1.498335 0.000000 -33.499996
v -1.498335 1.000000 -33.499996
v -1.498335 0.000000 -34.499996
v -1.498335 1.000000 -34.499996
v 0.001667 0.000000 -33.499996
v 0.001667 1.000000 -33.499996
v 0.001667 0.000000 -34.499996
v 0.001667 1.000000 -34.499996
v -1.498335 0.000000 -15.000000
v -1.498335 1.000000 -15.000000
v -1.498335 0.000000 -21.999992
v -1.498335 1.000000 -21.999992
v 0.001667 0.000000 -15.000000
v 0.001667 1.000000 -15.000000
v 0.001667 0.000000 -21.999992
v 0.001667 1.000000 -21.999992
v -1.498335 0.000000 -37.999996
v -1.498335 1.000000 -37.999996
v -1.498335 0.000000 -44.999992
v -1.498335 1.000000 -44.999992
v 0.001667 0.000000 -37.999996
v 0.001667 1.000000 -37.999996
v 0.001667 0.000000 -44.999992
v 0.001667 1.000000 -44.999992
v -1.498335 0.000000 -30.499996
v -1.498335 0.000000 -33.499996
v -1.498333 6.000000 -30.499996
v -1.498333 6.000000 -33.499996
v -1.498333 5.250000 -32.374996
v -1.498333 5.250000 -31.624996
v -1.498333 4.875000 -30.874996
v -1.498335 4.875000 -33.124996
v -1.498335 4.875000 -33.312496
v -1.498333 4.875000 -30.687496
v -1.498335 2.812500 -33.499996
v -1.498335 4.312500 -33.499996
v -1.498335 4.312500 -33.124996
v -1.498333 5.062500 -32.374996
v -1.498333 5.250000 -32.093746
v -1.498333 4.312500 -31.624996
v -1.498335 2.062500 -30.874996
v -1.498335 2.062500 -32.374996
v -1.498335 2.062500 -33.124996
v -1.498335 2.062500 -31.624996
v -1.498333 5.062500 -31.624996
v -1.498335 3.937500 -33.124996
v -1.498333 3.937500 -31.624996
v -1.498335 2.437500 -30.874996
v -1.498333 5.250000 -31.906246
v -1.498335 4.875000 -33.218742
v -1.498333 4.875000 -32.843746
v -1.498335 2.062500 -33.312496
v -1.498335 2.062500 -32.562496
v -1.498335 2.062500 -30.687496
v -1.498333 4.875000 -31.156246
v -1.498333 5.062500 -32.562496
v -1.498335 4.312500 -33.312496
v -1.498335 2.812500 -33.312496
v -1.498335 2.437500 -31.156246
v -1.498335 3.937500 -32.843746
v -1.498335 4.312500 -32.843746
v -1.498335 3.187500 -32.093746
v -1.498333 4.687500 -32.093746
v -1.498333 3.937500 -31.343746
v -1.498333 4.312500 -31.343746
v -1.498335 3.187500 -31.906246
v -1.498335 2.062500 -32.093746
v -1.498335 2.062500 -32.843746
v -1.498335 2.062500 -31.343746
v -1.498333 5.062500 -31.343746
v -1.498333 4.687500 -31.906246
v -1.498333 5.062500 -32.843746
v -1.498335 2.062500 -31.906246
v -1.498335 2.062500 -31.156246
v -1.498333 5.062500 -31.156246
v -1.498333 7.000000 -15.000000
v -1.498335 1.000000 -15.000000
v -1.498333 7.000000 -21.999992
v -1.498335 1.000000 -21.999992
v -1.498333 7.000000 -37.999996
v -1.498335 1.000000 -37.999996
v -1.498333 7.000000 -44.999992
v -1.498335 1.000000 -44.999992
v -1.498333 7.000000 -25.499992
v -1.498335 1.000000 -25.499992
v -1.498333 7.000000 -26.500000
v -1.498335 1.000000 -26.500000
v -43.498337 1.000000 -15.000000
v -1.498335 1.000000 -15.000000
v -43.498337 7.000000 -15.000000
v -1.498335 7.000000 -15.000000
v -43.498337 1.000000 -44.999992
v -1.498335 1.000000 -44.999992
v -43.498337 7.000000 -44.999992
v -1.498335 7.000000 -44.999992
v -43.498337 1.000000 -15.000000
v -43.498337 1.000000 -44.999992
v -43.498337 7.000000 -15.000000
v -43.498337 7.000000 -44.999992
v -1.483334 6.000000 -21.999992
v -1.483334 6.000000 -37.999996
v -1.483334 7.000000 -21.999992
v -1.483334 7.000000 -37.999996
v -1.498333 7.000000 -29.499996
v -1.498335 1.000000 -29.499996
v -1.498333 7.000000 -30.499996
v -1.498335 1.000000 -30.499996
v -1.498333 7.000000 -33.499996
v -1.498335 1.000000 -33.499996
v -1.498333 7.000000 -34.499996
v -1.498335 1.000000 -34.499996
v -43.483334 0.010000 -29.499996
v -43.483334 6.990000 -29.499996
v -43.483334 0.010000 -33.499996
v -43.483334 6.990000 -33.499996
v -22.513336 0.010000 -29.499996
v -22.513336 0.010000 -33.499996
v -22.513336 0.927830 -29.499996
v -40.725903 6.990000 -29.499996
v -24.789906 0.927830 -29.499996
v -24.789906 1.685601 -29.499996
v -27.066475 1.685601 -29.499996
v -27.066475 2.443373 -29.499996
v -29.343048 2.443373 -29.499996
v -29.343048 3.201144 -29.499996
v -31.619617 3.201144 -29.499996
v -31.619617 3.958915 -29.499996
v -33.896187 3.958915 -29.499996
v -33.896187 4.716686 -29.499996
v -36.172760 4.716686 -29.499996
v -36.172760 5.474458 -29.499996
v -38.449329 5.474458 -29.499996
v -38.449329 6.232229 -29.499996
v -40.725903 6.232229 -29.499996
v -40.725903 6.990000 -33.499996
v -22.513336 0.927830 -33.499996
v -40.725903 6.232229 -33.499996
v -38.449329 6.232229 -33.499996
v -38.449329 5.474458 -33.499996
v -36.172760 5.474458 -33.499996
v -36.172760 4.716686 -33.499996
v -33.896187 4.716686 -33.499996
v -33.896187 3.958915 -33.499996
v -31.619617 3.958915 -33.499996
v -31.619617 3.201144 -33.499996
v -29.343048 3.201144 -33.499996
v -29.343048 2.443373 -33.499996
v -27.066475 2.443373 -33.499996
v -27.066475 1.685601 -33.499996
v -24.789906 1.685601 -33.499996
v -24.789906 0.927830 -33.499996
v -31.498337 2.010000 -19.170006
v -31.498337 6.990000 -19.170006
v -31.498337 2.010000 -29.529999
v -26.998337 2.010000 -19.170006
v -26.998337 6.990000 -19.170006
v -26.998337 2.010000 -29.529999
v -31.498337 6.990000 -20.674454
v -31.498337 2.733183 -29.529999
v -31.498337 6.457898 -20.674454
v -31.498337 6.457898 -21.781395
v -31.498337 5.925796 -21.781395
v -31.498337 5.925796 -22.888344
v -31.498337 5.393693 -22.888344
v -31.498337 5.393693 -23.995285
v -31.498337 4.861591 -23.995285
v -31.498337 4.861591 -25.102230
v -31.498337 4.329490 -25.102230
v -31.498337 4.329490 -26.209171
v -31.498337 3.797387 -26.209171
v -31.498337 3.797387 -27.316116
v -31.498337 3.265285 -27.316116
v -31.498337 3.265285 -28.423058
v -31.498337 2.733183 -28.423058
v -26.998337 2.733183 -29.529999
v -26.998337 6.990000 -20.674454
v -26.998337 2.733183 -28.423058
v -26.998337 3.265285 -28.423058
v -26.998337 3.265285 -27.316116
v -26.998337 3.797387 -27.316116
v -26.998337 3.797387 -26.209171
v -26.998337 4.329490 -26.209171
v -26.998337 4.329490 -25.102230
v -26.998337 4.861591 -25.102230
v -26.998337 4.861591 -23.995285
v -26.998337 5.393693 -23.995285
v -26.998337 5.393693 -22.888344
v -26.998337 5.925796 -22.888344
v -26.998337 5.925796 -21.781395
v -26.998337 6.457898 -21.781395
v -26.998337 6.457898 -20.674454
v -31.723331 -0.000000 -15.026001
v -31.723331 2.000000 -15.026001
v -31.723331 -0.000000 -29.529999
v -31.723331 2.000000 -29.529999
v -27.223331 -0.000000 -15.026001
v -27.223331 2.000000 -15.026001
v -27.223331 -0.000000 -29.529999
v -27.223331 2.000000 -29.529999
v -31.498329 2.010000 -15.026001
v -31.498329 6.990000 -15.026001
v -31.498329 2.010000 -19.169998
v -31.498329 6.990000 -19.169998
v -26.998329 2.010000 -15.026001
v -26.998329 6.990000 -15.026001
v -26.998329 2.010000 -19.169998
v -26.998329 6.990000 -19.169998
v -13.483334 0.010000 -25.489994
v -13.483334 6.990000 -25.489994
v -13.483334 0.010000 -26.489994
v -13.483334 6.990000 -26.489994
v -1.513332 0.010000 -25.489994
v -1.513332 6.990000 -25.489994
v -1.513332 0.010000 -26.489994
v -1.513332 6.990000 -26.489994
v -13.483334 0.010000 -33.499996
v -13.483334 6.990000 -33.499996
v -13.483334 0.010000 -35.499996
v -13.483334 6.990000 -35.499996
v -1.513332 0.010000 -33.499996
v -1.513332 6.990000 -33.499996
v -1.513332 0.010000 -35.499996
v -1.513332 6.990000 -35.499996
v -26.998337 0.010000 -33.499996
v -26.998337 6.990000 -33.499996
v -26.998337 0.010000 -34.499996
v -26.998337 6.990000 -34.499996
v -17.998333 0.010000 -33.499996
v -17.998333 6.990000 -33.499996
v -17.998333 0.010000 -34.499996
v -17.998333 6.990000 -34.499996
v -43.483334 0.010000 -33.499996
v -43.483334 6.990000 -33.499996
v -43.483334 0.010000 -35.499996
v -43.483334 6.990000 -35.499996
v -31.513336 0.010000 -33.499996
v -31.513336 6.990000 -33.499996
v -31.513336 0.010000 -35.499996
v -31.513336 6.990000 -35.499996
v -26.968334 0.010000 -28.499996
v -26.968334 6.990000 -28.499996
v -26.968334 0.010000 -29.499996
v -26.968334 6.990000 -29.499996
v -17.968334 0.010000 -28.499996
v -17.968334 6.990000 -28.499996
v -17.968334 0.010000 -29.499996
v -17.968334 6.990000 -29.499996
v -31.498337 7.000000 -29.489994
v -31.498337 0.000000 -29.489994
v -43.498337 7.000000 -29.489994
v -43.498337 0.000000 -29.489994
v -31.513336 7.000000 -15.000000
v -31.513336 0.000000 -15.000000
v -31.513336 7.000000 -29.499996
v -31.513336 0.000000 -29.499996
v -26.983334 7.000000 -15.000000
v -26.983334 0.000000 -15.000000
v -26.983334 7.000000 -29.499996
v -26.983334 0.000000 -29.499996
v -1.498335 7.000000 -15.009995
v -1.498335 0.000000 -15.009995
v -26.998337 7.000000 -15.009995
v -26.998337 0.000000 -15.009995
v -1.513332 7.000000 -15.000000
v -1.513334 0.000000 -15.000000
v -1.513332 7.000000 -21.999992
v -1.513334 0.000000 -21.999992
v -1.498335 7.000000 -44.989971
v -1.498335 0.000000 -44.989971
v -43.498337 7.000000 -44.989971
v -43.498337 0.000000 -44.989971
v -1.513332 7.000000 -38.049995
v -1.513334 0.000000 -38.049995
v -1.513332 7.000000 -45.049995
v -1.513334 0.000000 -45.049995
v -43.483334 7.000000 -35.499996
v -43.483334 0.000000 -35.499996
v -43.483334 7.000000 -44.999992
v -43.483334 0.000000 -44.999992
v -31.500000 9.480000 -29.499996
v -31.500000 9.480000 -33.499996
v -31.500000 9.480000 -29.499996
v -33.000000 9.480000 -29.499996
v -33.000000 10.730000 -29.499996
v -34.500000 10.730000 -29.499996
v -34.500000 11.980000 -29.499996
v -36.000000 11.980000 -29.499996
v -36.000000 13.230000 -29.499996
v -37.500000 13.230000 -29.499996
v -37.500000 14.480000 -29.499996
v -39.000000 14.480000 -29.499996
v -39.000000 15.730000 -29.499996
v -40.500000 15.730000 -29.499996
v -40.500000 16.980000 -29.499996
v -42.000000 16.980000 -29.499996
v -42.000000 18.230000 -29.499996
v -43.500000 18.230000 -29.499996
v -31.500000 9.480000 -33.499996
v -43.500000 18.230000 -33.499996
v -42.000000 18.230000 -33.499996
v -42.000000 16.980000 -33.499996
v -40.500000 16.980000 -33.499996
v -40.500000 15.730000 -33.499996
v -39.000000 15.730000 -33.499996
v -39.000000 14.480000 -33.499996
v -37.500000 14.480000 -33.499996
v -37.500000 13.230000 -33.499996
v -36.000000 13.230000 -33.499996
v -36.000000 11.980000 -33.499996
v -34.500000 11.980000 -33.499996
v -34.500000 10.730000 -33.499996
v -33.000000 10.730000 -33.499996
v -33.000000 9.480000 -33.499996
v -43.500000 18.205000 -29.499996
v -33.030003 9.480000 -29.499996
v -33.030003 9.480000 -33.499996
v -43.500000 18.205000 -33.499996
v -22.498329 7.500000 -29.499992
v -1.498331 7.500000 -29.499992
v -22.498329 7.500000 -44.999992
v -1.498331 7.500000 -44.999992
v -26.998329 6.999999 -14.999992
v -26.998329 7.498000 -14.999992
v -26.998329 6.999999 -29.499992
v -26.998329 7.498000 -29.499992
v -1.498331 6.999999 -14.999992
v -1.498331 7.498000 -14.999992
v -1.498331 6.999999 -29.499992
v -1.498331 7.498000 -29.499992
v -22.498329 6.999999 -29.499992
v -22.498329 7.498000 -29.499992
v -22.498329 6.999999 -44.999992
v -22.498329 7.498000 -44.999992
v -1.498331 6.999999 -29.499992
v -1.498331 7.498000 -29.499992
v -1.498331 6.999999 -44.999992
v -1.498331 7.498000 -44.999992
v -43.498329 6.999999 -33.499992
v -43.498329 7.498000 -33.499992
v -43.498329 6.999999 -44.999992
v -43.498329 7.498000 -44.999992
v -22.498329 6.999999 -33.499992
v -22.498329 7.498000 -33.499992
v -22.498329 6.999999 -44.999992
v -22.498329 7.498000 -44.999992
v -43.498337 6.999999 -14.999992
v -43.498337 7.498000 -14.999992
v -43.498337 6.999999 -29.499992
v -43.498337 7.498000 -29.499992
v -31.498333 6.999999 -14.999992
v -31.498333 7.498000 -14.999992
v -31.498333 6.999999 -29.499992
v -31.498333 7.498000 -29.499992
v -26.998329 7.500000 -14.999992
v -1.498331 7.500000 -14.999992
v -26.998329 7.500000 -29.499992
v -1.498331 7.500000 -29.499992
v -43.498329 7.500000 -33.499992
v -22.498329 7.500000 -33.499992
v -43.498329 7.500000 -44.999992
v -22.498329 7.500000 -44.999992
v -43.498337 7.500000 -14.999992
v -31.498333 7.500000 -14.999992
v -43.498337 7.500000 -29.499992
v -31.498333 7.500000 -29.499992
v -43.500000 6.999999 -29.499992
v -43.500000 7.500000 -29.499992
v -43.500000 6.999999 -33.499992
v -43.500000 7.500000 -33.499992
v -43.000000 6.999999 -29.499992
v -43.000000 7.500000 -29.499992
v -43.000000 6.999999 -33.499992
v -43.000000 7.500000 -33.499992
v -27.000000 6.999999 -14.999992
v -27.000000 7.500000 -14.999992
v -31.500000 6.999999 -14.999992
v -31.500000 7.500000 -14.999992
v -27.000000 6.999999 -15.499992
v -27.000000 7.500000 -15.499992
v -31.500000 6.999999 -15.499992
v -31.500000 7.500000 -15.499992
v -39.509995 7.500000 -27.479992
v -39.509995 7.500000 -29.479992
v -31.509995 7.500000 -27.479992
v -31.509995 9.500000 -27.479992
v -31.509995 7.500000 -29.479992
v -31.509995 9.500000 -29.479992
v -33.628422 9.500000 -27.479992
v -39.509995 8.029606 -27.479992
v -33.628422 9.316200 -27.479992
v -34.363617 9.316200 -27.479992
v -34.363617 9.132401 -27.479992
v -35.098816 9.132401 -27.479992
v -35.098816 8.948603 -27.479992
v -35.834015 8.948603 -27.479992
v -35.834015 8.764803 -27.479992
v -36.569210 8.764803 -27.479992
v -36.569210 8.581003 -27.479992
v -37.304405 8.581003 -27.479992
v -37.304405 8.397204 -27.479992
v -38.039604 8.397204 -27.479992
v -38.039604 8.213406 -27.479992
v -38.774803 8.213406 -27.479992
v -38.774803 8.029606 -27.479992
v -39.509995 8.029606 -29.479992
v -33.628422 9.500000 -29.479992
v -38.774803 8.029606 -29.479992
v -38.774803 8.213406 -29.479992
v -38.039604 8.213406 -29.479992
v -38.039604 8.397204 -29.479992
v -37.304405 8.397204 -29.479992
v -37.304405 8.581003 -29.479992
v -36.569210 8.581003 -29.479992
v -36.569210 8.764803 -29.479992
v -35.834015 8.764803 -29.479992
v -35.834015 8.948603 -29.479992
v -35.098816 8.948603 -29.479992
v -35.098816 9.132401 -29.479992
v -34.363617 9.132401 -29.479992
v -34.363617 9.316200 -29.479992
v -33.628422 9.316200 -29.479992
v -43.490002 18.240002 -14.999992
v -43.490005 7.460001 -14.999992
v -43.490002 18.240002 -44.999992
v -43.490005 7.460001 -44.999992
v -43.500000 18.239998 -44.999992
v -43.500000 7.459998 -44.999992
v -1.499996 18.239994 -44.999992
v -1.499996 7.459995 -44.999992
v -1.499996 18.240002 -15.009995
v -1.499996 7.460001 -15.009995
v -43.500000 18.240002 -15.009995
v -43.500000 7.460001 -15.009991
v -1.499996 18.240002 -14.999992
v -1.499996 7.460001 -14.999992
v -1.499996 18.240002 -20.999996
v -1.499996 7.460001 -20.999996
v -1.499996 18.240002 -25.499992
v -1.499996 7.460001 -25.499992
v -1.499996 18.240002 -26.499992
v -1.499996 7.460001 -26.499992
v -1.499996 18.269997 -20.999996
v -1.499996 7.489998 -20.999996
v -1.499996 18.269997 -21.999992
v -1.499996 7.489998 -21.999992
v -1.499996 18.240002 -37.999996
v -1.499996 7.460001 -37.999996
v -1.499996 18.240002 -44.999992
v -1.499996 7.460001 -44.999992
v -31.500000 18.240002 -18.499992
v -31.500000 7.460001 -18.499992
v -31.500000 18.240002 -33.499992
v -31.500000 7.460001 -33.499992
v -40.370003 7.460000 -29.489994
v -33.370003 7.460000 -29.489994
v -40.370003 18.240002 -29.489990
v -33.370003 18.240002 -29.489990
v -11.500000 7.460000 -21.989994
v -1.499996 7.460000 -21.989994
v -11.500000 18.240002 -21.989994
v -1.499996 18.240002 -21.989994
v -17.489998 7.460001 -33.499992
v -17.489998 18.240002 -33.499992
v -17.489998 7.460001 -34.499996
v -17.489998 18.240002 -34.499996
v -1.509995 7.460001 -33.499992
v -1.509995 18.240002 -33.499992
v -1.509995 7.460001 -34.499996
v -1.509995 18.240002 -34.499996
v -40.500000 7.460001 -33.499992
v -40.500000 18.240002 -33.499992
v -40.500000 7.460001 -34.499996
v -40.500000 18.240002 -34.499996
v -22.500000 7.460001 -33.499992
v -22.500000 18.240002 -33.499992
v -22.500000 7.460001 -34.499996
v -22.500000 18.240002 -34.499996
v -31.489998 12.849999 -15.019997
v -31.489998 18.240000 -15.019997
v -31.489998 12.849999 -21.999992
v -31.489998 18.240000 -21.999992
v -1.509995 12.849999 -15.019997
v -1.509995 18.240000 -15.019997
v -1.509995 12.849999 -21.999992
v -1.509995 18.240000 -21.999992
v -1.499996 18.240002 -33.499992
v -1.499996 7.460001 -33.499992
v -1.499996 18.240002 -34.499996
v -1.499996 7.460001 -34.499996
v -1.490000 18.240002 -29.937496
v -1.490000 7.500000 -29.937496
v -1.490000 18.240002 -30.062496
v -1.490000 7.500000 -30.062496
v -1.480000 16.807501 -26.500000
v -1.480001 16.807501 -33.499996
v -1.480000 16.932501 -26.500000
v -1.480001 16.932501 -33.499996
v -1.480000 12.807502 -26.500000
v -1.480001 12.807502 -33.499996
v -1.480000 12.932502 -26.500000
v -1.480001 12.932502 -33.499996
v -1.480000 14.807501 -26.500000
v -1.480001 14.807501 -33.499996
v -1.480000 14.932501 -26.500000
v -1.480001 14.932501 -33.499996
v -1.480000 10.807501 -26.500000
v -1.480001 10.807501 -33.499996
v -1.480000 10.932501 -26.500000
v -1.480001 10.932501 -33.499996
v -1.480000 8.807501 -26.500000
v -1.480001 8.807501 -33.499996
v -1.480000 8.932501 -26.500000
v -1.480001 8.932501 -33.499996
v -1.480000 16.807501 -22.000000
v -1.480001 16.807501 -25.500000
v -1.480000 16.932501 -22.000000
v -1.480001 16.932501 -25.500000
v -1.480001 12.807502 -22.000000
v -1.480001 12.807502 -25.500000
v -1.480000 12.932502 -22.000000
v -1.480001 12.932502 -25.500000
v -1.480000 14.807501 -22.000000
v -1.480001 14.807501 -25.500000
v -1.480000 14.932501 -22.000000
v -1.480001 14.932501 -25.500000
v -1.480000 10.807501 -22.000000
v -1.480001 10.807501 -25.500000
v -1.480000 10.932501 -22.000000
v -1.480001 10.932501 -25.500000
v -1.480000 8.807501 -22.000000
v -1.480001 8.807501 -25.500000
v -1.480000 8.932501 -22.000000
v -1.480001 8.932501 -25.500000
v -1.480000 16.807501 -34.499996
v -1.480001 16.807501 -38.000000
v -1.480000 16.932501 -34.499996
v -1.480001 16.932501 -38.000000
v -1.480001 12.807502 -34.499996
v -1.480001 12.807502 -38.000000
v -1.480000 12.932502 -34.499996
v -1.480001 12.932502 -38.000000
v -1.480000 14.807501 -34.499996
v -1.480001 14.807501 -38.000000
v -1.480000 14.932501 -34.499996
v -1.480001 14.932501 -38.000000
v -1.480000 10.807501 -34.499996
v -1.480001 10.807501 -38.000000
v -1.480000 10.932501 -34.499996
v -1.480001 10.932501 -38.000000
v -1.480000 8.807501 -34.499996
v -1.480001 8.807501 -38.000000
v -1.480000 8.932501 -34.499996
v -1.480001 8.932501 -38.000000
v -1.490000 18.240002 -31.937496
v -1.490000 7.500000 -31.937496
v -1.490000 18.240002 -32.062496
v -1.490000 7.500000 -32.062496
v -1.490000 18.240002 -27.937496
v -1.490000 7.500000 -27.937496
v -1.490000 18.240002 -28.062496
v -1.490000 7.500000 -28.062496
v -43.500000 28.700001 -15.000000
v -43.500000 18.700001 -15.000000
v -1.500000 28.700001 -14.999992
v -1.500000 18.700001 -14.999992
v -43.500000 28.700003 -15.000000
v -43.500000 18.700003 -15.000000
v -43.500000 28.700003 -44.999992
v -43.500000 18.700003 -44.999992
v -43.500000 28.700003 -45.000000
v -43.500000 18.700005 -45.000000
v -1.500002 28.700001 -45.000000
v -1.500002 18.700001 -45.000000
v -1.500002 28.700001 -15.000000
v -1.500002 18.700003 -15.000000
v -1.500002 28.700001 -45.000000
v -1.500002 18.700003 -45.000000
v -43.500000 18.240772 -33.500000
v -43.500000 18.709377 -33.500000
v -43.500000 18.240772 -45.000000
v -43.500000 18.709377 -45.000000
v -31.500000 18.240772 -33.500000
v -31.500000 18.709377 -33.500000
v -31.500000 18.240772 -45.000000
v -31.500000 18.709377 -45.000000
v -31.500000 18.240772 -15.000004
v -31.500000 18.709377 -15.000004
v -31.500000 18.240772 -45.000000
v -31.500000 18.709377 -45.000000
v -1.500004 18.240772 -15.000004
v -1.500004 18.709377 -15.000004
v -1.500002 18.240772 -45.000000
v -1.500002 18.709377 -45.000000
v -43.500000 18.240772 -15.000000
v -43.500000 18.709377 -15.000000
v -43.500000 18.240772 -29.500000
v -43.500000 18.709377 -29.500000
v -31.500000 18.240772 -15.000000
v -31.500000 18.709377 -15.000000
v -31.500000 18.240772 -29.500000
v -31.500000 18.709377 -29.500000
v -43.500000 18.240772 -29.500000
v -43.500000 18.709377 -29.500000
v -43.500000 18.240772 -33.500000
v -43.500000 18.709377 -33.500000
v -43.000000 18.240774 -29.500000
v -43.000000 18.709377 -29.500000
v -43.000000 18.240774 -33.500000
v -43.000000 18.709377 -33.500000
v -39.509998 18.709377 -27.480000
v -39.509998 18.709377 -29.480000
v -31.509995 18.709377 -27.480000
v -31.509995 20.583790 -27.480000
v -31.509995 18.709377 -29.480000
v -31.509995 20.583790 -29.480000
v -33.628418 20.583790 -27.480000
v -39.509998 19.205727 -27.480000
v -33.628418 20.411533 -27.480000
v -34.363617 20.411533 -27.480000
v -34.363617 20.239275 -27.480000
v -35.098816 20.239275 -27.480000
v -35.098816 20.067017 -27.480000
v -35.834011 20.067017 -27.480000
v -35.834011 19.894760 -27.480000
v -36.569210 19.894760 -27.480000
v -36.569210 19.722502 -27.480000
v -37.304405 19.722502 -27.480000
v -37.304405 19.550243 -27.480000
v -38.039604 19.550243 -27.480000
v -38.039604 19.377985 -27.480000
v -38.774803 19.377985 -27.480000
v -38.774803 19.205727 -27.480000
v -39.509998 19.205727 -29.480000
v -33.628422 20.583790 -29.480000
v -38.774803 19.205727 -29.480000
v -38.774803 19.377985 -29.480000
v -38.039604 19.377985 -29.480000
v -38.039604 19.550243 -29.480000
v -37.304405 19.550243 -29.480000
v -37.304405 19.722502 -29.480000
v -36.569210 19.722502 -29.480000
v -36.569210 19.894760 -29.480000
v -35.834011 19.894760 -29.480000
v -35.834011 20.067017 -29.480000
v -35.098816 20.067017 -29.480000
v -35.098816 20.239275 -29.480000
v -34.363621 20.239275 -29.480000
v -34.363621 20.411533 -29.480000
v -33.628422 20.411533 -29.480000
v -31.500000 20.565046 -29.500000
v -31.500000 20.565046 -33.500000
v -31.500000 20.565046 -29.500000
v -33.000000 20.565046 -29.500000
v -33.000000 21.736555 -29.500000
v -34.500000 21.736555 -29.500000
v -34.500000 22.908064 -29.500000
v -36.000000 22.908064 -29.500000
v -36.000000 24.079573 -29.500000
v -37.500000 24.079573 -29.500000
v -37.500000 25.251081 -29.500000
v -39.000000 25.251081 -29.500000
v -39.000000 26.422590 -29.500000
v -40.500000 26.422590 -29.500000
v -40.500000 27.594099 -29.500000
v -42.000000 27.594099 -29.500000
v -42.000000 28.765608 -29.500000
v -43.500000 28.765608 -29.500000
v -31.500000 20.565046 -33.500000
v -43.500000 28.765608 -33.500000
v -42.000000 28.765608 -33.500000
v -42.000000 27.594099 -33.500000
v -40.500000 27.594099 -33.500000
v -40.500000 26.422590 -33.500000
v -39.000000 26.422590 -33.500000
v -39.000000 25.251081 -33.500000
v -37.500000 25.251081 -33.500000
v -37.500000 24.079573 -33.500000
v -36.000000 24.079573 -33.500000
v -36.000000 22.908064 -33.500000
v -34.500000 22.908064 -33.500000
v -34.500000 21.736555 -33.500000
v -33.000000 21.736555 -33.500000
v -33.000000 20.565046 -33.500000
v -43.500000 28.742178 -29.500000
v -33.029999 20.565046 -29.500000
v -33.029999 20.565046 -33.500000
v -43.500000 28.742178 -33.500000
v -39.500000 18.732807 -33.499996
v -39.500000 28.760921 -33.499996
v -39.500000 18.732807 -34.000000
v -39.500000 28.760921 -34.000000
v -31.500000 18.732805 -33.499996
v -31.500000 28.760921 -33.499996
v -31.500000 18.732805 -34.000000
v -31.500000 28.760921 -34.000000
v -31.500000 18.732805 -37.749996
v -31.500000 28.760921 -37.749996
v -31.500000 18.732805 -38.250000
v -31.500000 28.760921 -38.250000
v -1.520000 18.732805 -37.749996
v -1.520000 28.760921 -37.749996
v -1.520000 18.732805 -38.250000
v -1.520000 28.760921 -38.250000
v -31.500000 18.732805 -22.249992
v -31.500000 28.760921 -22.249992
v -31.500000 18.732805 -22.749996
v -31.500000 28.760921 -22.749996
v -1.520002 18.732805 -22.249992
v -1.520002 28.760921 -22.249992
v -1.520002 18.732805 -22.749996
v -1.520002 28.760921 -22.749996
v -35.500000 18.732805 -22.249992
v -35.500000 28.760921 -22.249992
v -35.500000 18.732805 -22.749996
v -35.500000 28.760921 -22.749996
v -31.500000 18.732805 -22.249992
v -31.500000 28.760921 -22.249992
v -31.500000 18.732805 -22.749996
v -31.500000 28.760921 -22.749996
v -31.500000 18.732805 -22.749996
v -31.500000 28.760921 -22.749996
v -31.500000 18.732805 -37.749996
v -31.500000 28.760921 -37.749996
v -30.500000 18.732805 -22.749996
v -30.500000 28.760921 -22.749996
v -30.500000 18.732805 -37.749996
v -30.500000 28.760921 -37.749996
v -43.489998 18.732805 -22.249992
v -43.489998 28.760921 -22.249992
v -43.489998 18.732805 -22.749996
v -43.489998 28.760921 -22.749996
v -39.489998 18.732805 -22.249992
v -39.489998 28.760921 -22.249992
v -39.489998 18.732805 -22.749996
v -39.489998 28.760921 -22.749996
v -39.500000 18.732807 -29.489994
v -33.500000 18.732805 -29.489994
v -39.500000 28.760921 -29.489994
v -33.500000 28.760921 -29.489994
v -43.490002 18.732805 -37.749996
v -43.490002 28.760921 -37.749996
v -43.490002 18.732805 -38.250000
v -43.490002 28.760921 -38.250000
v -39.490002 18.732805 -37.749996
v -39.490002 28.760921 -37.749996
v -39.490002 18.732805 -38.250000
v -39.490002 28.760921 -38.250000
v -31.500000 28.699999 -15.000000
v -31.500000 29.199999 -15.000000
v -31.500000 28.699999 -44.999992
v -31.500000 29.199999 -44.999992
v -1.500000 28.699999 -15.000000
v -1.500000 29.199999 -15.000000
v -1.500000 28.699999 -44.999992
v -1.500000 29.199999 -44.999992
v -43.500004 28.700001 -33.499996
v -43.500004 29.200001 -33.499996
v -43.500004 28.700001 -45.000000
v -43.500004 29.200001 -45.000000
v -31.500004 28.700001 -33.499996
v -31.500004 29.200001 -33.499996
v -31.500004 28.700001 -45.000000
v -31.500004 29.200001 -45.000000
v -43.500004 28.700001 -15.009995
v -43.500004 29.200001 -15.009995
v -43.500004 28.700001 -29.509995
v -43.500004 29.200001 -29.509995
v -31.500004 28.700001 -15.009995
v -31.500004 29.200001 -15.009995
v -31.500004 28.700001 -29.509995
v -31.500004 29.200001 -29.509995
v -43.499939 28.699999 -29.499996
v -43.499939 29.199999 -29.499996
v -43.499939 28.699999 -33.499996
v -43.499939 29.199999 -33.499996
v -42.499939 28.699999 -29.499996
v -42.499939 29.199999 -29.499996
v -42.499939 28.699999 -33.499996
v -42.499939 29.199999 -33.499996
v -43.500004 29.200001 -15.000000
v -43.500004 31.200001 -15.000000
v -43.500004 29.200001 -15.999996
v -43.500004 31.200001 -15.999996
v -1.500000 29.200001 -15.000000
v -1.500000 31.200001 -15.000000
v -1.500000 29.200001 -15.999996
v -1.500000 31.200001 -15.999996
v -43.500004 29.200001 -44.000000
v -43.500004 31.200001 -44.000000
v -43.500004 29.200001 -45.000000
v -43.500004 31.200001 -45.000000
v -1.500000 29.200001 -44.000000
v -1.500000 31.200001 -44.000000
v -1.500000 29.200001 -45.000000
v -1.500000 31.200001 -45.000000
v -39.000004 29.250000 -33.500000
v -39.000004 33.250000 -33.500000
v -39.000004 29.250000 -34.500000
v -39.000004 33.250000 -34.500000
v -31.500000 29.250000 -33.500000
v -31.500000 33.250000 -33.500000
v -31.500000 29.250000 -34.500000
v -31.500000 33.250000 -34.500000
v -39.000004 29.249998 -28.549999
v -39.000004 33.250000 -28.549999
v -39.000004 29.249998 -29.549995
v -39.000004 33.250000 -29.549995
v -31.500000 29.249998 -28.549999
v -31.500000 33.250000 -28.549999
v -31.500000 29.249998 -29.549995
v -31.500000 33.250000 -29.549995
v -39.000004 34.089218 -28.670818
v -39.000004 33.807125 -29.630203
v -31.500000 34.089218 -28.670818
v -31.500000 33.807125 -29.630203
v -39.000004 34.860268 -29.023464
v -39.000004 34.319000 -29.864315
v -31.500000 34.860268 -29.023464
v -31.500000 34.319000 -29.864315
v -39.000004 35.500530 -29.579300
v -39.000004 34.744049 -30.233315
v -31.500000 35.500530 -29.579300
v -31.500000 34.744049 -30.233315
v -39.000004 35.957993 -30.293167
v -39.000004 35.047745 -30.707226
v -31.500000 35.957993 -30.293167
v -31.500000 35.047745 -30.707226
v -39.000004 36.195503 -31.107094
v -39.000004 35.205418 -31.247566
v -31.500000 36.195503 -31.107094
v -31.500000 35.205418 -31.247566
v -39.000004 36.193764 -31.954964
v -39.000004 35.204266 -31.810436
v -31.500000 36.193764 -31.954964
v -31.500000 35.204266 -31.810436
v -39.000004 35.952923 -32.767910
v -39.000004 35.044380 -32.350121
v -31.500000 35.952923 -32.767910
v -31.500000 35.044380 -32.350121
v -39.000004 35.492538 -33.479897
v -39.000004 34.738747 -32.822788
v -31.500000 35.492538 -33.479897
v -31.500000 34.738747 -32.822788
v -39.000004 34.850006 -34.033104
v -39.000004 34.312191 -33.190041
v -31.500000 34.850006 -34.033104
v -31.500000 34.312191 -33.190041
v -39.000004 34.077515 -34.382587
v -39.000004 33.799362 -33.422050
v -31.500000 34.077515 -34.382587
v -31.500000 33.799362 -33.422050
v -39.000004 33.237808 -34.499969
v -39.000004 33.241909 -33.499977
v -31.500000 33.237808 -34.499969
v -31.500000 33.241909 -33.499977
v -42.500000 29.199999 -15.999996
v -42.500000 31.199999 -15.999996
v -43.500000 29.199999 -15.999996
v -43.500000 31.199999 -15.999996
v -42.500004 29.199999 -43.999996
v -42.500004 31.199999 -43.999996
v -43.500004 29.199999 -43.999996
v -43.500004 31.199999 -43.999996
v -1.499998 29.199999 -15.999996
v -1.499998 31.199999 -15.999996
v -2.499998 29.199999 -15.999996
v -2.499998 31.199999 -15.999996
v -1.500000 29.199999 -43.999996
v -1.500000 31.199999 -43.999996
v -2.500000 29.199999 -43.999996
v -2.500000 31.199999 -43.999996
v -31.450001 29.250000 -22.009998
v -31.450001 35.250000 -22.009998
v -31.450001 29.250000 -37.989998
v -31.450001 35.250000 -37.989998
v -2.449999 29.250000 -22.009998
v -2.449999 35.250000 -22.009998
v -2.449999 29.250000 -37.989998
v -2.449999 35.250000 -37.989998
v -31.450001 35.250000 -21.999992
v -2.449999 35.250000 -21.999992
v -31.450001 37.250000 -21.999992
v -2.449999 37.250000 -21.999992
v -31.450001 35.250000 -38.000000
v -2.449999 35.250000 -38.000000
v -31.450001 37.250000 -38.000000
v -2.449999 37.250000 -38.000000
v -31.490002 35.250000 -37.999996
v -31.490002 35.250000 -21.999992
v -31.490002 37.250000 -37.999996
v -31.490002 37.250000 -21.999992
v -2.500000 35.250000 -37.999996
v -2.500000 35.250000 -21.999992
v -2.500000 37.250000 -37.999996
v -2.500000 37.250000 -21.999992
v -31.500000 37.250000 -21.999992
v -31.500000 37.250000 -37.999996
v -2.500002 37.250000 -21.999992
v -2.500002 37.250000 -37.999996
v -20.980797 41.250000 -27.803696
v -31.500000 39.799076 -21.999992
v -20.980797 41.250000 -32.196297
v -31.500000 39.799076 -37.999996
v -13.019203 41.250000 -27.803696
v -2.500002 39.799076 -21.999992
v -13.019203 41.250000 -32.196297
v -2.500002 39.799076 -37.999996
v -21.998810 42.973248 -27.242031
v -21.998810 42.973248 -32.757961
v -12.001194 42.973248 -32.757961
v -12.001194 42.973248 -27.242031
vn -0.0000 1.0000 -0.0000
vn 1.0000 -0.0000 -0.0000
vn -1.0000 -0.0000 -0.0000
vn -0.0000 -0.0000 -1.0000
vn -0.0000 -0.0000 1.0000
vn 0.0981 -0.0000 -0.9952
vn 0.2907 -0.0000 -0.9568
vn 0.4721 -0.0000 -0.8815
vn 0.6349 -0.0000 -0.7726
vn 0.7734 -0.0000 -0.6340
vn 0.8822 -0.0000 -0.4709
vn 0.9570 -0.0000 -0.2900
vn 0.9952 -0.0000 -0.0979
vn 0.9952 -0.0000 0.0978
vn 0.9570 -0.0000 0.2900
vn 0.8822 -0.0000 0.4709
vn 0.7734 -0.0000 0.6340
vn 0.6349 -0.0000 0.7726
vn 0.4716 -0.0000 0.8818
vn 0.2907 -0.0000 0.9568
vn 0.0981 -0.0000 0.9952
vn -0.0981 -0.0000 0.9952
vn -0.2907 -0.0000 0.9568
vn -0.4717 -0.0000 0.8817
vn -0.6347 -0.0000 0.7727
vn -0.7734 -0.0000 0.6340
vn -0.8822 -0.0000 0.4709
vn -0.9570 -0.0000 0.2900
vn -0.9952 -0.0000 0.0978
vn -0.9952 -0.0000 -0.0979
vn -0.9570 -0.0000 -0.2900
vn -0.8822 -0.0000 -0.4709
vn -0.7734 -0.0000 -0.6340
vn -0.6347 -0.0000 -0.7727
vn -0.4722 -0.0000 -0.8815
vn -0.2907 -0.0000 -0.9568
vn -0.0981 -0.0000 -0.9952
vn -0.0000 -1.0000 -0.0000
vn 0.2906 -0.0000 -0.9568
vn 0.4717 -0.0000 -0.8817
vn 0.6352 -0.0000 -0.7723
vn 0.7732 -0.0000 -0.6341
vn 0.9571 -0.0000 -0.2899
vn 0.9952 -0.0000 -0.0980
vn 0.9952 -0.0000 0.0980
vn 0.9571 -0.0000 0.2899
vn 0.7735 -0.0000 0.6338
vn 0.4717 -0.0000 0.8817
vn 0.2906 -0.0000 0.9568
vn -0.2906 -0.0000 0.9568
vn -0.4717 -0.0000 0.8818
vn -0.6349 -0.0000 0.7726
vn -0.7735 -0.0000 0.6338
vn -0.9952 -0.0000 -0.0978
vn -0.7732 -0.0000 -0.6341
vn -0.6353 -0.0000 -0.7723
vn -0.4717 -0.0000 -0.8818
vn -0.2906 -0.0000 -0.9568
vn 0.4717 -0.0000 -0.8818
vn 0.7733 -0.0000 -0.6341
vn 0.8821 -0.0000 -0.4710
vn 0.8821 -0.0000 0.4710
vn 0.7735 -0.0000 0.6337
vn 0.4717 -0.0000 0.8818
vn -0.7735 -0.0000 0.6337
vn -0.8821 -0.0000 0.4710
vn -0.8821 -0.0000 -0.4710
vn -0.7733 -0.0000 -0.6341
vn -0.6352 -0.0000 -0.7723
vn -0.4717 -0.0000 -0.8817
vn 0.0982 -0.0000 -0.9952
vn 0.2906 -0.0000 -0.9569
vn 0.6352 -0.0000 -0.7724
vn 0.9952 -0.0000 -0.0978
vn 0.6348 -0.0000 0.7727
vn 0.2906 -0.0000 0.9569
vn 0.0982 -0.0000 0.9952
vn -0.2906 -0.0000 0.9569
vn -0.6348 -0.0000 0.7727
vn -0.7737 -0.0000 0.6336
vn -0.9952 -0.0000 0.0980
vn -0.9952 -0.0000 -0.0980
vn -0.7734 -0.0000 -0.6339
vn -0.6352 -0.0000 -0.7724
vn -0.2906 -0.0000 -0.9569
vn -0.7736 -0.0000 0.6337
vn 0.6351 -0.0000 -0.7724
vn 0.8821 -0.0000 -0.4712
vn 0.9571 -0.0000 -0.2897
vn 0.9952 -0.0000 -0.0981
vn 0.9952 -0.0000 0.0981
vn 0.9571 -0.0000 0.2897
vn 0.8821 -0.0000 0.4712
vn 0.7736 -0.0000 0.6337
vn 0.6347 -0.0000 0.7727
vn -0.0982 -0.0000 0.9952
vn -0.4716 -0.0000 0.8818
vn -0.8821 -0.0000 0.4712
vn -0.9571 -0.0000 0.2897
vn -0.9952 -0.0000 0.0981
vn -0.9952 -0.0000 -0.0981
vn -0.9571 -0.0000 -0.2897
vn -0.8821 -0.0000 -0.4712
vn -0.4716 -0.0000 -0.8818
vn -0.0982 -0.0000 -0.9952
vn 0.4722 -0.0000 -0.8815
vn 0.8823 -0.0000 -0.4707
vn -0.6349 -0.0000 -0.7726
vn -0.8572 -0.0000 0.5150
vn -0.5150 -0.0000 -0.8572
vn 0.8572 -0.0000 -0.5150
vn 0.5150 -0.0000 0.8572
vn -0.5151 -0.0000 -0.8571
vn 0.5151 -0.0000 0.8571
vn 0.8571 -0.0000 -0.5151
vn 0.8572 -0.0000 -0.5151
vn -0.8571 -0.0000 0.5151
vn -0.8192 -0.0000 -0.5736
vn 0.5736 -0.0000 -0.8192
vn 0.8192 -0.0000 0.5736
vn -0.5736 -0.0000 0.8192
vn -0.8191 -0.0000 -0.5736
vn 0.5735 -0.0000 -0.8192
vn 0.8191 -0.0000 0.5736
vn -0.5735 -0.0000 0.8192
vn 0.8192 -0.0000 0.5735
vn -0.5736 -0.0000 0.8191
vn -0.8192 -0.0000 -0.5735
vn 0.5736 -0.0000 -0.8191
vn -0.9205 -0.0000 -0.3907
vn 0.3907 -0.0000 -0.9205
vn 0.9205 -0.0000 0.3907
vn -0.3907 -0.0000 0.9205
vn 0.3908 -0.0000 -0.9205
vn -0.3908 -0.0000 0.9205
vn -0.9205 -0.0000 -0.3908
vn 0.9205 -0.0000 0.3908
vn -0.8572 -0.0000 0.5151
vn -0.6157 -0.0000 0.7880
vn -0.7880 -0.0000 -0.6157
vn 0.6157 -0.0000 -0.7880
vn 0.7880 -0.0000 0.6157
vn 0.6156 -0.0000 -0.7881
vn 0.7881 -0.0000 0.6156
vn -0.6156 -0.0000 0.7881
vn 0.6156 -0.0000 -0.7880
vn 0.7880 -0.0000 0.6156
vn -0.7880 -0.0000 -0.6156
vn -0.7881 -0.0000 -0.6156
vn -0.0001 -0.0000 1.0000
vn 0.0001 -0.0000 -1.0000
vn -0.6402 -0.7682 -0.0000
vn -0.6155 -0.7881 -0.0000
vn -0.0000 -0.1425 -0.9898
vn -0.0000 0.1425 0.9898
vn -0.0000 0.6556 0.7551
vn -0.0000 0.4159 0.9094
vn -0.0000 -0.4159 -0.9094
vn -0.0000 -0.6556 -0.7551
vn -0.0000 0.8420 0.5395
vn -0.0000 -0.8420 -0.5395
vn -0.0000 1.0000 -0.0021
vn -0.0000 0.9600 0.2801
vn -0.0000 -0.9600 -0.2801
vn -0.0000 -1.0000 0.0020
vn -0.0000 0.9588 -0.2841
vn -0.0000 -0.9588 0.2841
vn -0.0000 0.6525 -0.7578
vn -0.0000 0.8397 -0.5430
vn -0.0000 -0.8397 0.5430
vn -0.0000 -0.6525 0.7578
vn -0.0000 0.1384 -0.9904
vn -0.0000 0.4122 -0.9111
vn -0.0000 -0.4122 0.9111
vn -0.0000 -0.1384 0.9904
vn -0.1366 0.9906 -0.0000
vn -0.0000 0.9701 -0.2425
vn 0.1366 0.9906 -0.0000
vn -0.0000 0.9701 0.2425
vn 0.8610 -0.5086 -0.0000
vn -0.8610 -0.5086 -0.0000
vn -0.0000 -0.3099 0.9508
vn -0.0000 -0.3099 -0.9508
vt 0.000000 0.000000
vt 6.582931 0.000000
vt 6.582931 8.453124
vt 0.000000 8.453124
vt 2.414062 0.000000
vt 2.414062 1.796875
vt 0.000000 1.796875
vt 2.414062 7.594480
vt 0.000000 7.594480
vt 27.402040 0.000000
vt 27.402040 11.119680
vt 0.000000 11.119680
vt 1.000000 0.000000
vt 1.000000 1.000000
vt 0.000000 1.000000
vt 1.000000 0.977853
vt 0.000000 0.977853
vt 16.288609 0.000000
vt 16.288609 11.634568
vt 0.000000 11.634568
vt 0.000000 2.375000
vt 0.000252 0.000255
vt 16.312603 -0.000542
vt 16.312313 2.374865
vt 19.374828 0.000000
vt 19.374828 2.574653
vt 0.000000 2.574653
vt 15.037292 0.000000
vt 15.037292 0.990157
vt 0.000000 0.990157
vt 28.920460 22.101963
vt 29.132275 0.000000
vt 0.062996 -0.037718
vt 0.000000 22.064243
vt 0.398647 0.000000
vt 1.000000 0.957977
vt 0.398647 0.957977
vt 3.940638 0.000000
vt 3.940638 1.000000
vt 1.000000 0.500000
vt 0.968750 1.000000
vt 0.968750 0.500000
vt 0.937500 1.000000
vt 0.937500 0.500000
vt 0.906250 1.000000
vt 0.906250 0.500000
vt 0.875000 1.000000
vt 0.875000 0.500000
vt 0.843750 1.000000
vt 0.843750 0.500000
vt 0.812500 1.000000
vt 0.812500 0.500000
vt 0.781250 1.000000
vt 0.781250 0.500000
vt 0.750000 1.000000
vt 0.750000 0.500000
vt 0.718750 1.000000
vt 0.718750 0.500000
vt 0.687500 1.000000
vt 0.687500 0.500000
vt 0.656250 1.000000
vt 0.656250 0.500000
vt 0.625000 1.000000
vt 0.625000 0.500000
vt 0.593750 1.000000
vt 0.593750 0.500000
vt 0.562500 1.000000
vt 0.562500 0.500000
vt 0.531250 1.000000
vt 0.531250 0.500000
vt 0.500000 1.000000
vt 0.500000 0.500000
vt 0.468750 1.000000
vt 0.468750 0.500000
vt 0.437500 1.000000
vt 0.437500 0.500000
vt 0.406250 1.000000
vt 0.406250 0.500000
vt 0.375000 1.000000
vt 0.375000 0.500000
vt 0.343750 1.000000
vt 0.343750 0.500000
vt 0.312500 1.000000
vt 0.312500 0.500000
vt 0.281250 1.000000
vt 0.281250 0.500000
vt 0.250000 1.000000
vt 0.250000 0.500000
vt 0.218750 1.000000
vt 0.218750 0.500000
vt 0.187500 1.000000
vt 0.187500 0.500000
vt 0.156250 1.000000
vt 0.156250 0.500000
vt 0.125000 1.000000
vt 0.125000 0.500000
vt 0.093750 1.000000
vt 0.093750 0.500000
vt 0.062500 1.000000
vt 0.062500 0.500000
vt 0.296822 0.485388
vt 0.250000 0.490000
vt 0.203178 0.485388
vt 0.158156 0.471731
vt 0.116663 0.449553
vt 0.080294 0.419706
vt 0.050447 0.383337
vt 0.028269 0.341844
vt 0.014612 0.296822
vt 0.010000 0.250000
vt 0.014612 0.203178
vt 0.028269 0.158156
vt 0.050447 0.116663
vt 0.080294 0.080294
vt 0.116663 0.050447
vt 0.158156 0.028269
vt 0.203178 0.014612
vt 0.250000 0.010000
vt 0.296822 0.014612
vt 0.341844 0.028269
vt 0.383337 0.050447
vt 0.419706 0.080294
vt 0.449553 0.116663
vt 0.471731 0.158156
vt 0.485388 0.203178
vt 0.490000 0.250000
vt 0.485388 0.296822
vt 0.471731 0.341844
vt 0.449553 0.383337
vt 0.419706 0.419706
vt 0.383337 0.449553
vt 0.341844 0.471731
vt 0.031250 1.000000
vt 0.031250 0.500000
vt 0.000000 0.500000
vt 0.750000 0.490000
vt 0.796822 0.485388
vt 0.841844 0.471731
vt 0.883337 0.449553
vt 0.919706 0.419706
vt 0.949553 0.383337
vt 0.971731 0.341844
vt 0.985388 0.296822
vt 0.990000 0.250000
vt 0.985388 0.203178
vt 0.971731 0.158156
vt 0.949553 0.116663
vt 0.919706 0.080294
vt 0.883337 0.050447
vt 0.841844 0.028269
vt 0.796822 0.014612
vt 0.750000 0.010000
vt 0.703178 0.014612
vt 0.658156 0.028269
vt 0.616663 0.050447
vt 0.580294 0.080294
vt 0.550447 0.116663
vt 0.528269 0.158156
vt 0.514612 0.203178
vt 0.510000 0.250000
vt 0.514612 0.296822
vt 0.528269 0.341844
vt 0.550447 0.383337
vt 0.580294 0.419706
vt 0.616663 0.449553
vt 0.658156 0.471731
vt 0.703178 0.485388
vt 0.375000 0.000000
vt 0.625000 0.000000
vt 0.625000 1.741289
vt 0.375000 1.741289
vt -0.003608 0.997195
vt -0.002977 0.250000
vt 1.000000 0.255069
vt 0.997819 1.002264
vt 0.375000 -1.946209
vt 0.625000 -1.946209
vt 0.625000 0.750000
vt 0.375000 0.750000
vt 0.999277 0.236071
vt 1.003906 1.007812
vt 0.001953 1.003906
vt 0.005859 0.233335
vt 0.125000 0.750000
vt 0.000000 0.003906
vt 0.996094 0.003906
vt 0.996094 0.750000
vt 0.000000 0.750000
vt 0.625000 0.250000
vt 0.375000 0.250000
vt 0.875000 0.750000
vt 16.434029 0.000000
vt 16.434029 2.437500
vt 0.000000 2.437500
vt 4.093905 0.000000
vt 4.093905 1.000000
vt 3.511719 0.000000
vt 3.511719 3.734375
vt 0.000000 3.734375
vt 1.948102 0.000000
vt 1.948102 1.000000
vt 3.007999 0.000000
vt 3.007999 2.978469
vt 0.000000 2.978469
vt 8.739211 0.000000
vt 8.739211 5.849610
vt 0.000000 5.849610
vt 1.828125 0.000000
vt 1.828125 6.503906
vt 0.000000 6.503906
vt 6.140625 0.000000
vt 6.140625 2.128906
vt 0.000000 2.128906
vt 5.943762 0.000000
vt 5.943762 26.520184
vt 0.000000 26.520184
vt -24.730055 -23.087715
vt 25.730055 -23.087715
vt 25.730055 24.087715
vt -24.730055 24.087715
vt -4.119063 -12.011894
vt 5.119063 -12.011894
vt 5.119063 13.011894
vt -4.119063 13.011894
vt 6.578125 0.000000
vt 6.578125 9.343749
vt 0.000000 9.343749
vt -0.000000 0.931586
vt 0.000977 0.000977
vt 1.000000 0.000103
vt 1.000000 0.930225
vt 0.375610 0.000649
vt 0.375381 0.349559
vt 0.312920 0.349625
vt 0.063072 0.349889
vt 0.062729 0.698856
vt 0.312668 0.698547
vt 0.375153 0.698469
vt 0.625092 0.698159
vt 0.687576 0.698082
vt 0.937515 0.697772
vt 1.000000 0.697694
vt 0.625366 0.000431
vt 0.937538 0.348965
vt 0.687691 0.349229
vt 2.802083 0.000000
vt 2.802083 1.000000
vt -0.003961 0.000000
vt 1.003961 0.000000
vt 1.003961 1.003000
vt -0.003961 1.003000
vt -0.007812 0.003906
vt 1.001953 0.003906
vt 1.001953 1.003443
vt -0.007812 1.003443
vt 0.375000 0.007813
vt 1.001953 0.007813
vt 1.001953 1.007812
vt 0.375000 1.007812
vt -0.035951 -0.023819
vt 1.067941 -0.023819
vt 1.067941 1.027424
vt -0.035951 1.027424
vt -0.187303 -0.031250
vt 1.187096 -0.031250
vt 1.187096 1.062500
vt -0.187303 1.062500
vt 0.008343 0.994156
vt -0.000039 0.000000
vt 13.829560 0.008843
vt 13.825639 1.003000
vt 0.375000 0.008843
vt 0.981814 0.008843
vt 0.981814 0.997078
vt 0.375000 0.997078
vt 0.375000 0.002922
vt 1.269882 0.002922
vt 1.269882 14.437112
vt 0.375000 14.437112
vt 0.375000 -0.003000
vt 1.001500 -0.003000
vt 1.001500 1.000000
vt 0.625000 -0.045669
vt 1.581889 -0.045669
vt 1.581889 16.535019
vt 0.625000 16.535019
vt 0.375000 0.003906
vt 0.984375 0.003906
vt 0.984375 12.394530
vt 0.375000 12.394530
vt 0.375000 -0.018897
vt 1.156529 -0.018897
vt 1.156529 12.607868
vt 0.375000 12.607868
vt 0.625000 -0.031250
vt 10.147230 -0.031250
vt 10.147230 1.031250
vt 0.625000 1.031250
vt 1.003961 5.206124
vt -0.003961 5.206124
vt -0.000147 0.007813
vt 1.001953 5.318269
vt -0.000147 5.318269
vt 1.187096 4.476562
vt -0.187303 4.476562
vt 0.875000 0.343750
vt 0.875000 0.656250
vt 0.781250 0.656250
vt 0.781250 0.343750
vt 0.687500 0.343750
vt 0.625000 0.343750
vt 0.531250 0.343750
vt 0.531250 0.531250
vt 0.468750 0.531250
vt 0.468750 0.343750
vt 0.375000 0.343750
vt 0.375000 0.656250
vt 0.281250 0.656250
vt 0.281250 0.343750
vt 0.218750 0.343750
vt 0.125000 0.343750
vt 0.062500 0.343750
vt 0.062500 0.812500
vt 0.125000 0.812500
vt 0.125000 0.406250
vt 0.218750 0.406250
vt 0.218750 0.812500
vt 0.218750 0.843750
vt 0.281250 0.843750
vt 0.281250 0.718750
vt 0.375000 0.718750
vt 0.375000 0.843750
vt 0.375000 0.875000
vt 0.468750 0.875000
vt 0.468750 0.781250
vt 0.531250 0.781250
vt 0.531250 0.875000
vt 0.625000 0.875000
vt 0.625000 0.843750
vt 0.687500 0.843750
vt 0.781250 0.843750
vt 0.781250 0.812500
vt 0.781250 0.718750
vt 0.875000 0.718750
vt 0.875000 0.812500
vt 0.906250 0.812500
vt 0.937500 0.812500
vt 0.937500 0.718750
vt 1.000000 0.718750
vt 1.000000 0.468750
vt 0.937500 0.468750
vt 0.937500 0.343750
vt 8.128906 0.000000
vt 8.128906 6.187500
vt 0.000000 6.187500
vt 7.441406 0.000000
vt 7.441406 1.000000
vt 12.941406 0.000000
vt 12.941406 4.770089
vt 0.000000 4.770089
vt 17.442028 0.000000
vt 17.442028 1.000000
vt 0.610043 -0.031250
vt 0.610818 1.062500
vt 1.003793 1.062500
vt 1.003793 -0.031250
vt 1.006371 -0.031250
vt 1.006371 1.062500
vt 0.249485 1.062500
vt 0.249485 -0.031250
vt 0.320711 -0.031250
vt 0.314593 1.062500
vt 0.857162 1.062500
vt 0.857162 -0.031250
vt -0.067194 1.062500
vt -0.067194 -0.031250
vt -0.074577 -0.031250
vt -0.077037 1.062500
vt 0.707952 1.062500
vt 0.707952 -0.031250
vt 1.020472 -0.031250
vt 1.020472 1.062500
vt 0.000145 1.062500
vt 0.000145 -0.031250
vt 0.009989 -0.031250
vt -0.002315 1.062500
vt 0.979537 1.062500
vt 0.977076 -0.031250
vt 0.558743 -0.031250
vt 0.558743 1.062500
vt 0.661633 1.007812
vt 0.661633 0.007813
vt -0.005239 0.007813
vt 0.002143 1.007812
vt 1.008603 1.007812
vt 1.008603 0.007813
vt 0.988917 0.007813
vt 0.988917 1.007812
vt 0.261363 1.007812
vt 0.261363 0.007813
vt 0.997137 0.007813
vt 0.994676 1.007812
vt 0.012824 1.007812
vt 0.012824 0.007813
vt 1.004519 0.007813
vt 1.004519 1.007812
vt 0.193299 1.007812
vt 0.193299 0.007813
vt 1.002897 0.007813
vt 1.010279 1.007812
vt 0.018584 1.007812
vt 0.016123 0.007813
vt 0.997975 0.007813
vt 0.997975 1.007812
vt 0.002196 1.007812
vt 0.002196 0.007813
vt -0.005186 0.007813
vt 1.018499 1.007812
vt 1.018499 0.007813
vt 0.287621 -0.031250
vt 0.287621 1.062500
vt 1.006195 0.007813
vt 1.006195 1.007812
vt -0.388800 -0.893092
vt -0.150849 -0.893092
vt -0.150849 -0.590224
vt 0.045606 -0.590224
vt 0.045606 -0.287355
vt 0.242061 -0.287355
vt 0.242061 0.015513
vt 0.438516 0.015513
vt 0.438516 0.318382
vt 0.634970 0.318382
vt 0.634971 0.621251
vt 0.831425 0.621251
vt 0.831425 0.924119
vt 1.027880 0.924119
vt 1.027880 1.226987
vt 1.224336 1.226988
vt 1.224336 1.529856
vt 1.420790 1.529856
vt 1.420790 1.896698
vt -0.388800 1.896698
vt -0.719699 -1.144616
vt 1.713839 -1.144616
vt 1.713839 -0.711134
vt 1.449647 -0.711134
vt 1.449647 -0.353247
vt 1.185454 -0.353247
vt 1.185454 0.004640
vt 0.921261 0.004640
vt 0.921261 0.362528
vt 0.657068 0.362528
vt 0.657068 0.720415
vt 0.392876 0.720416
vt 0.392876 1.078303
vt 0.128683 1.078303
vt 0.128683 1.436190
vt -0.135510 1.436190
vt -0.135510 1.794078
vt -0.399702 1.794078
vt -0.399702 2.151965
vt -0.719699 2.151965
vt 1.079223 1.231938
vt 0.420777 1.231938
vt 0.420777 0.480689
vt 1.079222 0.480689
vt 1.264318 1.411236
vt 0.235682 1.411236
vt 0.235682 -0.010557
vt 1.264318 -0.010557
vt 1.051566 0.465825
vt 0.448434 0.465825
vt 0.448434 1.213802
vt 1.051566 1.221282
vt 0.992513 0.982116
vt 0.054702 0.982116
vt 0.054702 0.060002
vt 0.992513 0.060002
vt 1.030523 1.186401
vt 0.469477 1.193358
vt 0.469477 0.455827
vt 1.030523 0.455827
vt 1.020884 1.033811
vt 0.046018 1.033811
vt 0.046018 -0.005747
vt 1.020884 -0.005747
vt 0.315887 0.506618
vt 1.184114 0.506618
vt 1.184114 1.122992
vt 0.315887 1.127156
vt 1.161992 1.041800
vt 0.338008 1.041800
vt 0.338008 0.091760
vt 1.161992 0.091760
vt 0.767992 -0.241853
vt 0.782479 0.901412
vt 0.333961 0.901412
vt 0.333961 -0.201425
vt 1.003804 -0.035365
vt 1.003804 0.722588
vt -0.103152 0.722588
vt -0.124439 -0.025731
vt 0.555327 -0.547357
vt 0.555327 1.238555
vt 0.400842 1.238555
vt 0.400842 -0.547357
vt -0.067271 -0.244931
vt -0.083722 0.936371
vt 0.870453 0.936371
vt 0.870453 -0.245258
vt 0.543505 -0.642086
vt 0.543505 1.352885
vt 0.359240 1.352885
vt 0.359240 -0.642087
vt -0.288925 -0.144545
vt -0.288925 0.855343
vt 0.838785 0.855343
vt 0.838786 -0.130799
vt 0.533584 -0.734153
vt 0.533584 1.464552
vt 0.315737 1.464552
vt 0.315737 -0.734153
vt 1.061206 0.005887
vt 1.061206 0.996059
vt -0.052461 0.996059
vt -0.052461 0.021387
vt 0.398752 0.011065
vt 1.101248 0.011065
vt 1.101248 1.452631
vt 0.398752 1.452631
vt -0.074573 -0.397933
vt 1.074573 -0.397933
vt 1.074573 -0.231056
vt 0.951789 -0.231056
vt 0.951789 -0.108273
vt 0.829006 -0.108273
vt 0.829005 0.014511
vt 0.706222 0.014511
vt 0.706222 0.137295
vt 0.583438 0.137295
vt 0.583915 0.254395
vt 0.460654 0.258831
vt 0.460654 0.348927
vt 0.337870 0.348927
vt 0.337870 0.439024
vt 0.215087 0.439023
vt 0.215087 0.529120
vt 0.092303 0.529120
vt 0.092303 0.619216
vt -0.074573 0.619216
vt 0.411304 0.250000
vt 0.411304 0.500000
vt -0.780303 -2.581826
vt -0.408458 -2.581826
vt -0.408458 -1.896541
vt -0.134863 -1.896541
vt -0.134863 -1.211257
vt 0.138732 -1.211257
vt 0.138732 -0.525972
vt 0.412327 -0.525972
vt 0.412327 0.159313
vt 0.685922 0.159313
vt 0.685922 0.844598
vt 0.959518 0.844598
vt 0.959518 1.529882
vt 1.233113 1.529882
vt 1.233113 2.215167
vt 1.506708 2.215167
vt 1.506708 2.900452
vt 1.780303 2.900452
vt 1.780303 3.831826
vt -0.780303 3.831826
vt 0.000126 -2.127059
vt 0.999874 -2.127059
vt 0.999874 3.377059
vt 0.000126 3.377059
vt -0.475658 -0.850658
vt 1.475658 -0.850658
vt 1.475658 1.100658
vt -0.475658 1.100658
vt -0.803897 -0.929273
vt 1.803897 -0.929273
vt 1.803897 2.179273
vt -0.803897 2.179273
vt 0.116910 -0.501691
vt 1.383090 -0.501691
vt 1.383090 1.751691
vt 0.116910 1.751691
vt -1.968076 -0.627617
vt 2.968076 -0.627617
vt 2.968076 0.877617
vt -1.968076 0.877617
vt -0.859180 -0.984180
vt 1.859180 -0.984180
vt 1.859180 1.734180
vt -0.859180 1.734180
vt -1.226553 -0.476046
vt 2.226553 -0.476046
vt 2.226553 2.226046
vt -1.226553 2.226046
vt -0.952568 -0.625715
vt 1.952568 -0.625715
vt 1.952568 2.375715
vt -0.952568 2.375715
vt -1.194306 -0.577660
vt 2.194306 -0.577660
vt 2.194306 1.327660
vt -1.194306 1.327660
vt -1.644850 0.356117
vt 2.644850 0.356117
vt 2.644850 0.893883
vt -1.644850 0.893883
vt -0.915693 0.005141
vt 1.915693 0.005141
vt 1.915693 1.744859
vt -0.915693 1.744859
vt 0.696023 0.340909
vt 0.696023 0.909091
vt 0.684659 0.889205
vt 0.684659 0.360795
vt 0.664773 0.889205
vt 0.664773 0.360795
vt 0.653409 0.869318
vt 0.653409 0.380682
vt 0.633523 0.869318
vt 0.633523 0.380682
vt 0.622159 0.849432
vt 0.622159 0.400568
vt 0.602273 0.849432
vt 0.602273 0.400568
vt 0.545455 0.829545
vt 0.545455 0.420455
vt 0.468750 0.829545
vt 0.468750 0.420455
vt 0.468750 0.809659
vt 0.468750 0.440341
vt 0.437500 0.809659
vt 0.437500 0.440341
vt 0.437500 0.789773
vt 0.437500 0.460227
vt 0.406250 0.789773
vt 0.406250 0.460227
vt 0.406250 0.769886
vt 0.406250 0.480114
vt 0.375000 0.769886
vt 0.375000 0.480114
vt 0.343125 0.500000
vt 0.343125 0.750000
vt 0.375000 0.781250
vt 0.593125 1.000000
vt 0.375000 0.781875
vt 0.375000 0.468125
vt 0.593125 0.250000
vt 0.593750 0.250000
vt 0.375000 0.468750
vt -1.470536 -0.637616
vt 2.470536 -0.637616
vt 2.470536 1.637616
vt -1.470536 1.637616
vt -1.443024 -0.471865
vt 2.443024 -0.471865
vt 2.443024 1.471865
vt -1.443024 1.471865
vt -1.243241 -0.360962
vt 2.243241 -0.360962
vt 2.243241 1.360962
vt -1.243241 1.360962
vt -0.663471 -0.425548
vt 1.663471 -0.425548
vt 1.663471 1.425548
vt -0.663471 1.425548
vt 0.691201 0.750000
vt 0.691201 0.500000
vt 0.691201 0.500000
vt 0.691201 0.750000
vt 0.714176 0.500000
vt 0.714176 0.750000
vt 0.714176 0.500000
vt 0.714176 0.750000
vt 0.737151 0.500000
vt 0.737151 0.750000
vt 0.760126 0.500000
vt 0.760126 0.750000
vt 0.760125 0.500000
vt 0.760125 0.750000
vt 0.543820 0.331180
vt 0.510125 0.322700
vt 0.510126 0.000000
vt 0.352054 0.000000
vt 0.353827 0.305474
vt 0.510126 0.304525
vt 0.487151 0.304525
vt 0.487151 0.000000
vt 0.465556 0.407620
vt 0.469426 0.763101
vt 0.384297 0.761974
vt 0.384297 0.407620
vt 0.487151 0.286350
vt 0.464176 0.286350
vt 0.464176 0.000000
vt 0.472915 0.700149
vt 0.472915 0.334279
vt 0.360400 0.335570
vt 0.358236 0.700149
vt 0.464176 0.000000
vt 0.464176 0.268175
vt 0.441201 0.268175
vt 0.441201 0.000000
vt 0.524578 0.000000
vt 0.524578 0.268175
vt 0.308707 0.267225
vt 0.303687 0.001230
vt 0.019923 0.031642
vt 0.917577 0.031642
vt 0.917577 0.269343
vt 0.835083 0.269344
vt 0.835083 0.351838
vt 0.752589 0.351838
vt 0.752589 0.434332
vt 0.670095 0.434332
vt 0.670095 0.516826
vt 0.587601 0.516825
vt 0.587601 0.599320
vt 0.505107 0.599320
vt 0.505107 0.681814
vt 0.422613 0.681814
vt 0.422613 0.764308
vt 0.340119 0.764308
vt 0.340119 0.846802
vt 0.257625 0.846802
vt 0.257625 0.929296
vt 0.019923 0.929296
vt 0.441201 0.000000
vt 0.441201 0.250000
vt 0.533100 0.364875
vt 0.556075 0.364875
vt 0.556075 0.387849
vt 0.579050 0.387849
vt 0.579050 0.410824
vt 0.602025 0.410824
vt 0.602025 0.433799
vt 0.625000 0.433799
vt -4.684780 -7.303651
vt 5.684780 -7.303651
vt 5.684780 8.303651
vt -4.684780 8.303651
vt -4.161290 -2.655167
vt 5.161290 -2.655167
vt 5.161290 3.655167
vt -4.161290 3.655167
vt -4.261608 -0.410625
vt 5.261608 -0.410625
vt 5.261608 1.410625
vt -4.261608 1.410625
vt -3.402119 -6.892650
vt 4.402119 -6.892650
vt 4.402119 7.892650
vt -3.402119 7.892650
vt -3.114390 -7.102908
vt 4.114390 -7.102908
vt 4.114390 8.102907
vt -3.114390 8.102907
vt 0.543615 0.750000
vt 0.547490 1.000000
vt 0.717237 1.000000
vt 0.713361 0.750000
vt 0.686233 1.000000
vt 0.686233 0.750000
vt 0.731188 1.000000
vt 0.733514 0.750000
vt 0.676156 1.000000
vt 0.675381 0.750000
vt 0.720337 0.742249
vt 0.722662 1.000000
vt 0.736614 1.000000
vt 0.735064 0.750000
vt 0.672281 0.750000
vt 0.754441 1.000000
vt 0.754441 0.750000
vt 0.764518 1.000000
vt 0.763743 0.750000
vt -0.130258 -1.192907
vt 1.130258 -1.192907
vt 1.130258 1.442907
vt -0.130258 1.442907
vt -0.062239 -1.135255
vt 1.062239 -1.135255
vt 1.062239 1.885255
vt -0.062239 1.885255
vt -0.009070 -0.906482
vt 1.009070 -0.906482
vt 1.009070 2.156482
vt -0.009070 2.156482
vt -0.037125 -0.597673
vt 0.998062 -0.597673
vt 0.998062 2.128923
vt -0.037125 2.128923
vt -0.720656 0.051813
vt 1.720656 0.051813
vt 1.720656 0.948187
vt -0.720656 0.948187
vt -0.008873 -0.243000
vt 1.008873 -0.243000
vt 1.008873 1.243000
vt -0.008873 1.243000
vt 0.715133 0.643455
vt 0.715133 0.434290
vt 0.991492 0.157931
vt 0.991492 0.919814
vt 0.505968 0.434290
vt 0.000100 0.157931
vt 0.505968 0.643456
vt 0.000100 0.919814
vt 0.165310 0.022326
vt 0.847969 0.022326
vt 0.787893 0.999282
vt 0.165310 0.999282
vt 0.186504 0.007345
vt 0.816323 0.007345
vt 0.816323 0.995654
vt 0.186504 0.995654
vt 0.006978 0.434178
vt 0.006977 0.815822
vt 0.715683 0.807232
vt 0.718144 0.434178
vt 0.155319 0.003554
vt 0.791831 0.003554
vt 0.791418 1.002367
vt 0.155319 1.002367
vt 0.150665 0.009072
vt 0.842927 0.009072
vt 0.842927 0.999771
vt 0.150665 0.999771
vt 0.150560 0.164865
vt 0.808068 0.164865
vt 0.808068 0.917800
vt 0.150560 0.917802
vt 0.179603 0.108694
vt 0.179603 0.885384
vt 0.815669 0.885384
vt 0.815669 0.108694
vt 0.900548 0.006103
vt 0.082688 -0.001765
vt 0.082688 1.005419
vt 0.900548 1.005419
vt 0.008254 0.989017
vt 0.994668 0.982694
vt 0.994668 0.015172
vt 0.008254 0.015172
s 0
usemtl Suelo
f 1/1/1 2/2/1 4/3/1 3/4/1
usemtl Suelo.001
f 5/1/1 6/5/1 8/6/1 7/7/1
usemtl Suelo.002
f 9/1/1 10/5/1 12/6/1 11/7/1
usemtl Suelo.003
f 13/1/1 14/5/1 16/8/1 15/9/1
usemtl Material.640
f 17/1/1 18/10/1 20/11/1 19/12/1
usemtl Material.704
f 21/1/1 22/13/1 24/14/1 23/15/1
usemtl Material.655
f 25/1/2 26/13/2 28/16/2 27/17/2
usemtl Material.657
f 29/1/3 30/13/3 32/16/3 31/17/3
usemtl Material.658
f 33/1/4 34/13/4 36/16/4 35/17/4
usemtl Material.659
f 37/1/5 38/13/5 40/16/5 39/17/5
usemtl Material.660
f 41/1/4 42/13/4 44/16/4 43/17/4
usemtl Material.661
f 45/1/5 46/13/5 48/16/5 47/17/5
usemtl Material.662
f 49/1/2 50/13/2 52/16/2 51/17/2
usemtl Material.663
f 53/1/3 54/13/3 56/16/3 55/17/3
usemtl Material.664
f 57/1/4 58/13/4 60/16/4 59/17/4
usemtl Material.665
f 61/1/5 62/13/5 64/16/5 63/17/5
usemtl Material.666
f 65/1/4 66/13/4 68/16/4 67/17/4
usemtl Material.667
f 69/1/5 70/13/5 72/16/5 71/17/5
usemtl Material.681
f 73/1/4 74/13/4 76/16/4 75/17/4
usemtl Material.682
f 77/1/5 78/13/5 80/16/5 79/17/5
usemtl Material.396
f 81/1/2 82/13/2 84/16/2 83/17/2
usemtl Material.397
f 85/1/3 86/13/3 88/16/3 87/17/3
usemtl Material.690
f 89/1/4 90/13/4 92/16/4 91/17/4
usemtl Material.691
f 93/1/5 94/13/5 96/16/5 95/17/5
usemtl Material.692
f 97/1/4 98/13/4 100/16/4 99/17/4
usemtl Material.693
f 101/1/5 102/13/5 104/16/5 103/17/5
usemtl Material.694
f 105/1/2 106/13/2 108/16/2 107/17/2
usemtl Material.695
f 109/1/3 110/13/3 112/16/3 111/17/3
usemtl Material.696
f 113/1/2 114/13/2 116/16/2 115/17/2
usemtl Material.697
f 117/1/3 118/13/3 120/16/3 119/17/3
usemtl Material.698
f 121/1/4 122/13/4 124/16/4 123/17/4
usemtl Material.699
f 125/1/5 126/13/5 128/16/5 127/17/5
usemtl Material.701
f 129/1/4 130/13/4 132/16/4 131/17/4
usemtl Material.700
f 133/1/5 134/13/5 136/16/5 135/17/5
usemtl Material.702
f 137/1/4 138/13/4 140/16/4 139/17/4
usemtl Material.703
f 141/1/5 142/13/5 144/16/5 143/17/5
usemtl Material.403
f 145/1/1 146/18/1 148/19/1 147/20/1
usemtl Suelo_Principal.003
f 149/21/1 150/22/1 152/23/1 151/24/1
usemtl Suelo_Principal
f 153/1/1 154/25/1 156/26/1 155/27/1
usemtl Suelo_Principal.002
f 157/1/1 158/25/1 160/26/1 159/27/1
usemtl Suelo_Principal.004
f 161/21/1 162/22/1 164/23/1 163/24/1
usemtl Material.402
f 165/1/2 166/28/2 168/29/2 167/30/2
usemtl Material.399
f 169/1/5 170/28/5 172/29/5 171/30/5
usemtl Material.400
f 173/1/5 174/28/5 176/29/5 175/30/5
usemtl Material.401
f 177/1/2 178/28/2 180/29/2 179/30/2
usemtl Material.409
f 181/31/1 182/32/1 184/33/1 183/34/1
usemtl Material.617
f 185/35/2 186/13/2 188/36/2 187/37/2
usemtl Material.618
f 189/35/3 190/13/3 192/36/3 191/37/3
usemtl Material.619
f 193/35/2 194/13/2 196/36/2 195/37/2
usemtl Material.620
f 197/35/5 198/13/5 200/36/5 199/37/5
usemtl Material.621
f 201/35/3 202/13/3 204/36/3 203/37/3
usemtl Material.622
f 205/35/4 206/13/4 208/36/4 207/37/4
usemtl Material.623
f 209/35/5 210/13/5 212/36/5 211/37/5
usemtl Material.624
f 213/35/4 214/13/4 216/36/4 215/37/4
usemtl Material.625
f 217/35/3 218/13/3 220/36/3 219/37/3
usemtl Material.626
f 221/35/2 222/13/2 224/36/2 223/37/2
usemtl Material.627
f 225/35/3 226/13/3 228/36/3 227/37/3
usemtl Material.628
f 229/35/2 230/13/2 232/36/2 231/37/2
usemtl Material.629
f 233/35/5 234/13/5 236/36/5 235/37/5
usemtl Material.630
f 237/35/5 238/13/5 240/36/5 239/37/5
usemtl Material.631
f 241/35/5 242/13/5 244/36/5 243/37/5
usemtl Material.632
f 245/35/4 246/13/4 248/36/4 247/37/4
usemtl Material.639
f 249/1/1 250/13/1 252/14/1 251/15/1
usemtl Material.637
f 253/1/4 254/38/4 256/39/4 255/15/4
usemtl Material.634
f 257/1/4 258/38/4 260/39/4 259/15/4
usemtl Material.635
f 261/1/2 262/38/2 264/39/2 263/15/2
usemtl Material.636
f 265/1/2 266/38/2 268/39/2 267/15/2
usemtl Material.649
f 269/40/6 270/14/6 272/41/6 271/42/6
f 271/42/7 272/41/7 274/43/7 273/44/7
f 273/44/8 274/43/8 276/45/8 275/46/8
f 275/46/9 276/45/9 278/47/9 277/48/9
f 277/48/10 278/47/10 280/49/10 279/50/10
f 279/50/11 280/49/11 282/51/11 281/52/11
f 281/52/12 282/51/12 284/53/12 283/54/12
f 283/54/13 284/53/13 286/55/13 285/56/13
f 285/56/14 286/55/14 288/57/14 287/58/14
f 287/58/15 288/57/15 290/59/15 289/60/15
f 289/60/16 290/59/16 292/61/16 291/62/16
f 291/62/17 292/61/17 294/63/17 293/64/17
f 293/64/18 294/63/18 296/65/18 295/66/18
f 295/66/19 296/65/19 298/67/19 297/68/19
f 297/68/20 298/67/20 300/69/20 299/70/20
f 299/70/21 300/69/21 302/71/21 301/72/21
f 301/72/22 302/71/22 304/73/22 303/74/22
f 303/74/23 304/73/23 306/75/23 305/76/23
f 305/76/24 306/75/24 308/77/24 307/78/24
f 307/78/25 308/77/25 310/79/25 309/80/25
f 309/80/26 310/79/26 312/81/26 311/82/26
f 311/82/27 312/81/27 314/83/27 313/84/27
f 313/84/28 314/83/28 316/85/28 315/86/28
f 315/86/29 316/85/29 318/87/29 317/88/29
f 317/88/30 318/87/30 320/89/30 319/90/30
f 319/90/31 320/89/31 322/91/31 321/92/31
f 321/92/32 322/91/32 324/93/32 323/94/32
f 323/94/33 324/93/33 326/95/33 325/96/33
f 325/96/34 326/95/34 328/97/34 327/98/34
f 327/98/35 328/97/35 330/99/35 329/100/35
f 272/101/1 270/102/1 332/103/1 330/104/1 328/105/1 326/106/1 324/107/1 322/108/1 320/109/1 318/110/1 316/111/1 314/112/1 312/113/1 310/114/1 308/115/1 306/116/1 304/117/1 302/118/1 300/119/1 298/120/1 296/121/1 294/122/1 292/123/1 290/124/1 288/125/1 286/126/1 284/127/1 282/128/1 280/129/1 278/130/1 276/131/1 274/132/1
f 329/100/36 330/99/36 332/133/36 331/134/36
f 331/134/37 332/133/37 270/15/37 269/135/37
f 269/136/38 271/137/38 273/138/38 275/139/38 277/140/38 279/141/38 281/142/38 283/143/38 285/144/38 287/145/38 289/146/38 291/147/38 293/148/38 295/149/38 297/150/38 299/151/38 301/152/38 303/153/38 305/154/38 307/155/38 309/156/38 311/157/38 313/158/38 315/159/38 317/160/38 319/161/38 321/162/38 323/163/38 325/164/38 327/165/38 329/166/38 331/167/38
usemtl Material.642
f 333/40/6 334/14/6 336/41/6 335/42/6
f 335/42/39 336/41/39 338/43/39 337/44/39
f 337/44/40 338/43/40 340/45/40 339/46/40
f 339/46/41 340/45/41 342/47/41 341/48/41
f 341/48/42 342/47/42 344/49/42 343/50/42
f 343/50/11 344/49/11 346/51/11 345/52/11
f 345/52/43 346/51/43 348/53/43 347/54/43
f 347/54/44 348/53/44 350/55/44 349/56/44
f 349/56/45 350/55/45 352/57/45 351/58/45
f 351/58/46 352/57/46 354/59/46 353/60/46
f 353/60/16 354/59/16 356/61/16 355/62/16
f 355/62/47 356/61/47 358/63/47 357/64/47
f 357/64/18 358/63/18 360/65/18 359/66/18
f 359/66/48 360/65/48 362/67/48 361/68/48
f 361/68/49 362/67/49 364/69/49 363/70/49
f 363/70/21 364/69/21 366/71/21 365/72/21
f 365/72/22 366/71/22 368/73/22 367/74/22
f 367/74/50 368/73/50 370/75/50 369/76/50
f 369/76/51 370/75/51 372/77/51 371/78/51
f 371/78/52 372/77/52 374/79/52 373/80/52
f 373/80/53 374/79/53 376/81/53 375/82/53
f 375/82/27 376/81/27 378/83/27 377/84/27
f 377/84/28 378/83/28 380/85/28 379/86/28
f 379/86/29 380/85/29 382/87/29 381/88/29
f 381/88/54 382/87/54 384/89/54 383/90/54
f 383/90/31 384/89/31 386/91/31 385/92/31
f 385/92/32 386/91/32 388/93/32 387/94/32
f 387/94/55 388/93/55 390/95/55 389/96/55
f 389/96/56 390/95/56 392/97/56 391/98/56
f 391/98/57 392/97/57 394/99/57 393/100/57
f 336/101/1 334/102/1 396/103/1 394/104/1 392/105/1 390/106/1 388/107/1 386/108/1 384/109/1 382/110/1 380/111/1 378/112/1 376/113/1 374/114/1 372/115/1 370/116/1 368/117/1 366/118/1 364/119/1 362/120/1 360/121/1 358/122/1 356/123/1 354/124/1 352/125/1 350/126/1 348/127/1 346/128/1 344/129/1 342/130/1 340/131/1 338/132/1
f 393/100/58 394/99/58 396/133/58 395/134/58
f 395/134/37 396/133/37 334/15/37 333/135/37
f 333/136/38 335/137/38 337/138/38 339/139/38 341/140/38 343/141/38 345/142/38 347/143/38 349/144/38 351/145/38 353/146/38 355/147/38 357/148/38 359/149/38 361/150/38 363/151/38 365/152/38 367/153/38 369/154/38 371/155/38 373/156/38 375/157/38 377/158/38 379/159/38 381/160/38 383/161/38 385/162/38 387/163/38 389/164/38 391/165/38 393/166/38 395/167/38
usemtl Material.643
f 397/40/6 398/14/6 400/41/6 399/42/6
f 399/42/7 400/41/7 402/43/7 401/44/7
f 401/44/59 402/43/59 404/45/59 403/46/59
f 403/46/41 404/45/41 406/47/41 405/48/41
f 405/48/60 406/47/60 408/49/60 407/50/60
f 407/50/61 408/49/61 410/51/61 409/52/61
f 409/52/43 410/51/43 412/53/43 411/54/43
f 411/54/44 412/53/44 414/55/44 413/56/44
f 413/56/45 414/55/45 416/57/45 415/58/45
f 415/58/46 416/57/46 418/59/46 417/60/46
f 417/60/62 418/59/62 420/61/62 419/62/62
f 419/62/63 420/61/63 422/63/63 421/64/63
f 421/64/18 422/63/18 424/65/18 423/66/18
f 423/66/64 424/65/64 426/67/64 425/68/64
f 425/68/20 426/67/20 428/69/20 427/70/20
f 427/70/21 428/69/21 430/71/21 429/72/21
f 429/72/22 430/71/22 432/73/22 431/74/22
f 431/74/50 432/73/50 434/75/50 433/76/50
f 433/76/24 434/75/24 436/77/24 435/78/24
f 435/78/52 436/77/52 438/79/52 437/80/52
f 437/80/65 438/79/65 440/81/65 439/82/65
f 439/82/66 440/81/66 442/83/66 441/84/66
f 441/84/28 442/83/28 444/85/28 443/86/28
f 443/86/29 444/85/29 446/87/29 445/88/29
f 445/88/54 446/87/54 448/89/54 447/90/54
f 447/90/31 448/89/31 450/91/31 449/92/31
f 449/92/67 450/91/67 452/93/67 451/94/67
f 451/94/68 452/93/68 454/95/68 453/96/68
f 453/96/69 454/95/69 456/97/69 455/98/69
f 455/98/70 456/97/70 458/99/70 457/100/70
f 400/101/1 398/102/1 460/103/1 458/104/1 456/105/1 454/106/1 452/107/1 450/108/1 448/109/1 446/110/1 444/111/1 442/112/1 440/113/1 438/114/1 436/115/1 434/116/1 432/117/1 430/118/1 428/119/1 426/120/1 424/121/1 422/122/1 420/123/1 418/124/1 416/125/1 414/126/1 412/127/1 410/128/1 408/129/1 406/130/1 404/131/1 402/132/1
f 457/100/58 458/99/58 460/133/58 459/134/58
f 459/134/37 460/133/37 398/15/37 397/135/37
f 397/136/38 399/137/38 401/138/38 403/139/38 405/140/38 407/141/38 409/142/38 411/143/38 413/144/38 415/145/38 417/146/38 419/147/38 421/148/38 423/149/38 425/150/38 427/151/38 429/152/38 431/153/38 433/154/38 435/155/38 437/156/38 439/157/38 441/158/38 443/159/38 445/160/38 447/161/38 449/162/38 451/163/38 453/164/38 455/165/38 457/166/38 459/167/38
usemtl Material.644
f 461/40/71 462/14/71 464/41/71 463/42/71
f 463/42/72 464/41/72 466/43/72 465/44/72
f 465/44/40 466/43/40 468/45/40 467/46/40
f 467/46/73 468/45/73 470/47/73 469/48/73
f 469/48/60 470/47/60 472/49/60 471/50/60
f 471/50/11 472/49/11 474/51/11 473/52/11
f 473/52/12 474/51/12 476/53/12 475/54/12
f 475/54/74 476/53/74 478/55/74 477/56/74
f 477/56/14 478/55/14 480/57/14 479/58/14
f 479/58/15 480/57/15 482/59/15 481/60/15
f 481/60/16 482/59/16 484/61/16 483/62/16
f 483/62/63 484/61/63 486/63/63 485/64/63
f 485/64/75 486/63/75 488/65/75 487/66/75
f 487/66/48 488/65/48 490/67/48 489/68/48
f 489/68/76 490/67/76 492/69/76 491/70/76
f 491/70/77 492/69/77 494/71/77 493/72/77
f 493/72/22 494/71/22 496/73/22 495/74/22
f 495/74/78 496/73/78 498/75/78 497/76/78
f 497/76/24 498/75/24 500/77/24 499/78/24
f 499/78/79 500/77/79 502/79/79 501/80/79
f 501/80/80 502/79/80 504/81/80 503/82/80
f 503/82/66 504/81/66 506/83/66 505/84/66
f 505/84/28 506/83/28 508/85/28 507/86/28
f 507/86/81 508/85/81 510/87/81 509/88/81
f 509/88/82 510/87/82 512/89/82 511/90/82
f 511/90/31 512/89/31 514/91/31 513/92/31
f 513/92/67 514/91/67 516/93/67 515/94/67
f 515/94/83 516/93/83 518/95/83 517/96/83
f 517/96/84 518/95/84 520/97/84 519/98/84
f 519/98/70 520/97/70 522/99/70 521/100/70
f 464/101/1 462/102/1 524/103/1 522/104/1 520/105/1 518/106/1 516/107/1 514/108/1 512/109/1 510/110/1 508/111/1 506/112/1 504/113/1 502/114/1 500/115/1 498/116/1 496/117/1 494/118/1 492/119/1 490/120/1 488/121/1 486/122/1 484/123/1 482/124/1 480/125/1 478/126/1 476/127/1 474/128/1 472/129/1 470/130/1 468/131/1 466/132/1
f 521/100/85 522/99/85 524/133/85 523/134/85
f 523/134/37 524/133/37 462/15/37 461/135/37
f 461/136/38 463/137/38 465/138/38 467/139/38 469/140/38 471/141/38 473/142/38 475/143/38 477/144/38 479/145/38 481/146/38 483/147/38 485/148/38 487/149/38 489/150/38 491/151/38 493/152/38 495/153/38 497/154/38 499/155/38 501/156/38 503/157/38 505/158/38 507/159/38 509/160/38 511/161/38 513/162/38 515/163/38 517/164/38 519/165/38 521/166/38 523/167/38
usemtl Material.645
f 525/40/71 526/14/71 528/41/71 527/42/71
f 527/42/39 528/41/39 530/43/39 529/44/39
f 529/44/59 530/43/59 532/45/59 531/46/59
f 531/46/41 532/45/41 534/47/41 533/48/41
f 533/48/60 534/47/60 536/49/60 535/50/60
f 535/50/11 536/49/11 538/51/11 537/52/11
f 537/52/12 538/51/12 540/53/12 539/54/12
f 539/54/74 540/53/74 542/55/74 541/56/74
f 541/56/14 542/55/14 544/57/14 543/58/14
f 543/58/15 544/57/15 546/59/15 545/60/15
f 545/60/16 546/59/16 548/61/16 547/62/16
f 547/62/63 548/61/63 550/63/63 549/64/63
f 549/64/18 550/63/18 552/65/18 551/66/18
f 551/66/64 552/65/64 554/67/64 553/68/64
f 553/68/49 554/67/49 556/69/49 555/70/49
f 555/70/77 556/69/77 558/71/77 557/72/77
f 557/72/22 558/71/22 560/73/22 559/74/22
f 559/74/78 560/73/78 562/75/78 561/76/78
f 561/76/24 562/75/24 564/77/24 563/78/24
f 563/78/52 564/77/52 566/79/52 565/80/52
f 565/80/86 566/79/86 568/81/86 567/82/86
f 567/82/66 568/81/66 570/83/66 569/84/66
f 569/84/28 570/83/28 572/85/28 571/86/28
f 571/86/29 572/85/29 574/87/29 573/88/29
f 573/88/54 574/87/54 576/89/54 575/90/54
f 575/90/31 576/89/31 578/91/31 577/92/31
f 577/92/67 578/91/67 580/93/67 579/94/67
f 579/94/33 580/93/33 582/95/33 581/96/33
f 581/96/69 582/95/69 584/97/69 583/98/69
f 583/98/70 584/97/70 586/99/70 585/100/70
f 528/101/1 526/102/1 588/103/1 586/104/1 584/105/1 582/106/1 580/107/1 578/108/1 576/109/1 574/110/1 572/111/1 570/112/1 568/113/1 566/114/1 564/115/1 562/116/1 560/117/1 558/118/1 556/119/1 554/120/1 552/121/1 550/122/1 548/123/1 546/124/1 544/125/1 542/126/1 540/127/1 538/128/1 536/129/1 534/130/1 532/131/1 530/132/1
f 585/100/85 586/99/85 588/133/85 587/134/85
f 587/134/37 588/133/37 526/15/37 525/135/37
f 525/136/38 527/137/38 529/138/38 531/139/38 533/140/38 535/141/38 537/142/38 539/143/38 541/144/38 543/145/38 545/146/38 547/147/38 549/148/38 551/149/38 553/150/38 555/151/38 557/152/38 559/153/38 561/154/38 563/155/38 565/156/38 567/157/38 569/158/38 571/159/38 573/160/38 575/161/38 577/162/38 579/163/38 581/164/38 583/165/38 585/166/38 587/167/38
usemtl Material.646
f 589/40/6 590/14/6 592/41/6 591/42/6
f 591/42/7 592/41/7 594/43/7 593/44/7
f 593/44/40 594/43/40 596/45/40 595/46/40
f 595/46/87 596/45/87 598/47/87 597/48/87
f 597/48/10 598/47/10 600/49/10 599/50/10
f 599/50/88 600/49/88 602/51/88 601/52/88
f 601/52/89 602/51/89 604/53/89 603/54/89
f 603/54/90 604/53/90 606/55/90 605/56/90
f 605/56/91 606/55/91 608/57/91 607/58/91
f 607/58/92 608/57/92 610/59/92 609/60/92
f 609/60/93 610/59/93 612/61/93 611/62/93
f 611/62/94 612/61/94 614/63/94 613/64/94
f 613/64/95 614/63/95 616/65/95 615/66/95
f 615/66/48 616/65/48 618/67/48 617/68/48
f 617/68/20 618/67/20 620/69/20 619/70/20
f 619/70/21 620/69/21 622/71/21 621/72/21
f 621/72/96 622/71/96 624/73/96 623/74/96
f 623/74/50 624/73/50 626/75/50 625/76/50
f 625/76/97 626/75/97 628/77/97 627/78/97
f 627/78/52 628/77/52 630/79/52 629/80/52
f 629/80/86 630/79/86 632/81/86 631/82/86
f 631/82/98 632/81/98 634/83/98 633/84/98
f 633/84/99 634/83/99 636/85/99 635/86/99
f 635/86/100 636/85/100 638/87/100 637/88/100
f 637/88/101 638/87/101 640/89/101 639/90/101
f 639/90/102 640/89/102 642/91/102 641/92/102
f 641/92/103 642/91/103 644/93/103 643/94/103
f 643/94/33 644/93/33 646/95/33 645/96/33
f 645/96/69 646/95/69 648/97/69 647/98/69
f 647/98/104 648/97/104 650/99/104 649/100/104
f 592/101/1 590/102/1 652/103/1 650/104/1 648/105/1 646/106/1 644/107/1 642/108/1 640/109/1 638/110/1 636/111/1 634/112/1 632/113/1 630/114/1 628/115/1 626/116/1 624/117/1 622/118/1 620/119/1 618/120/1 616/121/1 614/122/1 612/123/1 610/124/1 608/125/1 606/126/1 604/127/1 602/128/1 600/129/1 598/130/1 596/131/1 594/132/1
f 649/100/58 650/99/58 652/133/58 651/134/58
f 651/134/105 652/133/105 590/15/105 589/135/105
f 589/136/38 591/137/38 593/138/38 595/139/38 597/140/38 599/141/38 601/142/38 603/143/38 605/144/38 607/145/38 609/146/38 611/147/38 613/148/38 615/149/38 617/150/38 619/151/38 621/152/38 623/153/38 625/154/38 627/155/38 629/156/38 631/157/38 633/158/38 635/159/38 637/160/38 639/161/38 641/162/38 643/163/38 645/164/38 647/165/38 649/166/38 651/167/38
usemtl Material.647
f 653/40/6 654/14/6 656/41/6 655/42/6
f 655/42/39 656/41/39 658/43/39 657/44/39
f 657/44/40 658/43/40 660/45/40 659/46/40
f 659/46/41 660/45/41 662/47/41 661/48/41
f 661/48/42 662/47/42 664/49/42 663/50/42
f 663/50/11 664/49/11 666/51/11 665/52/11
f 665/52/12 666/51/12 668/53/12 667/54/12
f 667/54/74 668/53/74 670/55/74 669/56/74
f 669/56/14 670/55/14 672/57/14 671/58/14
f 671/58/15 672/57/15 674/59/15 673/60/15
f 673/60/16 674/59/16 676/61/16 675/62/16
f 675/62/47 676/61/47 678/63/47 677/64/47
f 677/64/18 678/63/18 680/65/18 679/66/18
f 679/66/48 680/65/48 682/67/48 681/68/48
f 681/68/49 682/67/49 684/69/49 683/70/49
f 683/70/21 684/69/21 686/71/21 685/72/21
f 685/72/96 686/71/96 688/73/96 687/74/96
f 687/74/50 688/73/50 690/75/50 689/76/50
f 689/76/24 690/75/24 692/77/24 691/78/24
f 691/78/52 692/77/52 694/79/52 693/80/52
f 693/80/86 694/79/86 696/81/86 695/82/86
f 695/82/98 696/81/98 698/83/98 697/84/98
f 697/84/28 698/83/28 700/85/28 699/86/28
f 699/86/29 700/85/29 702/87/29 701/88/29
f 701/88/54 702/87/54 704/89/54 703/90/54
f 703/90/31 704/89/31 706/91/31 705/92/31
f 705/92/103 706/91/103 708/93/103 707/94/103
f 707/94/33 708/93/33 710/95/33 709/96/33
f 709/96/69 710/95/69 712/97/69 711/98/69
f 711/98/70 712/97/70 714/99/70 713/100/70
f 656/101/1 654/102/1 716/103/1 714/104/1 712/105/1 710/106/1 708/107/1 706/108/1 704/109/1 702/110/1 700/111/1 698/112/1 696/113/1 694/114/1 692/115/1 690/116/1 688/117/1 686/118/1 684/119/1 682/120/1 680/121/1 678/122/1 676/123/1 674/124/1 672/125/1 670/126/1 668/127/1 666/128/1 664/129/1 662/130/1 660/131/1 658/132/1
f 713/100/58 714/99/58 716/133/58 715/134/58
f 715/134/105 716/133/105 654/15/105 653/135/105
f 653/136/38 655/137/38 657/138/38 659/139/38 661/140/38 663/141/38 665/142/38 667/143/38 669/144/38 671/145/38 673/146/38 675/147/38 677/148/38 679/149/38 681/150/38 683/151/38 685/152/38 687/153/38 689/154/38 691/155/38 693/156/38 695/157/38 697/158/38 699/159/38 701/160/38 703/161/38 705/162/38 707/163/38 709/164/38 711/165/38 713/166/38 715/167/38
usemtl Material.648
f 717/40/6 718/14/6 720/41/6 719/42/6
f 719/42/39 720/41/39 722/43/39 721/44/39
f 721/44/106 722/43/106 724/45/106 723/46/106
f 723/46/9 724/45/9 726/47/9 725/48/9
f 725/48/42 726/47/42 728/49/42 727/50/42
f 727/50/107 728/49/107 730/51/107 729/52/107
f 729/52/12 730/51/12 732/53/12 731/54/12
f 731/54/13 732/53/13 734/55/13 733/56/13
f 733/56/14 734/55/14 736/57/14 735/58/14
f 735/58/15 736/57/15 738/59/15 737/60/15
f 737/60/16 738/59/16 740/61/16 739/62/16
f 739/62/47 740/61/47 742/63/47 741/64/47
f 741/64/18 742/63/18 744/65/18 743/66/18
f 743/66/48 744/65/48 746/67/48 745/68/48
f 745/68/49 746/67/49 748/69/49 747/70/49
f 747/70/21 748/69/21 750/71/21 749/72/21
f 749/72/96 750/71/96 752/73/96 751/74/96
f 751/74/50 752/73/50 754/75/50 753/76/50
f 753/76/24 754/75/24 756/77/24 755/78/24
f 755/78/52 756/77/52 758/79/52 757/80/52
f 757/80/86 758/79/86 760/81/86 759/82/86
f 759/82/98 760/81/98 762/83/98 761/84/98
f 761/84/28 762/83/28 764/85/28 763/86/28
f 763/86/29 764/85/29 766/87/29 765/88/29
f 765/88/30 766/87/30 768/89/30 767/90/30
f 767/90/31 768/89/31 770/91/31 769/92/31
f 769/92/32 770/91/32 772/93/32 771/94/32
f 771/94/33 772/93/33 774/95/33 773/96/33
f 773/96/108 774/95/108 776/97/108 775/98/108
f 775/98/35 776/97/35 778/99/35 777/100/35
f 720/101/1 718/102/1 780/103/1 778/104/1 776/105/1 774/106/1 772/107/1 770/108/1 768/109/1 766/110/1 764/111/1 762/112/1 760/113/1 758/114/1 756/115/1 754/116/1 752/117/1 750/118/1 748/119/1 746/120/1 744/121/1 742/122/1 740/123/1 738/124/1 736/125/1 734/126/1 732/127/1 730/128/1 728/129/1 726/130/1 724/131/1 722/132/1
f 777/100/58 778/99/58 780/133/58 779/134/58
f 779/134/105 780/133/105 718/15/105 717/135/105
f 717/136/38 719/137/38 721/138/38 723/139/38 725/140/38 727/141/38 729/142/38 731/143/38 733/144/38 735/145/38 737/146/38 739/147/38 741/148/38 743/149/38 745/150/38 747/151/38 749/152/38 751/153/38 753/154/38 755/155/38 757/156/38 759/157/38 761/158/38 763/159/38 765/160/38 767/161/38 769/162/38 771/163/38 773/164/38 775/165/38 777/166/38 779/167/38
usemtl Material.652
f 781/1/5 782/13/5 784/14/5 783/15/5
usemtl Material.654
f 785/1/2 786/13/2 788/14/2 787/15/2
usemtl Material.735
f 789/168/109 790/169/109 792/170/109 791/171/109
f 791/172/110 792/173/110 796/174/110 795/175/110
f 795/176/111 796/177/111 794/178/111 793/179/111
f 793/180/112 794/181/112 790/182/112 789/183/112
f 791/96/38 795/80/38 793/179/38 789/184/38
f 796/185/1 792/186/1 790/187/1 794/188/1
usemtl Material.736
f 797/168/109 798/169/109 800/189/109 799/190/109
f 799/190/113 800/189/113 804/64/113 803/80/113
f 803/80/111 804/64/111 802/178/111 801/179/111
f 801/179/114 802/178/114 798/63/114 797/79/114
f 799/96/38 803/80/38 801/179/38 797/184/38
f 804/64/1 800/48/1 798/191/1 802/178/1
usemtl Material.737
f 805/168/109 806/169/109 808/189/109 807/190/109
f 807/190/110 808/189/110 812/64/110 811/80/110
f 811/80/111 812/64/111 810/178/111 809/179/111
f 809/179/112 810/178/112 806/63/112 805/79/112
f 807/96/38 811/80/38 809/179/38 805/184/38
f 812/64/1 808/48/1 806/191/1 810/178/1
usemtl Material.738
f 813/168/109 814/169/109 816/189/109 815/190/109
f 815/190/113 816/189/113 820/64/113 819/80/113
f 819/80/111 820/64/111 818/178/111 817/179/111
f 817/179/114 818/178/114 814/63/114 813/79/114
f 815/96/38 819/80/38 817/179/38 813/184/38
f 820/64/1 816/48/1 814/191/1 818/178/1
usemtl Material.739
f 821/168/109 822/169/109 824/189/109 823/190/109
f 823/190/110 824/189/110 828/64/110 827/80/110
f 827/80/115 828/64/115 826/178/115 825/179/115
f 825/179/114 826/178/114 822/63/114 821/79/114
f 823/96/38 827/80/38 825/179/38 821/184/38
f 828/64/1 824/48/1 822/191/1 826/178/1
usemtl Material.740
f 829/168/109 830/169/109 832/189/109 831/190/109
f 831/190/110 832/189/110 836/64/110 835/80/110
f 835/80/111 836/64/111 834/178/111 833/179/111
f 833/179/112 834/178/112 830/63/112 829/79/112
f 831/96/38 835/80/38 833/179/38 829/184/38
f 836/64/1 832/48/1 830/191/1 834/178/1
usemtl Material.741
f 837/168/109 838/169/109 840/189/109 839/190/109
f 839/190/110 840/189/110 844/64/110 843/80/110
f 843/80/111 844/64/111 842/178/111 841/179/111
f 841/179/112 842/178/112 838/63/112 837/79/112
f 839/96/38 843/80/38 841/179/38 837/184/38
f 844/64/1 840/48/1 838/191/1 842/178/1
usemtl Material.742
f 845/168/109 846/169/109 848/189/109 847/190/109
f 847/190/110 848/189/110 852/64/110 851/80/110
f 851/80/111 852/64/111 850/178/111 849/179/111
f 849/179/112 850/178/112 846/63/112 845/79/112
f 847/96/38 851/80/38 849/179/38 845/184/38
f 852/64/1 848/48/1 846/191/1 850/178/1
usemtl Material.743
f 853/168/109 854/169/109 856/189/109 855/190/109
f 855/190/113 856/189/113 860/64/113 859/80/113
f 859/80/111 860/64/111 858/178/111 857/179/111
f 857/179/114 858/178/114 854/63/114 853/79/114
f 855/96/38 859/80/38 857/179/38 853/184/38
f 860/64/1 856/48/1 854/191/1 858/178/1
usemtl Material.744
f 861/168/109 862/169/109 864/189/109 863/190/109
f 863/190/110 864/189/110 868/64/110 867/80/110
f 867/80/115 868/64/115 866/178/115 865/179/115
f 865/179/114 866/178/114 862/63/114 861/79/114
f 863/96/38 867/80/38 865/179/38 861/184/38
f 868/64/1 864/48/1 862/191/1 866/178/1
usemtl Material.745
f 869/168/109 870/169/109 872/189/109 871/190/109
f 871/190/1 872/189/1 876/64/1 875/80/1
f 875/80/115 876/64/115 874/178/115 873/179/115
f 873/179/38 874/178/38 870/63/38 869/79/38
f 871/96/110 875/80/110 873/179/110 869/184/110
f 876/64/112 872/48/112 870/191/112 874/178/112
usemtl Material.746
f 877/168/110 878/169/110 880/189/110 879/190/110
f 879/190/111 880/189/111 884/64/111 883/80/111
f 883/80/112 884/64/112 882/178/112 881/179/112
f 881/179/109 882/178/109 878/63/109 877/79/109
f 879/96/38 883/80/38 881/179/38 877/184/38
f 884/64/1 880/48/1 878/191/1 882/178/1
usemtl Material.747
f 885/168/110 886/169/110 888/189/110 887/190/110
f 887/190/116 888/189/116 892/64/116 891/80/116
f 891/80/112 892/64/112 890/178/112 889/179/112
f 889/179/109 890/178/109 886/63/109 885/79/109
f 887/96/38 891/80/38 889/179/38 885/184/38
f 892/64/1 888/48/1 886/191/1 890/178/1
usemtl Material.748
f 893/168/110 894/169/110 896/189/110 895/190/110
f 895/190/111 896/189/111 900/64/111 899/80/111
f 899/80/112 900/64/112 898/178/112 897/179/112
f 897/179/109 898/178/109 894/63/109 893/79/109
f 895/96/38 899/80/38 897/179/38 893/184/38
f 900/64/1 896/48/1 894/191/1 898/178/1
usemtl Material.749
f 901/168/110 902/169/110 904/189/110 903/190/110
f 903/190/111 904/189/111 908/64/111 907/80/111
f 907/80/112 908/64/112 906/178/112 905/179/112
f 905/179/109 906/178/109 902/63/109 901/79/109
f 903/96/38 907/80/38 905/179/38 901/184/38
f 908/64/1 904/48/1 902/191/1 906/178/1
usemtl Material.750
f 909/168/113 910/169/113 912/189/113 911/190/113
f 911/190/111 912/189/111 916/64/111 915/80/111
f 915/80/114 916/64/114 914/178/114 913/179/114
f 913/179/109 914/178/109 910/63/109 909/79/109
f 911/96/38 915/80/38 913/179/38 909/184/38
f 916/64/1 912/48/1 910/191/1 914/178/1
usemtl Material.751
f 917/168/113 918/169/113 920/189/113 919/190/113
f 919/190/1 920/189/1 924/64/1 923/80/1
f 923/80/112 924/64/112 922/178/112 921/179/112
f 921/179/38 922/178/38 918/63/38 917/79/38
f 919/96/111 923/80/111 921/179/111 917/184/111
f 924/64/109 920/48/109 918/191/109 922/178/109
usemtl Material.752
f 925/168/111 926/169/111 928/189/111 927/190/111
f 927/190/112 928/189/112 932/64/112 931/80/112
f 931/80/109 932/64/109 930/178/109 929/179/109
f 929/179/110 930/178/110 926/63/110 925/79/110
f 927/96/38 931/80/38 929/179/38 925/184/38
f 932/64/1 928/48/1 926/191/1 930/178/1
usemtl Material.753
f 933/168/111 934/169/111 936/189/111 935/190/111
f 935/190/112 936/189/112 940/64/112 939/80/112
f 939/80/109 940/64/109 938/178/109 937/179/109
f 937/179/110 938/178/110 934/63/110 933/79/110
f 935/96/38 939/80/38 937/179/38 933/184/38
f 940/64/1 936/48/1 934/191/1 938/178/1
usemtl Material.754
f 941/168/111 942/169/111 944/189/111 943/190/111
f 943/190/112 944/189/112 948/64/112 947/80/112
f 947/80/109 948/64/109 946/178/109 945/179/109
f 945/179/110 946/178/110 942/63/110 941/79/110
f 943/96/38 947/80/38 945/179/38 941/184/38
f 948/64/1 944/48/1 942/191/1 946/178/1
usemtl Material.755
f 949/168/111 950/169/111 952/189/111 951/190/111
f 951/190/112 952/189/112 956/64/112 955/80/112
f 955/80/117 956/64/117 954/178/117 953/179/117
f 953/179/113 954/178/113 950/63/113 949/79/113
f 951/96/38 955/80/38 953/179/38 949/184/38
f 956/64/1 952/48/1 950/191/1 954/178/1
usemtl Material.756
f 957/168/111 958/169/111 960/189/111 959/190/111
f 959/190/112 960/189/112 964/64/112 963/80/112
f 963/80/109 964/64/109 962/178/109 961/179/109
f 961/179/110 962/178/110 958/63/110 957/79/110
f 959/96/38 963/80/38 961/179/38 957/184/38
f 964/64/1 960/48/1 958/191/1 962/178/1
usemtl Material.757
f 965/168/111 966/169/111 968/189/111 967/190/111
f 967/190/1 968/189/1 972/64/1 971/80/1
f 971/80/109 972/64/109 970/178/109 969/179/109
f 969/179/38 970/178/38 966/63/38 965/79/38
f 967/96/112 971/80/112 969/179/112 965/184/112
f 972/64/110 968/48/110 966/191/110 970/178/110
usemtl Material.758
f 973/168/112 974/169/112 976/189/112 975/190/112
f 975/190/109 976/189/109 980/64/109 979/80/109
f 979/80/110 980/64/110 978/178/110 977/179/110
f 977/179/111 978/178/111 974/63/111 973/79/111
f 975/96/38 979/80/38 977/179/38 973/184/38
f 980/64/1 976/48/1 974/191/1 978/178/1
usemtl Material.759
f 981/168/112 982/169/112 984/189/112 983/190/112
f 983/190/109 984/189/109 988/64/109 987/80/109
f 987/80/110 988/64/110 986/178/110 985/179/110
f 985/179/111 986/178/111 982/63/111 981/79/111
f 983/96/38 987/80/38 985/179/38 981/184/38
f 988/64/1 984/48/1 982/191/1 986/178/1
usemtl Material.760
f 989/168/112 990/169/112 992/189/112 991/190/112
f 991/190/109 992/189/109 996/64/109 995/80/109
f 995/80/110 996/64/110 994/178/110 993/179/110
f 993/179/111 994/178/111 990/63/111 989/79/111
f 991/96/38 995/80/38 993/179/38 989/184/38
f 996/64/1 992/48/1 990/191/1 994/178/1
usemtl Material.761
f 997/168/114 998/169/114 1000/189/114 999/190/114
f 999/190/109 1000/189/109 1004/64/109 1003/80/109
f 1003/80/110 1004/64/110 1002/178/110 1001/179/110
f 1001/179/115 1002/178/115 998/63/115 997/79/115
f 999/96/38 1003/80/38 1001/179/38 997/184/38
f 1004/64/1 1000/48/1 998/191/1 1002/178/1
usemtl Material.762
f 1005/168/112 1006/169/112 1008/189/112 1007/190/112
f 1007/190/117 1008/189/117 1012/64/117 1011/80/117
f 1011/80/113 1012/64/113 1010/178/113 1009/179/113
f 1009/179/111 1010/178/111 1006/63/111 1005/79/111
f 1007/96/38 1011/80/38 1009/179/38 1005/184/38
f 1012/64/1 1008/48/1 1006/191/1 1010/178/1
usemtl Material.763
f 1013/168/114 1014/169/114 1016/189/114 1015/190/114
f 1015/190/1 1016/189/1 1020/64/1 1019/80/1
f 1019/80/113 1020/64/113 1018/178/113 1017/179/113
f 1017/179/38 1018/178/38 1014/63/38 1013/79/38
f 1015/96/109 1019/80/109 1017/179/109 1013/184/109
f 1020/64/111 1016/48/111 1014/191/111 1018/178/111
usemtl Material.709
f 1021/168/118 1022/169/118 1024/170/118 1023/171/118
f 1023/172/119 1024/173/119 1028/174/119 1027/175/119
f 1027/176/120 1028/177/120 1026/178/120 1025/179/120
f 1025/180/121 1026/181/121 1022/182/121 1021/183/121
f 1023/96/38 1027/80/38 1025/179/38 1021/184/38
f 1028/185/1 1024/186/1 1022/187/1 1026/188/1
usemtl Material.705
f 1029/168/122 1030/169/122 1032/189/122 1031/190/122
f 1031/190/123 1032/189/123 1036/64/123 1035/80/123
f 1035/80/124 1036/64/124 1034/178/124 1033/179/124
f 1033/179/125 1034/178/125 1030/63/125 1029/79/125
f 1031/96/38 1035/80/38 1033/179/38 1029/184/38
f 1036/64/1 1032/48/1 1030/191/1 1034/178/1
usemtl Material.706
f 1037/168/122 1038/169/122 1040/189/122 1039/190/122
f 1039/190/123 1040/189/123 1044/64/123 1043/80/123
f 1043/80/126 1044/64/126 1042/178/126 1041/179/126
f 1041/179/127 1042/178/127 1038/63/127 1037/79/127
f 1039/96/38 1043/80/38 1041/179/38 1037/184/38
f 1044/64/1 1040/48/1 1038/191/1 1042/178/1
usemtl Material.707
f 1045/168/128 1046/169/128 1048/189/128 1047/190/128
f 1047/190/129 1048/189/129 1052/64/129 1051/80/129
f 1051/80/124 1052/64/124 1050/178/124 1049/179/124
f 1049/179/125 1050/178/125 1046/63/125 1045/79/125
f 1047/96/38 1051/80/38 1049/179/38 1045/184/38
f 1052/64/1 1048/48/1 1046/191/1 1050/178/1
usemtl Material.708
f 1053/168/122 1054/169/122 1056/189/122 1055/190/122
f 1055/190/123 1056/189/123 1060/64/123 1059/80/123
f 1059/80/124 1060/64/124 1058/178/124 1057/179/124
f 1057/179/125 1058/178/125 1054/63/125 1053/79/125
f 1055/96/38 1059/80/38 1057/179/38 1053/184/38
f 1060/64/1 1056/48/1 1054/191/1 1058/178/1
usemtl Material.715
f 1061/168/118 1062/169/118 1064/189/118 1063/190/118
f 1063/190/129 1064/189/129 1068/64/129 1067/80/129
f 1067/80/120 1068/64/120 1066/178/120 1065/179/120
f 1065/179/127 1066/178/127 1062/63/127 1061/79/127
f 1063/96/38 1067/80/38 1065/179/38 1061/184/38
f 1068/64/1 1064/48/1 1062/191/1 1066/178/1
usemtl Material.711
f 1069/168/122 1070/169/122 1072/189/122 1071/190/122
f 1071/190/129 1072/189/129 1076/64/129 1075/80/129
f 1075/80/124 1076/64/124 1074/178/124 1073/179/124
f 1073/179/127 1074/178/127 1070/63/127 1069/79/127
f 1071/96/38 1075/80/38 1073/179/38 1069/184/38
f 1076/64/1 1072/48/1 1070/191/1 1074/178/1
usemtl Material.712
f 1077/168/122 1078/169/122 1080/189/122 1079/190/122
f 1079/190/123 1080/189/123 1084/64/123 1083/80/123
f 1083/80/126 1084/64/126 1082/178/126 1081/179/126
f 1081/179/127 1082/178/127 1078/63/127 1077/79/127
f 1079/96/38 1083/80/38 1081/179/38 1077/184/38
f 1084/64/1 1080/48/1 1078/191/1 1082/178/1
usemtl Material.713
f 1085/168/128 1086/169/128 1088/189/128 1087/190/128
f 1087/190/129 1088/189/129 1092/64/129 1091/80/129
f 1091/80/124 1092/64/124 1090/178/124 1089/179/124
f 1089/179/125 1090/178/125 1086/63/125 1085/79/125
f 1087/96/38 1091/80/38 1089/179/38 1085/184/38
f 1092/64/1 1088/48/1 1086/191/1 1090/178/1
usemtl Material.714
f 1093/168/122 1094/169/122 1096/189/122 1095/190/122
f 1095/190/119 1096/189/119 1100/64/119 1099/80/119
f 1099/80/124 1100/64/124 1098/178/124 1097/179/124
f 1097/179/125 1098/178/125 1094/63/125 1093/79/125
f 1095/96/38 1099/80/38 1097/179/38 1093/184/38
f 1100/64/1 1096/48/1 1094/191/1 1098/178/1
usemtl Material.716
f 1101/168/128 1102/169/128 1104/189/128 1103/190/128
f 1103/190/1 1104/189/1 1108/64/1 1107/80/1
f 1107/80/124 1108/64/124 1106/178/124 1105/179/124
f 1105/179/38 1106/178/38 1102/63/38 1101/79/38
f 1103/96/129 1107/80/129 1105/179/129 1101/184/129
f 1108/64/121 1104/48/121 1102/191/121 1106/178/121
usemtl Material.717
f 1109/168/119 1110/169/119 1112/189/119 1111/190/119
f 1111/190/120 1112/189/120 1116/64/120 1115/80/120
f 1115/80/127 1116/64/127 1114/178/127 1113/179/127
f 1113/179/118 1114/178/118 1110/63/118 1109/79/118
f 1111/96/38 1115/80/38 1113/179/38 1109/184/38
f 1116/64/1 1112/48/1 1110/191/1 1114/178/1
usemtl Material.718
f 1117/168/123 1118/169/123 1120/189/123 1119/190/123
f 1119/190/126 1120/189/126 1124/64/126 1123/80/126
f 1123/80/127 1124/64/127 1122/178/127 1121/179/127
f 1121/179/122 1122/178/122 1118/63/122 1117/79/122
f 1119/96/38 1123/80/38 1121/179/38 1117/184/38
f 1124/64/1 1120/48/1 1118/191/1 1122/178/1
usemtl Material.719
f 1125/168/123 1126/169/123 1128/189/123 1127/190/123
f 1127/190/124 1128/189/124 1132/64/124 1131/80/124
f 1131/80/125 1132/64/125 1130/178/125 1129/179/125
f 1129/179/122 1130/178/122 1126/63/122 1125/79/122
f 1127/96/38 1131/80/38 1129/179/38 1125/184/38
f 1132/64/1 1128/48/1 1126/191/1 1130/178/1
usemtl Material.720
f 1133/168/123 1134/169/123 1136/189/123 1135/190/123
f 1135/190/124 1136/189/124 1140/64/124 1139/80/124
f 1139/80/121 1140/64/121 1138/178/121 1137/179/121
f 1137/179/122 1138/178/122 1134/63/122 1133/79/122
f 1135/96/38 1139/80/38 1137/179/38 1133/184/38
f 1140/64/1 1136/48/1 1134/191/1 1138/178/1
usemtl Material.721
f 1141/168/123 1142/169/123 1144/189/123 1143/190/123
f 1143/190/126 1144/189/126 1148/64/126 1147/80/126
f 1147/80/127 1148/64/127 1146/178/127 1145/179/127
f 1145/179/122 1146/178/122 1142/63/122 1141/79/122
f 1143/96/38 1147/80/38 1145/179/38 1141/184/38
f 1148/64/1 1144/48/1 1142/191/1 1146/178/1
usemtl Material.722
f 1149/168/129 1150/169/129 1152/189/129 1151/190/129
f 1151/190/1 1152/189/1 1156/64/1 1155/80/1
f 1155/80/125 1156/64/125 1154/178/125 1153/179/125
f 1153/179/38 1154/178/38 1150/63/38 1149/79/38
f 1151/96/120 1155/80/120 1153/179/120 1149/184/120
f 1156/64/118 1152/48/118 1150/191/118 1154/178/118
usemtl Material.723
f 1157/168/120 1158/169/120 1160/189/120 1159/190/120
f 1159/190/127 1160/189/127 1164/64/127 1163/80/127
f 1163/80/118 1164/64/118 1162/178/118 1161/179/118
f 1161/179/129 1162/178/129 1158/63/129 1157/79/129
f 1159/96/38 1163/80/38 1161/179/38 1157/184/38
f 1164/64/1 1160/48/1 1158/191/1 1162/178/1
usemtl Material.724
f 1165/168/126 1166/169/126 1168/189/126 1167/190/126
f 1167/190/127 1168/189/127 1172/64/127 1171/80/127
f 1171/80/122 1172/64/122 1170/178/122 1169/179/122
f 1169/179/123 1170/178/123 1166/63/123 1165/79/123
f 1167/96/38 1171/80/38 1169/179/38 1165/184/38
f 1172/64/1 1168/48/1 1166/191/1 1170/178/1
usemtl Material.725
f 1173/168/124 1174/169/124 1176/189/124 1175/190/124
f 1175/190/127 1176/189/127 1180/64/127 1179/80/127
f 1179/80/122 1180/64/122 1178/178/122 1177/179/122
f 1177/179/129 1178/178/129 1174/63/129 1173/79/129
f 1175/96/38 1179/80/38 1177/179/38 1173/184/38
f 1180/64/1 1176/48/1 1174/191/1 1178/178/1
usemtl Material.726
f 1181/168/124 1182/169/124 1184/189/124 1183/190/124
f 1183/190/125 1184/189/125 1188/64/125 1187/80/125
f 1187/80/122 1188/64/122 1186/178/122 1185/179/122
f 1185/179/123 1186/178/123 1182/63/123 1181/79/123
f 1183/96/38 1187/80/38 1185/179/38 1181/184/38
f 1188/64/1 1184/48/1 1182/191/1 1186/178/1
usemtl Material.727
f 1189/168/124 1190/169/124 1192/189/124 1191/190/124
f 1191/190/125 1192/189/125 1196/64/125 1195/80/125
f 1195/80/122 1196/64/122 1194/178/122 1193/179/122
f 1193/179/123 1194/178/123 1190/63/123 1189/79/123
f 1191/96/38 1195/80/38 1193/179/38 1189/184/38
f 1196/64/1 1192/48/1 1190/191/1 1194/178/1
usemtl Material.728
f 1197/168/126 1198/169/126 1200/189/126 1199/190/126
f 1199/190/1 1200/189/1 1204/64/1 1203/80/1
f 1203/80/122 1204/64/122 1202/178/122 1201/179/122
f 1201/179/38 1202/178/38 1198/63/38 1197/79/38
f 1199/96/127 1203/80/127 1201/179/127 1197/184/127
f 1204/64/119 1200/48/119 1198/191/119 1202/178/119
usemtl Material.729
f 1205/168/121 1206/169/121 1208/189/121 1207/190/121
f 1207/190/118 1208/189/118 1212/64/118 1211/80/118
f 1211/80/119 1212/64/119 1210/178/119 1209/179/119
f 1209/179/120 1210/178/120 1206/63/120 1205/79/120
f 1207/96/38 1211/80/38 1209/179/38 1205/184/38
f 1212/64/1 1208/48/1 1206/191/1 1210/178/1
usemtl Material.730
f 1213/168/125 1214/169/125 1216/189/125 1215/190/125
f 1215/190/122 1216/189/122 1220/64/122 1219/80/122
f 1219/80/123 1220/64/123 1218/178/123 1217/179/123
f 1217/179/124 1218/178/124 1214/63/124 1213/79/124
f 1215/96/38 1219/80/38 1217/179/38 1213/184/38
f 1220/64/1 1216/48/1 1214/191/1 1218/178/1
usemtl Material.731
f 1221/168/127 1222/169/127 1224/189/127 1223/190/127
f 1223/190/122 1224/189/122 1228/64/122 1227/80/122
f 1227/80/123 1228/64/123 1226/178/123 1225/179/123
f 1225/179/126 1226/178/126 1222/63/126 1221/79/126
f 1223/96/38 1227/80/38 1225/179/38 1221/184/38
f 1228/64/1 1224/48/1 1222/191/1 1226/178/1
usemtl Material.732
f 1229/168/127 1230/169/127 1232/189/127 1231/190/127
f 1231/190/122 1232/189/122 1236/64/122 1235/80/122
f 1235/80/123 1236/64/123 1234/178/123 1233/179/123
f 1233/179/126 1234/178/126 1230/63/126 1229/79/126
f 1231/96/38 1235/80/38 1233/179/38 1229/184/38
f 1236/64/1 1232/48/1 1230/191/1 1234/178/1
usemtl Material.733
f 1237/168/121 1238/169/121 1240/189/121 1239/190/121
f 1239/190/122 1240/189/122 1244/64/122 1243/80/122
f 1243/80/123 1244/64/123 1242/178/123 1241/179/123
f 1241/179/124 1242/178/124 1238/63/124 1237/79/124
f 1239/96/38 1243/80/38 1241/179/38 1237/184/38
f 1244/64/1 1240/48/1 1238/191/1 1242/178/1
usemtl Material.734
f 1245/168/127 1246/169/127 1248/189/127 1247/190/127
f 1247/190/1 1248/189/1 1252/64/1 1251/80/1
f 1251/80/123 1252/64/123 1250/178/123 1249/179/123
f 1249/179/38 1250/178/38 1246/63/38 1245/79/38
f 1247/96/122 1251/80/122 1249/179/122 1245/184/122
f 1252/64/120 1248/48/120 1246/191/120 1250/178/120
usemtl Material.764
f 1253/168/130 1254/169/130 1256/170/130 1255/171/130
f 1255/172/131 1256/173/131 1260/174/131 1259/175/131
f 1259/176/132 1260/177/132 1258/178/132 1257/179/132
f 1257/180/133 1258/181/133 1254/182/133 1253/183/133
f 1255/96/38 1259/80/38 1257/179/38 1253/184/38
f 1260/185/1 1256/186/1 1254/187/1 1258/188/1
usemtl Material.765
f 1261/168/130 1262/169/130 1264/189/130 1263/190/130
f 1263/190/134 1264/189/134 1268/64/134 1267/80/134
f 1267/80/132 1268/64/132 1266/178/132 1265/179/132
f 1265/179/135 1266/178/135 1262/63/135 1261/79/135
f 1263/96/38 1267/80/38 1265/179/38 1261/184/38
f 1268/64/1 1264/48/1 1262/191/1 1266/178/1
usemtl Material.766
f 1269/168/130 1270/169/130 1272/189/130 1271/190/130
f 1271/190/134 1272/189/134 1276/64/134 1275/80/134
f 1275/80/132 1276/64/132 1274/178/132 1273/179/132
f 1273/179/135 1274/178/135 1270/63/135 1269/79/135
f 1271/96/38 1275/80/38 1273/179/38 1269/184/38
f 1276/64/1 1272/48/1 1270/191/1 1274/178/1
usemtl Material.767
f 1277/168/136 1278/169/136 1280/189/136 1279/190/136
f 1279/190/131 1280/189/131 1284/64/131 1283/80/131
f 1283/80/132 1284/64/132 1282/178/132 1281/179/132
f 1281/179/135 1282/178/135 1278/63/135 1277/79/135
f 1279/96/38 1283/80/38 1281/179/38 1277/184/38
f 1284/64/1 1280/48/1 1278/191/1 1282/178/1
usemtl Material.768
f 1285/168/130 1286/169/130 1288/189/130 1287/190/130
f 1287/190/134 1288/189/134 1292/64/134 1291/80/134
f 1291/80/137 1292/64/137 1290/178/137 1289/179/137
f 1289/179/133 1290/178/133 1286/63/133 1285/79/133
f 1287/96/38 1291/80/38 1289/179/38 1285/184/38
f 1292/64/1 1288/48/1 1286/191/1 1290/178/1
usemtl Material.769
f 1293/168/130 1294/169/130 1296/189/130 1295/190/130
f 1295/190/131 1296/189/131 1300/64/131 1299/80/131
f 1299/80/132 1300/64/132 1298/178/132 1297/179/132
f 1297/179/133 1298/178/133 1294/63/133 1293/79/133
f 1295/96/38 1299/80/38 1297/179/38 1293/184/38
f 1300/64/1 1296/48/1 1294/191/1 1298/178/1
usemtl Material.770
f 1301/168/130 1302/169/130 1304/189/130 1303/190/130
f 1303/190/134 1304/189/134 1308/64/134 1307/80/134
f 1307/80/137 1308/64/137 1306/178/137 1305/179/137
f 1305/179/133 1306/178/133 1302/63/133 1301/79/133
f 1303/96/38 1307/80/38 1305/179/38 1301/184/38
f 1308/64/1 1304/48/1 1302/191/1 1306/178/1
usemtl Material.771
f 1309/168/130 1310/169/130 1312/189/130 1311/190/130
f 1311/190/131 1312/189/131 1316/64/131 1315/80/131
f 1315/80/132 1316/64/132 1314/178/132 1313/179/132
f 1313/179/133 1314/178/133 1310/63/133 1309/79/133
f 1311/96/38 1315/80/38 1313/179/38 1309/184/38
f 1316/64/1 1312/48/1 1310/191/1 1314/178/1
usemtl Material.772
f 1317/168/130 1318/169/130 1320/189/130 1319/190/130
f 1319/190/134 1320/189/134 1324/64/134 1323/80/134
f 1323/80/132 1324/64/132 1322/178/132 1321/179/132
f 1321/179/135 1322/178/135 1318/63/135 1317/79/135
f 1319/96/38 1323/80/38 1321/179/38 1317/184/38
f 1324/64/1 1320/48/1 1318/191/1 1322/178/1
usemtl Material.773
f 1325/168/130 1326/169/130 1328/189/130 1327/190/130
f 1327/190/134 1328/189/134 1332/64/134 1331/80/134
f 1331/80/132 1332/64/132 1330/178/132 1329/179/132
f 1329/179/135 1330/178/135 1326/63/135 1325/79/135
f 1327/96/38 1331/80/38 1329/179/38 1325/184/38
f 1332/64/1 1328/48/1 1326/191/1 1330/178/1
usemtl Material.774
f 1333/168/130 1334/169/130 1336/189/130 1335/190/130
f 1335/190/1 1336/189/1 1340/64/1 1339/80/1
f 1339/80/132 1340/64/132 1338/178/132 1337/179/132
f 1337/179/38 1338/178/38 1334/63/38 1333/79/38
f 1335/96/131 1339/80/131 1337/179/131 1333/184/131
f 1340/64/133 1336/48/133 1334/191/133 1338/178/133
usemtl Material.775
f 1341/168/131 1342/169/131 1344/189/131 1343/190/131
f 1343/190/132 1344/189/132 1348/64/132 1347/80/132
f 1347/80/133 1348/64/133 1346/178/133 1345/179/133
f 1345/179/130 1346/178/130 1342/63/130 1341/79/130
f 1343/96/38 1347/80/38 1345/179/38 1341/184/38
f 1348/64/1 1344/48/1 1342/191/1 1346/178/1
usemtl Material.776
f 1349/168/134 1350/169/134 1352/189/134 1351/190/134
f 1351/190/132 1352/189/132 1356/64/132 1355/80/132
f 1355/80/135 1356/64/135 1354/178/135 1353/179/135
f 1353/179/130 1354/178/130 1350/63/130 1349/79/130
f 1351/96/38 1355/80/38 1353/179/38 1349/184/38
f 1356/64/1 1352/48/1 1350/191/1 1354/178/1
usemtl Material.777
f 1357/168/131 1358/169/131 1360/189/131 1359/190/131
f 1359/190/132 1360/189/132 1364/64/132 1363/80/132
f 1363/80/135 1364/64/135 1362/178/135 1361/179/135
f 1361/179/136 1362/178/136 1358/63/136 1357/79/136
f 1359/96/38 1363/80/38 1361/179/38 1357/184/38
f 1364/64/1 1360/48/1 1358/191/1 1362/178/1
usemtl Material.778
f 1365/168/134 1366/169/134 1368/189/134 1367/190/134
f 1367/190/132 1368/189/132 1372/64/132 1371/80/132
f 1371/80/135 1372/64/135 1370/178/135 1369/179/135
f 1369/179/130 1370/178/130 1366/63/130 1365/79/130
f 1367/96/38 1371/80/38 1369/179/38 1365/184/38
f 1372/64/1 1368/48/1 1366/191/1 1370/178/1
usemtl Material.779
f 1373/168/134 1374/169/134 1376/189/134 1375/190/134
f 1375/190/137 1376/189/137 1380/64/137 1379/80/137
f 1379/80/133 1380/64/133 1378/178/133 1377/179/133
f 1377/179/130 1378/178/130 1374/63/130 1373/79/130
f 1375/96/38 1379/80/38 1377/179/38 1373/184/38
f 1380/64/1 1376/48/1 1374/191/1 1378/178/1
usemtl Material.780
f 1381/168/131 1382/169/131 1384/189/131 1383/190/131
f 1383/190/1 1384/189/1 1388/64/1 1387/80/1
f 1387/80/135 1388/64/135 1386/178/135 1385/179/135
f 1385/179/38 1386/178/38 1382/63/38 1381/79/38
f 1383/96/132 1387/80/132 1385/179/132 1381/184/132
f 1388/64/130 1384/48/130 1382/191/130 1386/178/130
usemtl Material.781
f 1389/168/132 1390/169/132 1392/189/132 1391/190/132
f 1391/190/133 1392/189/133 1396/64/133 1395/80/133
f 1395/80/130 1396/64/130 1394/178/130 1393/179/130
f 1393/179/131 1394/178/131 1390/63/131 1389/79/131
f 1391/96/38 1395/80/38 1393/179/38 1389/184/38
f 1396/64/1 1392/48/1 1390/191/1 1394/178/1
usemtl Material.782
f 1397/168/137 1398/169/137 1400/189/137 1399/190/137
f 1399/190/133 1400/189/133 1404/64/133 1403/80/133
f 1403/80/130 1404/64/130 1402/178/130 1401/179/130
f 1401/179/134 1402/178/134 1398/63/134 1397/79/134
f 1399/96/38 1403/80/38 1401/179/38 1397/184/38
f 1404/64/1 1400/48/1 1398/191/1 1402/178/1
usemtl Material.783
f 1405/168/132 1406/169/132 1408/189/132 1407/190/132
f 1407/190/135 1408/189/135 1412/64/135 1411/80/135
f 1411/80/130 1412/64/130 1410/178/130 1409/179/130
f 1409/179/134 1410/178/134 1406/63/134 1405/79/134
f 1407/96/38 1411/80/38 1409/179/38 1405/184/38
f 1412/64/1 1408/48/1 1406/191/1 1410/178/1
usemtl Material.784
f 1413/168/132 1414/169/132 1416/189/132 1415/190/132
f 1415/190/133 1416/189/133 1420/64/133 1419/80/133
f 1419/80/130 1420/64/130 1418/178/130 1417/179/130
f 1417/179/131 1418/178/131 1414/63/131 1413/79/131
f 1415/96/38 1419/80/38 1417/179/38 1413/184/38
f 1420/64/1 1416/48/1 1414/191/1 1418/178/1
usemtl Material.785
f 1421/168/132 1422/169/132 1424/189/132 1423/190/132
f 1423/190/135 1424/189/135 1428/64/135 1427/80/135
f 1427/80/136 1428/64/136 1426/178/136 1425/179/136
f 1425/179/131 1426/178/131 1422/63/131 1421/79/131
f 1423/96/38 1427/80/38 1425/179/38 1421/184/38
f 1428/64/1 1424/48/1 1422/191/1 1426/178/1
usemtl Material.786
f 1429/168/137 1430/169/137 1432/189/137 1431/190/137
f 1431/190/1 1432/189/1 1436/64/1 1435/80/1
f 1435/80/130 1436/64/130 1434/178/130 1433/179/130
f 1433/179/38 1434/178/38 1430/63/38 1429/79/38
f 1431/96/133 1435/80/133 1433/179/133 1429/184/133
f 1436/64/131 1432/48/131 1430/191/131 1434/178/131
usemtl Material.787
f 1437/168/133 1438/169/133 1440/189/133 1439/190/133
f 1439/190/130 1440/189/130 1444/64/130 1443/80/130
f 1443/80/131 1444/64/131 1442/178/131 1441/179/131
f 1441/179/132 1442/178/132 1438/63/132 1437/79/132
f 1439/96/38 1443/80/38 1441/179/38 1437/184/38
f 1444/64/1 1440/48/1 1438/191/1 1442/178/1
usemtl Material.788
f 1445/168/133 1446/169/133 1448/189/133 1447/190/133
f 1447/190/130 1448/189/130 1452/64/130 1451/80/130
f 1451/80/134 1452/64/134 1450/178/134 1449/179/134
f 1449/179/137 1450/178/137 1446/63/137 1445/79/137
f 1447/96/38 1451/80/38 1449/179/38 1445/184/38
f 1452/64/1 1448/48/1 1446/191/1 1450/178/1
usemtl Material.789
f 1453/168/135 1454/169/135 1456/189/135 1455/190/135
f 1455/190/130 1456/189/130 1460/64/130 1459/80/130
f 1459/80/134 1460/64/134 1458/178/134 1457/179/134
f 1457/179/132 1458/178/132 1454/63/132 1453/79/132
f 1455/96/38 1459/80/38 1457/179/38 1453/184/38
f 1460/64/1 1456/48/1 1454/191/1 1458/178/1
usemtl Material.790
f 1461/168/135 1462/169/135 1464/189/135 1463/190/135
f 1463/190/136 1464/189/136 1468/64/136 1467/80/136
f 1467/80/131 1468/64/131 1466/178/131 1465/179/131
f 1465/179/132 1466/178/132 1462/63/132 1461/79/132
f 1463/96/38 1467/80/38 1465/179/38 1461/184/38
f 1468/64/1 1464/48/1 1462/191/1 1466/178/1
usemtl Material.791
f 1469/168/133 1470/169/133 1472/189/133 1471/190/133
f 1471/190/130 1472/189/130 1476/64/130 1475/80/130
f 1475/80/134 1476/64/134 1474/178/134 1473/179/134
f 1473/179/137 1474/178/137 1470/63/137 1469/79/137
f 1471/96/38 1475/80/38 1473/179/38 1469/184/38
f 1476/64/1 1472/48/1 1470/191/1 1474/178/1
usemtl Material.792
f 1477/168/135 1478/169/135 1480/189/135 1479/190/135
f 1479/190/1 1480/189/1 1484/64/1 1483/80/1
f 1483/80/134 1484/64/134 1482/178/134 1481/179/134
f 1481/179/38 1482/178/38 1478/63/38 1477/79/38
f 1479/96/130 1483/80/130 1481/179/130 1477/184/130
f 1484/64/132 1480/48/132 1478/191/132 1482/178/132
usemtl Material.793
f 1485/168/3 1486/169/3 1488/170/3 1487/171/3
f 1487/172/4 1488/173/4 1492/174/4 1491/175/4
f 1491/176/2 1492/177/2 1490/178/2 1489/179/2
f 1489/180/5 1490/181/5 1486/182/5 1485/183/5
f 1487/96/38 1491/80/38 1489/179/38 1485/184/38
f 1492/185/1 1488/186/1 1486/187/1 1490/188/1
usemtl Material.794
f 1493/168/3 1494/169/3 1496/189/3 1495/190/3
f 1495/190/4 1496/189/4 1500/64/4 1499/80/4
f 1499/80/2 1500/64/2 1498/178/2 1497/179/2
f 1497/179/5 1498/178/5 1494/63/5 1493/79/5
f 1495/96/38 1499/80/38 1497/179/38 1493/184/38
f 1500/64/1 1496/48/1 1494/191/1 1498/178/1
usemtl Material.795
f 1501/168/3 1502/169/3 1504/189/3 1503/190/3
f 1503/190/4 1504/189/4 1508/64/4 1507/80/4
f 1507/80/2 1508/64/2 1506/178/2 1505/179/2
f 1505/179/5 1506/178/5 1502/63/5 1501/79/5
f 1503/96/38 1507/80/38 1505/179/38 1501/184/38
f 1508/64/1 1504/48/1 1502/191/1 1506/178/1
usemtl Material.796
f 1509/168/3 1510/169/3 1512/189/3 1511/190/3
f 1511/190/4 1512/189/4 1516/64/4 1515/80/4
f 1515/80/2 1516/64/2 1514/178/2 1513/179/2
f 1513/179/5 1514/178/5 1510/63/5 1509/79/5
f 1511/96/38 1515/80/38 1513/179/38 1509/184/38
f 1516/64/1 1512/48/1 1510/191/1 1514/178/1
usemtl Material.797
f 1517/168/3 1518/169/3 1520/189/3 1519/190/3
f 1519/190/4 1520/189/4 1524/64/4 1523/80/4
f 1523/80/2 1524/64/2 1522/178/2 1521/179/2
f 1521/179/5 1522/178/5 1518/63/5 1517/79/5
f 1519/96/38 1523/80/38 1521/179/38 1517/184/38
f 1524/64/1 1520/48/1 1518/191/1 1522/178/1
usemtl Material.798
f 1525/168/3 1526/169/3 1528/189/3 1527/190/3
f 1527/190/4 1528/189/4 1532/64/4 1531/80/4
f 1531/80/2 1532/64/2 1530/178/2 1529/179/2
f 1529/179/5 1530/178/5 1526/63/5 1525/79/5
f 1527/96/38 1531/80/38 1529/179/38 1525/184/38
f 1532/64/1 1528/48/1 1526/191/1 1530/178/1
usemtl Material.799
f 1533/168/3 1534/169/3 1536/189/3 1535/190/3
f 1535/190/4 1536/189/4 1540/64/4 1539/80/4
f 1539/80/2 1540/64/2 1538/178/2 1537/179/2
f 1537/179/5 1538/178/5 1534/63/5 1533/79/5
f 1535/96/38 1539/80/38 1537/179/38 1533/184/38
f 1540/64/1 1536/48/1 1534/191/1 1538/178/1
usemtl Material.800
f 1541/168/3 1542/169/3 1544/189/3 1543/190/3
f 1543/190/4 1544/189/4 1548/64/4 1547/80/4
f 1547/80/2 1548/64/2 1546/178/2 1545/179/2
f 1545/179/5 1546/178/5 1542/63/5 1541/79/5
f 1543/96/38 1547/80/38 1545/179/38 1541/184/38
f 1548/64/1 1544/48/1 1542/191/1 1546/178/1
usemtl Material.801
f 1549/168/3 1550/169/3 1552/189/3 1551/190/3
f 1551/190/4 1552/189/4 1556/64/4 1555/80/4
f 1555/80/2 1556/64/2 1554/178/2 1553/179/2
f 1553/179/5 1554/178/5 1550/63/5 1549/79/5
f 1551/96/38 1555/80/38 1553/179/38 1549/184/38
f 1556/64/1 1552/48/1 1550/191/1 1554/178/1
usemtl Material.802
f 1557/168/3 1558/169/3 1560/189/3 1559/190/3
f 1559/190/4 1560/189/4 1564/64/4 1563/80/4
f 1563/80/2 1564/64/2 1562/178/2 1561/179/2
f 1561/179/5 1562/178/5 1558/63/5 1557/79/5
f 1559/96/38 1563/80/38 1561/179/38 1557/184/38
f 1564/64/1 1560/48/1 1558/191/1 1562/178/1
usemtl Material.803
f 1565/168/3 1566/169/3 1568/189/3 1567/190/3
f 1567/190/1 1568/189/1 1572/64/1 1571/80/1
f 1571/80/2 1572/64/2 1570/178/2 1569/179/2
f 1569/179/38 1570/178/38 1566/63/38 1565/79/38
f 1567/96/4 1571/80/4 1569/179/4 1565/184/4
f 1572/64/5 1568/48/5 1566/191/5 1570/178/5
usemtl Material.804
f 1573/168/4 1574/169/4 1576/189/4 1575/190/4
f 1575/190/2 1576/189/2 1580/64/2 1579/80/2
f 1579/80/5 1580/64/5 1578/178/5 1577/179/5
f 1577/179/3 1578/178/3 1574/63/3 1573/79/3
f 1575/96/38 1579/80/38 1577/179/38 1573/184/38
f 1580/64/1 1576/48/1 1574/191/1 1578/178/1
usemtl Material.805
f 1581/168/4 1582/169/4 1584/189/4 1583/190/4
f 1583/190/2 1584/189/2 1588/64/2 1587/80/2
f 1587/80/5 1588/64/5 1586/178/5 1585/179/5
f 1585/179/3 1586/178/3 1582/63/3 1581/79/3
f 1583/96/38 1587/80/38 1585/179/38 1581/184/38
f 1588/64/1 1584/48/1 1582/191/1 1586/178/1
usemtl Material.806
f 1589/168/4 1590/169/4 1592/189/4 1591/190/4
f 1591/190/2 1592/189/2 1596/64/2 1595/80/2
f 1595/80/5 1596/64/5 1594/178/5 1593/179/5
f 1593/179/3 1594/178/3 1590/63/3 1589/79/3
f 1591/96/38 1595/80/38 1593/179/38 1589/184/38
f 1596/64/1 1592/48/1 1590/191/1 1594/178/1
usemtl Material.807
f 1597/168/4 1598/169/4 1600/189/4 1599/190/4
f 1599/190/2 1600/189/2 1604/64/2 1603/80/2
f 1603/80/5 1604/64/5 1602/178/5 1601/179/5
f 1601/179/3 1602/178/3 1598/63/3 1597/79/3
f 1599/96/38 1603/80/38 1601/179/38 1597/184/38
f 1604/64/1 1600/48/1 1598/191/1 1602/178/1
usemtl Material.808
f 1605/168/4 1606/169/4 1608/189/4 1607/190/4
f 1607/190/2 1608/189/2 1612/64/2 1611/80/2
f 1611/80/5 1612/64/5 1610/178/5 1609/179/5
f 1609/179/3 1610/178/3 1606/63/3 1605/79/3
f 1607/96/38 1611/80/38 1609/179/38 1605/184/38
f 1612/64/1 1608/48/1 1606/191/1 1610/178/1
usemtl Material.809
f 1613/168/4 1614/169/4 1616/189/4 1615/190/4
f 1615/190/1 1616/189/1 1620/64/1 1619/80/1
f 1619/80/5 1620/64/5 1618/178/5 1617/179/5
f 1617/179/38 1618/178/38 1614/63/38 1613/79/38
f 1615/96/2 1619/80/2 1617/179/2 1613/184/2
f 1620/64/3 1616/48/3 1614/191/3 1618/178/3
usemtl Material.810
f 1621/168/2 1622/169/2 1624/189/2 1623/190/2
f 1623/190/5 1624/189/5 1628/64/5 1627/80/5
f 1627/80/3 1628/64/3 1626/178/3 1625/179/3
f 1625/179/4 1626/178/4 1622/63/4 1621/79/4
f 1623/96/38 1627/80/38 1625/179/38 1621/184/38
f 1628/64/1 1624/48/1 1622/191/1 1626/178/1
usemtl Material.811
f 1629/168/2 1630/169/2 1632/189/2 1631/190/2
f 1631/190/5 1632/189/5 1636/64/5 1635/80/5
f 1635/80/3 1636/64/3 1634/178/3 1633/179/3
f 1633/179/4 1634/178/4 1630/63/4 1629/79/4
f 1631/96/38 1635/80/38 1633/179/38 1629/184/38
f 1636/64/1 1632/48/1 1630/191/1 1634/178/1
usemtl Material.812
f 1637/168/2 1638/169/2 1640/189/2 1639/190/2
f 1639/190/5 1640/189/5 1644/64/5 1643/80/5
f 1643/80/3 1644/64/3 1642/178/3 1641/179/3
f 1641/179/4 1642/178/4 1638/63/4 1637/79/4
f 1639/96/38 1643/80/38 1641/179/38 1637/184/38
f 1644/64/1 1640/48/1 1638/191/1 1642/178/1
usemtl Material.813
f 1645/168/2 1646/169/2 1648/189/2 1647/190/2
f 1647/190/5 1648/189/5 1652/64/5 1651/80/5
f 1651/80/3 1652/64/3 1650/178/3 1649/179/3
f 1649/179/4 1650/178/4 1646/63/4 1645/79/4
f 1647/96/38 1651/80/38 1649/179/38 1645/184/38
f 1652/64/1 1648/48/1 1646/191/1 1650/178/1
usemtl Material.814
f 1653/168/2 1654/169/2 1656/189/2 1655/190/2
f 1655/190/5 1656/189/5 1660/64/5 1659/80/5
f 1659/80/3 1660/64/3 1658/178/3 1657/179/3
f 1657/179/4 1658/178/4 1654/63/4 1653/79/4
f 1655/96/38 1659/80/38 1657/179/38 1653/184/38
f 1660/64/1 1656/48/1 1654/191/1 1658/178/1
usemtl Material.815
f 1661/168/2 1662/169/2 1664/189/2 1663/190/2
f 1663/190/1 1664/189/1 1668/64/1 1667/80/1
f 1667/80/3 1668/64/3 1666/178/3 1665/179/3
f 1665/179/38 1666/178/38 1662/63/38 1661/79/38
f 1663/96/5 1667/80/5 1665/179/5 1661/184/5
f 1668/64/4 1664/48/4 1662/191/4 1666/178/4
usemtl Material.816
f 1669/168/5 1670/169/5 1672/189/5 1671/190/5
f 1671/190/3 1672/189/3 1676/64/3 1675/80/3
f 1675/80/4 1676/64/4 1674/178/4 1673/179/4
f 1673/179/2 1674/178/2 1670/63/2 1669/79/2
f 1671/96/38 1675/80/38 1673/179/38 1669/184/38
f 1676/64/1 1672/48/1 1670/191/1 1674/178/1
usemtl Material.817
f 1677/168/5 1678/169/5 1680/189/5 1679/190/5
f 1679/190/3 1680/189/3 1684/64/3 1683/80/3
f 1683/80/4 1684/64/4 1682/178/4 1681/179/4
f 1681/179/2 1682/178/2 1678/63/2 1677/79/2
f 1679/96/38 1683/80/38 1681/179/38 1677/184/38
f 1684/64/1 1680/48/1 1678/191/1 1682/178/1
usemtl Material.818
f 1685/168/5 1686/169/5 1688/189/5 1687/190/5
f 1687/190/3 1688/189/3 1692/64/3 1691/80/3
f 1691/80/4 1692/64/4 1690/178/4 1689/179/4
f 1689/179/2 1690/178/2 1686/63/2 1685/79/2
f 1687/96/38 1691/80/38 1689/179/38 1685/184/38
f 1692/64/1 1688/48/1 1686/191/1 1690/178/1
usemtl Material.819
f 1693/168/5 1694/169/5 1696/189/5 1695/190/5
f 1695/190/3 1696/189/3 1700/64/3 1699/80/3
f 1699/80/4 1700/64/4 1698/178/4 1697/179/4
f 1697/179/2 1698/178/2 1694/63/2 1693/79/2
f 1695/96/38 1699/80/38 1697/179/38 1693/184/38
f 1700/64/1 1696/48/1 1694/191/1 1698/178/1
usemtl Material.820
f 1701/168/5 1702/169/5 1704/189/5 1703/190/5
f 1703/190/3 1704/189/3 1708/64/3 1707/80/3
f 1707/80/4 1708/64/4 1706/178/4 1705/179/4
f 1705/179/2 1706/178/2 1702/63/2 1701/79/2
f 1703/96/38 1707/80/38 1705/179/38 1701/184/38
f 1708/64/1 1704/48/1 1702/191/1 1706/178/1
usemtl Material.821
f 1709/168/5 1710/169/5 1712/189/5 1711/190/5
f 1711/190/1 1712/189/1 1716/64/1 1715/80/1
f 1715/80/4 1716/64/4 1714/178/4 1713/179/4
f 1713/179/38 1714/178/38 1710/63/38 1709/79/38
f 1711/96/3 1715/80/3 1713/179/3 1709/184/3
f 1716/64/2 1712/48/2 1710/191/2 1714/178/2
usemtl Material.823
f 1717/168/3 1718/169/3 1720/189/3 1719/190/3
f 1719/190/4 1720/189/4 1724/64/4 1723/80/4
f 1723/80/2 1724/64/2 1722/178/2 1721/179/2
f 1721/179/5 1722/178/5 1718/63/5 1717/79/5
f 1719/96/38 1723/80/38 1721/179/38 1717/184/38
f 1724/64/1 1720/48/1 1718/191/1 1722/178/1
usemtl Material.824
f 1725/168/5 1726/169/5 1728/189/5 1727/190/5
f 1727/190/3 1728/189/3 1732/64/3 1731/80/3
f 1731/80/4 1732/64/4 1730/178/4 1729/179/4
f 1729/179/2 1730/178/2 1726/63/2 1725/79/2
f 1727/96/38 1731/80/38 1729/179/38 1725/184/38
f 1732/64/1 1728/48/1 1726/191/1 1730/178/1
usemtl Material.825
f 1733/168/109 1734/169/109 1736/170/109 1735/171/109
f 1735/172/110 1736/173/110 1740/174/110 1739/175/110
f 1739/176/111 1740/177/111 1738/178/111 1737/179/111
f 1737/180/112 1738/181/112 1734/182/112 1733/183/112
f 1735/96/38 1739/80/38 1737/179/38 1733/184/38
f 1740/185/1 1736/186/1 1734/187/1 1738/188/1
usemtl Material.826
f 1741/168/109 1742/169/109 1744/189/109 1743/190/109
f 1743/190/110 1744/189/110 1748/64/110 1747/80/110
f 1747/80/111 1748/64/111 1746/178/111 1745/179/111
f 1745/179/112 1746/178/112 1742/63/112 1741/79/112
f 1743/96/38 1747/80/38 1745/179/38 1741/184/38
f 1748/64/1 1744/48/1 1742/191/1 1746/178/1
usemtl Material.827
f 1749/168/109 1750/169/109 1752/189/109 1751/190/109
f 1751/190/110 1752/189/110 1756/64/110 1755/80/110
f 1755/80/111 1756/64/111 1754/178/111 1753/179/111
f 1753/179/112 1754/178/112 1750/63/112 1749/79/112
f 1751/96/38 1755/80/38 1753/179/38 1749/184/38
f 1756/64/1 1752/48/1 1750/191/1 1754/178/1
usemtl Material.828
f 1757/168/109 1758/169/109 1760/189/109 1759/190/109
f 1759/190/110 1760/189/110 1764/64/110 1763/80/110
f 1763/80/111 1764/64/111 1762/178/111 1761/179/111
f 1761/179/112 1762/178/112 1758/63/112 1757/79/112
f 1759/96/38 1763/80/38 1761/179/38 1757/184/38
f 1764/64/1 1760/48/1 1758/191/1 1762/178/1
usemtl Material.829
f 1765/168/109 1766/169/109 1768/189/109 1767/190/109
f 1767/190/110 1768/189/110 1772/64/110 1771/80/110
f 1771/80/111 1772/64/111 1770/178/111 1769/179/111
f 1769/179/112 1770/178/112 1766/63/112 1765/79/112
f 1767/96/38 1771/80/38 1769/179/38 1765/184/38
f 1772/64/1 1768/48/1 1766/191/1 1770/178/1
usemtl Material.830
f 1773/168/109 1774/169/109 1776/189/109 1775/190/109
f 1775/190/110 1776/189/110 1780/64/110 1779/80/110
f 1779/80/111 1780/64/111 1778/178/111 1777/179/111
f 1777/179/112 1778/178/112 1774/63/112 1773/79/112
f 1775/96/38 1779/80/38 1777/179/38 1773/184/38
f 1780/64/1 1776/48/1 1774/191/1 1778/178/1
usemtl Material.831
f 1781/168/109 1782/169/109 1784/189/109 1783/190/109
f 1783/190/110 1784/189/110 1788/64/110 1787/80/110
f 1787/80/111 1788/64/111 1786/178/111 1785/179/111
f 1785/179/112 1786/178/112 1782/63/112 1781/79/112
f 1783/96/38 1787/80/38 1785/179/38 1781/184/38
f 1788/64/1 1784/48/1 1782/191/1 1786/178/1
usemtl Material.832
f 1789/168/138 1790/169/138 1792/189/138 1791/190/138
f 1791/190/110 1792/189/110 1796/64/110 1795/80/110
f 1795/80/111 1796/64/111 1794/178/111 1793/179/111
f 1793/179/112 1794/178/112 1790/63/112 1789/79/112
f 1791/96/38 1795/80/38 1793/179/38 1789/184/38
f 1796/64/1 1792/48/1 1790/191/1 1794/178/1
usemtl Material.833
f 1797/168/109 1798/169/109 1800/189/109 1799/190/109
f 1799/190/110 1800/189/110 1804/64/110 1803/80/110
f 1803/80/111 1804/64/111 1802/178/111 1801/179/111
f 1801/179/112 1802/178/112 1798/63/112 1797/79/112
f 1799/96/38 1803/80/38 1801/179/38 1797/184/38
f 1804/64/1 1800/48/1 1798/191/1 1802/178/1
usemtl Material.834
f 1805/168/109 1806/169/109 1808/189/109 1807/190/109
f 1807/190/110 1808/189/110 1812/64/110 1811/80/110
f 1811/80/111 1812/64/111 1810/178/111 1809/179/111
f 1809/179/112 1810/178/112 1806/63/112 1805/79/112
f 1807/96/38 1811/80/38 1809/179/38 1805/184/38
f 1812/64/1 1808/48/1 1806/191/1 1810/178/1
usemtl Material.835
f 1813/168/138 1814/169/138 1816/189/138 1815/190/138
f 1815/190/1 1816/189/1 1820/64/1 1819/80/1
f 1819/80/111 1820/64/111 1818/178/111 1817/179/111
f 1817/179/38 1818/178/38 1814/63/38 1813/79/38
f 1815/96/110 1819/80/110 1817/179/110 1813/184/110
f 1820/64/112 1816/48/112 1814/191/112 1818/178/112
usemtl Material.836
f 1821/168/110 1822/169/110 1824/189/110 1823/190/110
f 1823/190/111 1824/189/111 1828/64/111 1827/80/111
f 1827/80/112 1828/64/112 1826/178/112 1825/179/112
f 1825/179/109 1826/178/109 1822/63/109 1821/79/109
f 1823/96/38 1827/80/38 1825/179/38 1821/184/38
f 1828/64/1 1824/48/1 1822/191/1 1826/178/1
usemtl Material.837
f 1829/168/110 1830/169/110 1832/189/110 1831/190/110
f 1831/190/116 1832/189/116 1836/64/116 1835/80/116
f 1835/80/112 1836/64/112 1834/178/112 1833/179/112
f 1833/179/138 1834/178/138 1830/63/138 1829/79/138
f 1831/96/38 1835/80/38 1833/179/38 1829/184/38
f 1836/64/1 1832/48/1 1830/191/1 1834/178/1
usemtl Material.838
f 1837/168/110 1838/169/110 1840/189/110 1839/190/110
f 1839/190/111 1840/189/111 1844/64/111 1843/80/111
f 1843/80/112 1844/64/112 1842/178/112 1841/179/112
f 1841/179/109 1842/178/109 1838/63/109 1837/79/109
f 1839/96/38 1843/80/38 1841/179/38 1837/184/38
f 1844/64/1 1840/48/1 1838/191/1 1842/178/1
usemtl Material.839
f 1845/168/113 1846/169/113 1848/189/113 1847/190/113
f 1847/190/116 1848/189/116 1852/64/116 1851/80/116
f 1851/80/114 1852/64/114 1850/178/114 1849/179/114
f 1849/179/138 1850/178/138 1846/63/138 1845/79/138
f 1847/96/38 1851/80/38 1849/179/38 1845/184/38
f 1852/64/1 1848/48/1 1846/191/1 1850/178/1
usemtl Material.840
f 1853/168/110 1854/169/110 1856/189/110 1855/190/110
f 1855/190/111 1856/189/111 1860/64/111 1859/80/111
f 1859/80/112 1860/64/112 1858/178/112 1857/179/112
f 1857/179/109 1858/178/109 1854/63/109 1853/79/109
f 1855/96/38 1859/80/38 1857/179/38 1853/184/38
f 1860/64/1 1856/48/1 1854/191/1 1858/178/1
usemtl Material.841
f 1861/168/113 1862/169/113 1864/189/113 1863/190/113
f 1863/190/1 1864/189/1 1868/64/1 1867/80/1
f 1867/80/114 1868/64/114 1866/178/114 1865/179/114
f 1865/179/38 1866/178/38 1862/63/38 1861/79/38
f 1863/96/111 1867/80/111 1865/179/111 1861/184/111
f 1868/64/109 1864/48/109 1862/191/109 1866/178/109
usemtl Material.842
f 1869/168/111 1870/169/111 1872/189/111 1871/190/111
f 1871/190/112 1872/189/112 1876/64/112 1875/80/112
f 1875/80/109 1876/64/109 1874/178/109 1873/179/109
f 1873/179/110 1874/178/110 1870/63/110 1869/79/110
f 1871/96/38 1875/80/38 1873/179/38 1869/184/38
f 1876/64/1 1872/48/1 1870/191/1 1874/178/1
usemtl Material.843
f 1877/168/111 1878/169/111 1880/189/111 1879/190/111
f 1879/190/112 1880/189/112 1884/64/112 1883/80/112
f 1883/80/109 1884/64/109 1882/178/109 1881/179/109
f 1881/179/110 1882/178/110 1878/63/110 1877/79/110
f 1879/96/38 1883/80/38 1881/179/38 1877/184/38
f 1884/64/1 1880/48/1 1878/191/1 1882/178/1
usemtl Material.844
f 1885/168/111 1886/169/111 1888/189/111 1887/190/111
f 1887/190/112 1888/189/112 1892/64/112 1891/80/112
f 1891/80/109 1892/64/109 1890/178/109 1889/179/109
f 1889/179/110 1890/178/110 1886/63/110 1885/79/110
f 1887/96/38 1891/80/38 1889/179/38 1885/184/38
f 1892/64/1 1888/48/1 1886/191/1 1890/178/1
usemtl Material.845
f 1893/168/115 1894/169/115 1896/189/115 1895/190/115
f 1895/190/114 1896/189/114 1900/64/114 1899/80/114
f 1899/80/109 1900/64/109 1898/178/109 1897/179/109
f 1897/179/110 1898/178/110 1894/63/110 1893/79/110
f 1895/96/38 1899/80/38 1897/179/38 1893/184/38
f 1900/64/1 1896/48/1 1894/191/1 1898/178/1
usemtl Material.846
f 1901/168/111 1902/169/111 1904/189/111 1903/190/111
f 1903/190/114 1904/189/114 1908/64/114 1907/80/114
f 1907/80/109 1908/64/109 1906/178/109 1905/179/109
f 1905/179/113 1906/178/113 1902/63/113 1901/79/113
f 1903/96/38 1907/80/38 1905/179/38 1901/184/38
f 1908/64/1 1904/48/1 1902/191/1 1906/178/1
usemtl Material.847
f 1909/168/111 1910/169/111 1912/189/111 1911/190/111
f 1911/190/1 1912/189/1 1916/64/1 1915/80/1
f 1915/80/138 1916/64/138 1914/178/138 1913/179/138
f 1913/179/38 1914/178/38 1910/63/38 1909/79/38
f 1911/96/112 1915/80/112 1913/179/112 1909/184/112
f 1916/64/110 1912/48/110 1910/191/110 1914/178/110
usemtl Material.848
f 1917/168/112 1918/169/112 1920/189/112 1919/190/112
f 1919/190/109 1920/189/109 1924/64/109 1923/80/109
f 1923/80/110 1924/64/110 1922/178/110 1921/179/110
f 1921/179/111 1922/178/111 1918/63/111 1917/79/111
f 1919/96/38 1923/80/38 1921/179/38 1917/184/38
f 1924/64/1 1920/48/1 1918/191/1 1922/178/1
usemtl Material.849
f 1925/168/112 1926/169/112 1928/189/112 1927/190/112
f 1927/190/138 1928/189/138 1932/64/138 1931/80/138
f 1931/80/110 1932/64/110 1930/178/110 1929/179/110
f 1929/179/111 1930/178/111 1926/63/111 1925/79/111
f 1927/96/38 1931/80/38 1929/179/38 1925/184/38
f 1932/64/1 1928/48/1 1926/191/1 1930/178/1
usemtl Material.850
f 1933/168/112 1934/169/112 1936/189/112 1935/190/112
f 1935/190/109 1936/189/109 1940/64/109 1939/80/109
f 1939/80/110 1940/64/110 1938/178/110 1937/179/110
f 1937/179/111 1938/178/111 1934/63/111 1933/79/111
f 1935/96/38 1939/80/38 1937/179/38 1933/184/38
f 1940/64/1 1936/48/1 1934/191/1 1938/178/1
usemtl Material.851
f 1941/168/112 1942/169/112 1944/189/112 1943/190/112
f 1943/190/138 1944/189/138 1948/64/138 1947/80/138
f 1947/80/110 1948/64/110 1946/178/110 1945/179/110
f 1945/179/116 1946/178/116 1942/63/116 1941/79/116
f 1943/96/38 1947/80/38 1945/179/38 1941/184/38
f 1948/64/1 1944/48/1 1942/191/1 1946/178/1
usemtl Material.852
f 1949/168/114 1950/169/114 1952/189/114 1951/190/114
f 1951/190/109 1952/189/109 1956/64/109 1955/80/109
f 1955/80/110 1956/64/110 1954/178/110 1953/179/110
f 1953/179/115 1954/178/115 1950/63/115 1949/79/115
f 1951/96/38 1955/80/38 1953/179/38 1949/184/38
f 1956/64/1 1952/48/1 1950/191/1 1954/178/1
usemtl Material.853
f 1957/168/112 1958/169/112 1960/189/112 1959/190/112
f 1959/190/1 1960/189/1 1964/64/1 1963/80/1
f 1963/80/110 1964/64/110 1962/178/110 1961/179/110
f 1961/179/38 1962/178/38 1958/63/38 1957/79/38
f 1959/96/109 1963/80/109 1961/179/109 1957/184/109
f 1964/64/111 1960/48/111 1958/191/111 1962/178/111
usemtl Material.912
f 1965/168/139 1966/169/139 1968/170/139 1967/171/139
f 1967/172/140 1968/173/140 1972/174/140 1971/175/140
f 1971/176/141 1972/177/141 1970/178/141 1969/179/141
f 1969/180/142 1970/181/142 1966/182/142 1965/183/142
f 1967/96/38 1971/80/38 1969/179/38 1965/184/38
f 1972/185/1 1968/186/1 1966/187/1 1970/188/1
usemtl Material.913
f 1973/168/139 1974/169/139 1976/189/139 1975/190/139
f 1975/190/140 1976/189/140 1980/64/140 1979/80/140
f 1979/80/143 1980/64/143 1978/178/143 1977/179/143
f 1977/179/144 1978/178/144 1974/63/144 1973/79/144
f 1975/96/38 1979/80/38 1977/179/38 1973/184/38
f 1980/64/1 1976/48/1 1974/191/1 1978/178/1
usemtl Material.914
f 1981/168/145 1982/169/145 1984/189/145 1983/190/145
f 1983/190/140 1984/189/140 1988/64/140 1987/80/140
f 1987/80/146 1988/64/146 1986/178/146 1985/179/146
f 1985/179/147 1986/178/147 1982/63/147 1981/79/147
f 1983/96/38 1987/80/38 1985/179/38 1981/184/38
f 1988/64/1 1984/48/1 1982/191/1 1986/178/1
usemtl Material.915
f 1989/168/139 1990/169/139 1992/189/139 1991/190/139
f 1991/190/140 1992/189/140 1996/64/140 1995/80/140
f 1995/80/141 1996/64/141 1994/178/141 1993/179/141
f 1993/179/142 1994/178/142 1990/63/142 1989/79/142
f 1991/96/38 1995/80/38 1993/179/38 1989/184/38
f 1996/64/1 1992/48/1 1990/191/1 1994/178/1
usemtl Material.916
f 1997/168/145 1998/169/145 2000/189/145 1999/190/145
f 1999/190/140 2000/189/140 2004/64/140 2003/80/140
f 2003/80/143 2004/64/143 2002/178/143 2001/179/143
f 2001/179/142 2002/178/142 1998/63/142 1997/79/142
f 1999/96/38 2003/80/38 2001/179/38 1997/184/38
f 2004/64/1 2000/48/1 1998/191/1 2002/178/1
usemtl Material.917
f 2005/168/139 2006/169/139 2008/189/139 2007/190/139
f 2007/190/140 2008/189/140 2012/64/140 2011/80/140
f 2011/80/141 2012/64/141 2010/178/141 2009/179/141
f 2009/179/142 2010/178/142 2006/63/142 2005/79/142
f 2007/96/38 2011/80/38 2009/179/38 2005/184/38
f 2012/64/1 2008/48/1 2006/191/1 2010/178/1
usemtl Material.918
f 2013/168/145 2014/169/145 2016/189/145 2015/190/145
f 2015/190/148 2016/189/148 2020/64/148 2019/80/148
f 2019/80/141 2020/64/141 2018/178/141 2017/179/141
f 2017/179/142 2018/178/142 2014/63/142 2013/79/142
f 2015/96/38 2019/80/38 2017/179/38 2013/184/38
f 2020/64/1 2016/48/1 2014/191/1 2018/178/1
usemtl Material.919
f 2021/168/139 2022/169/139 2024/189/139 2023/190/139
f 2023/190/140 2024/189/140 2028/64/140 2027/80/140
f 2027/80/141 2028/64/141 2026/178/141 2025/179/141
f 2025/179/142 2026/178/142 2022/63/142 2021/79/142
f 2023/96/38 2027/80/38 2025/179/38 2021/184/38
f 2028/64/1 2024/48/1 2022/191/1 2026/178/1
usemtl Material.920
f 2029/168/139 2030/169/139 2032/189/139 2031/190/139
f 2031/190/140 2032/189/140 2036/64/140 2035/80/140
f 2035/80/141 2036/64/141 2034/178/141 2033/179/141
f 2033/179/142 2034/178/142 2030/63/142 2029/79/142
f 2031/96/38 2035/80/38 2033/179/38 2029/184/38
f 2036/64/1 2032/48/1 2030/191/1 2034/178/1
usemtl Material.921
f 2037/168/139 2038/169/139 2040/189/139 2039/190/139
f 2039/190/140 2040/189/140 2044/64/140 2043/80/140
f 2043/80/141 2044/64/141 2042/178/141 2041/179/141
f 2041/179/142 2042/178/142 2038/63/142 2037/79/142
f 2039/96/38 2043/80/38 2041/179/38 2037/184/38
f 2044/64/1 2040/48/1 2038/191/1 2042/178/1
usemtl Material.922
f 2045/168/139 2046/169/139 2048/189/139 2047/190/139
f 2047/190/1 2048/189/1 2052/64/1 2051/80/1
f 2051/80/141 2052/64/141 2050/178/141 2049/179/141
f 2049/179/38 2050/178/38 2046/63/38 2045/79/38
f 2047/96/140 2051/80/140 2049/179/140 2045/184/140
f 2052/64/142 2048/48/142 2046/191/142 2050/178/142
usemtl Material.923
f 2053/168/140 2054/169/140 2056/189/140 2055/190/140
f 2055/190/141 2056/189/141 2060/64/141 2059/80/141
f 2059/80/142 2060/64/142 2058/178/142 2057/179/142
f 2057/179/139 2058/178/139 2054/63/139 2053/79/139
f 2055/96/38 2059/80/38 2057/179/38 2053/184/38
f 2060/64/1 2056/48/1 2054/191/1 2058/178/1
usemtl Material.924
f 2061/168/140 2062/169/140 2064/189/140 2063/190/140
f 2063/190/141 2064/189/141 2068/64/141 2067/80/141
f 2067/80/142 2068/64/142 2066/178/142 2065/179/142
f 2065/179/139 2066/178/139 2062/63/139 2061/79/139
f 2063/96/38 2067/80/38 2065/179/38 2061/184/38
f 2068/64/1 2064/48/1 2062/191/1 2066/178/1
usemtl Material.925
f 2069/168/149 2070/169/149 2072/189/149 2071/190/149
f 2071/190/141 2072/189/141 2076/64/141 2075/80/141
f 2075/80/147 2076/64/147 2074/178/147 2073/179/147
f 2073/179/145 2074/178/145 2070/63/145 2069/79/145
f 2071/96/38 2075/80/38 2073/179/38 2069/184/38
f 2076/64/1 2072/48/1 2070/191/1 2074/178/1
usemtl Material.926
f 2077/168/140 2078/169/140 2080/189/140 2079/190/140
f 2079/190/141 2080/189/141 2084/64/141 2083/80/141
f 2083/80/142 2084/64/142 2082/178/142 2081/179/142
f 2081/179/139 2082/178/139 2078/63/139 2077/79/139
f 2079/96/38 2083/80/38 2081/179/38 2077/184/38
f 2084/64/1 2080/48/1 2078/191/1 2082/178/1
usemtl Material.927
f 2085/168/140 2086/169/140 2088/189/140 2087/190/140
f 2087/190/141 2088/189/141 2092/64/141 2091/80/141
f 2091/80/142 2092/64/142 2090/178/142 2089/179/142
f 2089/179/139 2090/178/139 2086/63/139 2085/79/139
f 2087/96/38 2091/80/38 2089/179/38 2085/184/38
f 2092/64/1 2088/48/1 2086/191/1 2090/178/1
usemtl Material.928
f 2093/168/140 2094/169/140 2096/189/140 2095/190/140
f 2095/190/1 2096/189/1 2100/64/1 2099/80/1
f 2099/80/142 2100/64/142 2098/178/142 2097/179/142
f 2097/179/38 2098/178/38 2094/63/38 2093/79/38
f 2095/96/141 2099/80/141 2097/179/141 2093/184/141
f 2100/64/139 2096/48/139 2094/191/139 2098/178/139
usemtl Material.929
f 2101/168/141 2102/169/141 2104/189/141 2103/190/141
f 2103/190/142 2104/189/142 2108/64/142 2107/80/142
f 2107/80/139 2108/64/139 2106/178/139 2105/179/139
f 2105/179/140 2106/178/140 2102/63/140 2101/79/140
f 2103/96/38 2107/80/38 2105/179/38 2101/184/38
f 2108/64/1 2104/48/1 2102/191/1 2106/178/1
usemtl Material.930
f 2109/168/141 2110/169/141 2112/189/141 2111/190/141
f 2111/190/142 2112/189/142 2116/64/142 2115/80/142
f 2115/80/139 2116/64/139 2114/178/139 2113/179/139
f 2113/179/140 2114/178/140 2110/63/140 2109/79/140
f 2111/96/38 2115/80/38 2113/179/38 2109/184/38
f 2116/64/1 2112/48/1 2110/191/1 2114/178/1
usemtl Material.931
f 2117/168/141 2118/169/141 2120/189/141 2119/190/141
f 2119/190/142 2120/189/142 2124/64/142 2123/80/142
f 2123/80/139 2124/64/139 2122/178/139 2121/179/139
f 2121/179/140 2122/178/140 2118/63/140 2117/79/140
f 2119/96/38 2123/80/38 2121/179/38 2117/184/38
f 2124/64/1 2120/48/1 2118/191/1 2122/178/1
usemtl Material.932
f 2125/168/141 2126/169/141 2128/189/141 2127/190/141
f 2127/190/142 2128/189/142 2132/64/142 2131/80/142
f 2131/80/139 2132/64/139 2130/178/139 2129/179/139
f 2129/179/140 2130/178/140 2126/63/140 2125/79/140
f 2127/96/38 2131/80/38 2129/179/38 2125/184/38
f 2132/64/1 2128/48/1 2126/191/1 2130/178/1
usemtl Material.933
f 2133/168/141 2134/169/141 2136/189/141 2135/190/141
f 2135/190/142 2136/189/142 2140/64/142 2139/80/142
f 2139/80/139 2140/64/139 2138/178/139 2137/179/139
f 2137/179/140 2138/178/140 2134/63/140 2133/79/140
f 2135/96/38 2139/80/38 2137/179/38 2133/184/38
f 2140/64/1 2136/48/1 2134/191/1 2138/178/1
usemtl Material.934
f 2141/168/141 2142/169/141 2144/189/141 2143/190/141
f 2143/190/1 2144/189/1 2148/64/1 2147/80/1
f 2147/80/139 2148/64/139 2146/178/139 2145/179/139
f 2145/179/38 2146/178/38 2142/63/38 2141/79/38
f 2143/96/142 2147/80/142 2145/179/142 2141/184/142
f 2148/64/140 2144/48/140 2142/191/140 2146/178/140
usemtl Material.935
f 2149/168/142 2150/169/142 2152/189/142 2151/190/142
f 2151/190/139 2152/189/139 2156/64/139 2155/80/139
f 2155/80/140 2156/64/140 2154/178/140 2153/179/140
f 2153/179/141 2154/178/141 2150/63/141 2149/79/141
f 2151/96/38 2155/80/38 2153/179/38 2149/184/38
f 2156/64/1 2152/48/1 2150/191/1 2154/178/1
usemtl Material.936
f 2157/168/142 2158/169/142 2160/189/142 2159/190/142
f 2159/190/139 2160/189/139 2164/64/139 2163/80/139
f 2163/80/140 2164/64/140 2162/178/140 2161/179/140
f 2161/179/141 2162/178/141 2158/63/141 2157/79/141
f 2159/96/38 2163/80/38 2161/179/38 2157/184/38
f 2164/64/1 2160/48/1 2158/191/1 2162/178/1
usemtl Material.937
f 2165/168/142 2166/169/142 2168/189/142 2167/190/142
f 2167/190/139 2168/189/139 2172/64/139 2171/80/139
f 2171/80/140 2172/64/140 2170/178/140 2169/179/140
f 2169/179/141 2170/178/141 2166/63/141 2165/79/141
f 2167/96/38 2171/80/38 2169/179/38 2165/184/38
f 2172/64/1 2168/48/1 2166/191/1 2170/178/1
usemtl Material.938
f 2173/168/142 2174/169/142 2176/189/142 2175/190/142
f 2175/190/139 2176/189/139 2180/64/139 2179/80/139
f 2179/80/140 2180/64/140 2178/178/140 2177/179/140
f 2177/179/141 2178/178/141 2174/63/141 2173/79/141
f 2175/96/38 2179/80/38 2177/179/38 2173/184/38
f 2180/64/1 2176/48/1 2174/191/1 2178/178/1
usemtl Material.939
f 2181/168/142 2182/169/142 2184/189/142 2183/190/142
f 2183/190/139 2184/189/139 2188/64/139 2187/80/139
f 2187/80/140 2188/64/140 2186/178/140 2185/179/140
f 2185/179/141 2186/178/141 2182/63/141 2181/79/141
f 2183/96/38 2187/80/38 2185/179/38 2181/184/38
f 2188/64/1 2184/48/1 2182/191/1 2186/178/1
usemtl Material.940
f 2189/168/142 2190/169/142 2192/189/142 2191/190/142
f 2191/190/1 2192/189/1 2196/64/1 2195/80/1
f 2195/80/140 2196/64/140 2194/178/140 2193/179/140
f 2193/179/38 2194/178/38 2190/63/38 2189/79/38
f 2191/96/139 2195/80/139 2193/179/139 2189/184/139
f 2196/64/141 2192/48/141 2190/191/141 2194/178/141
usemtl Material.854
f 2197/168/3 2198/169/3 2200/170/3 2199/171/3
f 2199/172/4 2200/173/4 2204/174/4 2203/175/4
f 2203/176/2 2204/177/2 2202/178/2 2201/179/2
f 2201/180/5 2202/181/5 2198/182/5 2197/183/5
f 2199/96/38 2203/80/38 2201/179/38 2197/184/38
f 2204/185/1 2200/186/1 2198/187/1 2202/188/1
usemtl Material.855
f 2205/168/3 2206/169/3 2208/189/3 2207/190/3
f 2207/190/4 2208/189/4 2212/64/4 2211/80/4
f 2211/80/2 2212/64/2 2210/178/2 2209/179/2
f 2209/179/5 2210/178/5 2206/63/5 2205/79/5
f 2207/96/38 2211/80/38 2209/179/38 2205/184/38
f 2212/64/1 2208/48/1 2206/191/1 2210/178/1
usemtl Material.856
f 2213/168/3 2214/169/3 2216/189/3 2215/190/3
f 2215/190/4 2216/189/4 2220/64/4 2219/80/4
f 2219/80/2 2220/64/2 2218/178/2 2217/179/2
f 2217/179/5 2218/178/5 2214/63/5 2213/79/5
f 2215/96/38 2219/80/38 2217/179/38 2213/184/38
f 2220/64/1 2216/48/1 2214/191/1 2218/178/1
usemtl Material.857
f 2221/168/3 2222/169/3 2224/189/3 2223/190/3
f 2223/190/4 2224/189/4 2228/64/4 2227/80/4
f 2227/80/2 2228/64/2 2226/178/2 2225/179/2
f 2225/179/5 2226/178/5 2222/63/5 2221/79/5
f 2223/96/38 2227/80/38 2225/179/38 2221/184/38
f 2228/64/1 2224/48/1 2222/191/1 2226/178/1
usemtl Material.858
f 2229/168/3 2230/169/3 2232/189/3 2231/190/3
f 2231/190/4 2232/189/4 2236/64/4 2235/80/4
f 2235/80/2 2236/64/2 2234/178/2 2233/179/2
f 2233/179/5 2234/178/5 2230/63/5 2229/79/5
f 2231/96/38 2235/80/38 2233/179/38 2229/184/38
f 2236/64/1 2232/48/1 2230/191/1 2234/178/1
usemtl Material.859
f 2237/168/3 2238/169/3 2240/189/3 2239/190/3
f 2239/190/4 2240/189/4 2244/64/4 2243/80/4
f 2243/80/2 2244/64/2 2242/178/2 2241/179/2
f 2241/179/5 2242/178/5 2238/63/5 2237/79/5
f 2239/96/38 2243/80/38 2241/179/38 2237/184/38
f 2244/64/1 2240/48/1 2238/191/1 2242/178/1
usemtl Material.860
f 2245/168/3 2246/169/3 2248/189/3 2247/190/3
f 2247/190/4 2248/189/4 2252/64/4 2251/80/4
f 2251/80/2 2252/64/2 2250/178/2 2249/179/2
f 2249/179/5 2250/178/5 2246/63/5 2245/79/5
f 2247/96/38 2251/80/38 2249/179/38 2245/184/38
f 2252/64/1 2248/48/1 2246/191/1 2250/178/1
usemtl Material.861
f 2253/168/3 2254/169/3 2256/189/3 2255/190/3
f 2255/190/4 2256/189/4 2260/64/4 2259/80/4
f 2259/80/2 2260/64/2 2258/178/2 2257/179/2
f 2257/179/5 2258/178/5 2254/63/5 2253/79/5
f 2255/96/38 2259/80/38 2257/179/38 2253/184/38
f 2260/64/1 2256/48/1 2254/191/1 2258/178/1
usemtl Material.862
f 2261/168/3 2262/169/3 2264/189/3 2263/190/3
f 2263/190/4 2264/189/4 2268/64/4 2267/80/4
f 2267/80/2 2268/64/2 2266/178/2 2265/179/2
f 2265/179/150 2266/178/150 2262/63/150 2261/79/150
f 2263/96/38 2267/80/38 2265/179/38 2261/184/38
f 2268/64/1 2264/48/1 2262/191/1 2266/178/1
usemtl Material.863
f 2269/168/3 2270/169/3 2272/189/3 2271/190/3
f 2271/190/4 2272/189/4 2276/64/4 2275/80/4
f 2275/80/2 2276/64/2 2274/178/2 2273/179/2
f 2273/179/150 2274/178/150 2270/63/150 2269/79/150
f 2271/96/38 2275/80/38 2273/179/38 2269/184/38
f 2276/64/1 2272/48/1 2270/191/1 2274/178/1
usemtl Material.864
f 2277/168/3 2278/169/3 2280/189/3 2279/190/3
f 2279/190/1 2280/189/1 2284/64/1 2283/80/1
f 2283/80/2 2284/64/2 2282/178/2 2281/179/2
f 2281/179/38 2282/178/38 2278/63/38 2277/79/38
f 2279/96/4 2283/80/4 2281/179/4 2277/184/4
f 2284/64/5 2280/48/5 2278/191/5 2282/178/5
usemtl Material.865
f 2285/168/4 2286/169/4 2288/189/4 2287/190/4
f 2287/190/2 2288/189/2 2292/64/2 2291/80/2
f 2291/80/5 2292/64/5 2290/178/5 2289/179/5
f 2289/179/3 2290/178/3 2286/63/3 2285/79/3
f 2287/96/38 2291/80/38 2289/179/38 2285/184/38
f 2292/64/1 2288/48/1 2286/191/1 2290/178/1
usemtl Material.866
f 2293/168/4 2294/169/4 2296/189/4 2295/190/4
f 2295/190/2 2296/189/2 2300/64/2 2299/80/2
f 2299/80/5 2300/64/5 2298/178/5 2297/179/5
f 2297/179/3 2298/178/3 2294/63/3 2293/79/3
f 2295/96/38 2299/80/38 2297/179/38 2293/184/38
f 2300/64/1 2296/48/1 2294/191/1 2298/178/1
usemtl Material.867
f 2301/168/4 2302/169/4 2304/189/4 2303/190/4
f 2303/190/2 2304/189/2 2308/64/2 2307/80/2
f 2307/80/5 2308/64/5 2306/178/5 2305/179/5
f 2305/179/3 2306/178/3 2302/63/3 2301/79/3
f 2303/96/38 2307/80/38 2305/179/38 2301/184/38
f 2308/64/1 2304/48/1 2302/191/1 2306/178/1
usemtl Material.868
f 2309/168/4 2310/169/4 2312/189/4 2311/190/4
f 2311/190/2 2312/189/2 2316/64/2 2315/80/2
f 2315/80/5 2316/64/5 2314/178/5 2313/179/5
f 2313/179/3 2314/178/3 2310/63/3 2309/79/3
f 2311/96/38 2315/80/38 2313/179/38 2309/184/38
f 2316/64/1 2312/48/1 2310/191/1 2314/178/1
usemtl Material.869
f 2317/168/4 2318/169/4 2320/189/4 2319/190/4
f 2319/190/2 2320/189/2 2324/64/2 2323/80/2
f 2323/80/5 2324/64/5 2322/178/5 2321/179/5
f 2321/179/3 2322/178/3 2318/63/3 2317/79/3
f 2319/96/38 2323/80/38 2321/179/38 2317/184/38
f 2324/64/1 2320/48/1 2318/191/1 2322/178/1
usemtl Material.870
f 2325/168/4 2326/169/4 2328/189/4 2327/190/4
f 2327/190/1 2328/189/1 2332/64/1 2331/80/1
f 2331/80/5 2332/64/5 2330/178/5 2329/179/5
f 2329/179/38 2330/178/38 2326/63/38 2325/79/38
f 2327/96/2 2331/80/2 2329/179/2 2325/184/2
f 2332/64/3 2328/48/3 2326/191/3 2330/178/3
usemtl Material.871
f 2333/168/2 2334/169/2 2336/189/2 2335/190/2
f 2335/190/5 2336/189/5 2340/64/5 2339/80/5
f 2339/80/3 2340/64/3 2338/178/3 2337/179/3
f 2337/179/4 2338/178/4 2334/63/4 2333/79/4
f 2335/96/38 2339/80/38 2337/179/38 2333/184/38
f 2340/64/1 2336/48/1 2334/191/1 2338/178/1
usemtl Material.872
f 2341/168/2 2342/169/2 2344/189/2 2343/190/2
f 2343/190/5 2344/189/5 2348/64/5 2347/80/5
f 2347/80/3 2348/64/3 2346/178/3 2345/179/3
f 2345/179/4 2346/178/4 2342/63/4 2341/79/4
f 2343/96/38 2347/80/38 2345/179/38 2341/184/38
f 2348/64/1 2344/48/1 2342/191/1 2346/178/1
usemtl Material.873
f 2349/168/2 2350/169/2 2352/189/2 2351/190/2
f 2351/190/5 2352/189/5 2356/64/5 2355/80/5
f 2355/80/3 2356/64/3 2354/178/3 2353/179/3
f 2353/179/4 2354/178/4 2350/63/4 2349/79/4
f 2351/96/38 2355/80/38 2353/179/38 2349/184/38
f 2356/64/1 2352/48/1 2350/191/1 2354/178/1
usemtl Material.874
f 2357/168/2 2358/169/2 2360/189/2 2359/190/2
f 2359/190/5 2360/189/5 2364/64/5 2363/80/5
f 2363/80/3 2364/64/3 2362/178/3 2361/179/3
f 2361/179/151 2362/178/151 2358/63/151 2357/79/151
f 2359/96/38 2363/80/38 2361/179/38 2357/184/38
f 2364/64/1 2360/48/1 2358/191/1 2362/178/1
usemtl Material.875
f 2365/168/2 2366/169/2 2368/189/2 2367/190/2
f 2367/190/5 2368/189/5 2372/64/5 2371/80/5
f 2371/80/3 2372/64/3 2370/178/3 2369/179/3
f 2369/179/151 2370/178/151 2366/63/151 2365/79/151
f 2367/96/38 2371/80/38 2369/179/38 2365/184/38
f 2372/64/1 2368/48/1 2366/191/1 2370/178/1
usemtl Material.876
f 2373/168/2 2374/169/2 2376/189/2 2375/190/2
f 2375/190/1 2376/189/1 2380/64/1 2379/80/1
f 2379/80/3 2380/64/3 2378/178/3 2377/179/3
f 2377/179/38 2378/178/38 2374/63/38 2373/79/38
f 2375/96/5 2379/80/5 2377/179/5 2373/184/5
f 2380/64/4 2376/48/4 2374/191/4 2378/178/4
usemtl Material.877
f 2381/168/5 2382/169/5 2384/189/5 2383/190/5
f 2383/190/3 2384/189/3 2388/64/3 2387/80/3
f 2387/80/4 2388/64/4 2386/178/4 2385/179/4
f 2385/179/2 2386/178/2 2382/63/2 2381/79/2
f 2383/96/38 2387/80/38 2385/179/38 2381/184/38
f 2388/64/1 2384/48/1 2382/191/1 2386/178/1
usemtl Material.878
f 2389/168/5 2390/169/5 2392/189/5 2391/190/5
f 2391/190/3 2392/189/3 2396/64/3 2395/80/3
f 2395/80/4 2396/64/4 2394/178/4 2393/179/4
f 2393/179/2 2394/178/2 2390/63/2 2389/79/2
f 2391/96/38 2395/80/38 2393/179/38 2389/184/38
f 2396/64/1 2392/48/1 2390/191/1 2394/178/1
usemtl Material.879
f 2397/168/5 2398/169/5 2400/189/5 2399/190/5
f 2399/190/3 2400/189/3 2404/64/3 2403/80/3
f 2403/80/4 2404/64/4 2402/178/4 2401/179/4
f 2401/179/2 2402/178/2 2398/63/2 2397/79/2
f 2399/96/38 2403/80/38 2401/179/38 2397/184/38
f 2404/64/1 2400/48/1 2398/191/1 2402/178/1
usemtl Material.880
f 2405/168/5 2406/169/5 2408/189/5 2407/190/5
f 2407/190/3 2408/189/3 2412/64/3 2411/80/3
f 2411/80/4 2412/64/4 2410/178/4 2409/179/4
f 2409/179/2 2410/178/2 2406/63/2 2405/79/2
f 2407/96/38 2411/80/38 2409/179/38 2405/184/38
f 2412/64/1 2408/48/1 2406/191/1 2410/178/1
usemtl Material.881
f 2413/168/5 2414/169/5 2416/189/5 2415/190/5
f 2415/190/3 2416/189/3 2420/64/3 2419/80/3
f 2419/80/4 2420/64/4 2418/178/4 2417/179/4
f 2417/179/2 2418/178/2 2414/63/2 2413/79/2
f 2415/96/38 2419/80/38 2417/179/38 2413/184/38
f 2420/64/1 2416/48/1 2414/191/1 2418/178/1
usemtl Material.882
f 2421/168/5 2422/169/5 2424/189/5 2423/190/5
f 2423/190/1 2424/189/1 2428/64/1 2427/80/1
f 2427/80/4 2428/64/4 2426/178/4 2425/179/4
f 2425/179/38 2426/178/38 2422/63/38 2421/79/38
f 2423/96/3 2427/80/3 2425/179/3 2421/184/3
f 2428/64/2 2424/48/2 2422/191/2 2426/178/2
usemtl Material.822
f 2429/168/3 2430/169/3 2432/189/3 2431/190/3
f 2431/190/4 2432/189/4 2436/64/4 2435/80/4
f 2435/80/2 2436/64/2 2434/178/2 2433/179/2
f 2433/179/5 2434/178/5 2430/63/5 2429/79/5
f 2431/96/38 2435/80/38 2433/179/38 2429/184/38
f 2436/64/1 2432/48/1 2430/191/1 2434/178/1
usemtl Piedras
f 2437/1/1 2438/192/1 2440/193/1 2439/194/1
usemtl Ceramico
f 2441/1/1 2442/195/1 2444/196/1 2443/15/1
f 4413/1/2 4414/13/2 4416/14/2 4415/15/2
usemtl Cemento.043
f 2445/168/3 2446/169/3 2448/189/3 2447/190/3
f 2447/190/4 2448/189/4 2452/64/4 2451/80/4
f 2451/80/2 2452/64/2 2450/178/2 2449/179/2
f 2449/179/5 2450/178/5 2446/63/5 2445/79/5
f 2447/96/38 2451/80/38 2449/179/38 2445/184/38
f 2452/64/1 2448/48/1 2446/191/1 2450/178/1
usemtl Cemento.010
f 2453/168/3 2454/169/3 2456/189/3 2455/190/3
f 2455/190/4 2456/189/4 2460/64/4 2459/80/4
f 2459/80/2 2460/64/2 2458/178/2 2457/179/2
f 2457/179/5 2458/178/5 2454/63/5 2453/79/5
f 2455/96/38 2459/80/38 2457/179/38 2453/184/38
f 2460/64/1 2456/48/1 2454/191/1 2458/178/1
usemtl Cemento.011
f 2461/168/3 2462/169/3 2464/189/3 2463/190/3
f 2463/190/4 2464/189/4 2468/64/4 2467/80/4
f 2467/80/2 2468/64/2 2466/178/2 2465/179/2
f 2465/179/5 2466/178/5 2462/63/5 2461/79/5
f 2463/96/38 2467/80/38 2465/179/38 2461/184/38
f 2468/64/1 2464/48/1 2462/191/1 2466/178/1
usemtl Cemento.012
f 2469/168/3 2470/169/3 2472/189/3 2471/190/3
f 2471/190/4 2472/189/4 2476/64/4 2475/80/4
f 2475/80/2 2476/64/2 2474/178/2 2473/179/2
f 2473/179/5 2474/178/5 2470/63/5 2469/79/5
f 2471/96/38 2475/80/38 2473/179/38 2469/184/38
f 2476/64/1 2472/48/1 2470/191/1 2474/178/1
usemtl Cemento.013
f 2477/168/3 2478/169/3 2480/189/3 2479/190/3
f 2479/190/4 2480/189/4 2484/64/4 2483/80/4
f 2483/80/2 2484/64/2 2482/178/2 2481/179/2
f 2481/179/5 2482/178/5 2478/63/5 2477/79/5
f 2479/96/38 2483/80/38 2481/179/38 2477/184/38
f 2484/64/1 2480/48/1 2478/191/1 2482/178/1
usemtl Cemento.014
f 2485/168/3 2486/169/3 2488/189/3 2487/190/3
f 2487/190/4 2488/189/4 2492/64/4 2491/80/4
f 2491/80/2 2492/64/2 2490/178/2 2489/179/2
f 2489/179/5 2490/178/5 2486/63/5 2485/79/5
f 2487/96/38 2491/80/38 2489/179/38 2485/184/38
f 2492/64/1 2488/48/1 2486/191/1 2490/178/1
usemtl Cemento.015
f 2493/168/3 2494/169/3 2496/189/3 2495/190/3
f 2495/190/4 2496/189/4 2500/64/4 2499/80/4
f 2499/80/2 2500/64/2 2498/178/2 2497/179/2
f 2497/179/5 2498/178/5 2494/63/5 2493/79/5
f 2495/96/38 2499/80/38 2497/179/38 2493/184/38
f 2500/64/1 2496/48/1 2494/191/1 2498/178/1
usemtl Cemento.016
f 2501/168/3 2502/169/3 2504/189/3 2503/190/3
f 2503/190/4 2504/189/4 2508/64/4 2507/80/4
f 2507/80/2 2508/64/2 2506/178/2 2505/179/2
f 2505/179/5 2506/178/5 2502/63/5 2501/79/5
f 2503/96/38 2507/80/38 2505/179/38 2501/184/38
f 2508/64/1 2504/48/1 2502/191/1 2506/178/1
usemtl Cemento.017
f 2509/168/3 2510/169/3 2512/189/3 2511/190/3
f 2511/190/4 2512/189/4 2516/64/4 2515/80/4
f 2515/80/2 2516/64/2 2514/178/2 2513/179/2
f 2513/179/5 2514/178/5 2510/63/5 2509/79/5
f 2511/96/38 2515/80/38 2513/179/38 2509/184/38
f 2516/64/1 2512/48/1 2510/191/1 2514/178/1
usemtl Cemento.018
f 2517/168/3 2518/169/3 2520/189/3 2519/190/3
f 2519/190/4 2520/189/4 2524/64/4 2523/80/4
f 2523/80/2 2524/64/2 2522/178/2 2521/179/2
f 2521/179/5 2522/178/5 2518/63/5 2517/79/5
f 2519/96/38 2523/80/38 2521/179/38 2517/184/38
f 2524/64/1 2520/48/1 2518/191/1 2522/178/1
usemtl Cemento.019
f 2525/168/3 2526/169/3 2528/189/3 2527/190/3
f 2527/190/4 2528/189/4 2532/64/4 2531/80/4
f 2531/80/2 2532/64/2 2530/178/2 2529/179/2
f 2529/179/5 2530/178/5 2526/63/5 2525/79/5
f 2527/96/38 2531/80/38 2529/179/38 2525/184/38
f 2532/64/1 2528/48/1 2526/191/1 2530/178/1
usemtl Cemento.005
f 2533/168/3 2534/169/3 2536/189/3 2535/190/3
f 2535/190/4 2536/189/4 2540/64/4 2539/80/4
f 2539/80/2 2540/64/2 2538/178/2 2537/179/2
f 2537/179/5 2538/178/5 2534/63/5 2533/79/5
f 2535/96/38 2539/80/38 2537/179/38 2533/184/38
f 2540/64/1 2536/48/1 2534/191/1 2538/178/1
usemtl Cemento.006
f 2541/168/3 2542/169/3 2544/189/3 2543/190/3
f 2543/190/4 2544/189/4 2548/64/4 2547/80/4
f 2547/80/2 2548/64/2 2546/178/2 2545/179/2
f 2545/179/5 2546/178/5 2542/63/5 2541/79/5
f 2543/96/38 2547/80/38 2545/179/38 2541/184/38
f 2548/64/1 2544/48/1 2542/191/1 2546/178/1
usemtl Cemento.007
f 2549/168/3 2550/169/3 2552/189/3 2551/190/3
f 2551/190/4 2552/189/4 2556/64/4 2555/80/4
f 2555/80/2 2556/64/2 2554/178/2 2553/179/2
f 2553/179/5 2554/178/5 2550/63/5 2549/79/5
f 2551/96/38 2555/80/38 2553/179/38 2549/184/38
f 2556/64/1 2552/48/1 2550/191/1 2554/178/1
usemtl Cemento.008
f 2557/168/3 2558/169/3 2560/189/3 2559/190/3
f 2559/190/4 2560/189/4 2564/64/4 2563/80/4
f 2563/80/2 2564/64/2 2562/178/2 2561/179/2
f 2561/179/5 2562/178/5 2558/63/5 2557/79/5
f 2559/96/38 2563/80/38 2561/179/38 2557/184/38
f 2564/64/1 2560/48/1 2558/191/1 2562/178/1
usemtl Cemento.009
f 2565/168/3 2566/169/3 2568/189/3 2567/190/3
f 2567/190/4 2568/189/4 2572/64/4 2571/80/4
f 2571/80/2 2572/64/2 2570/178/2 2569/179/2
f 2569/179/5 2570/178/5 2566/63/5 2565/79/5
f 2567/96/38 2571/80/38 2569/179/38 2565/184/38
f 2572/64/1 2568/48/1 2566/191/1 2570/178/1
usemtl Cemento.004
f 2573/168/3 2574/169/3 2576/189/3 2575/190/3
f 2575/190/4 2576/189/4 2580/64/4 2579/80/4
f 2579/80/2 2580/64/2 2578/178/2 2577/179/2
f 2577/179/5 2578/178/5 2574/63/5 2573/79/5
f 2575/96/38 2579/80/38 2577/179/38 2573/184/38
f 2580/64/1 2576/48/1 2574/191/1 2578/178/1
usemtl Cemento
f 2581/168/3 2582/169/3 2584/189/3 2583/190/3
f 2583/190/4 2584/189/4 2588/64/4 2587/80/4
f 2587/80/2 2588/64/2 2586/178/2 2585/179/2
f 2585/179/5 2586/178/5 2582/63/5 2581/79/5
f 2583/96/38 2587/80/38 2585/179/38 2581/184/38
f 2588/64/1 2584/48/1 2582/191/1 2586/178/1
f 3289/168/3 3290/169/3 3292/189/3 3291/190/3
f 3291/190/4 3292/189/4 3296/64/4 3295/80/4
f 3295/80/2 3296/64/2 3294/178/2 3293/179/2
f 3293/179/5 3294/178/5 3290/63/5 3289/79/5
f 3291/96/38 3295/80/38 3293/179/38 3289/184/38
f 3296/64/1 3292/48/1 3290/191/1 3294/178/1
f 4201/168/3 4202/169/3 4204/189/3 4203/190/3
f 4203/190/4 4204/189/4 4208/64/4 4207/80/4
f 4207/80/2 4208/64/2 4206/178/2 4205/179/2
f 4205/179/5 4206/178/5 4202/63/5 4201/79/5
f 4203/96/38 4207/80/38 4205/179/38 4201/184/38
f 4208/64/1 4204/48/1 4202/191/1 4206/178/1
f 4233/1/5 4234/13/5 4236/14/5 4235/15/5
f 4237/168/3 4238/169/3 4240/189/3 4239/190/3
f 4239/190/4 4240/189/4 4244/64/4 4243/80/4
f 4243/80/2 4244/64/2 4242/178/2 4241/179/2
f 4241/179/5 4242/178/5 4238/63/5 4237/79/5
f 4239/96/38 4243/80/38 4241/179/38 4237/184/38
f 4244/64/1 4240/48/1 4238/191/1 4242/178/1
f 4261/1/5 4262/13/5 4264/14/5 4263/15/5
f 4281/168/3 4282/169/3 4284/189/3 4283/190/3
f 4283/190/4 4284/189/4 4288/64/4 4287/80/4
f 4287/80/2 4288/64/2 4286/178/2 4285/179/2
f 4285/179/5 4286/178/5 4282/63/5 4281/79/5
f 4283/96/38 4287/80/38 4285/179/38 4281/184/38
f 4288/64/1 4284/48/1 4282/191/1 4286/178/1
f 4297/168/3 4298/169/3 4300/189/3 4299/190/3
f 4299/190/4 4300/189/4 4304/64/4 4303/80/4
f 4303/80/2 4304/64/2 4302/178/2 4301/179/2
f 4301/179/5 4302/178/5 4298/63/5 4297/79/5
f 4299/96/38 4303/80/38 4301/179/38 4297/184/38
f 4304/64/1 4300/48/1 4298/191/1 4302/178/1
f 4393/168/3 4394/169/3 4396/189/3 4395/190/3
f 4395/190/4 4396/189/4 4400/64/4 4399/80/4
f 4399/80/2 4400/64/2 4398/178/2 4397/179/2
f 4397/179/5 4398/178/5 4394/63/5 4393/79/5
f 4395/96/38 4399/80/38 4397/179/38 4393/184/38
f 4400/64/1 4396/48/1 4394/191/1 4398/178/1
f 4429/168/3 4430/169/3 4432/189/3 4431/190/3
f 4431/190/4 4432/189/4 4436/64/4 4435/80/4
f 4435/80/2 4436/64/2 4434/178/2 4433/179/2
f 4433/179/5 4434/178/5 4430/63/5 4429/79/5
f 4431/96/38 4435/80/38 4433/179/38 4429/184/38
f 4436/64/1 4432/48/1 4430/191/1 4434/178/1
f 4437/168/3 4438/169/3 4440/189/3 4439/190/3
f 4439/190/4 4440/189/4 4444/64/4 4443/80/4
f 4443/80/2 4444/64/2 4442/178/2 4441/179/2
f 4441/179/5 4442/178/5 4438/63/5 4437/79/5
f 4439/96/38 4443/80/38 4441/179/38 4437/184/38
f 4444/64/1 4440/48/1 4438/191/1 4442/178/1
f 4445/168/3 4446/169/3 4448/189/3 4447/190/3
f 4447/190/4 4448/189/4 4452/64/4 4451/80/4
f 4451/80/2 4452/64/2 4450/178/2 4449/179/2
f 4449/179/5 4450/178/5 4446/63/5 4445/79/5
f 4447/96/38 4451/80/38 4449/179/38 4445/184/38
f 4452/64/1 4448/48/1 4446/191/1 4450/178/1
f 4453/168/3 4454/169/3 4456/189/3 4455/190/3
f 4455/190/4 4456/189/4 4460/64/4 4459/80/4
f 4459/80/2 4460/64/2 4458/178/2 4457/179/2
f 4457/179/5 4458/178/5 4454/63/5 4453/79/5
f 4455/96/38 4459/80/38 4457/179/38 4453/184/38
f 4460/64/1 4456/48/1 4454/191/1 4458/178/1
f 4461/168/3 4462/169/3 4464/189/3 4463/190/3
f 4463/190/4 4464/189/4 4468/64/4 4467/80/4
f 4467/80/2 4468/64/2 4466/178/2 4465/179/2
f 4465/179/5 4466/178/5 4462/63/5 4461/79/5
f 4463/96/38 4467/80/38 4465/179/38 4461/184/38
f 4468/64/1 4464/48/1 4462/191/1 4466/178/1
f 4469/168/3 4470/169/3 4472/189/3 4471/190/3
f 4471/190/4 4472/189/4 4476/64/4 4475/80/4
f 4475/80/2 4476/64/2 4474/178/2 4473/179/2
f 4473/179/5 4474/178/5 4470/63/5 4469/79/5
f 4471/96/38 4475/80/38 4473/179/38 4469/184/38
f 4476/64/1 4472/48/1 4470/191/1 4474/178/1
f 4477/168/3 4478/169/3 4480/189/3 4479/190/3
f 4479/190/4 4480/189/4 4484/64/4 4483/80/4
f 4483/80/2 4484/64/2 4482/178/2 4481/179/2
f 4481/179/5 4482/178/5 4478/63/5 4477/79/5
f 4479/96/38 4483/80/38 4481/179/38 4477/184/38
f 4484/64/1 4480/48/1 4478/191/1 4482/178/1
f 4485/168/3 4486/169/3 4488/189/3 4487/190/3
f 4487/190/4 4488/189/4 4492/64/4 4491/80/4
f 4491/80/2 4492/64/2 4490/178/2 4489/179/2
f 4489/179/5 4490/178/5 4486/63/5 4485/79/5
f 4487/96/38 4491/80/38 4489/179/38 4485/184/38
f 4492/64/1 4488/48/1 4486/191/1 4490/178/1
f 4493/168/3 4494/169/3 4496/189/3 4495/190/3
f 4495/190/4 4496/189/4 4500/64/4 4499/80/4
f 4499/80/2 4500/64/2 4498/178/2 4497/179/2
f 4497/179/5 4498/178/5 4494/63/5 4493/79/5
f 4495/96/38 4499/80/38 4497/179/38 4493/184/38
f 4500/64/1 4496/48/1 4494/191/1 4498/178/1
f 4501/168/3 4502/169/3 4504/189/3 4503/190/3
f 4503/190/4 4504/189/4 4508/64/4 4507/80/4
f 4507/80/2 4508/64/2 4506/178/2 4505/179/2
f 4505/179/5 4506/178/5 4502/63/5 4501/79/5
f 4503/96/38 4507/80/38 4505/179/38 4501/184/38
f 4508/64/1 4504/48/1 4502/191/1 4506/178/1
f 4509/168/3 4510/169/3 4512/189/3 4511/190/3
f 4511/190/4 4512/189/4 4516/64/4 4515/80/4
f 4515/80/2 4516/64/2 4514/178/2 4513/179/2
f 4513/179/5 4514/178/5 4510/63/5 4509/79/5
f 4511/96/38 4515/80/38 4513/179/38 4509/184/38
f 4516/64/1 4512/48/1 4510/191/1 4514/178/1
f 4517/168/3 4518/169/3 4520/189/3 4519/190/3
f 4519/190/4 4520/189/4 4524/64/4 4523/80/4
f 4523/80/2 4524/64/2 4522/178/2 4521/179/2
f 4521/179/5 4522/178/5 4518/63/5 4517/79/5
f 4519/96/38 4523/80/38 4521/179/38 4517/184/38
f 4524/64/1 4520/48/1 4518/191/1 4522/178/1
f 4525/168/3 4526/169/3 4528/189/3 4527/190/3
f 4527/190/4 4528/189/4 4532/64/4 4531/80/4
f 4531/80/2 4532/64/2 4530/178/2 4529/179/2
f 4529/179/5 4530/178/5 4526/63/5 4525/79/5
f 4527/96/38 4531/80/38 4529/179/38 4525/184/38
f 4532/64/1 4528/48/1 4526/191/1 4530/178/1
f 4533/168/3 4534/169/3 4536/189/3 4535/190/3
f 4535/190/4 4536/189/4 4540/64/4 4539/80/4
f 4539/80/2 4540/64/2 4538/178/2 4537/179/2
f 4537/179/5 4538/178/5 4534/63/5 4533/79/5
f 4535/96/38 4539/80/38 4537/179/38 4533/184/38
f 4540/64/1 4536/48/1 4534/191/1 4538/178/1
f 4541/168/3 4542/169/3 4544/189/3 4543/190/3
f 4543/190/4 4544/189/4 4548/64/4 4547/80/4
f 4547/80/2 4548/64/2 4546/178/2 4545/179/2
f 4545/179/5 4546/178/5 4542/63/5 4541/79/5
f 4543/96/38 4547/80/38 4545/179/38 4541/184/38
f 4548/64/1 4544/48/1 4542/191/1 4546/178/1
f 4549/168/3 4550/169/3 4552/189/3 4551/190/3
f 4551/190/4 4552/189/4 4556/64/4 4555/80/4
f 4555/80/2 4556/64/2 4554/178/2 4553/179/2
f 4553/179/5 4554/178/5 4550/63/5 4549/79/5
f 4551/96/38 4555/80/38 4553/179/38 4549/184/38
f 4556/64/1 4552/48/1 4550/191/1 4554/178/1
f 4801/168/3 4802/169/3 4804/189/3 4803/190/3
f 4803/190/4 4804/189/4 4808/64/4 4807/80/4
f 4807/80/2 4808/64/2 4806/178/2 4805/179/2
f 4805/179/5 4806/178/5 4802/63/5 4801/79/5
f 4803/96/38 4807/80/38 4805/179/38 4801/184/38
f 4808/64/1 4804/48/1 4802/191/1 4806/178/1
f 4809/1/1 4810/13/1 4812/14/1 4811/15/1
f 5152/618/1 5150/619/1 5149/620/1 5153/621/1
f 5153/621/2 5149/620/2 5148/622/2 5154/623/2
f 5154/623/1 5148/622/1 5147/624/1 5155/625/1
f 5155/625/2 5147/624/2 5146/626/2 5156/627/2
f 5156/627/1 5146/626/1 5145/628/1 5157/629/1
f 5157/629/2 5145/628/2 5144/630/2 5158/631/2
f 5158/631/1 5144/630/1 5143/632/1 5159/633/1
f 5159/633/2 5143/632/2 5142/634/2 5160/635/2
f 5160/635/1 5142/634/1 5141/636/1 5161/637/1
f 5161/637/2 5141/636/2 5140/638/2 5162/639/2
f 5162/639/1 5140/638/1 5139/640/1 5163/641/1
f 5163/641/2 5139/640/2 5138/642/2 5164/643/2
f 5164/643/1 5138/642/1 5137/644/1 5165/645/1
f 5165/645/2 5137/644/2 5136/646/2 5166/647/2
f 5166/647/1 5136/646/1 5135/179/1 5151/80/1
f 5134/80/1 5151/80/1 5135/179/1 5133/179/1
f 5169/648/152 5168/649/152 5167/184/152 5170/96/152
f 5169/648/38 5134/80/38 5133/179/38 5168/649/38
f 5133/179/5 5135/179/5 5136/650/5 5137/644/5 5138/642/5 5139/640/5 5140/638/5 5141/636/5 5142/634/5 5143/632/5 5144/630/5 5145/628/5 5146/626/5 5147/624/5 5148/622/5 5149/620/5 5150/619/5 5167/651/5 5168/652/5
f 5169/653/4 5170/654/4 5152/655/4 5153/621/4 5154/623/4 5155/625/4 5156/627/4 5157/629/4 5158/631/4 5159/633/4 5160/635/4 5161/637/4 5162/639/4 5163/641/4 5164/643/4 5165/645/4 5166/656/4 5151/80/4 5134/80/4
f 5239/80/2 5240/64/2 5238/178/2 5237/179/2
f 5236/96/38 5239/80/38 5237/179/38 5235/184/38
f 5241/673/3 5259/674/3 5274/675/3 5243/676/3
f 5243/676/1 5274/675/1 5273/677/1 5244/678/1
f 5244/678/3 5273/677/3 5272/679/3 5245/680/3
f 5245/680/1 5272/679/1 5271/681/1 5246/682/1
f 5246/682/3 5271/681/3 5270/681/3 5247/682/3
f 5247/682/1 5270/681/1 5269/683/1 5248/684/1
f 5248/684/3 5269/683/3 5268/685/3 5249/686/3
f 5249/686/1 5268/685/1 5267/48/1 5250/191/1
f 5250/169/3 5267/687/3 5266/688/3 5251/689/3
f 5251/690/1 5266/691/1 5265/692/1 5252/689/1
f 5252/689/3 5265/692/3 5264/693/3 5253/694/3
f 5253/695/1 5264/696/1 5263/697/1 5254/698/1
f 5254/694/3 5263/699/3 5262/700/3 5255/701/3
f 5255/702/1 5262/703/1 5261/704/1 5256/705/1
f 5256/706/3 5261/707/3 5260/708/3 5257/709/3
f 5257/710/1 5260/711/1 5258/712/1 5242/713/1
f 5237/714/5 5238/715/5 5241/716/5 5243/717/5 5244/718/5 5245/719/5 5246/720/5 5247/721/5 5248/722/5 5249/723/5 5250/724/5 5251/725/5 5252/726/5 5253/727/5 5254/728/5 5255/729/5 5256/730/5 5257/731/5 5242/732/5 5235/733/5
f 5235/168/3 5242/734/3 5258/735/3 5236/190/3
f 5240/64/1 5259/674/1 5241/673/1 5238/178/1
f 5236/190/4 5258/735/4 5260/708/4 5261/707/4 5262/700/4 5263/699/4 5264/693/4 5265/692/4 5266/688/4 5267/687/4 5268/736/4 5269/737/4 5270/738/4 5271/739/4 5272/740/4 5273/741/4 5274/742/4 5259/743/4 5240/64/4 5239/80/4
f 5303/1/2 5304/13/2 5306/14/2 5305/15/2
f 5315/168/3 5316/169/3 5318/189/3 5317/190/3
f 5317/190/4 5318/189/4 5322/64/4 5321/80/4
f 5321/80/2 5322/64/2 5320/178/2 5319/179/2
f 5319/179/5 5320/178/5 5316/63/5 5315/79/5
f 5317/96/38 5321/80/38 5319/179/38 5315/184/38
f 5322/64/1 5318/48/1 5316/191/1 5320/178/1
f 5431/168/3 5432/169/3 5434/189/3 5433/190/3
f 5433/190/4 5434/189/4 5438/64/4 5437/80/4
f 5437/80/2 5438/64/2 5436/178/2 5435/179/2
f 5435/179/5 5436/178/5 5432/63/5 5431/79/5
f 5433/96/38 5437/80/38 5435/179/38 5431/184/38
f 5438/64/1 5434/48/1 5432/191/1 5436/178/1
f 5541/168/3 5542/169/3 5544/189/3 5543/190/3
f 5543/190/4 5544/189/4 5548/64/4 5547/80/4
f 5547/80/2 5548/64/2 5546/178/2 5545/179/2
f 5545/179/5 5546/178/5 5542/63/5 5541/79/5
f 5543/96/38 5547/80/38 5545/179/38 5541/184/38
f 5548/64/1 5544/48/1 5542/191/1 5546/178/1
f 5589/1/5 5590/13/5 5592/14/5 5591/15/5
f 5609/168/3 5610/169/3 5612/189/3 5611/190/3
f 5611/190/4 5612/189/4 5616/64/4 5615/80/4
f 5615/80/2 5616/64/2 5614/178/2 5613/179/2
f 5613/179/5 5614/178/5 5610/63/5 5609/79/5
f 5611/96/38 5615/80/38 5613/179/38 5609/184/38
f 5616/64/1 5612/48/1 5610/191/1 5614/178/1
f 5625/168/3 5626/169/3 5628/189/3 5627/190/3
f 5627/190/4 5628/189/4 5632/64/4 5631/80/4
f 5631/80/2 5632/64/2 5630/178/2 5629/179/2
f 5629/179/5 5630/178/5 5626/63/5 5625/79/5
f 5627/96/38 5631/80/38 5629/179/38 5625/184/38
f 5632/64/1 5628/48/1 5626/191/1 5630/178/1
f 5633/168/3 5634/169/3 5636/189/3 5635/190/3
f 5635/190/4 5636/189/4 5640/64/4 5639/80/4
f 5639/80/2 5640/64/2 5638/178/2 5637/179/2
f 5637/179/5 5638/178/5 5634/63/5 5633/79/5
f 5635/96/38 5639/80/38 5637/179/38 5633/184/38
f 5640/64/1 5636/48/1 5634/191/1 5638/178/1
f 5649/168/3 5650/169/3 5652/189/3 5651/190/3
f 5651/190/4 5652/189/4 5656/64/4 5655/80/4
f 5655/80/2 5656/64/2 5654/178/2 5653/179/2
f 5653/179/5 5654/178/5 5650/63/5 5649/79/5
f 5651/96/38 5655/80/38 5653/179/38 5649/184/38
f 5656/64/1 5652/48/1 5650/191/1 5654/178/1
f 5657/168/3 5658/169/3 5660/189/3 5659/190/3
f 5659/190/4 5660/189/4 5664/64/4 5663/80/4
f 5663/80/2 5664/64/2 5662/178/2 5661/179/2
f 5661/179/5 5662/178/5 5658/63/5 5657/79/5
f 5659/96/38 5663/80/38 5661/179/38 5657/184/38
f 5664/64/154 5660/189/154 5666/189/154 5668/64/154
f 5667/178/2 5668/64/2 5672/64/2 5671/178/2
f 5662/178/2 5664/64/2 5668/64/2 5667/178/2
f 5660/189/3 5658/169/3 5665/169/3 5666/189/3
f 5658/63/155 5662/178/155 5667/764/155 5665/765/155
f 5669/766/156 5671/767/156 5675/178/156 5673/63/156
f 5666/189/3 5665/169/3 5669/169/3 5670/189/3
f 5665/768/157 5667/769/157 5671/178/157 5669/63/157
f 5668/64/158 5666/189/158 5670/189/158 5672/64/158
f 5675/178/2 5676/64/2 5680/64/2 5679/178/2
f 5672/64/159 5670/189/159 5674/189/159 5676/64/159
f 5671/178/2 5672/64/2 5676/64/2 5675/178/2
f 5670/189/3 5669/169/3 5673/169/3 5674/189/3
f 5679/178/2 5680/64/2 5684/64/2 5683/178/2
f 5674/189/3 5673/169/3 5677/169/3 5678/189/3
f 5673/770/160 5675/771/160 5679/178/160 5677/63/160
f 5676/64/161 5674/189/161 5678/189/161 5680/64/161
f 5681/772/162 5683/773/162 5687/774/162 5685/775/162
f 5678/189/3 5677/169/3 5681/169/3 5682/189/3
f 5677/776/163 5679/771/163 5683/178/163 5681/63/163
f 5680/64/164 5678/189/164 5682/189/164 5684/64/164
f 5687/178/2 5688/64/2 5692/64/2 5691/178/2
f 5684/64/165 5682/189/165 5686/189/165 5688/64/165
f 5683/178/2 5684/64/2 5688/64/2 5687/178/2
f 5682/189/3 5681/169/3 5685/169/3 5686/189/3
f 5690/189/3 5689/169/3 5693/169/3 5694/189/3
f 5686/189/3 5685/169/3 5689/169/3 5690/189/3
f 5685/775/166 5687/774/166 5691/178/166 5689/63/166
f 5688/64/167 5686/189/167 5690/189/167 5692/64/167
f 5693/776/168 5695/777/168 5699/178/168 5697/63/168
f 5689/772/169 5691/778/169 5695/178/169 5693/63/169
f 5692/64/170 5690/189/170 5694/189/170 5696/64/170
f 5691/178/2 5692/64/2 5696/64/2 5695/178/2
f 5699/178/2 5700/64/2 5704/64/2 5703/178/2
f 5696/64/171 5694/189/171 5698/189/171 5700/64/171
f 5695/178/2 5696/64/2 5700/64/2 5699/178/2
f 5694/189/3 5693/169/3 5697/169/3 5698/189/3
f 5701/779/172 5703/780/172 5707/178/172 5705/63/172
f 5698/189/3 5697/169/3 5701/169/3 5702/189/3
f 5697/781/173 5699/782/173 5703/178/173 5701/63/173
f 5700/64/174 5698/189/174 5702/189/174 5704/64/174
f 5704/64/175 5702/189/175 5706/189/175 5708/64/175
f 5703/178/2 5704/64/2 5708/64/2 5707/178/2
f 5702/189/3 5701/169/3 5705/169/3 5706/189/3
f 5750/96/38 5752/80/38 5751/179/38 5749/184/38
f 5753/807/176 5755/808/176 5756/809/176 5754/810/176
f 5755/808/177 5759/811/177 5760/812/177 5756/809/177
f 5759/811/178 5757/813/178 5758/814/178 5760/812/178
f 5757/813/179 5753/807/179 5754/810/179 5758/814/179
f 5751/815/5 5758/816/5 5754/817/5 5749/818/5
f 5749/819/3 5754/820/3 5756/821/3 5750/822/3
f 5757/823/180 5759/824/180 5763/825/180 5764/826/180
f 5750/827/4 5756/828/4 5760/829/4 5752/830/4
f 5752/831/2 5760/832/2 5758/833/2 5751/834/2
f 5763/835/1 5762/836/1 5761/837/1 5764/838/1
f 5755/839/181 5753/840/181 5761/841/181 5762/842/181
f 5753/843/182 5757/844/182 5764/845/182 5761/846/182
f 5759/847/183 5755/848/183 5762/849/183 5763/850/183
usemtl Cemento.001
f 2589/168/3 2590/169/3 2592/189/3 2591/190/3
f 2591/190/4 2592/189/4 2596/64/4 2595/80/4
f 2595/80/2 2596/64/2 2594/178/2 2593/179/2
f 2593/179/5 2594/178/5 2590/63/5 2589/79/5
f 2591/96/38 2595/80/38 2593/179/38 2589/184/38
f 2596/64/1 2592/48/1 2590/191/1 2594/178/1
usemtl Cemento.002
f 2597/168/3 2598/169/3 2600/189/3 2599/190/3
f 2599/190/4 2600/189/4 2604/64/4 2603/80/4
f 2603/80/2 2604/64/2 2602/178/2 2601/179/2
f 2601/179/5 2602/178/5 2598/63/5 2597/79/5
f 2599/96/38 2603/80/38 2601/179/38 2597/184/38
f 2604/64/1 2600/48/1 2598/191/1 2602/178/1
usemtl Cemento.003
f 2605/168/3 2606/169/3 2608/189/3 2607/190/3
f 2607/190/4 2608/189/4 2612/64/4 2611/80/4
f 2611/80/2 2612/64/2 2610/178/2 2609/179/2
f 2609/179/5 2610/178/5 2606/63/5 2605/79/5
f 2607/96/38 2611/80/38 2609/179/38 2605/184/38
f 2612/64/1 2608/48/1 2606/191/1 2610/178/1
usemtl Cemento.020
f 2613/168/3 2614/169/3 2616/189/3 2615/190/3
f 2615/190/4 2616/189/4 2620/64/4 2619/80/4
f 2619/80/2 2620/64/2 2618/178/2 2617/179/2
f 2617/179/5 2618/178/5 2614/63/5 2613/79/5
f 2615/96/38 2619/80/38 2617/179/38 2613/184/38
f 2620/64/1 2616/48/1 2614/191/1 2618/178/1
usemtl Cemento.021
f 2621/168/3 2622/169/3 2624/189/3 2623/190/3
f 2623/190/4 2624/189/4 2628/64/4 2627/80/4
f 2627/80/2 2628/64/2 2626/178/2 2625/179/2
f 2625/179/5 2626/178/5 2622/63/5 2621/79/5
f 2623/96/38 2627/80/38 2625/179/38 2621/184/38
f 2628/64/1 2624/48/1 2622/191/1 2626/178/1
usemtl Cemento.022
f 2629/168/3 2630/169/3 2632/189/3 2631/190/3
f 2631/190/4 2632/189/4 2636/64/4 2635/80/4
f 2635/80/2 2636/64/2 2634/178/2 2633/179/2
f 2633/179/5 2634/178/5 2630/63/5 2629/79/5
f 2631/96/38 2635/80/38 2633/179/38 2629/184/38
f 2636/64/1 2632/48/1 2630/191/1 2634/178/1
usemtl Cemento.023
f 2637/168/3 2638/169/3 2640/189/3 2639/190/3
f 2639/190/4 2640/189/4 2644/64/4 2643/80/4
f 2643/80/2 2644/64/2 2642/178/2 2641/179/2
f 2641/179/5 2642/178/5 2638/63/5 2637/79/5
f 2639/96/38 2643/80/38 2641/179/38 2637/184/38
f 2644/64/1 2640/48/1 2638/191/1 2642/178/1
usemtl Cemento.024
f 2645/168/3 2646/169/3 2648/189/3 2647/190/3
f 2647/190/4 2648/189/4 2652/64/4 2651/80/4
f 2651/80/2 2652/64/2 2650/178/2 2649/179/2
f 2649/179/5 2650/178/5 2646/63/5 2645/79/5
f 2647/96/38 2651/80/38 2649/179/38 2645/184/38
f 2652/64/1 2648/48/1 2646/191/1 2650/178/1
usemtl Cemento.025
f 2653/168/3 2654/169/3 2656/189/3 2655/190/3
f 2655/190/4 2656/189/4 2660/64/4 2659/80/4
f 2659/80/2 2660/64/2 2658/178/2 2657/179/2
f 2657/179/5 2658/178/5 2654/63/5 2653/79/5
f 2655/96/38 2659/80/38 2657/179/38 2653/184/38
f 2660/64/1 2656/48/1 2654/191/1 2658/178/1
usemtl Cemento.026
f 2661/168/3 2662/169/3 2664/189/3 2663/190/3
f 2663/190/4 2664/189/4 2668/64/4 2667/80/4
f 2667/80/2 2668/64/2 2666/178/2 2665/179/2
f 2665/179/5 2666/178/5 2662/63/5 2661/79/5
f 2663/96/38 2667/80/38 2665/179/38 2661/184/38
f 2668/64/1 2664/48/1 2662/191/1 2666/178/1
usemtl Cemento.027
f 2669/168/3 2670/169/3 2672/189/3 2671/190/3
f 2671/190/4 2672/189/4 2676/64/4 2675/80/4
f 2675/80/2 2676/64/2 2674/178/2 2673/179/2
f 2673/179/5 2674/178/5 2670/63/5 2669/79/5
f 2671/96/38 2675/80/38 2673/179/38 2669/184/38
f 2676/64/1 2672/48/1 2670/191/1 2674/178/1
usemtl Cemento.028
f 2677/168/3 2678/169/3 2680/189/3 2679/190/3
f 2679/190/4 2680/189/4 2684/64/4 2683/80/4
f 2683/80/2 2684/64/2 2682/178/2 2681/179/2
f 2681/179/5 2682/178/5 2678/63/5 2677/79/5
f 2679/96/38 2683/80/38 2681/179/38 2677/184/38
f 2684/64/1 2680/48/1 2678/191/1 2682/178/1
usemtl Cemento.029
f 2685/168/3 2686/169/3 2688/189/3 2687/190/3
f 2687/190/4 2688/189/4 2692/64/4 2691/80/4
f 2691/80/2 2692/64/2 2690/178/2 2689/179/2
f 2689/179/5 2690/178/5 2686/63/5 2685/79/5
f 2687/96/38 2691/80/38 2689/179/38 2685/184/38
f 2692/64/1 2688/48/1 2686/191/1 2690/178/1
usemtl Cemento.030
f 2693/168/3 2694/169/3 2696/189/3 2695/190/3
f 2695/190/4 2696/189/4 2700/64/4 2699/80/4
f 2699/80/2 2700/64/2 2698/178/2 2697/179/2
f 2697/179/5 2698/178/5 2694/63/5 2693/79/5
f 2695/96/38 2699/80/38 2697/179/38 2693/184/38
f 2700/64/1 2696/48/1 2694/191/1 2698/178/1
usemtl Cemento.031
f 2701/168/3 2702/169/3 2704/189/3 2703/190/3
f 2703/190/4 2704/189/4 2708/64/4 2707/80/4
f 2707/80/2 2708/64/2 2706/178/2 2705/179/2
f 2705/179/5 2706/178/5 2702/63/5 2701/79/5
f 2703/96/38 2707/80/38 2705/179/38 2701/184/38
f 2708/64/1 2704/48/1 2702/191/1 2706/178/1
usemtl Cemento.032
f 2709/168/3 2710/169/3 2712/189/3 2711/190/3
f 2711/190/4 2712/189/4 2716/64/4 2715/80/4
f 2715/80/2 2716/64/2 2714/178/2 2713/179/2
f 2713/179/5 2714/178/5 2710/63/5 2709/79/5
f 2711/96/38 2715/80/38 2713/179/38 2709/184/38
f 2716/64/1 2712/48/1 2710/191/1 2714/178/1
usemtl Cemento.033
f 2717/168/3 2718/169/3 2720/189/3 2719/190/3
f 2719/190/4 2720/189/4 2724/64/4 2723/80/4
f 2723/80/2 2724/64/2 2722/178/2 2721/179/2
f 2721/179/5 2722/178/5 2718/63/5 2717/79/5
f 2719/96/38 2723/80/38 2721/179/38 2717/184/38
f 2724/64/1 2720/48/1 2718/191/1 2722/178/1
usemtl Cemento.034
f 2725/168/3 2726/169/3 2728/189/3 2727/190/3
f 2727/190/4 2728/189/4 2732/64/4 2731/80/4
f 2731/80/2 2732/64/2 2730/178/2 2729/179/2
f 2729/179/5 2730/178/5 2726/63/5 2725/79/5
f 2727/96/38 2731/80/38 2729/179/38 2725/184/38
f 2732/64/1 2728/48/1 2726/191/1 2730/178/1
usemtl Cemento.035
f 2733/168/3 2734/169/3 2736/189/3 2735/190/3
f 2735/190/4 2736/189/4 2740/64/4 2739/80/4
f 2739/80/2 2740/64/2 2738/178/2 2737/179/2
f 2737/179/5 2738/178/5 2734/63/5 2733/79/5
f 2735/96/38 2739/80/38 2737/179/38 2733/184/38
f 2740/64/1 2736/48/1 2734/191/1 2738/178/1
usemtl Cemento.036
f 2741/168/3 2742/169/3 2744/189/3 2743/190/3
f 2743/190/4 2744/189/4 2748/64/4 2747/80/4
f 2747/80/2 2748/64/2 2746/178/2 2745/179/2
f 2745/179/5 2746/178/5 2742/63/5 2741/79/5
f 2743/96/38 2747/80/38 2745/179/38 2741/184/38
f 2748/64/1 2744/48/1 2742/191/1 2746/178/1
usemtl Cemento.037
f 2749/168/3 2750/169/3 2752/189/3 2751/190/3
f 2751/190/4 2752/189/4 2756/64/4 2755/80/4
f 2755/80/2 2756/64/2 2754/178/2 2753/179/2
f 2753/179/5 2754/178/5 2750/63/5 2749/79/5
f 2751/96/38 2755/80/38 2753/179/38 2749/184/38
f 2756/64/1 2752/48/1 2750/191/1 2754/178/1
usemtl Cemento.038
f 2757/168/3 2758/169/3 2760/189/3 2759/190/3
f 2759/190/4 2760/189/4 2764/64/4 2763/80/4
f 2763/80/2 2764/64/2 2762/178/2 2761/179/2
f 2761/179/5 2762/178/5 2758/63/5 2757/79/5
f 2759/96/38 2763/80/38 2761/179/38 2757/184/38
f 2764/64/1 2760/48/1 2758/191/1 2762/178/1
usemtl Cemento.039
f 2765/168/3 2766/169/3 2768/189/3 2767/190/3
f 2767/190/4 2768/189/4 2772/64/4 2771/80/4
f 2771/80/2 2772/64/2 2770/178/2 2769/179/2
f 2769/179/5 2770/178/5 2766/63/5 2765/79/5
f 2767/96/38 2771/80/38 2769/179/38 2765/184/38
f 2772/64/1 2768/48/1 2766/191/1 2770/178/1
usemtl Cemento.040
f 2773/168/3 2774/169/3 2776/189/3 2775/190/3
f 2775/190/4 2776/189/4 2780/64/4 2779/80/4
f 2779/80/2 2780/64/2 2778/178/2 2777/179/2
f 2777/179/5 2778/178/5 2774/63/5 2773/79/5
f 2775/96/38 2779/80/38 2777/179/38 2773/184/38
f 2780/64/1 2776/48/1 2774/191/1 2778/178/1
usemtl Cemento.041
f 2781/168/3 2782/169/3 2784/189/3 2783/190/3
f 2783/190/4 2784/189/4 2788/64/4 2787/80/4
f 2787/80/2 2788/64/2 2786/178/2 2785/179/2
f 2785/179/5 2786/178/5 2782/63/5 2781/79/5
f 2783/96/38 2787/80/38 2785/179/38 2781/184/38
f 2788/64/1 2784/48/1 2782/191/1 2786/178/1
usemtl Cemento.042
f 2789/168/3 2790/169/3 2792/189/3 2791/190/3
f 2791/190/4 2792/189/4 2796/64/4 2795/80/4
f 2795/80/2 2796/64/2 2794/178/2 2793/179/2
f 2793/179/5 2794/178/5 2790/63/5 2789/79/5
f 2791/96/38 2795/80/38 2793/179/38 2789/184/38
f 2796/64/1 2792/48/1 2790/191/1 2794/178/1
usemtl Concreto
f 2797/1/1 2798/13/1 2800/14/1 2799/15/1
f 5101/1/4 5102/13/4 5104/14/4 5103/15/4
f 5175/168/3 5176/169/3 5178/189/3 5177/190/3
f 5177/190/4 5178/189/4 5182/64/4 5181/80/4
f 5181/80/2 5182/64/2 5180/178/2 5179/179/2
f 5179/179/5 5180/178/5 5176/63/5 5175/79/5
f 5177/96/38 5181/80/38 5179/179/38 5175/184/38
f 5182/64/1 5178/48/1 5176/191/1 5180/178/1
usemtl Material
f 2801/1/1 2802/13/1 2804/14/1 2803/15/1
usemtl ceremico
f 2805/1/1 2806/13/1 2808/14/1 2807/15/1
usemtl Ceramico.001
f 2809/1/1 2810/13/1 2812/14/1 2811/15/1
usemtl Concreto.008
f 2813/168/3 2814/169/3 2816/189/3 2815/190/3
f 2815/190/4 2816/189/4 2820/64/4 2819/80/4
f 2819/80/2 2820/64/2 2818/178/2 2817/179/2
f 2817/179/5 2818/178/5 2814/63/5 2813/79/5
f 2815/96/38 2819/80/38 2817/179/38 2813/184/38
f 2820/64/1 2816/48/1 2814/191/1 2818/178/1
usemtl Concreto.002
f 2821/168/3 2822/169/3 2824/189/3 2823/190/3
f 2823/190/4 2824/189/4 2828/64/4 2827/80/4
f 2827/80/2 2828/64/2 2826/178/2 2825/179/2
f 2825/179/5 2826/178/5 2822/63/5 2821/79/5
f 2823/96/38 2827/80/38 2825/179/38 2821/184/38
f 2828/64/1 2824/48/1 2822/191/1 2826/178/1
usemtl Concreto.003
f 2829/168/3 2830/169/3 2832/189/3 2831/190/3
f 2831/190/4 2832/189/4 2836/64/4 2835/80/4
f 2835/80/2 2836/64/2 2834/178/2 2833/179/2
f 2833/179/5 2834/178/5 2830/63/5 2829/79/5
f 2831/96/38 2835/80/38 2833/179/38 2829/184/38
f 2836/64/1 2832/48/1 2830/191/1 2834/178/1
usemtl Concreto.004
f 2837/168/3 2838/169/3 2840/189/3 2839/190/3
f 2839/190/4 2840/189/4 2844/64/4 2843/80/4
f 2843/80/2 2844/64/2 2842/178/2 2841/179/2
f 2841/179/5 2842/178/5 2838/63/5 2837/79/5
f 2839/96/38 2843/80/38 2841/179/38 2837/184/38
f 2844/64/1 2840/48/1 2838/191/1 2842/178/1
usemtl Comcreto
f 2845/1/1 2846/13/1 2848/14/1 2847/15/1
usemtl Material.001
f 2849/168/3 2850/169/3 2852/189/3 2851/190/3
f 2851/190/4 2852/189/4 2856/64/4 2855/80/4
f 2855/80/2 2856/64/2 2854/178/2 2853/179/2
f 2853/179/5 2854/178/5 2850/63/5 2849/79/5
f 2851/96/38 2855/80/38 2853/179/38 2849/184/38
f 2856/64/1 2852/48/1 2850/191/1 2854/178/1
usemtl Material.002
f 2857/168/3 2858/169/3 2860/189/3 2859/190/3
f 2859/190/4 2860/189/4 2864/64/4 2863/80/4
f 2863/80/2 2864/64/2 2862/178/2 2861/179/2
f 2861/179/5 2862/178/5 2858/63/5 2857/79/5
f 2859/96/38 2863/80/38 2861/179/38 2857/184/38
f 2864/64/1 2860/48/1 2858/191/1 2862/178/1
usemtl Material.003
f 2865/168/3 2866/169/3 2868/189/3 2867/190/3
f 2867/190/4 2868/189/4 2872/64/4 2871/80/4
f 2871/80/2 2872/64/2 2870/178/2 2869/179/2
f 2869/179/5 2870/178/5 2866/63/5 2865/79/5
f 2867/96/38 2871/80/38 2869/179/38 2865/184/38
f 2872/64/1 2868/48/1 2866/191/1 2870/178/1
usemtl Material.004
f 2873/168/3 2874/169/3 2876/189/3 2875/190/3
f 2875/190/4 2876/189/4 2880/64/4 2879/80/4
f 2879/80/2 2880/64/2 2878/178/2 2877/179/2
f 2877/179/5 2878/178/5 2874/63/5 2873/79/5
f 2875/96/38 2879/80/38 2877/179/38 2873/184/38
f 2880/64/1 2876/48/1 2874/191/1 2878/178/1
usemtl Cemento.044
f 2881/1/2 2882/13/2 2884/14/2 2883/15/2
usemtl Madera
f 2885/1/3 2886/13/3 2888/14/3 2887/15/3
f 4225/1/5 4226/13/5 4228/14/5 4227/15/5
f 4265/1/5 4266/13/5 4268/14/5 4267/15/5
usemtl Material.006
f 2889/1/3 2890/13/3 2892/14/3 2891/15/3
usemtl Material.007
f 2893/1/3 2894/13/3 2896/14/3 2895/15/3
usemtl Concreto.005
f 2897/168/3 2898/169/3 2900/189/3 2899/190/3
f 2899/190/4 2900/189/4 2904/64/4 2903/80/4
f 2903/80/2 2904/64/2 2902/178/2 2901/179/2
f 2901/179/5 2902/178/5 2898/63/5 2897/79/5
f 2899/96/38 2903/80/38 2901/179/38 2897/184/38
f 2904/64/1 2900/48/1 2898/191/1 2902/178/1
usemtl Concreto.006
f 2905/168/3 2906/169/3 2908/189/3 2907/190/3
f 2907/190/4 2908/189/4 2912/64/4 2911/80/4
f 2911/80/2 2912/64/2 2910/178/2 2909/179/2
f 2909/179/5 2910/178/5 2906/63/5 2905/79/5
f 2907/96/38 2911/80/38 2909/179/38 2905/184/38
f 2912/64/1 2908/48/1 2906/191/1 2910/178/1
usemtl Concreto.007
f 2913/168/3 2914/169/3 2916/189/3 2915/190/3
f 2915/190/4 2916/189/4 2920/64/4 2919/80/4
f 2919/80/2 2920/64/2 2918/178/2 2917/179/2
f 2917/179/5 2918/178/5 2914/63/5 2913/79/5
f 2915/96/38 2919/80/38 2917/179/38 2913/184/38
f 2920/64/1 2916/48/1 2914/191/1 2918/178/1
usemtl Concreto.009
f 2921/168/3 2922/169/3 2924/189/3 2923/190/3
f 2923/190/4 2924/189/4 2928/64/4 2927/80/4
f 2927/80/2 2928/64/2 2926/178/2 2925/179/2
f 2925/179/5 2926/178/5 2922/63/5 2921/79/5
f 2923/96/38 2927/80/38 2925/179/38 2921/184/38
f 2928/64/1 2924/48/1 2922/191/1 2926/178/1
usemtl Concreto.010
f 2929/168/3 2930/169/3 2932/189/3 2931/190/3
f 2931/190/4 2932/189/4 2936/64/4 2935/80/4
f 2935/80/2 2936/64/2 2934/178/2 2933/179/2
f 2933/179/5 2934/178/5 2930/63/5 2929/79/5
f 2931/96/38 2935/80/38 2933/179/38 2929/184/38
f 2936/64/1 2932/48/1 2930/191/1 2934/178/1
usemtl Cemento.061
f 2937/168/3 2938/169/3 2940/189/3 2939/190/3
f 2939/190/4 2940/189/4 2944/64/4 2943/80/4
f 2943/80/2 2944/64/2 2942/178/2 2941/179/2
f 2941/179/5 2942/178/5 2938/63/5 2937/79/5
f 2939/96/38 2943/80/38 2941/179/38 2937/184/38
f 2944/64/1 2940/48/1 2938/191/1 2942/178/1
usemtl Cemento.045
f 2945/168/3 2946/169/3 2948/189/3 2947/190/3
f 2947/190/4 2948/189/4 2952/64/4 2951/80/4
f 2951/80/2 2952/64/2 2950/178/2 2949/179/2
f 2949/179/5 2950/178/5 2946/63/5 2945/79/5
f 2947/96/38 2951/80/38 2949/179/38 2945/184/38
f 2952/64/1 2948/48/1 2946/191/1 2950/178/1
usemtl Cemento.048
f 2953/168/3 2954/169/3 2956/189/3 2955/190/3
f 2955/190/4 2956/189/4 2960/64/4 2959/80/4
f 2959/80/2 2960/64/2 2958/178/2 2957/179/2
f 2957/179/5 2958/178/5 2954/63/5 2953/79/5
f 2955/96/38 2959/80/38 2957/179/38 2953/184/38
f 2960/64/1 2956/48/1 2954/191/1 2958/178/1
usemtl Cemento.046
f 2961/168/3 2962/169/3 2964/189/3 2963/190/3
f 2963/190/4 2964/189/4 2968/64/4 2967/80/4
f 2967/80/2 2968/64/2 2966/178/2 2965/179/2
f 2965/179/5 2966/178/5 2962/63/5 2961/79/5
f 2963/96/38 2967/80/38 2965/179/38 2961/184/38
f 2968/64/1 2964/48/1 2962/191/1 2966/178/1
usemtl Cemento.047
f 2969/168/3 2970/169/3 2972/189/3 2971/190/3
f 2971/190/4 2972/189/4 2976/64/4 2975/80/4
f 2975/80/2 2976/64/2 2974/178/2 2973/179/2
f 2973/179/5 2974/178/5 2970/63/5 2969/79/5
f 2971/96/38 2975/80/38 2973/179/38 2969/184/38
f 2976/64/1 2972/48/1 2970/191/1 2974/178/1
usemtl Cemento.049
f 2977/168/3 2978/169/3 2980/189/3 2979/190/3
f 2979/190/4 2980/189/4 2984/64/4 2983/80/4
f 2983/80/2 2984/64/2 2982/178/2 2981/179/2
f 2981/179/5 2982/178/5 2978/63/5 2977/79/5
f 2979/96/38 2983/80/38 2981/179/38 2977/184/38
f 2984/64/1 2980/48/1 2978/191/1 2982/178/1
usemtl Cemento.050
f 2985/168/3 2986/169/3 2988/189/3 2987/190/3
f 2987/190/4 2988/189/4 2992/64/4 2991/80/4
f 2991/80/2 2992/64/2 2990/178/2 2989/179/2
f 2989/179/5 2990/178/5 2986/63/5 2985/79/5
f 2987/96/38 2991/80/38 2989/179/38 2985/184/38
f 2992/64/1 2988/48/1 2986/191/1 2990/178/1
usemtl Cemento.051
f 2993/168/3 2994/169/3 2996/189/3 2995/190/3
f 2995/190/4 2996/189/4 3000/64/4 2999/80/4
f 2999/80/2 3000/64/2 2998/178/2 2997/179/2
f 2997/179/5 2998/178/5 2994/63/5 2993/79/5
f 2995/96/38 2999/80/38 2997/179/38 2993/184/38
f 3000/64/1 2996/48/1 2994/191/1 2998/178/1
usemtl Cemento.052
f 3001/168/3 3002/169/3 3004/189/3 3003/190/3
f 3003/190/4 3004/189/4 3008/64/4 3007/80/4
f 3007/80/2 3008/64/2 3006/178/2 3005/179/2
f 3005/179/5 3006/178/5 3002/63/5 3001/79/5
f 3003/96/38 3007/80/38 3005/179/38 3001/184/38
f 3008/64/1 3004/48/1 3002/191/1 3006/178/1
usemtl Cemento.053
f 3009/168/3 3010/169/3 3012/189/3 3011/190/3
f 3011/190/4 3012/189/4 3016/64/4 3015/80/4
f 3015/80/2 3016/64/2 3014/178/2 3013/179/2
f 3013/179/5 3014/178/5 3010/63/5 3009/79/5
f 3011/96/38 3015/80/38 3013/179/38 3009/184/38
f 3016/64/1 3012/48/1 3010/191/1 3014/178/1
usemtl Cemento.054
f 3017/168/3 3018/169/3 3020/189/3 3019/190/3
f 3019/190/4 3020/189/4 3024/64/4 3023/80/4
f 3023/80/2 3024/64/2 3022/178/2 3021/179/2
f 3021/179/5 3022/178/5 3018/63/5 3017/79/5
f 3019/96/38 3023/80/38 3021/179/38 3017/184/38
f 3024/64/1 3020/48/1 3018/191/1 3022/178/1
usemtl Cemento.055
f 3025/168/3 3026/169/3 3028/189/3 3027/190/3
f 3027/190/4 3028/189/4 3032/64/4 3031/80/4
f 3031/80/2 3032/64/2 3030/178/2 3029/179/2
f 3029/179/5 3030/178/5 3026/63/5 3025/79/5
f 3027/96/38 3031/80/38 3029/179/38 3025/184/38
f 3032/64/1 3028/48/1 3026/191/1 3030/178/1
usemtl Cemento.056
f 3033/168/3 3034/169/3 3036/189/3 3035/190/3
f 3035/190/4 3036/189/4 3040/64/4 3039/80/4
f 3039/80/2 3040/64/2 3038/178/2 3037/179/2
f 3037/179/5 3038/178/5 3034/63/5 3033/79/5
f 3035/96/38 3039/80/38 3037/179/38 3033/184/38
f 3040/64/1 3036/48/1 3034/191/1 3038/178/1
usemtl Cemento.057
f 3041/168/3 3042/169/3 3044/189/3 3043/190/3
f 3043/190/4 3044/189/4 3048/64/4 3047/80/4
f 3047/80/2 3048/64/2 3046/178/2 3045/179/2
f 3045/179/5 3046/178/5 3042/63/5 3041/79/5
f 3043/96/38 3047/80/38 3045/179/38 3041/184/38
f 3048/64/1 3044/48/1 3042/191/1 3046/178/1
usemtl Cemento.058
f 3049/168/3 3050/169/3 3052/189/3 3051/190/3
f 3051/190/4 3052/189/4 3056/64/4 3055/80/4
f 3055/80/2 3056/64/2 3054/178/2 3053/179/2
f 3053/179/5 3054/178/5 3050/63/5 3049/79/5
f 3051/96/38 3055/80/38 3053/179/38 3049/184/38
f 3056/64/1 3052/48/1 3050/191/1 3054/178/1
usemtl Cemento.059
f 3057/168/3 3058/169/3 3060/189/3 3059/190/3
f 3059/190/4 3060/189/4 3064/64/4 3063/80/4
f 3063/80/2 3064/64/2 3062/178/2 3061/179/2
f 3061/179/5 3062/178/5 3058/63/5 3057/79/5
f 3059/96/38 3063/80/38 3061/179/38 3057/184/38
f 3064/64/1 3060/48/1 3058/191/1 3062/178/1
usemtl Cemento.060
f 3065/168/3 3066/169/3 3068/189/3 3067/190/3
f 3067/190/4 3068/189/4 3072/64/4 3071/80/4
f 3071/80/2 3072/64/2 3070/178/2 3069/179/2
f 3069/179/5 3070/178/5 3066/63/5 3065/79/5
f 3067/96/38 3071/80/38 3069/179/38 3065/184/38
f 3072/64/1 3068/48/1 3066/191/1 3070/178/1
usemtl Material.008
f 3073/1/5 3074/13/5 3076/14/5 3075/15/5
usemtl ceramico
f 3077/1/2 3078/13/2 3080/14/2 3079/15/2
f 3081/1/2 3082/13/2 3084/14/2 3083/15/2
f 3085/1/5 3086/13/5 3088/14/5 3087/15/5
f 3089/1/5 3090/13/5 3092/14/5 3091/15/5
usemtl tierra
f 3093/1/1 3094/197/1 3096/198/1 3095/199/1
f 4425/1/1 4426/202/1 4428/203/1 4427/204/1
usemtl Cemento.072
f 3097/168/5 3098/169/5 3100/189/5 3099/190/5
f 3099/190/3 3100/189/3 3104/64/3 3103/80/3
f 3103/80/4 3104/64/4 3102/178/4 3101/179/4
f 3101/179/2 3102/178/2 3098/63/2 3097/79/2
f 3099/96/38 3103/80/38 3101/179/38 3097/184/38
f 3104/64/1 3100/48/1 3098/191/1 3102/178/1
usemtl Cemento.073
f 3105/168/5 3106/169/5 3108/189/5 3107/190/5
f 3107/190/3 3108/189/3 3112/64/3 3111/80/3
f 3111/80/4 3112/64/4 3110/178/4 3109/179/4
f 3109/179/2 3110/178/2 3106/63/2 3105/79/2
f 3107/96/38 3111/80/38 3109/179/38 3105/184/38
f 3112/64/1 3108/48/1 3106/191/1 3110/178/1
usemtl Cemento.074
f 3113/168/5 3114/169/5 3116/189/5 3115/190/5
f 3115/190/3 3116/189/3 3120/64/3 3119/80/3
f 3119/80/4 3120/64/4 3118/178/4 3117/179/4
f 3117/179/2 3118/178/2 3114/63/2 3113/79/2
f 3115/96/38 3119/80/38 3117/179/38 3113/184/38
f 3120/64/1 3116/48/1 3114/191/1 3118/178/1
usemtl Cemento.075
f 3121/168/5 3122/169/5 3124/189/5 3123/190/5
f 3123/190/3 3124/189/3 3128/64/3 3127/80/3
f 3127/80/4 3128/64/4 3126/178/4 3125/179/4
f 3125/179/2 3126/178/2 3122/63/2 3121/79/2
f 3123/96/38 3127/80/38 3125/179/38 3121/184/38
f 3128/64/1 3124/48/1 3122/191/1 3126/178/1
usemtl Cemento.076
f 3129/168/5 3130/169/5 3132/189/5 3131/190/5
f 3131/190/3 3132/189/3 3136/64/3 3135/80/3
f 3135/80/4 3136/64/4 3134/178/4 3133/179/4
f 3133/179/2 3134/178/2 3130/63/2 3129/79/2
f 3131/96/38 3135/80/38 3133/179/38 3129/184/38
f 3136/64/1 3132/48/1 3130/191/1 3134/178/1
usemtl Cemento.077
f 3137/168/5 3138/169/5 3140/189/5 3139/190/5
f 3139/190/3 3140/189/3 3144/64/3 3143/80/3
f 3143/80/4 3144/64/4 3142/178/4 3141/179/4
f 3141/179/2 3142/178/2 3138/63/2 3137/79/2
f 3139/96/38 3143/80/38 3141/179/38 3137/184/38
f 3144/64/1 3140/48/1 3138/191/1 3142/178/1
usemtl Cemento.078
f 3145/168/5 3146/169/5 3148/189/5 3147/190/5
f 3147/190/3 3148/189/3 3152/64/3 3151/80/3
f 3151/80/4 3152/64/4 3150/178/4 3149/179/4
f 3149/179/2 3150/178/2 3146/63/2 3145/79/2
f 3147/96/38 3151/80/38 3149/179/38 3145/184/38
f 3152/64/1 3148/48/1 3146/191/1 3150/178/1
usemtl Cemento.079
f 3153/168/5 3154/169/5 3156/189/5 3155/190/5
f 3155/190/3 3156/189/3 3160/64/3 3159/80/3
f 3159/80/4 3160/64/4 3158/178/4 3157/179/4
f 3157/179/2 3158/178/2 3154/63/2 3153/79/2
f 3155/96/38 3159/80/38 3157/179/38 3153/184/38
f 3160/64/1 3156/48/1 3154/191/1 3158/178/1
usemtl Cemento.088
f 3161/168/3 3162/169/3 3164/189/3 3163/190/3
f 3163/190/4 3164/189/4 3168/64/4 3167/80/4
f 3167/80/2 3168/64/2 3166/178/2 3165/179/2
f 3165/179/5 3166/178/5 3162/63/5 3161/79/5
f 3163/96/38 3167/80/38 3165/179/38 3161/184/38
f 3168/64/1 3164/48/1 3162/191/1 3166/178/1
usemtl Cemento.089
f 3169/168/3 3170/169/3 3172/189/3 3171/190/3
f 3171/190/4 3172/189/4 3176/64/4 3175/80/4
f 3175/80/2 3176/64/2 3174/178/2 3173/179/2
f 3173/179/5 3174/178/5 3170/63/5 3169/79/5
f 3171/96/38 3175/80/38 3173/179/38 3169/184/38
f 3176/64/1 3172/48/1 3170/191/1 3174/178/1
usemtl Cemento.160
f 3177/168/5 3178/169/5 3180/189/5 3179/190/5
f 3179/190/3 3180/189/3 3184/64/3 3183/80/3
f 3183/80/4 3184/64/4 3182/178/4 3181/179/4
f 3181/179/2 3182/178/2 3178/63/2 3177/79/2
f 3179/96/38 3183/80/38 3181/179/38 3177/184/38
f 3184/64/1 3180/48/1 3178/191/1 3182/178/1
usemtl Cemento.161
f 3185/168/5 3186/169/5 3188/189/5 3187/190/5
f 3187/190/3 3188/189/3 3192/64/3 3191/80/3
f 3191/80/4 3192/64/4 3190/178/4 3189/179/4
f 3189/179/2 3190/178/2 3186/63/2 3185/79/2
f 3187/96/38 3191/80/38 3189/179/38 3185/184/38
f 3192/64/1 3188/48/1 3186/191/1 3190/178/1
usemtl Cemento.162
f 3193/168/5 3194/169/5 3196/189/5 3195/190/5
f 3195/190/3 3196/189/3 3200/64/3 3199/80/3
f 3199/80/4 3200/64/4 3198/178/4 3197/179/4
f 3197/179/2 3198/178/2 3194/63/2 3193/79/2
f 3195/96/38 3199/80/38 3197/179/38 3193/184/38
f 3200/64/1 3196/48/1 3194/191/1 3198/178/1
usemtl Cemento.163
f 3201/168/5 3202/169/5 3204/189/5 3203/190/5
f 3203/190/3 3204/189/3 3208/64/3 3207/80/3
f 3207/80/4 3208/64/4 3206/178/4 3205/179/4
f 3205/179/2 3206/178/2 3202/63/2 3201/79/2
f 3203/96/38 3207/80/38 3205/179/38 3201/184/38
f 3208/64/1 3204/48/1 3202/191/1 3206/178/1
usemtl Cemento.164
f 3209/168/5 3210/169/5 3212/189/5 3211/190/5
f 3211/190/3 3212/189/3 3216/64/3 3215/80/3
f 3215/80/4 3216/64/4 3214/178/4 3213/179/4
f 3213/179/2 3214/178/2 3210/63/2 3209/79/2
f 3211/96/38 3215/80/38 3213/179/38 3209/184/38
f 3216/64/1 3212/48/1 3210/191/1 3214/178/1
usemtl Cemento.165
f 3217/168/5 3218/169/5 3220/189/5 3219/190/5
f 3219/190/3 3220/189/3 3224/64/3 3223/80/3
f 3223/80/4 3224/64/4 3222/178/4 3221/179/4
f 3221/179/2 3222/178/2 3218/63/2 3217/79/2
f 3219/96/38 3223/80/38 3221/179/38 3217/184/38
f 3224/64/1 3220/48/1 3218/191/1 3222/178/1
usemtl Cemento.166
f 3225/168/5 3226/169/5 3228/189/5 3227/190/5
f 3227/190/3 3228/189/3 3232/64/3 3231/80/3
f 3231/80/4 3232/64/4 3230/178/4 3229/179/4
f 3229/179/2 3230/178/2 3226/63/2 3225/79/2
f 3227/96/38 3231/80/38 3229/179/38 3225/184/38
f 3232/64/1 3228/48/1 3226/191/1 3230/178/1
usemtl Cemento.167
f 3233/168/5 3234/169/5 3236/189/5 3235/190/5
f 3235/190/3 3236/189/3 3240/64/3 3239/80/3
f 3239/80/4 3240/64/4 3238/178/4 3237/179/4
f 3237/179/2 3238/178/2 3234/63/2 3233/79/2
f 3235/96/38 3239/80/38 3237/179/38 3233/184/38
f 3240/64/1 3236/48/1 3234/191/1 3238/178/1
usemtl Cemento.168
f 3241/168/3 3242/169/3 3244/189/3 3243/190/3
f 3243/190/4 3244/189/4 3248/64/4 3247/80/4
f 3247/80/2 3248/64/2 3246/178/2 3245/179/2
f 3245/179/5 3246/178/5 3242/63/5 3241/79/5
f 3243/96/38 3247/80/38 3245/179/38 3241/184/38
f 3248/64/1 3244/48/1 3242/191/1 3246/178/1
usemtl Cemento.169
f 3249/168/3 3250/169/3 3252/189/3 3251/190/3
f 3251/190/4 3252/189/4 3256/64/4 3255/80/4
f 3255/80/2 3256/64/2 3254/178/2 3253/179/2
f 3253/179/5 3254/178/5 3250/63/5 3249/79/5
f 3251/96/38 3255/80/38 3253/179/38 3249/184/38
f 3256/64/1 3252/48/1 3250/191/1 3254/178/1
usemtl madera
f 3257/168/3 3258/169/3 3260/189/3 3259/190/3
f 3259/190/4 3260/189/4 3264/64/4 3263/80/4
f 3263/80/2 3264/64/2 3262/178/2 3261/179/2
f 3261/179/5 3262/178/5 3258/63/5 3257/79/5
f 3259/96/38 3263/80/38 3261/179/38 3257/184/38
f 3264/64/1 3260/48/1 3258/191/1 3262/178/1
f 3265/168/3 3266/169/3 3268/189/3 3267/190/3
f 3267/190/4 3268/189/4 3272/64/4 3271/80/4
f 3271/80/2 3272/64/2 3270/178/2 3269/179/2
f 3269/179/5 3270/178/5 3266/63/5 3265/79/5
f 3267/96/38 3271/80/38 3269/179/38 3265/184/38
f 3272/64/1 3268/48/1 3266/191/1 3270/178/1
f 4185/168/3 4186/169/3 4188/189/3 4187/190/3
f 4187/190/4 4188/189/4 4192/64/4 4191/80/4
f 4191/80/2 4192/64/2 4190/178/2 4189/179/2
f 4189/179/5 4190/178/5 4186/63/5 4185/79/5
f 4187/96/38 4191/80/38 4189/179/38 4185/184/38
f 4192/64/1 4188/48/1 4186/191/1 4190/178/1
f 4557/168/3 4558/169/3 4560/189/3 4559/190/3
f 4559/190/4 4560/189/4 4564/64/4 4563/80/4
f 4563/80/2 4564/64/2 4562/178/2 4561/179/2
f 4561/179/5 4562/178/5 4558/63/5 4557/79/5
f 4559/96/38 4563/80/38 4561/179/38 4557/184/38
f 4564/64/1 4560/48/1 4558/191/1 4562/178/1
f 4565/168/3 4566/169/3 4568/189/3 4567/190/3
f 4567/190/4 4568/189/4 4572/64/4 4571/80/4
f 4571/80/2 4572/64/2 4570/178/2 4569/179/2
f 4569/179/5 4570/178/5 4566/63/5 4565/79/5
f 4567/96/38 4571/80/38 4569/179/38 4565/184/38
f 4572/64/1 4568/48/1 4566/191/1 4570/178/1
usemtl madera.004
f 3273/168/2 3274/169/2 3276/189/2 3275/190/2
f 3275/190/4 3276/189/4 3280/64/4 3279/80/4
f 3279/80/3 3280/64/3 3278/178/3 3277/179/3
f 3277/179/5 3278/178/5 3274/63/5 3273/79/5
f 3275/96/1 3279/80/1 3277/179/1 3273/184/1
f 3280/64/38 3276/48/38 3274/191/38 3278/178/38
f 3281/168/2 3282/169/2 3284/189/2 3283/190/2
f 3283/190/4 3284/189/4 3288/64/4 3287/80/4
f 3287/80/3 3288/64/3 3286/178/3 3285/179/3
f 3285/179/5 3286/178/5 3282/63/5 3281/79/5
f 3283/96/1 3287/80/1 3285/179/1 3281/184/1
f 3288/64/38 3284/48/38 3282/191/38 3286/178/38
usemtl Ceramico.002
f 3297/1/1 3298/195/1 3300/196/1 3299/15/1
usemtl Cemento.113
f 3301/168/3 3302/169/3 3304/189/3 3303/190/3
f 3303/190/4 3304/189/4 3308/64/4 3307/80/4
f 3307/80/2 3308/64/2 3306/178/2 3305/179/2
f 3305/179/5 3306/178/5 3302/63/5 3301/79/5
f 3303/96/38 3307/80/38 3305/179/38 3301/184/38
f 3308/64/1 3304/48/1 3302/191/1 3306/178/1
usemtl Cemento.114
f 3309/168/3 3310/169/3 3312/189/3 3311/190/3
f 3311/190/4 3312/189/4 3316/64/4 3315/80/4
f 3315/80/2 3316/64/2 3314/178/2 3313/179/2
f 3313/179/5 3314/178/5 3310/63/5 3309/79/5
f 3311/96/38 3315/80/38 3313/179/38 3309/184/38
f 3316/64/1 3312/48/1 3310/191/1 3314/178/1
usemtl Cemento.115
f 3317/168/3 3318/169/3 3320/189/3 3319/190/3
f 3319/190/4 3320/189/4 3324/64/4 3323/80/4
f 3323/80/2 3324/64/2 3322/178/2 3321/179/2
f 3321/179/5 3322/178/5 3318/63/5 3317/79/5
f 3319/96/38 3323/80/38 3321/179/38 3317/184/38
f 3324/64/1 3320/48/1 3318/191/1 3322/178/1
usemtl Cemento.116
f 3325/168/3 3326/169/3 3328/189/3 3327/190/3
f 3327/190/4 3328/189/4 3332/64/4 3331/80/4
f 3331/80/2 3332/64/2 3330/178/2 3329/179/2
f 3329/179/5 3330/178/5 3326/63/5 3325/79/5
f 3327/96/38 3331/80/38 3329/179/38 3325/184/38
f 3332/64/1 3328/48/1 3326/191/1 3330/178/1
usemtl Cemento.117
f 3333/168/3 3334/169/3 3336/189/3 3335/190/3
f 3335/190/4 3336/189/4 3340/64/4 3339/80/4
f 3339/80/2 3340/64/2 3338/178/2 3337/179/2
f 3337/179/5 3338/178/5 3334/63/5 3333/79/5
f 3335/96/38 3339/80/38 3337/179/38 3333/184/38
f 3340/64/1 3336/48/1 3334/191/1 3338/178/1
usemtl Cemento.119
f 3341/168/3 3342/169/3 3344/189/3 3343/190/3
f 3343/190/4 3344/189/4 3348/64/4 3347/80/4
f 3347/80/2 3348/64/2 3346/178/2 3345/179/2
f 3345/179/5 3346/178/5 3342/63/5 3341/79/5
f 3343/96/38 3347/80/38 3345/179/38 3341/184/38
f 3348/64/1 3344/48/1 3342/191/1 3346/178/1
usemtl Cemento.120
f 3349/168/3 3350/169/3 3352/189/3 3351/190/3
f 3351/190/4 3352/189/4 3356/64/4 3355/80/4
f 3355/80/2 3356/64/2 3354/178/2 3353/179/2
f 3353/179/5 3354/178/5 3350/63/5 3349/79/5
f 3351/96/38 3355/80/38 3353/179/38 3349/184/38
f 3356/64/1 3352/48/1 3350/191/1 3354/178/1
usemtl Cemento.121
f 3357/168/3 3358/169/3 3360/189/3 3359/190/3
f 3359/190/4 3360/189/4 3364/64/4 3363/80/4
f 3363/80/2 3364/64/2 3362/178/2 3361/179/2
f 3361/179/5 3362/178/5 3358/63/5 3357/79/5
f 3359/96/38 3363/80/38 3361/179/38 3357/184/38
f 3364/64/1 3360/48/1 3358/191/1 3362/178/1
usemtl Cemento.122
f 3365/168/3 3366/169/3 3368/189/3 3367/190/3
f 3367/190/4 3368/189/4 3372/64/4 3371/80/4
f 3371/80/2 3372/64/2 3370/178/2 3369/179/2
f 3369/179/5 3370/178/5 3366/63/5 3365/79/5
f 3367/96/38 3371/80/38 3369/179/38 3365/184/38
f 3372/64/1 3368/48/1 3366/191/1 3370/178/1
usemtl Cemento.123
f 3373/168/3 3374/169/3 3376/189/3 3375/190/3
f 3375/190/4 3376/189/4 3380/64/4 3379/80/4
f 3379/80/2 3380/64/2 3378/178/2 3377/179/2
f 3377/179/5 3378/178/5 3374/63/5 3373/79/5
f 3375/96/38 3379/80/38 3377/179/38 3373/184/38
f 3380/64/1 3376/48/1 3374/191/1 3378/178/1
usemtl Cemento.124
f 3381/168/3 3382/169/3 3384/189/3 3383/190/3
f 3383/190/4 3384/189/4 3388/64/4 3387/80/4
f 3387/80/2 3388/64/2 3386/178/2 3385/179/2
f 3385/179/5 3386/178/5 3382/63/5 3381/79/5
f 3383/96/38 3387/80/38 3385/179/38 3381/184/38
f 3388/64/1 3384/48/1 3382/191/1 3386/178/1
usemtl Cemento.097
f 3389/168/3 3390/169/3 3392/189/3 3391/190/3
f 3391/190/4 3392/189/4 3396/64/4 3395/80/4
f 3395/80/2 3396/64/2 3394/178/2 3393/179/2
f 3393/179/5 3394/178/5 3390/63/5 3389/79/5
f 3391/96/38 3395/80/38 3393/179/38 3389/184/38
f 3396/64/1 3392/48/1 3390/191/1 3394/178/1
usemtl Cemento.098
f 3397/168/3 3398/169/3 3400/189/3 3399/190/3
f 3399/190/4 3400/189/4 3404/64/4 3403/80/4
f 3403/80/2 3404/64/2 3402/178/2 3401/179/2
f 3401/179/5 3402/178/5 3398/63/5 3397/79/5
f 3399/96/38 3403/80/38 3401/179/38 3397/184/38
f 3404/64/1 3400/48/1 3398/191/1 3402/178/1
usemtl Cemento.099
f 3405/168/3 3406/169/3 3408/189/3 3407/190/3
f 3407/190/4 3408/189/4 3412/64/4 3411/80/4
f 3411/80/2 3412/64/2 3410/178/2 3409/179/2
f 3409/179/5 3410/178/5 3406/63/5 3405/79/5
f 3407/96/38 3411/80/38 3409/179/38 3405/184/38
f 3412/64/1 3408/48/1 3406/191/1 3410/178/1
usemtl Cemento.100
f 3413/168/3 3414/169/3 3416/189/3 3415/190/3
f 3415/190/4 3416/189/4 3420/64/4 3419/80/4
f 3419/80/2 3420/64/2 3418/178/2 3417/179/2
f 3417/179/5 3418/178/5 3414/63/5 3413/79/5
f 3415/96/38 3419/80/38 3417/179/38 3413/184/38
f 3420/64/1 3416/48/1 3414/191/1 3418/178/1
usemtl Cemento.092
f 3421/168/3 3422/169/3 3424/189/3 3423/190/3
f 3423/190/4 3424/189/4 3428/64/4 3427/80/4
f 3427/80/2 3428/64/2 3426/178/2 3425/179/2
f 3425/179/5 3426/178/5 3422/63/5 3421/79/5
f 3423/96/38 3427/80/38 3425/179/38 3421/184/38
f 3428/64/1 3424/48/1 3422/191/1 3426/178/1
usemtl Cemento.067
f 3645/168/3 3646/169/3 3648/189/3 3647/190/3
f 3647/190/4 3648/189/4 3652/64/4 3651/80/4
f 3651/80/2 3652/64/2 3650/178/2 3649/179/2
f 3649/179/5 3650/178/5 3646/63/5 3645/79/5
f 3647/96/38 3651/80/38 3649/179/38 3645/184/38
f 3652/64/1 3648/48/1 3646/191/1 3650/178/1
usemtl Cemento.090
f 3429/168/3 3430/169/3 3432/189/3 3431/190/3
f 3431/190/4 3432/189/4 3436/64/4 3435/80/4
f 3435/80/2 3436/64/2 3434/178/2 3433/179/2
f 3433/179/5 3434/178/5 3430/63/5 3429/79/5
f 3431/96/38 3435/80/38 3433/179/38 3429/184/38
f 3436/64/1 3432/48/1 3430/191/1 3434/178/1
usemtl Cemento.091
f 3437/168/3 3438/169/3 3440/189/3 3439/190/3
f 3439/190/4 3440/189/4 3444/64/4 3443/80/4
f 3443/80/2 3444/64/2 3442/178/2 3441/179/2
f 3441/179/5 3442/178/5 3438/63/5 3437/79/5
f 3439/96/38 3443/80/38 3441/179/38 3437/184/38
f 3444/64/1 3440/48/1 3438/191/1 3442/178/1
usemtl Cemento.093
f 3445/168/3 3446/169/3 3448/189/3 3447/190/3
f 3447/190/4 3448/189/4 3452/64/4 3451/80/4
f 3451/80/2 3452/64/2 3450/178/2 3449/179/2
f 3449/179/5 3450/178/5 3446/63/5 3445/79/5
f 3447/96/38 3451/80/38 3449/179/38 3445/184/38
f 3452/64/1 3448/48/1 3446/191/1 3450/178/1
usemtl Cemento.094
f 3453/168/3 3454/169/3 3456/189/3 3455/190/3
f 3455/190/4 3456/189/4 3460/64/4 3459/80/4
f 3459/80/2 3460/64/2 3458/178/2 3457/179/2
f 3457/179/5 3458/178/5 3454/63/5 3453/79/5
f 3455/96/38 3459/80/38 3457/179/38 3453/184/38
f 3460/64/1 3456/48/1 3454/191/1 3458/178/1
usemtl Cemento.095
f 3461/168/3 3462/169/3 3464/189/3 3463/190/3
f 3463/190/4 3464/189/4 3468/64/4 3467/80/4
f 3467/80/2 3468/64/2 3466/178/2 3465/179/2
f 3465/179/5 3466/178/5 3462/63/5 3461/79/5
f 3463/96/38 3467/80/38 3465/179/38 3461/184/38
f 3468/64/1 3464/48/1 3462/191/1 3466/178/1
usemtl Cemento.096
f 3469/168/3 3470/169/3 3472/189/3 3471/190/3
f 3471/190/4 3472/189/4 3476/64/4 3475/80/4
f 3475/80/2 3476/64/2 3474/178/2 3473/179/2
f 3473/179/5 3474/178/5 3470/63/5 3469/79/5
f 3471/96/38 3475/80/38 3473/179/38 3469/184/38
f 3476/64/1 3472/48/1 3470/191/1 3474/178/1
usemtl Cemento.101
f 3477/168/3 3478/169/3 3480/189/3 3479/190/3
f 3479/190/4 3480/189/4 3484/64/4 3483/80/4
f 3483/80/2 3484/64/2 3482/178/2 3481/179/2
f 3481/179/5 3482/178/5 3478/63/5 3477/79/5
f 3479/96/38 3483/80/38 3481/179/38 3477/184/38
f 3484/64/1 3480/48/1 3478/191/1 3482/178/1
usemtl Cemento.102
f 3485/168/3 3486/169/3 3488/189/3 3487/190/3
f 3487/190/4 3488/189/4 3492/64/4 3491/80/4
f 3491/80/2 3492/64/2 3490/178/2 3489/179/2
f 3489/179/5 3490/178/5 3486/63/5 3485/79/5
f 3487/96/38 3491/80/38 3489/179/38 3485/184/38
f 3492/64/1 3488/48/1 3486/191/1 3490/178/1
usemtl Cemento.103
f 3493/168/3 3494/169/3 3496/189/3 3495/190/3
f 3495/190/4 3496/189/4 3500/64/4 3499/80/4
f 3499/80/2 3500/64/2 3498/178/2 3497/179/2
f 3497/179/5 3498/178/5 3494/63/5 3493/79/5
f 3495/96/38 3499/80/38 3497/179/38 3493/184/38
f 3500/64/1 3496/48/1 3494/191/1 3498/178/1
usemtl Cemento.104
f 3501/168/3 3502/169/3 3504/189/3 3503/190/3
f 3503/190/4 3504/189/4 3508/64/4 3507/80/4
f 3507/80/2 3508/64/2 3506/178/2 3505/179/2
f 3505/179/5 3506/178/5 3502/63/5 3501/79/5
f 3503/96/38 3507/80/38 3505/179/38 3501/184/38
f 3508/64/1 3504/48/1 3502/191/1 3506/178/1
usemtl Cemento.105
f 3509/168/3 3510/169/3 3512/189/3 3511/190/3
f 3511/190/4 3512/189/4 3516/64/4 3515/80/4
f 3515/80/2 3516/64/2 3514/178/2 3513/179/2
f 3513/179/5 3514/178/5 3510/63/5 3509/79/5
f 3511/96/38 3515/80/38 3513/179/38 3509/184/38
f 3516/64/1 3512/48/1 3510/191/1 3514/178/1
usemtl Cemento.106
f 3517/168/3 3518/169/3 3520/189/3 3519/190/3
f 3519/190/4 3520/189/4 3524/64/4 3523/80/4
f 3523/80/2 3524/64/2 3522/178/2 3521/179/2
f 3521/179/5 3522/178/5 3518/63/5 3517/79/5
f 3519/96/38 3523/80/38 3521/179/38 3517/184/38
f 3524/64/1 3520/48/1 3518/191/1 3522/178/1
usemtl Cemento.107
f 3525/168/3 3526/169/3 3528/189/3 3527/190/3
f 3527/190/4 3528/189/4 3532/64/4 3531/80/4
f 3531/80/2 3532/64/2 3530/178/2 3529/179/2
f 3529/179/5 3530/178/5 3526/63/5 3525/79/5
f 3527/96/38 3531/80/38 3529/179/38 3525/184/38
f 3532/64/1 3528/48/1 3526/191/1 3530/178/1
usemtl Cemento.108
f 3533/168/3 3534/169/3 3536/189/3 3535/190/3
f 3535/190/4 3536/189/4 3540/64/4 3539/80/4
f 3539/80/2 3540/64/2 3538/178/2 3537/179/2
f 3537/179/5 3538/178/5 3534/63/5 3533/79/5
f 3535/96/38 3539/80/38 3537/179/38 3533/184/38
f 3540/64/1 3536/48/1 3534/191/1 3538/178/1
usemtl Cemento.109
f 3541/168/3 3542/169/3 3544/189/3 3543/190/3
f 3543/190/4 3544/189/4 3548/64/4 3547/80/4
f 3547/80/2 3548/64/2 3546/178/2 3545/179/2
f 3545/179/5 3546/178/5 3542/63/5 3541/79/5
f 3543/96/38 3547/80/38 3545/179/38 3541/184/38
f 3548/64/1 3544/48/1 3542/191/1 3546/178/1
usemtl Cemento.110
f 3549/168/3 3550/169/3 3552/189/3 3551/190/3
f 3551/190/4 3552/189/4 3556/64/4 3555/80/4
f 3555/80/2 3556/64/2 3554/178/2 3553/179/2
f 3553/179/5 3554/178/5 3550/63/5 3549/79/5
f 3551/96/38 3555/80/38 3553/179/38 3549/184/38
f 3556/64/1 3552/48/1 3550/191/1 3554/178/1
usemtl Cemento.111
f 3557/168/3 3558/169/3 3560/189/3 3559/190/3
f 3559/190/4 3560/189/4 3564/64/4 3563/80/4
f 3563/80/2 3564/64/2 3562/178/2 3561/179/2
f 3561/179/5 3562/178/5 3558/63/5 3557/79/5
f 3559/96/38 3563/80/38 3561/179/38 3557/184/38
f 3564/64/1 3560/48/1 3558/191/1 3562/178/1
usemtl Cemento.112
f 3565/168/3 3566/169/3 3568/189/3 3567/190/3
f 3567/190/4 3568/189/4 3572/64/4 3571/80/4
f 3571/80/2 3572/64/2 3570/178/2 3569/179/2
f 3569/179/5 3570/178/5 3566/63/5 3565/79/5
f 3567/96/38 3571/80/38 3569/179/38 3565/184/38
f 3572/64/1 3568/48/1 3566/191/1 3570/178/1
usemtl Cemento.066
f 3573/168/3 3574/169/3 3576/189/3 3575/190/3
f 3575/190/4 3576/189/4 3580/64/4 3579/80/4
f 3579/80/2 3580/64/2 3578/178/2 3577/179/2
f 3577/179/5 3578/178/5 3574/63/5 3573/79/5
f 3575/96/38 3579/80/38 3577/179/38 3573/184/38
f 3580/64/1 3576/48/1 3574/191/1 3578/178/1
usemtl Cemento.071
f 3581/168/3 3582/169/3 3584/189/3 3583/190/3
f 3583/190/4 3584/189/4 3588/64/4 3587/80/4
f 3587/80/2 3588/64/2 3586/178/2 3585/179/2
f 3585/179/5 3586/178/5 3582/63/5 3581/79/5
f 3583/96/38 3587/80/38 3585/179/38 3581/184/38
f 3588/64/1 3584/48/1 3582/191/1 3586/178/1
usemtl Cemento.070
f 3589/168/3 3590/169/3 3592/189/3 3591/190/3
f 3591/190/4 3592/189/4 3596/64/4 3595/80/4
f 3595/80/2 3596/64/2 3594/178/2 3593/179/2
f 3593/179/5 3594/178/5 3590/63/5 3589/79/5
f 3591/96/38 3595/80/38 3593/179/38 3589/184/38
f 3596/64/1 3592/48/1 3590/191/1 3594/178/1
usemtl Cemento.069
f 3597/168/3 3598/169/3 3600/189/3 3599/190/3
f 3599/190/4 3600/189/4 3604/64/4 3603/80/4
f 3603/80/2 3604/64/2 3602/178/2 3601/179/2
f 3601/179/5 3602/178/5 3598/63/5 3597/79/5
f 3599/96/38 3603/80/38 3601/179/38 3597/184/38
f 3604/64/1 3600/48/1 3598/191/1 3602/178/1
usemtl Cemento.068
f 3605/168/3 3606/169/3 3608/189/3 3607/190/3
f 3607/190/4 3608/189/4 3612/64/4 3611/80/4
f 3611/80/2 3612/64/2 3610/178/2 3609/179/2
f 3609/179/5 3610/178/5 3606/63/5 3605/79/5
f 3607/96/38 3611/80/38 3609/179/38 3605/184/38
f 3612/64/1 3608/48/1 3606/191/1 3610/178/1
usemtl Cemento.125
f 3613/168/3 3614/169/3 3616/189/3 3615/190/3
f 3615/190/4 3616/189/4 3620/64/4 3619/80/4
f 3619/80/2 3620/64/2 3618/178/2 3617/179/2
f 3617/179/5 3618/178/5 3614/63/5 3613/79/5
f 3615/96/38 3619/80/38 3617/179/38 3613/184/38
f 3620/64/1 3616/48/1 3614/191/1 3618/178/1
usemtl Cemento.126
f 3621/168/3 3622/169/3 3624/189/3 3623/190/3
f 3623/190/4 3624/189/4 3628/64/4 3627/80/4
f 3627/80/2 3628/64/2 3626/178/2 3625/179/2
f 3625/179/5 3626/178/5 3622/63/5 3621/79/5
f 3623/96/38 3627/80/38 3625/179/38 3621/184/38
f 3628/64/1 3624/48/1 3622/191/1 3626/178/1
usemtl Cemento.127
f 3629/168/3 3630/169/3 3632/189/3 3631/190/3
f 3631/190/4 3632/189/4 3636/64/4 3635/80/4
f 3635/80/2 3636/64/2 3634/178/2 3633/179/2
f 3633/179/5 3634/178/5 3630/63/5 3629/79/5
f 3631/96/38 3635/80/38 3633/179/38 3629/184/38
f 3636/64/1 3632/48/1 3630/191/1 3634/178/1
usemtl Cemento.128
f 3637/168/3 3638/169/3 3640/189/3 3639/190/3
f 3639/190/4 3640/189/4 3644/64/4 3643/80/4
f 3643/80/2 3644/64/2 3642/178/2 3641/179/2
f 3641/179/5 3642/178/5 3638/63/5 3637/79/5
f 3639/96/38 3643/80/38 3641/179/38 3637/184/38
f 3644/64/1 3640/48/1 3638/191/1 3642/178/1
usemtl Cemento.136
f 3653/168/3 3654/169/3 3656/189/3 3655/190/3
f 3655/190/4 3656/189/4 3660/64/4 3659/80/4
f 3659/80/2 3660/64/2 3658/178/2 3657/179/2
f 3657/179/5 3658/178/5 3654/63/5 3653/79/5
f 3655/96/38 3659/80/38 3657/179/38 3653/184/38
f 3660/64/1 3656/48/1 3654/191/1 3658/178/1
usemtl Ceramico.005
f 3661/1/1 3662/13/1 3664/14/1 3663/15/1
usemtl Ceramico.003
f 3665/1/1 3666/200/1 3668/201/1 3667/15/1
usemtl Ceramico.004
f 3669/1/1 3670/200/1 3672/201/1 3671/15/1
usemtl Concreto.011
f 3673/1/1 3674/13/1 3676/14/1 3675/15/1
usemtl Concreto.012
f 3677/1/1 3678/13/1 3680/14/1 3679/15/1
usemtl Ceramico.006
f 3681/168/3 3682/169/3 3684/189/3 3683/190/3
f 3683/190/4 3684/189/4 3688/64/4 3687/80/4
f 3687/80/2 3688/64/2 3686/178/2 3685/179/2
f 3685/179/5 3686/178/5 3682/63/5 3681/79/5
f 3683/96/38 3687/80/38 3685/179/38 3681/184/38
f 3688/64/1 3684/48/1 3682/191/1 3686/178/1
f 3689/168/3 3690/169/3 3692/189/3 3691/190/3
f 3691/190/4 3692/189/4 3696/64/4 3695/80/4
f 3695/80/2 3696/64/2 3694/178/2 3693/179/2
f 3693/179/5 3694/178/5 3690/63/5 3689/79/5
f 3691/96/38 3695/80/38 3693/179/38 3689/184/38
f 3696/64/1 3692/48/1 3690/191/1 3694/178/1
usemtl Material.009
f 3697/168/4 3698/169/4 3700/189/4 3699/190/4
f 3699/190/2 3700/189/2 3704/64/2 3703/80/2
f 3703/80/5 3704/64/5 3702/178/5 3701/179/5
f 3701/179/3 3702/178/3 3698/63/3 3697/79/3
f 3699/96/38 3703/80/38 3701/179/38 3697/184/38
f 3704/64/1 3700/48/1 3698/191/1 3702/178/1
f 3705/168/4 3706/169/4 3708/189/4 3707/190/4
f 3707/190/2 3708/189/2 3712/64/2 3711/80/2
f 3711/80/5 3712/64/5 3710/178/5 3709/179/5
f 3709/179/3 3710/178/3 3706/63/3 3705/79/3
f 3707/96/38 3711/80/38 3709/179/38 3705/184/38
f 3712/64/1 3708/48/1 3706/191/1 3710/178/1
f 3713/168/3 3714/169/3 3716/189/3 3715/190/3
f 3715/190/4 3716/189/4 3720/64/4 3719/80/4
f 3719/80/2 3720/64/2 3718/178/2 3717/179/2
f 3717/179/5 3718/178/5 3714/63/5 3713/79/5
f 3715/96/38 3719/80/38 3717/179/38 3713/184/38
f 3720/64/1 3716/48/1 3714/191/1 3718/178/1
f 3721/168/3 3722/169/3 3724/189/3 3723/190/3
f 3723/190/4 3724/189/4 3728/64/4 3727/80/4
f 3727/80/2 3728/64/2 3726/178/2 3725/179/2
f 3725/179/5 3726/178/5 3722/63/5 3721/79/5
f 3723/96/38 3727/80/38 3725/179/38 3721/184/38
f 3728/64/1 3724/48/1 3722/191/1 3726/178/1
f 3729/168/3 3730/169/3 3732/189/3 3731/190/3
f 3731/190/4 3732/189/4 3736/64/4 3735/80/4
f 3735/80/2 3736/64/2 3734/178/2 3733/179/2
f 3733/179/5 3734/178/5 3730/63/5 3729/79/5
f 3731/96/38 3735/80/38 3733/179/38 3729/184/38
f 3736/64/1 3732/48/1 3730/191/1 3734/178/1
f 3737/168/3 3738/169/3 3740/189/3 3739/190/3
f 3739/190/4 3740/189/4 3744/64/4 3743/80/4
f 3743/80/2 3744/64/2 3742/178/2 3741/179/2
f 3741/179/5 3742/178/5 3738/63/5 3737/79/5
f 3739/96/38 3743/80/38 3741/179/38 3737/184/38
f 3744/64/1 3740/48/1 3738/191/1 3742/178/1
f 3745/168/3 3746/169/3 3748/189/3 3747/190/3
f 3747/190/4 3748/189/4 3752/64/4 3751/80/4
f 3751/80/2 3752/64/2 3750/178/2 3749/179/2
f 3749/179/5 3750/178/5 3746/63/5 3745/79/5
f 3747/96/38 3751/80/38 3749/179/38 3745/184/38
f 3752/64/1 3748/48/1 3746/191/1 3750/178/1
f 3753/168/3 3754/169/3 3756/189/3 3755/190/3
f 3755/190/4 3756/189/4 3760/64/4 3759/80/4
f 3759/80/2 3760/64/2 3758/178/2 3757/179/2
f 3757/179/5 3758/178/5 3754/63/5 3753/79/5
f 3755/96/38 3759/80/38 3757/179/38 3753/184/38
f 3760/64/1 3756/48/1 3754/191/1 3758/178/1
f 3761/168/3 3762/169/3 3764/189/3 3763/190/3
f 3763/190/4 3764/189/4 3768/64/4 3767/80/4
f 3767/80/2 3768/64/2 3766/178/2 3765/179/2
f 3765/179/5 3766/178/5 3762/63/5 3761/79/5
f 3763/96/38 3767/80/38 3765/179/38 3761/184/38
f 3768/64/1 3764/48/1 3762/191/1 3766/178/1
f 3769/168/3 3770/169/3 3772/189/3 3771/190/3
f 3771/190/4 3772/189/4 3776/64/4 3775/80/4
f 3775/80/2 3776/64/2 3774/178/2 3773/179/2
f 3773/179/5 3774/178/5 3770/63/5 3769/79/5
f 3771/96/38 3775/80/38 3773/179/38 3769/184/38
f 3776/64/1 3772/48/1 3770/191/1 3774/178/1
f 3777/168/3 3778/169/3 3780/189/3 3779/190/3
f 3779/190/4 3780/189/4 3784/64/4 3783/80/4
f 3783/80/2 3784/64/2 3782/178/2 3781/179/2
f 3781/179/5 3782/178/5 3778/63/5 3777/79/5
f 3779/96/38 3783/80/38 3781/179/38 3777/184/38
f 3784/64/1 3780/48/1 3778/191/1 3782/178/1
f 3785/168/3 3786/169/3 3788/189/3 3787/190/3
f 3787/190/4 3788/189/4 3792/64/4 3791/80/4
f 3791/80/2 3792/64/2 3790/178/2 3789/179/2
f 3789/179/5 3790/178/5 3786/63/5 3785/79/5
f 3787/96/38 3791/80/38 3789/179/38 3785/184/38
f 3792/64/1 3788/48/1 3786/191/1 3790/178/1
f 3793/168/4 3794/169/4 3796/189/4 3795/190/4
f 3795/190/2 3796/189/2 3800/64/2 3799/80/2
f 3799/80/5 3800/64/5 3798/178/5 3797/179/5
f 3797/179/3 3798/178/3 3794/63/3 3793/79/3
f 3795/96/38 3799/80/38 3797/179/38 3793/184/38
f 3800/64/1 3796/48/1 3794/191/1 3798/178/1
f 3801/168/4 3802/169/4 3804/189/4 3803/190/4
f 3803/190/2 3804/189/2 3808/64/2 3807/80/2
f 3807/80/5 3808/64/5 3806/178/5 3805/179/5
f 3805/179/3 3806/178/3 3802/63/3 3801/79/3
f 3803/96/38 3807/80/38 3805/179/38 3801/184/38
f 3808/64/1 3804/48/1 3802/191/1 3806/178/1
f 3809/168/4 3810/169/4 3812/189/4 3811/190/4
f 3811/190/2 3812/189/2 3816/64/2 3815/80/2
f 3815/80/5 3816/64/5 3814/178/5 3813/179/5
f 3813/179/3 3814/178/3 3810/63/3 3809/79/3
f 3811/96/38 3815/80/38 3813/179/38 3809/184/38
f 3816/64/1 3812/48/1 3810/191/1 3814/178/1
f 3817/168/4 3818/169/4 3820/189/4 3819/190/4
f 3819/190/2 3820/189/2 3824/64/2 3823/80/2
f 3823/80/5 3824/64/5 3822/178/5 3821/179/5
f 3821/179/3 3822/178/3 3818/63/3 3817/79/3
f 3819/96/38 3823/80/38 3821/179/38 3817/184/38
f 3824/64/1 3820/48/1 3818/191/1 3822/178/1
f 3825/168/4 3826/169/4 3828/189/4 3827/190/4
f 3827/190/2 3828/189/2 3832/64/2 3831/80/2
f 3831/80/5 3832/64/5 3830/178/5 3829/179/5
f 3829/179/3 3830/178/3 3826/63/3 3825/79/3
f 3827/96/38 3831/80/38 3829/179/38 3825/184/38
f 3832/64/1 3828/48/1 3826/191/1 3830/178/1
f 3833/168/4 3834/169/4 3836/189/4 3835/190/4
f 3835/190/2 3836/189/2 3840/64/2 3839/80/2
f 3839/80/5 3840/64/5 3838/178/5 3837/179/5
f 3837/179/3 3838/178/3 3834/63/3 3833/79/3
f 3835/96/38 3839/80/38 3837/179/38 3833/184/38
f 3840/64/1 3836/48/1 3834/191/1 3838/178/1
f 3841/168/4 3842/169/4 3844/189/4 3843/190/4
f 3843/190/2 3844/189/2 3848/64/2 3847/80/2
f 3847/80/5 3848/64/5 3846/178/5 3845/179/5
f 3845/179/3 3846/178/3 3842/63/3 3841/79/3
f 3843/96/38 3847/80/38 3845/179/38 3841/184/38
f 3848/64/1 3844/48/1 3842/191/1 3846/178/1
f 3849/168/4 3850/169/4 3852/189/4 3851/190/4
f 3851/190/2 3852/189/2 3856/64/2 3855/80/2
f 3855/80/5 3856/64/5 3854/178/5 3853/179/5
f 3853/179/3 3854/178/3 3850/63/3 3849/79/3
f 3851/96/38 3855/80/38 3853/179/38 3849/184/38
f 3856/64/1 3852/48/1 3850/191/1 3854/178/1
f 3857/168/4 3858/169/4 3860/189/4 3859/190/4
f 3859/190/2 3860/189/2 3864/64/2 3863/80/2
f 3863/80/5 3864/64/5 3862/178/5 3861/179/5
f 3861/179/3 3862/178/3 3858/63/3 3857/79/3
f 3859/96/38 3863/80/38 3861/179/38 3857/184/38
f 3864/64/1 3860/48/1 3858/191/1 3862/178/1
f 3865/168/4 3866/169/4 3868/189/4 3867/190/4
f 3867/190/2 3868/189/2 3872/64/2 3871/80/2
f 3871/80/5 3872/64/5 3870/178/5 3869/179/5
f 3869/179/3 3870/178/3 3866/63/3 3865/79/3
f 3867/96/38 3871/80/38 3869/179/38 3865/184/38
f 3872/64/1 3868/48/1 3866/191/1 3870/178/1
f 3873/168/4 3874/169/4 3876/189/4 3875/190/4
f 3875/190/2 3876/189/2 3880/64/2 3879/80/2
f 3879/80/5 3880/64/5 3878/178/5 3877/179/5
f 3877/179/3 3878/178/3 3874/63/3 3873/79/3
f 3875/96/38 3879/80/38 3877/179/38 3873/184/38
f 3880/64/1 3876/48/1 3874/191/1 3878/178/1
f 3881/168/4 3882/169/4 3884/189/4 3883/190/4
f 3883/190/2 3884/189/2 3888/64/2 3887/80/2
f 3887/80/5 3888/64/5 3886/178/5 3885/179/5
f 3885/179/3 3886/178/3 3882/63/3 3881/79/3
f 3883/96/38 3887/80/38 3885/179/38 3881/184/38
f 3888/64/1 3884/48/1 3882/191/1 3886/178/1
f 3889/168/4 3890/169/4 3892/189/4 3891/190/4
f 3891/190/2 3892/189/2 3896/64/2 3895/80/2
f 3895/80/5 3896/64/5 3894/178/5 3893/179/5
f 3893/179/3 3894/178/3 3890/63/3 3889/79/3
f 3891/96/38 3895/80/38 3893/179/38 3889/184/38
f 3896/64/1 3892/48/1 3890/191/1 3894/178/1
f 3897/168/4 3898/169/4 3900/189/4 3899/190/4
f 3899/190/2 3900/189/2 3904/64/2 3903/80/2
f 3903/80/5 3904/64/5 3902/178/5 3901/179/5
f 3901/179/3 3902/178/3 3898/63/3 3897/79/3
f 3899/96/38 3903/80/38 3901/179/38 3897/184/38
f 3904/64/1 3900/48/1 3898/191/1 3902/178/1
f 3905/168/4 3906/169/4 3908/189/4 3907/190/4
f 3907/190/2 3908/189/2 3912/64/2 3911/80/2
f 3911/80/5 3912/64/5 3910/178/5 3909/179/5
f 3909/179/3 3910/178/3 3906/63/3 3905/79/3
f 3907/96/38 3911/80/38 3909/179/38 3905/184/38
f 3912/64/1 3908/48/1 3906/191/1 3910/178/1
f 3913/168/4 3914/169/4 3916/189/4 3915/190/4
f 3915/190/2 3916/189/2 3920/64/2 3919/80/2
f 3919/80/5 3920/64/5 3918/178/5 3917/179/5
f 3917/179/3 3918/178/3 3914/63/3 3913/79/3
f 3915/96/38 3919/80/38 3917/179/38 3913/184/38
f 3920/64/1 3916/48/1 3914/191/1 3918/178/1
f 3921/168/4 3922/169/4 3924/189/4 3923/190/4
f 3923/190/2 3924/189/2 3928/64/2 3927/80/2
f 3927/80/5 3928/64/5 3926/178/5 3925/179/5
f 3925/179/3 3926/178/3 3922/63/3 3921/79/3
f 3923/96/38 3927/80/38 3925/179/38 3921/184/38
f 3928/64/1 3924/48/1 3922/191/1 3926/178/1
f 3929/168/4 3930/169/4 3932/189/4 3931/190/4
f 3931/190/2 3932/189/2 3936/64/2 3935/80/2
f 3935/80/5 3936/64/5 3934/178/5 3933/179/5
f 3933/179/3 3934/178/3 3930/63/3 3929/79/3
f 3931/96/38 3935/80/38 3933/179/38 3929/184/38
f 3936/64/1 3932/48/1 3930/191/1 3934/178/1
f 3937/168/4 3938/169/4 3940/189/4 3939/190/4
f 3939/190/2 3940/189/2 3944/64/2 3943/80/2
f 3943/80/5 3944/64/5 3942/178/5 3941/179/5
f 3941/179/3 3942/178/3 3938/63/3 3937/79/3
f 3939/96/38 3943/80/38 3941/179/38 3937/184/38
f 3944/64/1 3940/48/1 3938/191/1 3942/178/1
f 3945/168/4 3946/169/4 3948/189/4 3947/190/4
f 3947/190/2 3948/189/2 3952/64/2 3951/80/2
f 3951/80/5 3952/64/5 3950/178/5 3949/179/5
f 3949/179/3 3950/178/3 3946/63/3 3945/79/3
f 3947/96/38 3951/80/38 3949/179/38 3945/184/38
f 3952/64/1 3948/48/1 3946/191/1 3950/178/1
f 3953/168/4 3954/169/4 3956/189/4 3955/190/4
f 3955/190/2 3956/189/2 3960/64/2 3959/80/2
f 3959/80/5 3960/64/5 3958/178/5 3957/179/5
f 3957/179/3 3958/178/3 3954/63/3 3953/79/3
f 3955/96/38 3959/80/38 3957/179/38 3953/184/38
f 3960/64/1 3956/48/1 3954/191/1 3958/178/1
f 3961/168/4 3962/169/4 3964/189/4 3963/190/4
f 3963/190/2 3964/189/2 3968/64/2 3967/80/2
f 3967/80/5 3968/64/5 3966/178/5 3965/179/5
f 3965/179/3 3966/178/3 3962/63/3 3961/79/3
f 3963/96/38 3967/80/38 3965/179/38 3961/184/38
f 3968/64/1 3964/48/1 3962/191/1 3966/178/1
f 3969/168/4 3970/169/4 3972/189/4 3971/190/4
f 3971/190/2 3972/189/2 3976/64/2 3975/80/2
f 3975/80/5 3976/64/5 3974/178/5 3973/179/5
f 3973/179/3 3974/178/3 3970/63/3 3969/79/3
f 3971/96/38 3975/80/38 3973/179/38 3969/184/38
f 3976/64/1 3972/48/1 3970/191/1 3974/178/1
f 3977/168/4 3978/169/4 3980/189/4 3979/190/4
f 3979/190/2 3980/189/2 3984/64/2 3983/80/2
f 3983/80/5 3984/64/5 3982/178/5 3981/179/5
f 3981/179/3 3982/178/3 3978/63/3 3977/79/3
f 3979/96/38 3983/80/38 3981/179/38 3977/184/38
f 3984/64/1 3980/48/1 3978/191/1 3982/178/1
f 3985/168/4 3986/169/4 3988/189/4 3987/190/4
f 3987/190/2 3988/189/2 3992/64/2 3991/80/2
f 3991/80/5 3992/64/5 3990/178/5 3989/179/5
f 3989/179/3 3990/178/3 3986/63/3 3985/79/3
f 3987/96/38 3991/80/38 3989/179/38 3985/184/38
f 3992/64/1 3988/48/1 3986/191/1 3990/178/1
f 3993/168/4 3994/169/4 3996/189/4 3995/190/4
f 3995/190/2 3996/189/2 4000/64/2 3999/80/2
f 3999/80/5 4000/64/5 3998/178/5 3997/179/5
f 3997/179/3 3998/178/3 3994/63/3 3993/79/3
f 3995/96/38 3999/80/38 3997/179/38 3993/184/38
f 4000/64/1 3996/48/1 3994/191/1 3998/178/1
f 4001/168/4 4002/169/4 4004/189/4 4003/190/4
f 4003/190/2 4004/189/2 4008/64/2 4007/80/2
f 4007/80/5 4008/64/5 4006/178/5 4005/179/5
f 4005/179/3 4006/178/3 4002/63/3 4001/79/3
f 4003/96/38 4007/80/38 4005/179/38 4001/184/38
f 4008/64/1 4004/48/1 4002/191/1 4006/178/1
f 4009/168/4 4010/169/4 4012/189/4 4011/190/4
f 4011/190/2 4012/189/2 4016/64/2 4015/80/2
f 4015/80/5 4016/64/5 4014/178/5 4013/179/5
f 4013/179/3 4014/178/3 4010/63/3 4009/79/3
f 4011/96/38 4015/80/38 4013/179/38 4009/184/38
f 4016/64/1 4012/48/1 4010/191/1 4014/178/1
f 4017/168/4 4018/169/4 4020/189/4 4019/190/4
f 4019/190/2 4020/189/2 4024/64/2 4023/80/2
f 4023/80/5 4024/64/5 4022/178/5 4021/179/5
f 4021/179/3 4022/178/3 4018/63/3 4017/79/3
f 4019/96/38 4023/80/38 4021/179/38 4017/184/38
f 4024/64/1 4020/48/1 4018/191/1 4022/178/1
f 4025/168/4 4026/169/4 4028/189/4 4027/190/4
f 4027/190/2 4028/189/2 4032/64/2 4031/80/2
f 4031/80/5 4032/64/5 4030/178/5 4029/179/5
f 4029/179/3 4030/178/3 4026/63/3 4025/79/3
f 4027/96/38 4031/80/38 4029/179/38 4025/184/38
f 4032/64/1 4028/48/1 4026/191/1 4030/178/1
f 4033/168/4 4034/169/4 4036/189/4 4035/190/4
f 4035/190/2 4036/189/2 4040/64/2 4039/80/2
f 4039/80/5 4040/64/5 4038/178/5 4037/179/5
f 4037/179/3 4038/178/3 4034/63/3 4033/79/3
f 4035/96/38 4039/80/38 4037/179/38 4033/184/38
f 4040/64/1 4036/48/1 4034/191/1 4038/178/1
f 4041/168/4 4042/169/4 4044/189/4 4043/190/4
f 4043/190/2 4044/189/2 4048/64/2 4047/80/2
f 4047/80/5 4048/64/5 4046/178/5 4045/179/5
f 4045/179/3 4046/178/3 4042/63/3 4041/79/3
f 4043/96/38 4047/80/38 4045/179/38 4041/184/38
f 4048/64/1 4044/48/1 4042/191/1 4046/178/1
f 4049/168/4 4050/169/4 4052/189/4 4051/190/4
f 4051/190/2 4052/189/2 4056/64/2 4055/80/2
f 4055/80/5 4056/64/5 4054/178/5 4053/179/5
f 4053/179/3 4054/178/3 4050/63/3 4049/79/3
f 4051/96/38 4055/80/38 4053/179/38 4049/184/38
f 4056/64/1 4052/48/1 4050/191/1 4054/178/1
f 4057/168/4 4058/169/4 4060/189/4 4059/190/4
f 4059/190/2 4060/189/2 4064/64/2 4063/80/2
f 4063/80/5 4064/64/5 4062/178/5 4061/179/5
f 4061/179/3 4062/178/3 4058/63/3 4057/79/3
f 4059/96/38 4063/80/38 4061/179/38 4057/184/38
f 4064/64/1 4060/48/1 4058/191/1 4062/178/1
f 4065/168/4 4066/169/4 4068/189/4 4067/190/4
f 4067/190/2 4068/189/2 4072/64/2 4071/80/2
f 4071/80/5 4072/64/5 4070/178/5 4069/179/5
f 4069/179/3 4070/178/3 4066/63/3 4065/79/3
f 4067/96/38 4071/80/38 4069/179/38 4065/184/38
f 4072/64/1 4068/48/1 4066/191/1 4070/178/1
f 4073/168/4 4074/169/4 4076/189/4 4075/190/4
f 4075/190/2 4076/189/2 4080/64/2 4079/80/2
f 4079/80/5 4080/64/5 4078/178/5 4077/179/5
f 4077/179/3 4078/178/3 4074/63/3 4073/79/3
f 4075/96/38 4079/80/38 4077/179/38 4073/184/38
f 4080/64/1 4076/48/1 4074/191/1 4078/178/1
f 4081/168/4 4082/169/4 4084/189/4 4083/190/4
f 4083/190/2 4084/189/2 4088/64/2 4087/80/2
f 4087/80/5 4088/64/5 4086/178/5 4085/179/5
f 4085/179/3 4086/178/3 4082/63/3 4081/79/3
f 4083/96/38 4087/80/38 4085/179/38 4081/184/38
f 4088/64/1 4084/48/1 4082/191/1 4086/178/1
f 4089/168/4 4090/169/4 4092/189/4 4091/190/4
f 4091/190/2 4092/189/2 4096/64/2 4095/80/2
f 4095/80/5 4096/64/5 4094/178/5 4093/179/5
f 4093/179/3 4094/178/3 4090/63/3 4089/79/3
f 4091/96/38 4095/80/38 4093/179/38 4089/184/38
f 4096/64/1 4092/48/1 4090/191/1 4094/178/1
f 4097/168/4 4098/169/4 4100/189/4 4099/190/4
f 4099/190/2 4100/189/2 4104/64/2 4103/80/2
f 4103/80/5 4104/64/5 4102/178/5 4101/179/5
f 4101/179/3 4102/178/3 4098/63/3 4097/79/3
f 4099/96/38 4103/80/38 4101/179/38 4097/184/38
f 4104/64/1 4100/48/1 4098/191/1 4102/178/1
f 4105/168/4 4106/169/4 4108/189/4 4107/190/4
f 4107/190/2 4108/189/2 4112/64/2 4111/80/2
f 4111/80/5 4112/64/5 4110/178/5 4109/179/5
f 4109/179/3 4110/178/3 4106/63/3 4105/79/3
f 4107/96/38 4111/80/38 4109/179/38 4105/184/38
f 4112/64/1 4108/48/1 4106/191/1 4110/178/1
f 4113/168/4 4114/169/4 4116/189/4 4115/190/4
f 4115/190/2 4116/189/2 4120/64/2 4119/80/2
f 4119/80/5 4120/64/5 4118/178/5 4117/179/5
f 4117/179/3 4118/178/3 4114/63/3 4113/79/3
f 4115/96/38 4119/80/38 4117/179/38 4113/184/38
f 4120/64/1 4116/48/1 4114/191/1 4118/178/1
f 4121/168/4 4122/169/4 4124/189/4 4123/190/4
f 4123/190/2 4124/189/2 4128/64/2 4127/80/2
f 4127/80/5 4128/64/5 4126/178/5 4125/179/5
f 4125/179/3 4126/178/3 4122/63/3 4121/79/3
f 4123/96/38 4127/80/38 4125/179/38 4121/184/38
f 4128/64/1 4124/48/1 4122/191/1 4126/178/1
f 4129/168/4 4130/169/4 4132/189/4 4131/190/4
f 4131/190/2 4132/189/2 4136/64/2 4135/80/2
f 4135/80/5 4136/64/5 4134/178/5 4133/179/5
f 4133/179/3 4134/178/3 4130/63/3 4129/79/3
f 4131/96/38 4135/80/38 4133/179/38 4129/184/38
f 4136/64/1 4132/48/1 4130/191/1 4134/178/1
f 4137/168/4 4138/169/4 4140/189/4 4139/190/4
f 4139/190/2 4140/189/2 4144/64/2 4143/80/2
f 4143/80/5 4144/64/5 4142/178/5 4141/179/5
f 4141/179/3 4142/178/3 4138/63/3 4137/79/3
f 4139/96/38 4143/80/38 4141/179/38 4137/184/38
f 4144/64/1 4140/48/1 4138/191/1 4142/178/1
f 4145/168/4 4146/169/4 4148/189/4 4147/190/4
f 4147/190/2 4148/189/2 4152/64/2 4151/80/2
f 4151/80/5 4152/64/5 4150/178/5 4149/179/5
f 4149/179/3 4150/178/3 4146/63/3 4145/79/3
f 4147/96/38 4151/80/38 4149/179/38 4145/184/38
f 4152/64/1 4148/48/1 4146/191/1 4150/178/1
f 4153/168/4 4154/169/4 4156/189/4 4155/190/4
f 4155/190/2 4156/189/2 4160/64/2 4159/80/2
f 4159/80/5 4160/64/5 4158/178/5 4157/179/5
f 4157/179/3 4158/178/3 4154/63/3 4153/79/3
f 4155/96/38 4159/80/38 4157/179/38 4153/184/38
f 4160/64/1 4156/48/1 4154/191/1 4158/178/1
f 4161/168/4 4162/169/4 4164/189/4 4163/190/4
f 4163/190/2 4164/189/2 4168/64/2 4167/80/2
f 4167/80/5 4168/64/5 4166/178/5 4165/179/5
f 4165/179/3 4166/178/3 4162/63/3 4161/79/3
f 4163/96/38 4167/80/38 4165/179/38 4161/184/38
f 4168/64/1 4164/48/1 4162/191/1 4166/178/1
f 4169/168/4 4170/169/4 4172/189/4 4171/190/4
f 4171/190/2 4172/189/2 4176/64/2 4175/80/2
f 4175/80/5 4176/64/5 4174/178/5 4173/179/5
f 4173/179/3 4174/178/3 4170/63/3 4169/79/3
f 4171/96/38 4175/80/38 4173/179/38 4169/184/38
f 4176/64/1 4172/48/1 4170/191/1 4174/178/1
usemtl madera.001
f 4177/168/5 4178/169/5 4180/189/5 4179/190/5
f 4179/190/3 4180/189/3 4184/64/3 4183/80/3
f 4183/80/4 4184/64/4 4182/178/4 4181/179/4
f 4181/179/2 4182/178/2 4178/63/2 4177/79/2
f 4179/96/38 4183/80/38 4181/179/38 4177/184/38
f 4184/64/1 4180/48/1 4178/191/1 4182/178/1
usemtl Cemento.131
f 4193/168/3 4194/169/3 4196/189/3 4195/190/3
f 4195/190/4 4196/189/4 4200/64/4 4199/80/4
f 4199/80/2 4200/64/2 4198/178/2 4197/179/2
f 4197/179/5 4198/178/5 4194/63/5 4193/79/5
f 4195/96/38 4199/80/38 4197/179/38 4193/184/38
f 4200/64/1 4196/48/1 4194/191/1 4198/178/1
usemtl Cemento.129
f 4209/168/3 4210/169/3 4212/189/3 4211/190/3
f 4211/190/4 4212/189/4 4216/64/4 4215/80/4
f 4215/80/2 4216/64/2 4214/178/2 4213/179/2
f 4213/179/5 4214/178/5 4210/63/5 4209/79/5
f 4211/96/38 4215/80/38 4213/179/38 4209/184/38
f 4216/64/1 4212/48/1 4210/191/1 4214/178/1
usemtl Cemento.130
f 4217/168/3 4218/169/3 4220/189/3 4219/190/3
f 4219/190/4 4220/189/4 4224/64/4 4223/80/4
f 4223/80/2 4224/64/2 4222/178/2 4221/179/2
f 4221/179/5 4222/178/5 4218/63/5 4217/79/5
f 4219/96/38 4223/80/38 4221/179/38 4217/184/38
f 4224/64/1 4220/48/1 4218/191/1 4222/178/1
usemtl Madera.001
f 4229/1/5 4230/13/5 4232/14/5 4231/15/5
usemtl Cemento.132
f 4245/168/3 4246/169/3 4248/189/3 4247/190/3
f 4247/190/4 4248/189/4 4252/64/4 4251/80/4
f 4251/80/2 4252/64/2 4250/178/2 4249/179/2
f 4249/179/5 4250/178/5 4246/63/5 4245/79/5
f 4247/96/38 4251/80/38 4249/179/38 4245/184/38
f 4252/64/1 4248/48/1 4246/191/1 4250/178/1
usemtl Cemento.133
f 4253/168/3 4254/169/3 4256/189/3 4255/190/3
f 4255/190/4 4256/189/4 4260/64/4 4259/80/4
f 4259/80/2 4260/64/2 4258/178/2 4257/179/2
f 4257/179/5 4258/178/5 4254/63/5 4253/79/5
f 4255/96/38 4259/80/38 4257/179/38 4253/184/38
f 4260/64/1 4256/48/1 4254/191/1 4258/178/1
usemtl Madera.002
f 4269/1/5 4270/13/5 4272/14/5 4271/15/5
usemtl Cemento.135
f 4273/168/3 4274/169/3 4276/189/3 4275/190/3
f 4275/190/4 4276/189/4 4280/64/4 4279/80/4
f 4279/80/2 4280/64/2 4278/178/2 4277/179/2
f 4277/179/5 4278/178/5 4274/63/5 4273/79/5
f 4275/96/38 4279/80/38 4277/179/38 4273/184/38
f 4280/64/1 4276/48/1 4274/191/1 4278/178/1
usemtl Cemento.146
f 4289/168/3 4290/169/3 4292/189/3 4291/190/3
f 4291/190/4 4292/189/4 4296/64/4 4295/80/4
f 4295/80/2 4296/64/2 4294/178/2 4293/179/2
f 4293/179/5 4294/178/5 4290/63/5 4289/79/5
f 4291/96/38 4295/80/38 4293/179/38 4289/184/38
f 4296/64/1 4292/48/1 4290/191/1 4294/178/1
usemtl Cemento.137
f 4305/168/3 4306/169/3 4308/189/3 4307/190/3
f 4307/190/4 4308/189/4 4312/64/4 4311/80/4
f 4311/80/2 4312/64/2 4310/178/2 4309/179/2
f 4309/179/5 4310/178/5 4306/63/5 4305/79/5
f 4307/96/38 4311/80/38 4309/179/38 4305/184/38
f 4312/64/1 4308/48/1 4306/191/1 4310/178/1
usemtl Cemento.138
f 4313/168/3 4314/169/3 4316/189/3 4315/190/3
f 4315/190/4 4316/189/4 4320/64/4 4319/80/4
f 4319/80/2 4320/64/2 4318/178/2 4317/179/2
f 4317/179/5 4318/178/5 4314/63/5 4313/79/5
f 4315/96/38 4319/80/38 4317/179/38 4313/184/38
f 4320/64/1 4316/48/1 4314/191/1 4318/178/1
usemtl Cemento.139
f 4321/168/3 4322/169/3 4324/189/3 4323/190/3
f 4323/190/4 4324/189/4 4328/64/4 4327/80/4
f 4327/80/2 4328/64/2 4326/178/2 4325/179/2
f 4325/179/5 4326/178/5 4322/63/5 4321/79/5
f 4323/96/38 4327/80/38 4325/179/38 4321/184/38
f 4328/64/1 4324/48/1 4322/191/1 4326/178/1
usemtl Cemento.140
f 4329/168/3 4330/169/3 4332/189/3 4331/190/3
f 4331/190/4 4332/189/4 4336/64/4 4335/80/4
f 4335/80/2 4336/64/2 4334/178/2 4333/179/2
f 4333/179/5 4334/178/5 4330/63/5 4329/79/5
f 4331/96/38 4335/80/38 4333/179/38 4329/184/38
f 4336/64/1 4332/48/1 4330/191/1 4334/178/1
usemtl Cemento.141
f 4337/168/3 4338/169/3 4340/189/3 4339/190/3
f 4339/190/4 4340/189/4 4344/64/4 4343/80/4
f 4343/80/2 4344/64/2 4342/178/2 4341/179/2
f 4341/179/5 4342/178/5 4338/63/5 4337/79/5
f 4339/96/38 4343/80/38 4341/179/38 4337/184/38
f 4344/64/1 4340/48/1 4338/191/1 4342/178/1
usemtl Cemento.142
f 4345/168/3 4346/169/3 4348/189/3 4347/190/3
f 4347/190/4 4348/189/4 4352/64/4 4351/80/4
f 4351/80/2 4352/64/2 4350/178/2 4349/179/2
f 4349/179/5 4350/178/5 4346/63/5 4345/79/5
f 4347/96/38 4351/80/38 4349/179/38 4345/184/38
f 4352/64/1 4348/48/1 4346/191/1 4350/178/1
usemtl Cemento.143
f 4353/168/3 4354/169/3 4356/189/3 4355/190/3
f 4355/190/4 4356/189/4 4360/64/4 4359/80/4
f 4359/80/2 4360/64/2 4358/178/2 4357/179/2
f 4357/179/5 4358/178/5 4354/63/5 4353/79/5
f 4355/96/38 4359/80/38 4357/179/38 4353/184/38
f 4360/64/1 4356/48/1 4354/191/1 4358/178/1
usemtl Cemento.144
f 4361/168/3 4362/169/3 4364/189/3 4363/190/3
f 4363/190/4 4364/189/4 4368/64/4 4367/80/4
f 4367/80/2 4368/64/2 4366/178/2 4365/179/2
f 4365/179/5 4366/178/5 4362/63/5 4361/79/5
f 4363/96/38 4367/80/38 4365/179/38 4361/184/38
f 4368/64/1 4364/48/1 4362/191/1 4366/178/1
usemtl Cemento.145
f 4369/168/3 4370/169/3 4372/189/3 4371/190/3
f 4371/190/4 4372/189/4 4376/64/4 4375/80/4
f 4375/80/2 4376/64/2 4374/178/2 4373/179/2
f 4373/179/5 4374/178/5 4370/63/5 4369/79/5
f 4371/96/38 4375/80/38 4373/179/38 4369/184/38
f 4376/64/1 4372/48/1 4370/191/1 4374/178/1
usemtl Cemento.147
f 4377/168/3 4378/169/3 4380/189/3 4379/190/3
f 4379/190/4 4380/189/4 4384/64/4 4383/80/4
f 4383/80/2 4384/64/2 4382/178/2 4381/179/2
f 4381/179/5 4382/178/5 4378/63/5 4377/79/5
f 4379/96/38 4383/80/38 4381/179/38 4377/184/38
f 4384/64/1 4380/48/1 4378/191/1 4382/178/1
usemtl Cemento.148
f 4385/168/3 4386/169/3 4388/189/3 4387/190/3
f 4387/190/4 4388/189/4 4392/64/4 4391/80/4
f 4391/80/2 4392/64/2 4390/178/2 4389/179/2
f 4389/179/5 4390/178/5 4386/63/5 4385/79/5
f 4387/96/38 4391/80/38 4389/179/38 4385/184/38
f 4392/64/1 4388/48/1 4386/191/1 4390/178/1
usemtl Cemento.149
f 4401/168/3 4402/169/3 4404/189/3 4403/190/3
f 4403/190/4 4404/189/4 4408/64/4 4407/80/4
f 4407/80/2 4408/64/2 4406/178/2 4405/179/2
f 4405/179/5 4406/178/5 4402/63/5 4401/79/5
f 4403/96/38 4407/80/38 4405/179/38 4401/184/38
f 4408/64/1 4404/48/1 4402/191/1 4406/178/1
usemtl Ceramico.009
f 4409/1/5 4410/13/5 4412/14/5 4411/15/5
usemtl Ceramico.007
f 4417/1/2 4418/13/2 4420/14/2 4419/15/2
usemtl Ceramico.008
f 4421/1/5 4422/13/5 4424/14/5 4423/15/5
usemtl madera.002
f 4573/168/3 4574/169/3 4576/189/3 4575/190/3
f 4575/190/5 4576/189/5 4580/64/5 4579/80/5
f 4579/80/2 4580/64/2 4578/178/2 4577/179/2
f 4577/179/4 4578/178/4 4574/63/4 4573/79/4
f 4575/96/1 4579/80/1 4577/179/1 4573/184/1
f 4580/64/38 4576/48/38 4574/191/38 4578/178/38
f 4581/168/3 4582/169/3 4584/189/3 4583/190/3
f 4583/190/5 4584/189/5 4588/64/5 4587/80/5
f 4587/80/2 4588/64/2 4586/178/2 4585/179/2
f 4585/179/4 4586/178/4 4582/63/4 4581/79/4
f 4583/96/1 4587/80/1 4585/179/1 4581/184/1
f 4588/64/38 4584/48/38 4582/191/38 4586/178/38
usemtl Cemento.062
f 4589/168/3 4590/169/3 4592/189/3 4591/190/3
f 4591/190/4 4592/189/4 4596/64/4 4595/80/4
f 4595/80/2 4596/64/2 4594/178/2 4593/179/2
f 4593/179/5 4594/178/5 4590/63/5 4589/79/5
f 4591/96/38 4595/80/38 4593/179/38 4589/184/38
f 4596/64/1 4592/48/1 4590/191/1 4594/178/1
usemtl Cemento.063
f 4597/168/3 4598/169/3 4600/189/3 4599/190/3
f 4599/190/4 4600/189/4 4604/64/4 4603/80/4
f 4603/80/2 4604/64/2 4602/178/2 4601/179/2
f 4601/179/5 4602/178/5 4598/63/5 4597/79/5
f 4599/96/38 4603/80/38 4601/179/38 4597/184/38
f 4604/64/1 4600/48/1 4598/191/1 4602/178/1
usemtl Cemento.064
f 4605/168/3 4606/169/3 4608/189/3 4607/190/3
f 4607/190/4 4608/189/4 4612/64/4 4611/80/4
f 4611/80/2 4612/64/2 4610/178/2 4609/179/2
f 4609/179/5 4610/178/5 4606/63/5 4605/79/5
f 4607/96/38 4611/80/38 4609/179/38 4605/184/38
f 4612/64/1 4608/48/1 4606/191/1 4610/178/1
usemtl Cemento.065
f 4613/168/3 4614/169/3 4616/189/3 4615/190/3
f 4615/190/4 4616/189/4 4620/64/4 4619/80/4
f 4619/80/2 4620/64/2 4618/178/2 4617/179/2
f 4617/179/5 4618/178/5 4614/63/5 4613/79/5
f 4615/96/38 4619/80/38 4617/179/38 4613/184/38
f 4620/64/1 4616/48/1 4614/191/1 4618/178/1
usemtl Pasto.004
f 4621/1/1 4622/205/1 4624/206/1 4623/207/1
usemtl Pasto
f 4625/1/1 4626/208/1 4628/209/1 4627/210/1
usemtl Pasto.002
f 4629/1/1 4630/208/1 4632/209/1 4631/210/1
usemtl Pasto.003
f 4633/1/1 4634/211/1 4636/212/1 4635/213/1
usemtl Pasto.001
f 4637/1/1 4638/205/1 4640/206/1 4639/207/1
usemtl Pasto.005
f 4641/1/1 4642/214/1 4644/215/1 4643/216/1
usemtl Cesped
f 4645/217/1 4646/218/1 4648/219/1 4647/220/1
f 4661/221/1 4662/222/1 4664/223/1 4663/224/1
usemtl Cesped.001
f 4649/217/1 4650/218/1 4652/219/1 4651/220/1
usemtl Cesped.002
f 4653/217/1 4654/218/1 4656/219/1 4655/220/1
usemtl Cesped.003
f 4657/217/1 4658/218/1 4660/219/1 4659/220/1
usemtl Cesped.004
f 4665/217/1 4666/218/1 4668/219/1 4667/220/1
usemtl Fondo.003
f 4669/1/1 4670/13/1 4672/14/1 4671/15/1
usemtl Suelo_Secundario.004
f 4673/1/1 4674/225/1 4676/226/1 4675/227/1
usemtl Roca.019
f 4677/228/2 4678/229/2 4680/230/2 4679/231/2
usemtl Roca.020
f 4681/228/3 4682/229/3 4684/230/3 4683/231/3
usemtl Roca.021
f 4685/228/3 4686/229/3 4688/230/3 4687/231/3
usemtl Roca.022
f 4689/228/2 4690/229/2 4692/230/2 4691/231/2
usemtl Roca.023
f 4693/228/5 4694/229/5 4696/230/5 4695/231/5
usemtl Roca.024
f 4698/229/5 4702/232/5 4706/233/5 4708/234/5 4712/235/5 4711/236/5 4707/237/5 4703/238/5 4705/239/5 4709/240/5 4713/241/5 4701/242/5 4699/231/5 4697/228/5
f 4708/234/5 4706/233/5 4703/238/5 4707/237/5
f 4704/243/5 4700/230/5 4701/242/5 4713/241/5 4714/244/5 4710/245/5 4709/240/5 4705/239/5
usemtl Material.016
f 4715/1/5 4716/13/5 4718/14/5 4717/15/5
usemtl Material.017
f 4719/1/5 4720/13/5 4722/14/5 4721/15/5
usemtl Material.018
f 4723/1/2 4724/246/2 4726/247/2 4725/15/2
usemtl Material.019
f 4727/1/5 4728/13/5 4730/14/5 4729/15/5
usemtl Material.020
f 4731/1/2 4732/246/2 4734/247/2 4733/15/2
usemtl Fondo
f 4735/1/1 4736/13/1 4738/14/1 4737/15/1
usemtl Suelo_Secundario
f 4739/1/1 4740/225/1 4742/226/1 4741/227/1
usemtl Roca.001
f 4743/228/2 4744/229/2 4746/230/2 4745/231/2
usemtl Roca.002
f 4747/228/3 4748/229/3 4750/230/3 4749/231/3
usemtl Roca.004
f 4751/228/3 4752/229/3 4754/230/3 4753/231/3
usemtl Roca.005
f 4755/228/2 4756/229/2 4758/230/2 4757/231/2
usemtl Roca.006
f 4759/228/5 4760/229/5 4762/230/5 4761/231/5
usemtl Roca.007
f 4764/229/5 4768/232/5 4772/233/5 4774/234/5 4778/235/5 4777/236/5 4773/237/5 4769/238/5 4771/239/5 4775/240/5 4779/241/5 4767/242/5 4765/231/5 4763/228/5
f 4774/234/5 4772/233/5 4769/238/5 4773/237/5
f 4770/243/5 4766/230/5 4767/242/5 4779/241/5 4780/244/5 4776/245/5 4775/240/5 4771/239/5
usemtl Material.005
f 4781/1/5 4782/13/5 4784/14/5 4783/15/5
usemtl Material.012
f 4785/1/5 4786/13/5 4788/14/5 4787/15/5
usemtl Material.013
f 4789/1/2 4790/246/2 4792/247/2 4791/15/2
usemtl Material.014
f 4793/1/5 4794/13/5 4796/14/5 4795/15/5
usemtl Material.015
f 4797/1/2 4798/246/2 4800/247/2 4799/15/2
usemtl Material.022
f 4813/248/3 4814/249/3 4816/250/3 4815/251/3
f 4815/252/4 4816/253/4 4820/254/4 4819/255/4
f 4819/256/2 4820/257/2 4818/258/2 4817/259/2
f 4817/260/5 4818/261/5 4814/262/5 4813/263/5
f 4815/96/38 4819/80/38 4817/179/38 4813/184/38
f 4820/264/1 4816/265/1 4814/266/1 4818/267/1
usemtl Roca
f 4821/268/3 4822/269/3 4824/270/3 4823/271/3
f 4823/272/4 4824/273/4 4828/274/4 4827/275/4
f 4827/276/2 4828/277/2 4826/278/2 4825/279/2
f 4825/280/5 4826/281/5 4822/282/5 4821/79/5
f 4823/96/38 4827/80/38 4825/179/38 4821/184/38
f 4828/283/1 4824/284/1 4822/285/1 4826/286/1
f 5419/760/2 5420/761/2 5422/762/2 5421/763/2
usemtl Material.021
f 4829/168/3 4830/169/3 4832/189/3 4831/190/3
f 4831/287/4 4832/288/4 4836/289/4 4835/290/4
f 4835/256/2 4836/257/2 4834/258/2 4833/259/2
f 4833/291/5 4834/292/5 4830/293/5 4829/294/5
f 4831/96/38 4835/80/38 4833/179/38 4829/184/38
f 4836/295/1 4832/296/1 4830/297/1 4834/298/1
usemtl Material.010
f 4837/168/3 4838/169/3 4840/189/3 4839/190/3
f 4839/287/4 4840/288/4 4844/289/4 4843/290/4
f 4843/256/2 4844/257/2 4842/258/2 4841/259/2
f 4841/291/5 4842/292/5 4838/293/5 4837/294/5
f 4839/96/38 4843/80/38 4841/179/38 4837/184/38
f 4844/295/1 4840/296/1 4838/297/1 4842/298/1
usemtl Material.023
f 4845/248/3 4846/249/3 4848/250/3 4847/251/3
f 4847/252/4 4848/253/4 4852/254/4 4851/255/4
f 4851/256/2 4852/257/2 4850/258/2 4849/259/2
f 4849/260/5 4850/261/5 4846/262/5 4845/263/5
f 4847/96/38 4851/80/38 4849/179/38 4845/184/38
f 4852/264/1 4848/265/1 4846/266/1 4850/267/1
usemtl Material.024
f 4854/248/3 4855/249/3 4857/250/3 4856/251/3
f 4856/252/4 4857/253/4 4861/254/4 4860/255/4
f 4860/256/2 4861/257/2 4859/258/2 4858/259/2
f 4858/260/5 4859/261/5 4855/262/5 4854/263/5
f 4856/96/38 4860/80/38 4858/179/38 4854/184/38
f 4861/264/1 4857/265/1 4855/266/1 4859/267/1
usemtl Material.026
f 4862/248/3 4863/249/3 4865/299/3 4864/300/3
f 4864/252/4 4865/253/4 4869/254/4 4868/255/4
f 4868/301/2 4869/257/2 4867/302/2 4866/303/2
f 4866/260/5 4867/261/5 4863/262/5 4862/263/5
f 4864/96/38 4868/80/38 4866/179/38 4862/184/38
f 4869/264/1 4865/265/1 4863/304/1 4867/305/1
usemtl Material.027
f 4870/248/3 4871/249/3 4873/299/3 4872/300/3
f 4872/252/4 4873/253/4 4877/254/4 4876/255/4
f 4876/301/2 4877/257/2 4875/302/2 4874/303/2
f 4874/260/5 4875/261/5 4871/262/5 4870/263/5
f 4872/96/38 4876/80/38 4874/179/38 4870/184/38
f 4877/264/1 4873/265/1 4871/304/1 4875/305/1
usemtl arco.001
f 4896/306/2 4899/307/2 4913/308/2 4921/309/2 4906/310/2 4895/311/2 4920/312/2 4915/313/2 4919/314/2 4926/315/2 4897/316/2 4900/317/2 4917/318/2 4922/319/2 4927/320/2 4894/321/2 4907/322/2 4887/323/2 4884/324/2 4901/325/2 4912/326/2 4908/327/2 4928/328/2 4923/329/2 4918/330/2 4893/331/2 4898/332/2 4883/333/2 4902/334/2 4924/335/2 4916/336/2 4892/337/2 4882/338/2 4891/339/2 4909/340/2 4925/341/2 4904/342/2 4914/343/2 4890/344/2 4885/345/2 4903/346/2 4886/347/2 4910/348/2 4889/349/2 4881/14/2 4880/15/2 4878/1/2 4879/13/2 4888/350/2 4911/351/2 4905/352/2
f 4888/350/2 4889/349/2 4910/348/2 4911/351/2
f 4900/317/2 4893/331/2 4918/330/2 4917/318/2
f 4906/310/2 4909/340/2 4891/339/2 4895/311/2
f 4899/307/2 4890/344/2 4914/343/2 4913/308/2
f 4894/321/2 4927/320/2 4912/326/2 4901/325/2
f 4915/313/2 4916/336/2 4924/335/2 4919/314/2
usemtl Material.028
f 4929/1/2 4930/353/2 4932/354/2 4931/355/2
usemtl Material.029
f 4933/1/2 4934/353/2 4936/354/2 4935/355/2
usemtl Material.030
f 4937/1/2 4938/356/2 4940/357/2 4939/15/2
usemtl Material.033
f 4941/1/5 4942/358/5 4944/359/5 4943/360/5
usemtl Material.034
f 4945/1/5 4946/358/5 4948/359/5 4947/360/5
usemtl Material.035
f 4949/1/2 4950/358/2 4952/359/2 4951/360/2
usemtl Material.036
f 4953/1/2 4954/361/2 4956/362/2 4955/15/2
usemtl Material.031
f 4957/1/2 4958/356/2 4960/357/2 4959/15/2
usemtl Material.032
f 4961/1/2 4962/356/2 4964/357/2 4963/15/2
usemtl Material.039
f 4965/248/3 4966/249/3 4968/250/3 4967/251/3
f 4967/96/38 4970/80/38 4969/179/38 4965/184/38
f 4988/363/2 4972/364/2 4987/365/2 4990/366/2
f 4990/367/1 4987/368/1 4986/369/1 4991/370/1
f 4991/371/2 4986/372/2 4985/373/2 4992/374/2
f 4992/374/1 4985/373/1 4984/375/1 4993/376/1
f 4993/377/2 4984/378/2 4983/379/2 4994/380/2
f 4994/381/1 4983/382/1 4982/383/1 4995/384/1
f 4995/385/2 4982/386/2 4981/387/2 4996/388/2
f 4996/389/1 4981/390/1 4980/267/1 4997/264/1
f 4997/257/2 4980/258/2 4979/391/2 4998/392/2
f 4998/393/1 4979/394/1 4978/395/1 4999/396/1
f 4999/397/2 4978/398/2 4977/399/2 5000/400/2
f 5000/401/1 4977/402/1 4976/403/1 5001/404/1
f 5001/405/2 4976/406/2 4975/407/2 5002/408/2
f 5002/409/1 4975/410/1 4974/411/1 5003/412/1
f 5003/413/2 4974/414/2 4973/415/2 5004/416/2
f 5004/417/1 4973/415/1 4971/418/1 4989/419/1
f 4988/420/1 4968/265/1 4966/266/1 4972/421/1
f 4970/256/2 4989/422/2 4971/423/2 4969/259/2
f 4969/424/5 4971/425/5 4973/426/5 4974/427/5 4975/428/5 4976/429/5 4977/430/5 4978/431/5 4979/432/5 4980/433/5 4981/434/5 4982/435/5 4983/436/5 4984/437/5 4985/438/5 4986/439/5 4987/440/5 4972/441/5 4966/442/5 4965/443/5
f 4967/444/4 4968/445/4 4988/446/4 4990/447/4 4991/448/4 4992/449/4 4993/450/4 4994/451/4 4995/452/4 4996/453/4 4997/454/4 4998/455/4 4999/456/4 5000/457/4 5001/458/4 5002/459/4 5003/460/4 5004/461/4 4989/462/4 4970/463/4
usemtl Material.041
f 5008/179/5 5009/178/5 5006/63/5 5005/79/5
f 5007/96/38 5010/80/38 5008/179/38 5005/184/38
f 5011/464/4 5029/465/4 5044/466/4 5013/467/4
f 5013/468/1 5044/469/1 5043/470/1 5014/471/1
f 5014/472/4 5043/473/4 5042/474/4 5015/475/4
f 5015/476/1 5042/477/1 5041/478/1 5016/479/1
f 5016/480/4 5041/481/4 5040/482/4 5017/483/4
f 5017/484/1 5040/485/1 5039/486/1 5018/487/1
f 5018/488/4 5039/489/4 5038/490/4 5019/491/4
f 5019/492/1 5038/493/1 5037/494/1 5020/495/1
f 5020/496/4 5037/497/4 5036/498/4 5021/499/4
f 5021/500/1 5036/501/1 5035/502/1 5022/503/1
f 5022/504/4 5035/505/4 5034/506/4 5023/507/4
f 5023/508/1 5034/509/1 5033/510/1 5024/511/1
f 5024/512/4 5033/513/4 5032/514/4 5025/515/4
f 5025/516/1 5032/517/1 5031/518/1 5026/519/1
f 5026/520/4 5031/521/4 5030/522/4 5027/523/4
f 5027/524/1 5030/525/1 5028/526/1 5012/527/1
f 5029/528/1 5011/529/1 5006/530/1 5009/531/1
f 5005/532/3 5006/533/3 5011/534/3 5013/535/3 5014/536/3 5015/537/3 5016/538/3 5017/539/3 5018/540/3 5019/541/3 5020/542/3 5021/543/3 5022/544/3 5023/545/3 5024/546/3 5025/547/3 5026/548/3 5027/549/3 5012/550/3 5007/551/3
f 5007/190/4 5012/552/4 5028/553/4 5010/80/4
f 5010/554/2 5028/555/2 5030/556/2 5031/557/2 5032/558/2 5033/559/2 5034/560/2 5035/561/2 5036/562/2 5037/563/2 5038/564/2 5039/565/2 5040/566/2 5041/567/2 5042/568/2 5043/569/2 5044/570/2 5029/571/2 5009/572/2 5008/573/2
usemtl Material.011
f 5045/168/3 5046/169/3 5048/189/3 5047/190/3
f 5047/190/4 5048/189/4 5052/64/4 5051/80/4
f 5051/574/2 5052/575/2 5050/576/2 5049/577/2
f 5049/179/5 5050/178/5 5046/63/5 5045/79/5
f 5047/96/38 5051/80/38 5049/179/38 5045/184/38
f 5052/64/1 5048/48/1 5046/191/1 5050/178/1
usemtl Material.042
f 5053/578/3 5054/579/3 5056/580/3 5055/581/3
f 5055/190/4 5056/189/4 5060/64/4 5059/80/4
f 5059/582/2 5060/583/2 5058/584/2 5057/585/2
f 5057/179/5 5058/178/5 5054/63/5 5053/79/5
f 5055/96/38 5059/80/38 5057/179/38 5053/184/38
f 5060/586/1 5056/587/1 5054/588/1 5058/589/1
usemtl Pared
f 5061/590/3 5062/591/3 5064/592/3 5063/593/3
f 5063/594/4 5064/595/4 5068/596/4 5067/597/4
f 5067/80/2 5068/64/2 5066/178/2 5065/179/2
f 5065/598/5 5066/599/5 5062/600/5 5061/601/5
f 5063/96/38 5067/80/38 5065/179/38 5061/184/38
f 5068/64/1 5064/48/1 5062/191/1 5066/178/1
usemtl Pared.001
f 5069/590/3 5070/591/3 5072/592/3 5071/593/3
f 5071/594/4 5072/595/4 5076/596/4 5075/597/4
f 5075/80/2 5076/64/2 5074/178/2 5073/179/2
f 5073/602/5 5074/603/5 5070/604/5 5069/605/5
f 5071/96/38 5075/80/38 5073/179/38 5069/184/38
f 5076/64/1 5072/48/1 5070/191/1 5074/178/1
usemtl Pared.002
f 5077/590/3 5078/591/3 5080/592/3 5079/593/3
f 5079/606/4 5080/607/4 5084/608/4 5083/609/4
f 5083/610/2 5084/611/2 5082/612/2 5081/613/2
f 5081/614/5 5082/615/5 5078/616/5 5077/617/5
f 5079/96/38 5083/80/38 5081/179/38 5077/184/38
f 5084/64/1 5080/48/1 5078/191/1 5082/178/1
usemtl Pared.003
f 5085/590/3 5086/591/3 5088/592/3 5087/593/3
f 5087/594/4 5088/595/4 5092/596/4 5091/597/4
f 5091/80/2 5092/64/2 5090/178/2 5089/179/2
f 5089/602/5 5090/603/5 5086/604/5 5085/605/5
f 5087/96/38 5091/80/38 5089/179/38 5085/184/38
f 5092/64/1 5088/48/1 5086/191/1 5090/178/1
usemtl Pared.004
f 5093/590/3 5094/591/3 5096/592/3 5095/593/3
f 5095/606/4 5096/607/4 5100/608/4 5099/609/4
f 5099/610/2 5100/611/2 5098/612/2 5097/613/2
f 5097/614/5 5098/615/5 5094/616/5 5093/617/5
f 5095/96/38 5099/80/38 5097/179/38 5093/184/38
f 5100/64/1 5096/48/1 5094/191/1 5098/178/1
usemtl Concreto.013
f 5105/1/2 5106/13/2 5108/14/2 5107/15/2
usemtl Concreto.014
f 5109/1/2 5110/13/2 5112/14/2 5111/15/2
usemtl Concreto.015
f 5113/1/4 5114/13/4 5116/14/4 5115/15/4
usemtl Concreto.016
f 5117/1/2 5118/13/2 5120/14/2 5119/15/2
usemtl Concreto.017
f 5121/1/4 5122/13/4 5124/14/4 5123/15/4
usemtl Concreto.018
f 5125/1/2 5126/13/2 5128/14/2 5127/15/2
usemtl Concreto.022
f 5129/1/2 5130/13/2 5132/14/2 5131/15/2
usemtl Marmol
f 5171/657/1 5172/658/1 5174/659/1 5173/660/1
f 5207/661/1 5208/662/1 5210/663/1 5209/664/1
f 5211/665/1 5212/666/1 5214/667/1 5213/668/1
f 5215/669/1 5216/670/1 5218/671/1 5217/672/1
usemtl Concreto.019
f 5183/168/3 5184/169/3 5186/189/3 5185/190/3
f 5185/190/4 5186/189/4 5190/64/4 5189/80/4
f 5189/80/2 5190/64/2 5188/178/2 5187/179/2
f 5187/179/5 5188/178/5 5184/63/5 5183/79/5
f 5185/96/38 5189/80/38 5187/179/38 5183/184/38
f 5190/64/1 5186/48/1 5184/191/1 5188/178/1
usemtl Concreto.020
f 5191/168/3 5192/169/3 5194/189/3 5193/190/3
f 5193/190/4 5194/189/4 5198/64/4 5197/80/4
f 5197/80/2 5198/64/2 5196/178/2 5195/179/2
f 5195/179/5 5196/178/5 5192/63/5 5191/79/5
f 5193/96/38 5197/80/38 5195/179/38 5191/184/38
f 5198/64/1 5194/48/1 5192/191/1 5196/178/1
usemtl Concreto.021
f 5199/168/3 5200/169/3 5202/189/3 5201/190/3
f 5201/190/4 5202/189/4 5206/64/4 5205/80/4
f 5205/80/2 5206/64/2 5204/178/2 5203/179/2
f 5203/179/5 5204/178/5 5200/63/5 5199/79/5
f 5201/96/38 5205/80/38 5203/179/38 5199/184/38
f 5206/64/1 5202/48/1 5200/191/1 5204/178/1
usemtl Cemento.150
f 5219/168/3 5220/169/3 5222/189/3 5221/190/3
f 5221/190/4 5222/189/4 5226/64/4 5225/80/4
f 5225/80/2 5226/64/2 5224/178/2 5223/179/2
f 5223/179/5 5224/178/5 5220/63/5 5219/79/5
f 5221/96/38 5225/80/38 5223/179/38 5219/184/38
f 5226/64/1 5222/48/1 5220/191/1 5224/178/1
usemtl Cemento.151
f 5227/168/5 5228/169/5 5230/189/5 5229/190/5
f 5229/190/3 5230/189/3 5234/64/3 5233/80/3
f 5233/80/4 5234/64/4 5232/178/4 5231/179/4
f 5231/179/2 5232/178/2 5228/63/2 5227/79/2
f 5229/96/38 5233/80/38 5231/179/38 5227/184/38
f 5234/64/1 5230/48/1 5228/191/1 5232/178/1
usemtl Pared.005
f 5275/744/2 5276/745/2 5278/746/2 5277/747/2
usemtl Pared.007
f 5279/744/5 5280/745/5 5282/746/5 5281/747/5
usemtl Pared.008
f 5283/744/4 5284/745/4 5286/746/4 5285/747/4
usemtl Pared.009
f 5287/748/2 5288/749/2 5290/750/2 5289/751/2
usemtl Pared.010
f 5291/752/2 5292/753/2 5294/754/2 5293/755/2
usemtl Pared.011
f 5295/752/2 5296/753/2 5298/754/2 5297/755/2
usemtl Pared.015
f 5299/748/2 5300/749/2 5302/750/2 5301/751/2
usemtl Cemento.080
f 5307/1/5 5308/13/5 5310/14/5 5309/15/5
usemtl Cemento.082
f 5311/1/5 5312/13/5 5314/14/5 5313/15/5
usemtl Cemento.084
f 5323/168/3 5324/169/3 5326/189/3 5325/190/3
f 5325/190/4 5326/189/4 5330/64/4 5329/80/4
f 5329/80/2 5330/64/2 5328/178/2 5327/179/2
f 5327/179/5 5328/178/5 5324/63/5 5323/79/5
f 5325/96/38 5329/80/38 5327/179/38 5323/184/38
f 5330/64/1 5326/48/1 5324/191/1 5328/178/1
usemtl Cemento.085
f 5331/168/3 5332/169/3 5334/189/3 5333/190/3
f 5333/190/4 5334/189/4 5338/64/4 5337/80/4
f 5337/80/2 5338/64/2 5336/178/2 5335/179/2
f 5335/179/5 5336/178/5 5332/63/5 5331/79/5
f 5333/96/38 5337/80/38 5335/179/38 5331/184/38
f 5338/64/1 5334/48/1 5332/191/1 5336/178/1
usemtl Pared.013
f 5339/752/2 5340/753/2 5342/754/2 5341/755/2
usemtl MaderaGris
f 5343/1/2 5344/13/2 5346/14/2 5345/15/2
f 5351/1/2 5352/13/2 5354/14/2 5353/15/2
usemtl MaderaGris.002
f 5347/1/2 5348/13/2 5350/14/2 5349/15/2
usemtl MaderaGris.001
f 5355/1/2 5356/13/2 5358/14/2 5357/15/2
usemtl MaderaGris.003
f 5359/1/2 5360/13/2 5362/14/2 5361/15/2
usemtl MaderaGris.004
f 5363/1/2 5364/13/2 5366/14/2 5365/15/2
usemtl MaderaGris.005
f 5367/1/2 5368/13/2 5370/14/2 5369/15/2
usemtl MaderaGris.006
f 5371/1/2 5372/13/2 5374/14/2 5373/15/2
usemtl MaderaGris.007
f 5375/1/2 5376/13/2 5378/14/2 5377/15/2
usemtl MaderaGris.008
f 5379/1/2 5380/13/2 5382/14/2 5381/15/2
usemtl MaderaGris.009
f 5383/1/2 5384/13/2 5386/14/2 5385/15/2
usemtl MaderaGris.010
f 5387/1/2 5388/13/2 5390/14/2 5389/15/2
usemtl MaderaGris.011
f 5391/1/2 5392/13/2 5394/14/2 5393/15/2
usemtl MaderaGris.012
f 5395/1/2 5396/13/2 5398/14/2 5397/15/2
usemtl MaderaGris.013
f 5399/1/2 5400/13/2 5402/14/2 5401/15/2
usemtl MaderaGris.014
f 5403/1/2 5404/13/2 5406/14/2 5405/15/2
usemtl MaderaGris.015
f 5407/1/2 5408/13/2 5410/14/2 5409/15/2
usemtl MaderaGris.016
f 5411/1/2 5412/13/2 5414/14/2 5413/15/2
usemtl Roca.008
f 5415/756/5 5416/757/5 5418/758/5 5417/759/5
usemtl Cemento.086
f 5439/168/3 5440/169/3 5442/189/3 5441/190/3
f 5441/190/4 5442/189/4 5446/64/4 5445/80/4
f 5445/80/2 5446/64/2 5444/178/2 5443/179/2
f 5443/179/5 5444/178/5 5440/63/5 5439/79/5
f 5441/96/38 5445/80/38 5443/179/38 5439/184/38
f 5446/64/1 5442/48/1 5440/191/1 5444/178/1
usemtl Cemento.087
f 5447/168/3 5448/169/3 5450/189/3 5449/190/3
f 5449/190/4 5450/189/4 5454/64/4 5453/80/4
f 5453/80/2 5454/64/2 5452/178/2 5451/179/2
f 5451/179/5 5452/178/5 5448/63/5 5447/79/5
f 5449/96/38 5453/80/38 5451/179/38 5447/184/38
f 5454/64/1 5450/48/1 5448/191/1 5452/178/1
usemtl Cemento.134
f 5455/168/3 5456/169/3 5458/189/3 5457/190/3
f 5457/190/4 5458/189/4 5462/64/4 5461/80/4
f 5461/80/2 5462/64/2 5460/178/2 5459/179/2
f 5459/179/5 5460/178/5 5456/63/5 5455/79/5
f 5457/96/38 5461/80/38 5459/179/38 5455/184/38
f 5462/64/1 5458/48/1 5456/191/1 5460/178/1
usemtl Cemento.152
f 5467/80/2 5468/64/2 5466/178/2 5465/179/2
f 5464/96/38 5467/80/38 5465/179/38 5463/184/38
f 5469/673/3 5487/674/3 5502/675/3 5471/676/3
f 5471/676/1 5502/675/1 5501/677/1 5472/678/1
f 5472/678/3 5501/677/3 5500/679/3 5473/680/3
f 5473/680/1 5500/679/1 5499/681/1 5474/682/1
f 5474/682/3 5499/681/3 5498/681/3 5475/682/3
f 5475/682/1 5498/681/1 5497/683/1 5476/684/1
f 5476/684/3 5497/683/3 5496/685/3 5477/686/3
f 5477/686/1 5496/685/1 5495/48/1 5478/191/1
f 5478/169/3 5495/687/3 5494/688/3 5479/689/3
f 5479/690/1 5494/691/1 5493/692/1 5480/689/1
f 5480/689/3 5493/692/3 5492/693/3 5481/694/3
f 5481/695/1 5492/696/1 5491/697/1 5482/698/1
f 5482/694/3 5491/699/3 5490/700/3 5483/701/3
f 5483/702/1 5490/703/1 5489/704/1 5484/705/1
f 5484/706/3 5489/707/3 5488/708/3 5485/709/3
f 5485/710/1 5488/711/1 5486/712/1 5470/713/1
f 5465/714/5 5466/715/5 5469/716/5 5471/717/5 5472/718/5 5473/719/5 5474/720/5 5475/721/5 5476/722/5 5477/723/5 5478/724/5 5479/725/5 5480/726/5 5481/727/5 5482/728/5 5483/729/5 5484/730/5 5485/731/5 5470/732/5 5463/733/5
f 5463/168/3 5470/734/3 5486/735/3 5464/190/3
f 5468/64/1 5487/674/1 5469/673/1 5466/178/1
f 5464/190/4 5486/735/4 5488/708/4 5489/707/4 5490/700/4 5491/699/4 5492/693/4 5493/692/4 5494/688/4 5495/687/4 5496/736/4 5497/737/4 5498/738/4 5499/739/4 5500/740/4 5501/741/4 5502/742/4 5487/743/4 5468/64/4 5467/80/4
f 5522/618/1 5520/619/1 5519/620/1 5523/621/1
f 5523/621/2 5519/620/2 5518/622/2 5524/623/2
f 5524/623/1 5518/622/1 5517/624/1 5525/625/1
f 5525/625/2 5517/624/2 5516/626/2 5526/627/2
f 5526/627/1 5516/626/1 5515/628/1 5527/629/1
f 5527/629/2 5515/628/2 5514/630/2 5528/631/2
f 5528/631/1 5514/630/1 5513/632/1 5529/633/1
f 5529/633/2 5513/632/2 5512/634/2 5530/635/2
f 5530/635/1 5512/634/1 5511/636/1 5531/637/1
f 5531/637/2 5511/636/2 5510/638/2 5532/639/2
f 5532/639/1 5510/638/1 5509/640/1 5533/641/1
f 5533/641/2 5509/640/2 5508/642/2 5534/643/2
f 5534/643/1 5508/642/1 5507/644/1 5535/645/1
f 5535/645/2 5507/644/2 5506/646/2 5536/647/2
f 5536/647/1 5506/646/1 5505/179/1 5521/80/1
f 5504/80/1 5521/80/1 5505/179/1 5503/179/1
f 5539/648/153 5538/649/153 5537/184/153 5540/96/153
f 5539/648/38 5504/80/38 5503/179/38 5538/649/38
f 5503/179/5 5505/179/5 5506/650/5 5507/644/5 5508/642/5 5509/640/5 5510/638/5 5511/636/5 5512/634/5 5513/632/5 5514/630/5 5515/628/5 5516/626/5 5517/624/5 5518/622/5 5519/620/5 5520/619/5 5537/651/5 5538/652/5
f 5539/653/4 5540/654/4 5522/655/4 5523/621/4 5524/623/4 5525/625/4 5526/627/4 5527/629/4 5528/631/4 5529/633/4 5530/635/4 5531/637/4 5532/639/4 5533/641/4 5534/643/4 5535/645/4 5536/656/4 5521/80/4 5504/80/4
usemtl Roca.003
f 5423/756/5 5424/757/5 5426/758/5 5425/759/5
usemtl Roca.009
f 5427/760/2 5428/761/2 5430/762/2 5429/763/2
usemtl Cemento.153
f 5549/168/3 5550/169/3 5552/189/3 5551/190/3
f 5551/190/4 5552/189/4 5556/64/4 5555/80/4
f 5555/80/2 5556/64/2 5554/178/2 5553/179/2
f 5553/179/5 5554/178/5 5550/63/5 5549/79/5
f 5551/96/38 5555/80/38 5553/179/38 5549/184/38
f 5556/64/1 5552/48/1 5550/191/1 5554/178/1
usemtl Cemento.154
f 5557/168/3 5558/169/3 5560/189/3 5559/190/3
f 5559/190/4 5560/189/4 5564/64/4 5563/80/4
f 5563/80/2 5564/64/2 5562/178/2 5561/179/2
f 5561/179/5 5562/178/5 5558/63/5 5557/79/5
f 5559/96/38 5563/80/38 5561/179/38 5557/184/38
f 5564/64/1 5560/48/1 5558/191/1 5562/178/1
usemtl Cemento.156
f 5565/168/3 5566/169/3 5568/189/3 5567/190/3
f 5567/190/4 5568/189/4 5572/64/4 5571/80/4
f 5571/80/2 5572/64/2 5570/178/2 5569/179/2
f 5569/179/5 5570/178/5 5566/63/5 5565/79/5
f 5567/96/38 5571/80/38 5569/179/38 5565/184/38
f 5572/64/1 5568/48/1 5566/191/1 5570/178/1
usemtl Cemento.155
f 5573/168/3 5574/169/3 5576/189/3 5575/190/3
f 5575/190/4 5576/189/4 5580/64/4 5579/80/4
f 5579/80/2 5580/64/2 5578/178/2 5577/179/2
f 5577/179/5 5578/178/5 5574/63/5 5573/79/5
f 5575/96/38 5579/80/38 5577/179/38 5573/184/38
f 5580/64/1 5576/48/1 5574/191/1 5578/178/1
usemtl Cemento.157
f 5581/168/3 5582/169/3 5584/189/3 5583/190/3
f 5583/190/4 5584/189/4 5588/64/4 5587/80/4
f 5587/80/2 5588/64/2 5586/178/2 5585/179/2
f 5585/179/5 5586/178/5 5582/63/5 5581/79/5
f 5583/96/38 5587/80/38 5585/179/38 5581/184/38
f 5588/64/1 5584/48/1 5582/191/1 5586/178/1
usemtl Cemento.158
f 5593/168/3 5594/169/3 5596/189/3 5595/190/3
f 5595/190/4 5596/189/4 5600/64/4 5599/80/4
f 5599/80/2 5600/64/2 5598/178/2 5597/179/2
f 5597/179/5 5598/178/5 5594/63/5 5593/79/5
f 5595/96/38 5599/80/38 5597/179/38 5593/184/38
f 5600/64/1 5596/48/1 5594/191/1 5598/178/1
usemtl Cemento.159
f 5601/168/3 5602/169/3 5604/189/3 5603/190/3
f 5603/190/4 5604/189/4 5608/64/4 5607/80/4
f 5607/80/2 5608/64/2 5606/178/2 5605/179/2
f 5605/179/5 5606/178/5 5602/63/5 5601/79/5
f 5603/96/38 5607/80/38 5605/179/38 5601/184/38
f 5608/64/1 5604/48/1 5602/191/1 5606/178/1
usemtl Cemento.170
f 5617/168/3 5618/169/3 5620/189/3 5619/190/3
f 5619/190/4 5620/189/4 5624/64/4 5623/80/4
f 5623/80/2 5624/64/2 5622/178/2 5621/179/2
f 5621/179/5 5622/178/5 5618/63/5 5617/79/5
f 5619/96/38 5623/80/38 5621/179/38 5617/184/38
f 5624/64/1 5620/48/1 5618/191/1 5622/178/1
usemtl Cemento.171
f 5641/168/3 5642/169/3 5644/189/3 5643/190/3
f 5643/190/4 5644/189/4 5648/64/4 5647/80/4
f 5647/80/2 5648/64/2 5646/178/2 5645/179/2
f 5645/179/5 5646/178/5 5642/63/5 5641/79/5
f 5643/96/38 5647/80/38 5645/179/38 5641/184/38
f 5648/64/1 5644/48/1 5642/191/1 5646/178/1
usemtl Cemento.172
f 5709/168/5 5710/169/5 5712/189/5 5711/190/5
f 5711/190/3 5712/189/3 5716/64/3 5715/80/3
f 5715/80/4 5716/64/4 5714/178/4 5713/179/4
f 5713/179/2 5714/178/2 5710/63/2 5709/79/2
f 5711/96/38 5715/80/38 5713/179/38 5709/184/38
f 5716/64/1 5712/48/1 5710/191/1 5714/178/1
usemtl Cemento.173
f 5717/168/5 5718/169/5 5720/189/5 5719/190/5
f 5719/190/3 5720/189/3 5724/64/3 5723/80/3
f 5723/80/4 5724/64/4 5722/178/4 5721/179/4
f 5721/179/2 5722/178/2 5718/63/2 5717/79/2
f 5719/96/38 5723/80/38 5721/179/38 5717/184/38
f 5724/64/1 5720/48/1 5718/191/1 5722/178/1
usemtl Material.040
f 5725/783/3 5726/784/3 5728/785/3 5727/786/3
f 5727/787/4 5728/788/4 5732/789/4 5731/790/4
f 5731/791/2 5732/792/2 5730/793/2 5729/794/2
f 5729/795/5 5730/796/5 5726/797/5 5725/798/5
f 5727/96/38 5731/80/38 5729/179/38 5725/184/38
f 5732/64/1 5728/48/1 5726/191/1 5730/178/1
usemtl Material.043
f 5733/799/5 5734/800/5 5736/801/5 5735/802/5
usemtl Material.044
f 5737/799/5 5738/800/5 5740/801/5 5739/802/5
usemtl Material.045
f 5741/803/3 5742/804/3 5744/805/3 5743/806/3
usemtl Material.047
f 5745/803/3 5746/804/3 5748/805/3 5747/806/3
o Mensaje
v -3.000000 0.750000 -26.500000
v -7.000000 0.750000 -26.500000
v -3.000000 3.250000 -26.500000
v -7.000000 3.250000 -26.500000
vn -0.0000 -0.0000 -1.0000
vt 0.000000 0.000000
vt 1.000000 0.000000
vt 1.000000 1.000000
vt 0.000000 1.000000
s 0
usemtl TextoEntrada
f 5765/851/184 5766/852/184 5768/853/184 5767/854/184
o Museo_Anahuacalli.002
v -1.500000 0.000000 -22.000000
v -1.500000 0.000000 -25.500000
v -1.500000 6.000000 -22.000000
v -1.500000 6.000000 -25.500000
v -1.500000 4.828175 -22.190140
v -1.500000 1.999202 -22.191500
v -1.500000 2.004531 -22.446526
v -1.500000 4.842940 -22.417572
v -1.500000 5.109508 -22.757088
v -1.500000 2.037808 -22.786030
v -1.500000 2.009485 -23.041775
v -1.500000 5.070053 -23.005032
v -1.500000 5.344136 -23.291948
v -1.500000 1.974133 -23.363110
v -1.500000 1.981105 -23.644325
v -1.500000 5.349540 -23.545378
v -1.500000 5.334377 -23.825293
v -1.500000 2.000197 -23.938389
v -1.500000 2.018025 -24.212849
v -1.500000 5.342318 -24.117733
v -1.500000 5.161174 -24.408062
v -1.500000 2.037134 -24.506912
v -1.500000 2.020009 -24.762548
v -1.500000 5.088856 -24.663509
v -1.500000 4.910908 -25.006191
v -1.500000 2.042083 -25.102367
v -1.500000 2.045712 -25.331362
v -1.500000 4.735124 -25.212374
v -1.500000 4.890688 -25.208508
vn 1.0000 -0.0000 -0.0000
vt 0.000000 1.000000
vt 0.054325 0.804696
vt 0.216311 0.851585
vt 0.287152 0.845009
vt 0.297650 0.334914
vt 0.389460 0.329022
vt 0.369128 0.890689
vt 0.441536 0.891590
vt 0.521512 0.889063
vt 0.605066 0.890386
vt 0.688018 0.860196
vt 0.761002 0.848143
vt 0.858912 0.818485
vt 0.916716 0.815115
vt 0.917821 0.789187
vt 0.951818 0.340952
vt 1.000000 0.000000
vt 1.000000 1.000000
vt 0.553826 0.333366
vt 0.469807 0.330184
vt 0.127579 0.334088
vt 0.054714 0.333200
vt 0.000000 0.000000
vt 0.886390 0.340347
vt 0.789300 0.336668
vt 0.716260 0.339522
vt 0.632243 0.336337
vt 0.224580 0.339635
vt 0.119306 0.807157
s 0
usemtl Material.367
f 5771/855/185 5773/856/185 5777/857/185 5780/858/185 5779/859/185 5782/860/185 5781/861/185 5784/862/185 5785/863/185 5788/864/185 5789/865/185 5792/866/185 5793/867/185 5797/868/185 5796/869/185 5795/870/185 5770/871/185 5772/872/185
f 5786/873/185 5785/863/185 5784/862/185 5783/874/185 5782/860/185 5775/875/185 5774/876/185 5773/856/185 5771/855/185 5769/877/185 5770/871/185 5795/870/185 5794/878/185 5793/867/185 5792/866/185 5791/879/185 5790/880/185 5789/865/185 5788/864/185 5787/881/185
f 5778/882/185 5777/857/185 5773/856/185 5776/883/185 5775/875/185 5782/860/185 5779/859/185
o Museo_Anahuacalli.001
v -1.500000 0.000000 -34.500000
v -1.500000 0.000000 -38.000000
v -1.500000 6.000000 -34.500000
v -1.500000 6.000000 -38.000000
v -1.500000 4.828175 -34.690140
v -1.500000 1.999202 -34.691502
v -1.500000 2.004531 -34.946526
v -1.500000 4.842940 -34.917572
v -1.500000 5.109508 -35.257088
v -1.500000 2.037808 -35.286030
v -1.500000 2.009485 -35.541775
v -1.500000 5.070053 -35.505032
v -1.500000 5.344136 -35.791950
v -1.500000 1.974133 -35.863110
v -1.500000 1.981105 -36.144325
v -1.500000 5.349540 -36.045376
v -1.500000 5.334377 -36.325294
v -1.500000 2.000197 -36.438389
v -1.500000 2.018025 -36.712849
v -1.500000 5.342318 -36.617733
v -1.500000 5.161174 -36.908062
v -1.500000 2.037134 -37.006912
v -1.500000 2.020009 -37.262550
v -1.500000 5.088856 -37.163509
v -1.500000 4.910908 -37.506191
v -1.500000 2.042083 -37.602367
v -1.500000 2.045712 -37.831364
v -1.500000 4.735124 -37.712376
v -1.500000 4.890688 -37.708508
vn 1.0000 -0.0000 -0.0000
vt 0.000000 1.000000
vt 0.054325 0.804696
vt 0.216311 0.851585
vt 0.287152 0.845009
vt 0.297650 0.334914
vt 0.389460 0.329022
vt 0.369128 0.890689
vt 0.441536 0.891590
vt 0.521512 0.889063
vt 0.605066 0.890386
vt 0.688018 0.860196
vt 0.761002 0.848143
vt 0.858912 0.818485
vt 0.916716 0.815115
vt 0.917821 0.789187
vt 0.951818 0.340952
vt 1.000000 0.000000
vt 1.000000 1.000000
vt 0.553826 0.333366
vt 0.469807 0.330184
vt 0.127579 0.334088
vt 0.054714 0.333200
vt 0.000000 0.000000
vt 0.886390 0.340347
vt 0.789300 0.336668
vt 0.716260 0.339522
vt 0.632243 0.336337
vt 0.224580 0.339635
vt 0.119306 0.807157
s 0
usemtl Material.368
f 5800/884/186 5802/885/186 5806/886/186 5809/887/186 5808/888/186 5811/889/186 5810/890/186 5813/891/186 5814/892/186 5817/893/186 5818/894/186 5821/895/186 5822/896/186 5826/897/186 5825/898/186 5824/899/186 5799/900/186 5801/901/186
f 5815/902/186 5814/892/186 5813/891/186 5812/903/186 5811/889/186 5804/904/186 5803/905/186 5802/885/186 5800/884/186 5798/906/186 5799/900/186 5824/899/186 5823/907/186 5822/896/186 5821/895/186 5820/908/186 5819/909/186 5818/894/186 5817/893/186 5816/910/186
f 5807/911/186 5806/886/186 5802/885/186 5805/912/186 5804/904/186 5811/889/186 5808/888/186
o Plano
v -11.250000 1.500000 -25.479935
v -8.750000 1.500000 -25.479935
v -11.250000 4.500000 -25.479935
v -8.750000 4.500000 -25.479935
vn -0.0000 -0.0000 1.0000
vt 0.000000 0.000000
vt 1.000000 0.000000
vt 1.000000 1.000000
vt 0.000000 1.000000
s 0
usemtl CuadroArte1
f 5827/913/187 5828/914/187 5830/915/187 5829/916/187
o Plano.001
v -3.530000 1.990000 -25.480000
v -5.970000 1.990000 -25.480000
v -3.530000 4.010000 -25.480000
v -5.970000 4.010000 -25.480000
vn -0.0000 -0.0000 -1.0000
vt 0.000000 0.000000
vt 1.000000 0.000000
vt 1.000000 1.000000
vt 0.000000 1.000000
s 0
usemtl PinturaArte1
f 5831/917/188 5832/918/188 5834/919/188 5833/920/188
o Plano.002
v -18.590000 0.610000 -15.020000
v -26.110001 0.610000 -15.020000
v -18.590000 3.610000 -15.020000
v -26.110001 3.610000 -15.020000
vn -0.0000 -0.0000 -1.0000
vt 0.000000 0.000000
vt 1.000000 0.000000
vt 1.000000 1.000000
vt 0.000000 1.000000
s 0
usemtl Vitrina1
f 5835/921/189 5836/922/189 5838/923/189 5837/924/189
o Plano.003
v -5.139999 0.610000 -15.020000
v -17.139999 0.610000 -15.020000
v -5.139999 3.610000 -15.020001
v -17.139999 3.610000 -15.020000
vn -0.0000 -0.0000 -1.0000
vt 0.000000 0.000000
vt 1.000000 0.000000
vt 1.000000 1.000000
vt 0.000000 1.000000
s 0
usemtl Vitrina2
f 5839/925/190 5840/926/190 5842/927/190 5841/928/190
o Plano.004
v -31.489912 11.212546 -22.735247
v -31.489912 11.212546 -32.735245
v -31.489912 15.512546 -22.735247
v -31.489912 15.512546 -32.735245
vn 1.0000 -0.0000 -0.0000
vt 0.000000 0.000000
vt 1.000000 0.000000
vt 1.000000 1.000000
vt 0.000000 1.000000
s 0
usemtl Mural1
f 5843/929/191 5844/930/191 5846/931/191 5845/932/191
o Plano.005
v -26.392183 9.000000 -33.489803
v -23.392183 9.000000 -33.489803
v -26.392183 13.000000 -33.489803
v -23.392183 13.000000 -33.489803
vn -0.0000 -0.0000 1.0000
vt 0.000000 0.000000
vt 1.000000 0.000000
vt 1.000000 1.000000
vt 0.000000 1.000000
s 0
usemtl CuadroArte2
f 5847/933/192 5848/934/192 5850/935/192 5849/936/192
o Plano.006
v -19.750786 8.323689 -15.100000
v -22.750786 8.323689 -15.100000
v -19.750786 11.823689 -15.100000
v -22.750786 11.823689 -15.100000
vn -0.0000 -0.0000 -1.0000
vt 0.000000 0.000000
vt 1.000000 0.000000
vt 1.000000 1.000000
vt 0.000000 1.000000
s 0
usemtl Cuadro3
f 5851/937/193 5852/938/193 5854/939/193 5853/940/193
o Plano.007
v -13.908537 9.250000 -33.489803
v -10.908537 9.250000 -33.489803
v -13.908537 12.750000 -33.489803
v -10.908537 12.750000 -33.489803
vn -0.0000 -0.0000 1.0000
vt 0.000000 0.000000
vt 1.000000 0.000000
vt 1.000000 1.000000
vt 0.000000 1.000000
s 0
usemtl Cuadro4
f 5855/941/194 5856/942/194 5858/943/194 5857/944/194
o Plano.008
v -13.330000 14.190001 -22.100000
v -20.670000 14.190001 -22.100000
v -13.330000 16.809999 -22.100000
v -20.670000 16.809999 -22.100000
vn -0.0000 -0.0000 -1.0000
vt 0.000000 0.000000
vt 1.000000 0.000000
vt 1.000000 1.000000
vt 0.000000 1.000000
s 0
usemtl Mural2
f 5859/945/195 5860/946/195 5862/947/195 5861/948/195
o Plano.009
v -5.549341 9.250000 -22.000082
v -8.049341 9.250000 -22.000082
v -5.549341 12.750000 -22.000082
v -8.049341 12.750000 -22.000082
vn -0.0000 -0.0000 -1.0000
vt 0.000000 0.000000
vt 1.000000 0.000000
vt 1.000000 1.000000
vt 0.000000 1.000000
s 0
usemtl Cuadro6
f 5863/949/196 5864/950/196 5866/951/196 5865/952/196
o Plano.010
v -21.309532 8.890625 -44.989414
v -17.809532 8.890625 -44.989414
v -21.309532 12.890625 -44.989414
v -17.809532 12.890625 -44.989414
vn -0.0000 -0.0000 1.0000
vt 0.000000 0.000000
vt 1.000000 0.000000
vt 1.000000 1.000000
vt 0.000000 1.000000
s 0
usemtl Cuadro7
f 5867/953/197 5868/954/197 5870/955/197 5869/956/197
o Plano.011
v -5.089582 9.077586 -34.510078
v -13.089582 9.077586 -34.510078
v -5.089582 12.577586 -34.510078
v -13.089582 12.577586 -34.510078
vn -0.0000 -0.0000 -1.0000
vt 0.000000 0.000000
vt 1.000000 0.000000
vt 1.000000 1.000000
vt 0.000000 1.000000
s 0
usemtl Vitrina3
f 5871/957/198 5872/958/198 5874/959/198 5873/960/198
o Plano.012
v -41.150002 18.240000 -43.750000
v -41.150002 18.240000 -35.750000
v -33.150002 18.240000 -43.750000
v -33.150002 18.240000 -35.750000
vn -0.0000 1.0000 -0.0000
vt 0.000000 0.000000
vt 1.000000 0.000000
vt 1.000000 1.000000
vt 0.000000 1.000000
s 0
usemtl Techo2
f 5875/961/199 5876/962/199 5878/963/199 5877/964/199
o Plano.013
v -43.469414 8.358141 -37.494583
v -43.469414 8.358141 -42.494583
v -43.469414 11.858141 -37.494583
v -43.469414 11.858141 -42.494583
vn 1.0000 -0.0000 -0.0000
vt 0.000000 0.000000
vt 1.000000 0.000000
vt 1.000000 1.000000
vt 0.000000 1.000000
s 0
usemtl Vitrina4
f 5879/965/200 5880/966/200 5882/967/200 5881/968/200
o Plano.014
v -31.520060 8.934429 -25.087639
v -31.520060 8.934429 -20.087639
v -31.520060 12.434429 -25.087639
v -31.520060 12.434429 -20.087639
vn -1.0000 -0.0000 -0.0000
vt 0.000000 0.000000
vt 1.000000 0.000000
vt 1.000000 1.000000
vt 0.000000 1.000000
s 0
usemtl Vitrina5
f 5883/969/201 5884/970/201 5886/971/201 5885/972/201
o Plano.015
v -1.520000 19.750000 -44.500000
v -1.520000 19.750000 -38.500000
v -1.520000 22.250000 -44.500000
v -1.520000 22.250000 -38.500000
vn -1.0000 -0.0000 -0.0000
vt 0.000000 0.000000
vt 1.000000 0.000000
vt 1.000000 1.000000
vt 0.000000 1.000000
s 0
usemtl Vitrina6
f 5887/973/202 5888/974/202 5890/975/202 5889/976/202
o Plano.016
v -13.680677 19.750000 -38.270023
v -7.680677 19.750000 -38.270023
v -13.680677 22.250000 -38.270023
v -7.680677 22.250000 -38.270023
vn -0.0000 -0.0000 1.0000
vt 0.000000 0.000000
vt 1.000000 0.000000
vt 1.000000 1.000000
vt 0.000000 1.000000
s 0
usemtl Vitrina7
f 5891/977/203 5892/978/203 5894/979/203 5893/980/203
o Plano.017
v -24.599239 19.500000 -38.260162
v -17.599239 19.500000 -38.260162
v -24.599239 22.500000 -38.260162
v -17.599239 22.500000 -38.260162
vn -0.0000 -0.0000 1.0000
vt 0.000000 0.000000
vt 1.000000 0.000000
vt 1.000000 1.000000
vt 0.000000 1.000000
s 0
usemtl Vitrina8
f 5895/981/204 5896/982/204 5898/983/204 5897/984/204
o Plano.018
v -39.500000 19.000000 -34.099998
v -31.500000 19.000000 -34.099998
v -39.500000 23.000000 -34.099998
v -31.500000 23.000000 -34.099998
vn -0.0000 -0.0000 1.0000
vt 0.000000 0.000000
vt 1.000000 0.000000
vt 1.000000 1.000000
vt 0.000000 1.000000
s 0
usemtl Vitrina9
f 5899/985/205 5900/986/205 5902/987/205 5901/988/205
o Plano.019
v -31.770000 20.000000 -27.150000
v -31.770000 20.000000 -23.150000
v -31.770000 23.000000 -27.150000
v -31.770000 23.000000 -23.150000
vn -1.0000 -0.0000 -0.0000
vt 0.000000 0.000000
vt 1.000000 0.000000
vt 1.000000 1.000000
vt 0.000000 1.000000
s 0
usemtl Vitrina10
f 5903/989/206 5904/990/206 5906/991/206 5905/992/206
o Plano.020
v -42.722721 20.500000 -22.230080
v -40.222721 20.500000 -22.230080
v -42.722721 23.000000 -22.230080
v -40.222721 23.000000 -22.230080
vn -0.0000 -0.0000 1.0000
vt 0.000000 0.000000
vt 1.000000 0.000000
vt 1.000000 1.000000
vt 0.000000 1.000000
s 0
usemtl Material.369
f 5907/993/207 5908/994/207 5910/995/207 5909/996/207
o Plano.021
v -1.520000 20.250000 -20.250000
v -1.520000 20.250000 -16.250000
v -1.520000 22.750000 -20.250000
v -1.520000 22.750000 -16.250000
vn -1.0000 -0.0000 -0.0000
vt 0.000000 0.000000
vt 1.000000 0.000000
vt 1.000000 1.000000
vt 0.000000 1.000000
s 0
usemtl Cuadro8
f 5911/997/208 5912/998/208 5914/999/208 5913/1000/208
o Plano.022
v -12.500000 20.081627 -22.229895
v -9.500000 20.081627 -22.229895
v -12.500000 23.081627 -22.229895
v -9.500000 23.081627 -22.229895
vn -0.0000 -0.0000 1.0000
vt 0.000000 0.000000
vt 1.000000 0.000000
vt 1.000000 1.000000
vt 0.000000 1.000000
s 0
usemtl Vitrina12
f 5915/1001/209 5916/1002/209 5918/1003/209 5917/1004/209
o Plano.023
v -22.500000 20.000000 -22.230030
v -19.500000 20.000000 -22.230030
v -22.500000 23.000000 -22.230030
v -19.500000 23.000000 -22.230030
vn -0.0000 -0.0000 1.0000
vt 0.000000 0.000000
vt 1.000000 0.000000
vt 1.000000 1.000000
vt 0.000000 1.000000
s 0
usemtl Vitrina13
f 5919/1005/210 5920/1006/210 5922/1007/210 5921/1008/210
o Plano.024
v -30.000000 20.000000 -22.229937
v -27.000000 20.000000 -22.229937
v -30.000000 23.000000 -22.229937
v -27.000000 23.000000 -22.229937
vn -0.0000 -0.0000 1.0000
vt 0.000000 0.000000
vt 1.000000 0.000000
vt 1.000000 1.000000
vt 0.000000 1.000000
s 0
usemtl Vitrina14
f 5923/1009/211 5924/1010/211 5926/1011/211 5925/1012/211
