# Blender 4.5.3 LTS
# www.blender.org
mtllib Patio_Principal.mtl
o Patio_Principal
v 0.000000 0.000000 0.000000
v 64.000000 0.000000 0.000000
v 0.000000 0.000000 -14.000000
v 64.000000 0.000000 -14.000000
v 1.000000 4.000000 -2.000000
v 30.000000 4.000000 -2.000000
v 1.000000 4.000000 -10.000000
v 30.000000 4.000000 -10.000000
v 29.990000 4.000000 -2.000000
v 29.990000 0.000000 -2.000000
v 29.990000 4.000000 -4.461538
v 29.990000 0.000000 -4.461538
v 29.990000 4.000000 -6.923077
v 29.989998 0.000000 -6.923077
v 29.990000 4.000000 -4.461538
v 29.990000 0.000000 -4.461538
v 29.990000 4.000000 -2.000000
v 29.990000 0.000000 -2.000000
v 27.994999 4.000000 -2.000000
v 27.994999 0.000000 -2.000000
v 26.000000 4.000000 -1.999999
v 26.000000 0.000000 -1.999999
v 27.994999 4.000000 -2.000000
v 27.994999 0.000000 -2.000000
v 26.000000 4.000000 -2.000000
v 26.000000 0.000000 -2.000000
v 24.004999 4.000000 -1.999999
v 24.004999 0.000000 -1.999999
v 22.010000 4.000000 -1.999999
v 22.010000 0.000000 -1.999999
v 24.004999 4.000000 -1.999999
v 24.004999 0.000000 -1.999999
v 22.010000 4.000000 -2.000000
v 22.010000 0.000000 -2.000000
v 22.010000 4.000000 -4.461538
v 22.010000 0.000000 -4.461538
v 22.010000 4.000000 -6.923077
v 22.009998 0.000000 -6.923077
v 22.010000 4.000000 -4.461538
v 22.010000 0.000000 -4.461538
v 29.990000 4.000000 -10.000000
v 29.990000 0.000000 -10.000000
v 27.994999 4.000000 -10.000000
v 27.994999 0.000000 -10.000000
v 26.000000 4.000000 -10.000000
v 26.000000 0.000000 -10.000000
v 27.994999 4.000000 -10.000000
v 27.994999 0.000000 -10.000000
v 26.000000 4.000000 -10.000000
v 26.000000 0.000000 -10.000000
v 24.004999 4.000000 -10.000000
v 24.004999 0.000000 -10.000000
v 22.010000 4.000000 -10.000000
v 22.010000 0.000000 -10.000000
v 24.004999 4.000000 -10.000000
v 24.004999 0.000000 -10.000000
v 13.000000 4.000000 -2.000000
v 13.000000 0.000000 -2.000000
v 11.000000 4.000000 -2.000000
v 11.000000 0.000000 -2.000000
v 9.000000 4.000000 -1.999999
v 9.000000 0.000000 -1.999999
v 11.000000 4.000000 -2.000000
v 11.000000 0.000000 -2.000000
v 13.000000 4.000000 -2.000000
v 13.000000 0.000000 -2.000000
v 13.000000 4.000000 -4.000000
v 13.000000 0.000000 -4.000000
v 13.000000 4.000000 -6.000000
v 13.000000 0.000000 -6.000000
v 13.000000 4.000000 -4.000000
v 13.000000 0.000000 -4.000000
v 9.000000 4.000000 -2.000000
v 9.000000 0.000000 -2.000000
v 7.000000 4.000000 -2.000000
v 7.000000 0.000000 -2.000000
v 5.000000 4.000000 -1.999999
v 5.000000 0.000000 -1.999999
v 7.000000 4.000000 -2.000000
v 7.000000 0.000000 -2.000000
v 5.000000 4.000000 -2.000000
v 5.000000 0.000000 -2.000000
v 3.000000 4.000000 -2.000000
v 3.000000 0.000000 -2.000000
v 1.000000 4.000000 -1.999999
v 1.000000 0.000000 -1.999999
v 3.000000 4.000000 -2.000000
v 3.000000 0.000000 -2.000000
v 0.999998 4.000000 -2.000000
v 0.999998 0.000000 -2.000000
v 0.999998 4.000000 -4.000000
v 0.999998 0.000000 -4.000000
v 0.999998 4.000000 -6.000000
v 0.999998 0.000000 -6.000000
v 0.999998 4.000000 -4.000000
v 0.999998 0.000000 -4.000000
v 0.999998 4.000000 -6.000000
v 0.999998 0.000000 -6.000000
v 0.999998 4.000000 -8.000000
v 0.999998 0.000000 -8.000000
v 0.999998 4.000000 -10.000000
v 0.999998 0.000000 -10.000000
v 0.999998 4.000000 -8.000000
v 0.999998 0.000000 -8.000000
v 5.000000 4.000000 -10.000000
v 5.000000 0.000000 -10.000000
v 3.000000 4.000000 -10.000000
v 3.000000 0.000000 -10.000000
v 1.000000 4.000000 -10.000000
v 1.000000 0.000000 -10.000000
v 3.000000 4.000000 -10.000000
v 3.000000 0.000000 -10.000000
v 9.000000 4.000000 -10.000000
v 9.000000 0.000000 -10.000000
v 7.000000 4.000000 -10.000000
v 7.000000 0.000000 -10.000000
v 5.000000 4.000000 -10.000000
v 5.000000 0.000000 -10.000000
v 7.000000 4.000000 -10.000000
v 7.000000 0.000000 -10.000000
v 13.000000 4.000000 -10.000000
v 13.000000 0.000000 -10.000000
v 11.000000 4.000000 -10.000000
v 11.000000 0.000000 -10.000000
v 9.000000 4.000000 -10.000000
v 9.000000 0.000000 -10.000000
v 11.000000 4.000000 -10.000000
v 11.000000 0.000000 -10.000000
v 4.000000 -0.600000 -18.000000
v 28.000000 -0.600000 -18.000000
v 4.000000 -0.600000 -42.000000
v 28.000000 -0.600000 -42.000000
v 28.000000 0.000000 -18.000000
v 32.000000 0.000000 -18.000000
v 28.000000 0.000000 -42.000000
v 32.000000 0.000000 -42.000000
v 0.000000 0.000000 -13.999998
v 32.000000 0.000000 -13.999998
v 0.000000 0.000000 -17.999998
v 32.000000 0.000000 -17.999998
v 0.000000 0.000000 -42.000000
v 32.000000 0.000000 -42.000000
v 0.000000 0.000000 -46.000000
v 32.000000 0.000000 -46.000000
v 0.000000 0.000000 -18.000000
v 3.999998 0.000000 -18.000000
v 0.000000 0.000000 -42.000000
v 3.999998 0.000000 -42.000000
v 28.000002 -0.600000 -18.000000
v 28.000002 -0.600000 -42.000000
v 28.000002 0.000000 -18.000000
v 28.000002 0.000000 -42.000000
v 4.000002 -0.600002 -42.000000
v 28.000002 -0.600000 -42.000004
v 4.000002 -0.000002 -42.000000
v 28.000002 0.000000 -42.000004
v 3.999998 -0.600002 -17.999996
v 28.000000 -0.600000 -17.999998
v 3.999998 -0.000002 -17.999996
v 28.000000 0.000000 -17.999998
v 3.999998 -0.600002 -17.999998
v 3.999998 -0.600002 -42.000000
v 3.999998 -0.000002 -17.999998
v 3.999998 -0.000002 -42.000000
v 64.000000 0.000000 -14.000000
v 64.000000 0.000000 -46.000000
v 32.000000 0.000000 -14.000000
v 32.000000 0.000000 -46.000000
v 32.000000 4.000000 -22.000000
v 32.000000 4.000000 -14.000000
v 32.000000 -0.000000 -22.000000
v 32.000000 0.000000 -14.000000
v 32.000000 4.000000 -22.000000
v 32.000000 4.000000 -30.000000
v 32.000000 0.000000 -22.000000
v 32.000000 0.000000 -30.000000
v 32.000000 4.000000 -38.000000
v 32.000000 4.000000 -30.000000
v 32.000000 -0.000000 -38.000000
v 32.000000 0.000000 -30.000000
v 40.000000 4.000000 -46.000000
v 32.000000 4.000000 -46.000000
v 40.000000 0.000000 -46.000000
v 32.000000 0.000000 -46.000000
v 32.000000 4.000000 -38.000000
v 32.000000 4.000000 -46.000000
v 32.000000 0.000000 -38.000000
v 32.000000 0.000000 -46.000000
v 40.000000 4.000000 -46.000000
v 48.000000 4.000000 -46.000000
v 40.000000 -0.000000 -46.000000
v 48.000000 0.000000 -46.000000
v 56.000000 4.000000 -46.000000
v 48.000000 4.000000 -46.000000
v 56.000000 0.000000 -46.000000
v 48.000000 0.000000 -46.000000
v 56.000000 4.000000 -46.000000
v 64.000000 4.000000 -46.000000
v 56.000000 -0.000000 -46.000000
v 64.000000 0.000000 -46.000000
v 64.000000 4.000000 -38.000000
v 64.000000 4.000000 -46.000000
v 64.000000 0.000000 -38.000000
v 64.000000 0.000000 -46.000000
v 64.000000 4.000000 -38.000000
v 64.000000 4.000000 -30.000002
v 64.000000 -0.000000 -38.000000
v 64.000000 0.000000 -30.000000
v 64.000000 4.000000 -22.000000
v 64.000000 4.000000 -30.000000
v 64.000000 0.000000 -22.000000
v 64.000000 0.000000 -30.000000
v 64.000000 4.000000 -22.000000
v 64.000000 4.000000 -14.000000
v 64.000000 -0.000000 -22.000000
v 64.000000 0.000000 -14.000000
v 64.000000 1.000000 -14.000000
v 58.000000 1.000000 -14.000000
v 64.000000 -0.000000 -14.000000
v 58.000000 0.000000 -14.000000
v 40.000000 4.000000 -14.000000
v 32.000000 4.000000 -14.000000
v 40.000000 -0.000000 -14.000000
v 32.000000 0.000000 -14.000000
v 58.000000 4.000000 -14.000000
v 52.000000 4.000000 -14.000000
v 58.000000 -0.000000 -14.000000
v 52.000000 0.000000 -14.000000
v 40.000000 4.000000 -14.000000
v 48.000000 4.000000 -14.000000
v 40.000000 -0.000000 -14.000000
v 48.000000 0.000000 -14.000000
v 64.000000 4.000000 -14.000000
v 64.000000 4.000000 -46.000000
v 32.000000 4.000000 -14.000000
v 32.000000 4.000000 -46.000000
v 64.000000 4.000000 -14.000002
v 32.000000 4.000000 -14.000000
v 64.000000 4.800000 -14.000002
v 32.000000 4.800000 -14.000000
v 64.000000 4.000000 -46.000000
v 32.000000 4.000000 -46.000000
v 64.000000 4.800000 -46.000000
v 32.000000 4.800000 -46.000000
v 64.000000 4.000000 -14.000002
v 64.000000 4.000000 -46.000000
v 64.000000 4.800000 -14.000002
v 64.000000 4.800000 -46.000000
v 32.000000 4.000000 -14.000000
v 32.000000 4.000000 -46.000000
v 32.000000 4.800000 -14.000000
v 32.000000 4.800000 -46.000000
v 49.500000 0.000000 -2.550000
v 49.500000 1.400000 -2.550000
v 49.509743 0.000000 -2.549039
v 49.509743 1.400000 -2.549039
v 49.519112 0.000000 -2.546194
v 49.519112 1.400000 -2.546194
v 49.527740 0.000000 -2.541573
v 49.527740 1.400000 -2.541573
v 49.535309 0.000000 -2.535355
v 49.535309 1.400000 -2.535355
v 49.541519 0.000000 -2.527778
v 49.541519 1.400000 -2.527778
v 49.546135 0.000000 -2.519134
v 49.546135 1.400000 -2.519134
v 49.548977 0.000000 -2.509754
v 49.548977 1.400000 -2.509754
v 49.549934 0.000000 -2.500000
v 49.549934 1.400000 -2.500000
v 49.548977 0.000000 -2.490245
v 49.548977 1.400000 -2.490245
v 49.546135 0.000000 -2.480865
v 49.546135 1.400000 -2.480865
v 49.541519 0.000000 -2.472221
v 49.541519 1.400000 -2.472221
v 49.535309 0.000000 -2.464644
v 49.535309 1.400000 -2.464644
v 49.527740 0.000000 -2.458426
v 49.527740 1.400000 -2.458426
v 49.519112 0.000000 -2.453806
v 49.519112 1.400000 -2.453806
v 49.509743 0.000000 -2.450960
v 49.509743 1.400000 -2.450960
v 49.500000 0.000000 -2.450000
v 49.500000 1.400000 -2.450000
v 49.490257 0.000000 -2.450960
v 49.490257 1.400000 -2.450960
v 49.480888 0.000000 -2.453806
v 49.480888 1.400000 -2.453806
v 49.472260 0.000000 -2.458426
v 49.472260 1.400000 -2.458426
v 49.464691 0.000000 -2.464644
v 49.464691 1.400000 -2.464644
v 49.458481 0.000000 -2.472221
v 49.458481 1.400000 -2.472221
v 49.453865 0.000000 -2.480865
v 49.453865 1.400000 -2.480865
v 49.451023 0.000000 -2.490245
v 49.451023 1.400000 -2.490245
v 49.450066 0.000000 -2.500000
v 49.450066 1.400000 -2.500000
v 49.451023 0.000000 -2.509754
v 49.451023 1.400000 -2.509754
v 49.453865 0.000000 -2.519134
v 49.453865 1.400000 -2.519134
v 49.458481 0.000000 -2.527778
v 49.458481 1.400000 -2.527778
v 49.464691 0.000000 -2.535355
v 49.464691 1.400000 -2.535355
v 49.472260 0.000000 -2.541573
v 49.472260 1.400000 -2.541573
v 49.480888 0.000000 -2.546194
v 49.480888 1.400000 -2.546194
v 49.490257 0.000000 -2.549039
v 49.490257 1.400000 -2.549039
v 32.049999 0.000000 -8.549999
v 32.049999 1.400000 -8.549999
v 32.059742 0.000000 -8.549038
v 32.059742 1.400000 -8.549038
v 32.069107 0.000000 -8.546193
v 32.069107 1.400000 -8.546193
v 32.077744 0.000000 -8.541573
v 32.077744 1.400000 -8.541573
v 32.085308 0.000000 -8.535355
v 32.085308 1.400000 -8.535355
v 32.091522 0.000000 -8.527778
v 32.091522 1.400000 -8.527778
v 32.096134 0.000000 -8.519134
v 32.096134 1.400000 -8.519134
v 32.098976 0.000000 -8.509754
v 32.098976 1.400000 -8.509754
v 32.099937 0.000000 -8.499999
v 32.099937 1.400000 -8.499999
v 32.098976 0.000000 -8.490245
v 32.098976 1.400000 -8.490245
v 32.096134 0.000000 -8.480865
v 32.096134 1.400000 -8.480865
v 32.091522 0.000000 -8.472220
v 32.091522 1.400000 -8.472220
v 32.085308 0.000000 -8.464643
v 32.085308 1.400000 -8.464643
v 32.077744 0.000000 -8.458426
v 32.077744 1.400000 -8.458426
v 32.069107 0.000000 -8.453806
v 32.069107 1.400000 -8.453806
v 32.059742 0.000000 -8.450960
v 32.059742 1.400000 -8.450960
v 32.049999 0.000000 -8.449999
v 32.049999 1.400000 -8.449999
v 32.040257 0.000000 -8.450960
v 32.040257 1.400000 -8.450960
v 32.030891 0.000000 -8.453806
v 32.030891 1.400000 -8.453806
v 32.022255 0.000000 -8.458426
v 32.022255 1.400000 -8.458426
v 32.014690 0.000000 -8.464643
v 32.014690 1.400000 -8.464643
v 32.008476 0.000000 -8.472220
v 32.008476 1.400000 -8.472220
v 32.003864 0.000000 -8.480865
v 32.003864 1.400000 -8.480865
v 32.001022 0.000000 -8.490245
v 32.001022 1.400000 -8.490245
v 32.000061 0.000000 -8.499999
v 32.000061 1.400000 -8.499999
v 32.001022 0.000000 -8.509754
v 32.001022 1.400000 -8.509754
v 32.003864 0.000000 -8.519134
v 32.003864 1.400000 -8.519134
v 32.008476 0.000000 -8.527778
v 32.008476 1.400000 -8.527778
v 32.014690 0.000000 -8.535355
v 32.014690 1.400000 -8.535355
v 32.022255 0.000000 -8.541573
v 32.022255 1.400000 -8.541573
v 32.030891 0.000000 -8.546193
v 32.030891 1.400000 -8.546193
v 32.040257 0.000000 -8.549038
v 32.040257 1.400000 -8.549038
v 35.500000 0.000000 -8.549999
v 35.500000 1.400000 -8.549999
v 35.509743 0.000000 -8.549038
v 35.509743 1.400000 -8.549038
v 35.519108 0.000000 -8.546193
v 35.519108 1.400000 -8.546193
v 35.527740 0.000000 -8.541573
v 35.527740 1.400000 -8.541573
v 35.535309 0.000000 -8.535355
v 35.535309 1.400000 -8.535355
v 35.541519 0.000000 -8.527778
v 35.541519 1.400000 -8.527778
v 35.546135 0.000000 -8.519134
v 35.546135 1.400000 -8.519134
v 35.548973 0.000000 -8.509754
v 35.548973 1.400000 -8.509754
v 35.549934 0.000000 -8.499999
v 35.549934 1.400000 -8.499999
v 35.548973 0.000000 -8.490245
v 35.548973 1.400000 -8.490245
v 35.546135 0.000000 -8.480865
v 35.546135 1.400000 -8.480865
v 35.541519 0.000000 -8.472220
v 35.541519 1.400000 -8.472220
v 35.535309 0.000000 -8.464643
v 35.535309 1.400000 -8.464643
v 35.527740 0.000000 -8.458426
v 35.527740 1.400000 -8.458426
v 35.519108 0.000000 -8.453806
v 35.519108 1.400000 -8.453806
v 35.509743 0.000000 -8.450960
v 35.509743 1.400000 -8.450960
v 35.500000 0.000000 -8.449999
v 35.500000 1.400000 -8.449999
v 35.490257 0.000000 -8.450960
v 35.490257 1.400000 -8.450960
v 35.480888 0.000000 -8.453806
v 35.480888 1.400000 -8.453806
v 35.472256 0.000000 -8.458426
v 35.472256 1.400000 -8.458426
v 35.464691 0.000000 -8.464643
v 35.464691 1.400000 -8.464643
v 35.458481 0.000000 -8.472220
v 35.458481 1.400000 -8.472220
v 35.453865 0.000000 -8.480865
v 35.453865 1.400000 -8.480865
v 35.451023 0.000000 -8.490245
v 35.451023 1.400000 -8.490245
v 35.450066 0.000000 -8.499999
v 35.450066 1.400000 -8.499999
v 35.451023 0.000000 -8.509754
v 35.451023 1.400000 -8.509754
v 35.453865 0.000000 -8.519134
v 35.453865 1.400000 -8.519134
v 35.458481 0.000000 -8.527778
v 35.458481 1.400000 -8.527778
v 35.464691 0.000000 -8.535355
v 35.464691 1.400000 -8.535355
v 35.472256 0.000000 -8.541573
v 35.472256 1.400000 -8.541573
v 35.480888 0.000000 -8.546193
v 35.480888 1.400000 -8.546193
v 35.490257 0.000000 -8.549038
v 35.490257 1.400000 -8.549038
v 39.000000 0.000000 -8.549999
v 39.000000 1.400000 -8.549999
v 39.009739 0.000000 -8.549038
v 39.009739 1.400000 -8.549038
v 39.019108 0.000000 -8.546193
v 39.019108 1.400000 -8.546193
v 39.027740 0.000000 -8.541573
v 39.027740 1.400000 -8.541573
v 39.035309 0.000000 -8.535355
v 39.035309 1.400000 -8.535355
v 39.041519 0.000000 -8.527778
v 39.041519 1.400000 -8.527778
v 39.046135 0.000000 -8.519134
v 39.046135 1.400000 -8.519134
v 39.048973 0.000000 -8.509754
v 39.048973 1.400000 -8.509754
v 39.049934 0.000000 -8.499999
v 39.049934 1.400000 -8.499999
v 39.048973 0.000000 -8.490245
v 39.048973 1.400000 -8.490245
v 39.046135 0.000000 -8.480865
v 39.046135 1.400000 -8.480865
v 39.041519 0.000000 -8.472220
v 39.041519 1.400000 -8.472220
v 39.035309 0.000000 -8.464643
v 39.035309 1.400000 -8.464643
v 39.027740 0.000000 -8.458426
v 39.027740 1.400000 -8.458426
v 39.019108 0.000000 -8.453806
v 39.019108 1.400000 -8.453806
v 39.009739 0.000000 -8.450960
v 39.009739 1.400000 -8.450960
v 39.000000 0.000000 -8.449999
v 39.000000 1.400000 -8.449999
v 38.990257 0.000000 -8.450960
v 38.990257 1.400000 -8.450960
v 38.980888 0.000000 -8.453806
v 38.980888 1.400000 -8.453806
v 38.972256 0.000000 -8.458426
v 38.972256 1.400000 -8.458426
v 38.964687 0.000000 -8.464643
v 38.964687 1.400000 -8.464643
v 38.958481 0.000000 -8.472220
v 38.958481 1.400000 -8.472220
v 38.953865 0.000000 -8.480865
v 38.953865 1.400000 -8.480865
v 38.951023 0.000000 -8.490245
v 38.951023 1.400000 -8.490245
v 38.950062 0.000000 -8.499999
v 38.950062 1.400000 -8.499999
v 38.951023 0.000000 -8.509754
v 38.951023 1.400000 -8.509754
v 38.953865 0.000000 -8.519134
v 38.953865 1.400000 -8.519134
v 38.958481 0.000000 -8.527778
v 38.958481 1.400000 -8.527778
v 38.964687 0.000000 -8.535355
v 38.964687 1.400000 -8.535355
v 38.972256 0.000000 -8.541573
v 38.972256 1.400000 -8.541573
v 38.980888 0.000000 -8.546193
v 38.980888 1.400000 -8.546193
v 38.990257 0.000000 -8.549038
v 38.990257 1.400000 -8.549038
v 42.500000 0.000000 -8.549999
v 42.500000 1.400000 -8.549999
v 42.509743 0.000000 -8.549038
v 42.509743 1.400000 -8.549038
v 42.519108 0.000000 -8.546193
v 42.519108 1.400000 -8.546193
v 42.527740 0.000000 -8.541573
v 42.527740 1.400000 -8.541573
v 42.535309 0.000000 -8.535355
v 42.535309 1.400000 -8.535355
v 42.541519 0.000000 -8.527778
v 42.541519 1.400000 -8.527778
v 42.546135 0.000000 -8.519134
v 42.546135 1.400000 -8.519134
v 42.548973 0.000000 -8.509754
v 42.548973 1.400000 -8.509754
v 42.549934 0.000000 -8.499999
v 42.549934 1.400000 -8.499999
v 42.548973 0.000000 -8.490245
v 42.548973 1.400000 -8.490245
v 42.546135 0.000000 -8.480865
v 42.546135 1.400000 -8.480865
v 42.541519 0.000000 -8.472220
v 42.541519 1.400000 -8.472220
v 42.535309 0.000000 -8.464643
v 42.535309 1.400000 -8.464643
v 42.527740 0.000000 -8.458426
v 42.527740 1.400000 -8.458426
v 42.519108 0.000000 -8.453806
v 42.519108 1.400000 -8.453806
v 42.509743 0.000000 -8.450960
v 42.509743 1.400000 -8.450960
v 42.500000 0.000000 -8.449999
v 42.500000 1.400000 -8.449999
v 42.490257 0.000000 -8.450960
v 42.490257 1.400000 -8.450960
v 42.480888 0.000000 -8.453806
v 42.480888 1.400000 -8.453806
v 42.472256 0.000000 -8.458426
v 42.472256 1.400000 -8.458426
v 42.464691 0.000000 -8.464643
v 42.464691 1.400000 -8.464643
v 42.458481 0.000000 -8.472220
v 42.458481 1.400000 -8.472220
v 42.453865 0.000000 -8.480865
v 42.453865 1.400000 -8.480865
v 42.451023 0.000000 -8.490245
v 42.451023 1.400000 -8.490245
v 42.450066 0.000000 -8.499999
v 42.450066 1.400000 -8.499999
v 42.451023 0.000000 -8.509754
v 42.451023 1.400000 -8.509754
v 42.453865 0.000000 -8.519134
v 42.453865 1.400000 -8.519134
v 42.458481 0.000000 -8.527778
v 42.458481 1.400000 -8.527778
v 42.464691 0.000000 -8.535355
v 42.464691 1.400000 -8.535355
v 42.472256 0.000000 -8.541573
v 42.472256 1.400000 -8.541573
v 42.480888 0.000000 -8.546193
v 42.480888 1.400000 -8.546193
v 42.490257 0.000000 -8.549038
v 42.490257 1.400000 -8.549038
v 46.000000 0.000000 -8.549999
v 46.000000 1.400000 -8.549999
v 46.009743 0.000000 -8.549038
v 46.009743 1.400000 -8.549038
v 46.019108 0.000000 -8.546193
v 46.019108 1.400000 -8.546193
v 46.027740 0.000000 -8.541573
v 46.027740 1.400000 -8.541573
v 46.035309 0.000000 -8.535355
v 46.035309 1.400000 -8.535355
v 46.041519 0.000000 -8.527778
v 46.041519 1.400000 -8.527778
v 46.046135 0.000000 -8.519134
v 46.046135 1.400000 -8.519134
v 46.048973 0.000000 -8.509754
v 46.048973 1.400000 -8.509754
v 46.049934 0.000000 -8.499999
v 46.049934 1.400000 -8.499999
v 46.048973 0.000000 -8.490245
v 46.048973 1.400000 -8.490245
v 46.046135 0.000000 -8.480865
v 46.046135 1.400000 -8.480865
v 46.041519 0.000000 -8.472220
v 46.041519 1.400000 -8.472220
v 46.035309 0.000000 -8.464643
v 46.035309 1.400000 -8.464643
v 46.027740 0.000000 -8.458426
v 46.027740 1.400000 -8.458426
v 46.019108 0.000000 -8.453806
v 46.019108 1.400000 -8.453806
v 46.009743 0.000000 -8.450960
v 46.009743 1.400000 -8.450960
v 46.000000 0.000000 -8.449999
v 46.000000 1.400000 -8.449999
v 45.990257 0.000000 -8.450960
v 45.990257 1.400000 -8.450960
v 45.980888 0.000000 -8.453806
v 45.980888 1.400000 -8.453806
v 45.972256 0.000000 -8.458426
v 45.972256 1.400000 -8.458426
v 45.964687 0.000000 -8.464643
v 45.964687 1.400000 -8.464643
v 45.958481 0.000000 -8.472220
v 45.958481 1.400000 -8.472220
v 45.953865 0.000000 -8.480865
v 45.953865 1.400000 -8.480865
v 45.951023 0.000000 -8.490245
v 45.951023 1.400000 -8.490245
v 45.950062 0.000000 -8.499999
v 45.950062 1.400000 -8.499999
v 45.951023 0.000000 -8.509754
v 45.951023 1.400000 -8.509754
v 45.953865 0.000000 -8.519134
v 45.953865 1.400000 -8.519134
v 45.958481 0.000000 -8.527778
v 45.958481 1.400000 -8.527778
v 45.964687 0.000000 -8.535355
v 45.964687 1.400000 -8.535355
v 45.972256 0.000000 -8.541573
v 45.972256 1.400000 -8.541573
v 45.980888 0.000000 -8.546193
v 45.980888 1.400000 -8.546193
v 45.990257 0.000000 -8.549038
v 45.990257 1.400000 -8.549038
v 49.500000 0.000000 -8.549999
v 49.500000 1.400000 -8.549999
v 49.509743 0.000000 -8.549038
v 49.509743 1.400000 -8.549038
v 49.519108 0.000000 -8.546193
v 49.519108 1.400000 -8.546193
v 49.527740 0.000000 -8.541573
v 49.527740 1.400000 -8.541573
v 49.535309 0.000000 -8.535355
v 49.535309 1.400000 -8.535355
v 49.541519 0.000000 -8.527778
v 49.541519 1.400000 -8.527778
v 49.546135 0.000000 -8.519134
v 49.546135 1.400000 -8.519134
v 49.548973 0.000000 -8.509754
v 49.548973 1.400000 -8.509754
v 49.549934 0.000000 -8.499999
v 49.549934 1.400000 -8.499999
v 49.548973 0.000000 -8.490245
v 49.548973 1.400000 -8.490245
v 49.546135 0.000000 -8.480865
v 49.546135 1.400000 -8.480865
v 49.541519 0.000000 -8.472220
v 49.541519 1.400000 -8.472220
v 49.535309 0.000000 -8.464643
v 49.535309 1.400000 -8.464643
v 49.527740 0.000000 -8.458426
v 49.527740 1.400000 -8.458426
v 49.519108 0.000000 -8.453806
v 49.519108 1.400000 -8.453806
v 49.509743 0.000000 -8.450960
v 49.509743 1.400000 -8.450960
v 49.500000 0.000000 -8.449999
v 49.500000 1.400000 -8.449999
v 49.490257 0.000000 -8.450960
v 49.490257 1.400000 -8.450960
v 49.480888 0.000000 -8.453806
v 49.480888 1.400000 -8.453806
v 49.472256 0.000000 -8.458426
v 49.472256 1.400000 -8.458426
v 49.464691 0.000000 -8.464643
v 49.464691 1.400000 -8.464643
v 49.458481 0.000000 -8.472220
v 49.458481 1.400000 -8.472220
v 49.453865 0.000000 -8.480865
v 49.453865 1.400000 -8.480865
v 49.451023 0.000000 -8.490245
v 49.451023 1.400000 -8.490245
v 49.450062 0.000000 -8.499999
v 49.450062 1.400000 -8.499999
v 49.451023 0.000000 -8.509754
v 49.451023 1.400000 -8.509754
v 49.453865 0.000000 -8.519134
v 49.453865 1.400000 -8.519134
v 49.458481 0.000000 -8.527778
v 49.458481 1.400000 -8.527778
v 49.464691 0.000000 -8.535355
v 49.464691 1.400000 -8.535355
v 49.472256 0.000000 -8.541573
v 49.472256 1.400000 -8.541573
v 49.480888 0.000000 -8.546193
v 49.480888 1.400000 -8.546193
v 49.490257 0.000000 -8.549038
v 49.490257 1.400000 -8.549038
v 49.500000 0.000000 -5.549999
v 49.500000 1.400000 -5.549999
v 49.509743 0.000000 -5.549038
v 49.509743 1.400000 -5.549038
v 49.519108 0.000000 -5.546193
v 49.519108 1.400000 -5.546193
v 49.527740 0.000000 -5.541573
v 49.527740 1.400000 -5.541573
v 49.535309 0.000000 -5.535355
v 49.535309 1.400000 -5.535355
v 49.541519 0.000000 -5.527778
v 49.541519 1.400000 -5.527778
v 49.546135 0.000000 -5.519134
v 49.546135 1.400000 -5.519134
v 49.548973 0.000000 -5.509754
v 49.548973 1.400000 -5.509754
v 49.549934 0.000000 -5.499999
v 49.549934 1.400000 -5.499999
v 49.548973 0.000000 -5.490245
v 49.548973 1.400000 -5.490245
v 49.546135 0.000000 -5.480865
v 49.546135 1.400000 -5.480865
v 49.541519 0.000000 -5.472221
v 49.541519 1.400000 -5.472221
v 49.535309 0.000000 -5.464644
v 49.535309 1.400000 -5.464644
v 49.527740 0.000000 -5.458426
v 49.527740 1.400000 -5.458426
v 49.519108 0.000000 -5.453805
v 49.519108 1.400000 -5.453805
v 49.509743 0.000000 -5.450960
v 49.509743 1.400000 -5.450960
v 49.500000 0.000000 -5.449999
v 49.500000 1.400000 -5.449999
v 49.490257 0.000000 -5.450960
v 49.490257 1.400000 -5.450960
v 49.480888 0.000000 -5.453805
v 49.480888 1.400000 -5.453805
v 49.472256 0.000000 -5.458426
v 49.472256 1.400000 -5.458426
v 49.464691 0.000000 -5.464644
v 49.464691 1.400000 -5.464644
v 49.458481 0.000000 -5.472221
v 49.458481 1.400000 -5.472221
v 49.453865 0.000000 -5.480865
v 49.453865 1.400000 -5.480865
v 49.451023 0.000000 -5.490245
v 49.451023 1.400000 -5.490245
v 49.450062 0.000000 -5.499999
v 49.450062 1.400000 -5.499999
v 49.451023 0.000000 -5.509754
v 49.451023 1.400000 -5.509754
v 49.453865 0.000000 -5.519134
v 49.453865 1.400000 -5.519134
v 49.458481 0.000000 -5.527778
v 49.458481 1.400000 -5.527778
v 49.464691 0.000000 -5.535355
v 49.464691 1.400000 -5.535355
v 49.472256 0.000000 -5.541573
v 49.472256 1.400000 -5.541573
v 49.480888 0.000000 -5.546193
v 49.480888 1.400000 -5.546193
v 49.490257 0.000000 -5.549038
v 49.490257 1.400000 -5.549038
v 32.080002 1.250000 -8.499999
v 49.479996 1.250000 -8.499999
v 32.080002 1.350000 -8.499999
v 49.479996 1.350000 -8.499999
v 49.500000 1.250000 -2.499999
v 49.500000 1.250000 -8.499999
v 49.500000 1.350000 -2.499999
v 49.500000 1.350000 -8.499999
v 14.528936 1.000000 -5.373896
v 14.528936 1.050000 -5.373896
v 14.013899 1.000000 -6.231063
v 14.013899 1.050000 -6.231063
v 15.386103 1.000000 -5.888934
v 15.386103 1.050000 -5.888934
v 14.871065 1.000000 -6.746101
v 14.871065 1.050000 -6.746101
v 14.541836 0.000000 -5.644139
v 14.541836 1.000000 -5.644139
v 14.516085 0.000000 -5.686997
v 14.516085 1.000000 -5.686997
v 14.584694 0.000000 -5.669891
v 14.584694 1.000000 -5.669891
v 14.558943 0.000000 -5.712749
v 14.558943 1.000000 -5.712749
v 14.284317 0.000000 -6.072723
v 14.284317 1.000000 -6.072723
v 14.258564 0.000000 -6.115581
v 14.258564 1.000000 -6.115581
v 14.327175 0.000000 -6.098475
v 14.327175 1.000000 -6.098475
v 14.301424 0.000000 -6.141333
v 14.301424 1.000000 -6.141333
v 15.034498 0.000000 -5.940161
v 15.034498 1.000000 -5.940161
v 15.008747 0.000000 -5.983019
v 15.008747 1.000000 -5.983019
v 15.077356 0.000000 -5.965913
v 15.077356 1.000000 -5.965913
v 15.051605 0.000000 -6.008771
v 15.051605 1.000000 -6.008771
v 14.776979 0.000000 -6.368745
v 14.776979 1.000000 -6.368745
v 14.751228 0.000000 -6.411603
v 14.751228 1.000000 -6.411603
v 14.819838 0.000000 -6.394496
v 14.819838 1.000000 -6.394496
v 14.794086 0.000000 -6.437355
v 14.794086 1.000000 -6.437355
v 14.913282 0.700000 -5.074018
v 14.913282 0.750000 -5.074018
v 14.640312 0.700000 -5.528316
v 14.640312 0.750000 -5.528316
v 15.427582 0.700000 -5.383040
v 15.427582 0.750000 -5.383040
v 15.154612 0.700000 -5.837339
v 15.154612 0.750000 -5.837339
v 14.939034 0.000000 -5.031159
v 14.939034 1.400000 -5.031159
v 14.913282 0.000000 -5.074018
v 14.913282 1.400000 -5.074018
v 14.981892 0.000000 -5.056911
v 14.981892 1.400000 -5.056911
v 14.956141 0.000000 -5.099770
v 14.956141 1.400000 -5.099770
v 15.410475 0.000000 -5.314431
v 15.410475 1.400000 -5.314431
v 15.384724 0.000000 -5.357289
v 15.384724 1.400000 -5.357289
v 15.453335 0.000000 -5.340183
v 15.453335 1.400000 -5.340183
v 15.427582 0.000000 -5.383041
v 15.427582 1.400000 -5.383041
v 15.142656 0.000000 -5.760158
v 15.142656 0.700000 -5.760158
v 15.116903 0.000000 -5.803016
v 15.116903 0.700000 -5.803016
v 15.185514 0.000000 -5.785910
v 15.185514 0.700000 -5.785910
v 15.159761 0.000000 -5.828768
v 15.159761 0.700000 -5.828768
v 14.671213 0.000000 -5.476887
v 14.671213 0.700000 -5.476887
v 14.645462 0.000000 -5.519745
v 14.645462 0.700000 -5.519745
v 14.714071 0.000000 -5.502639
v 14.714071 0.700000 -5.502639
v 14.688320 0.000000 -5.545497
v 14.688320 0.700000 -5.545497
v 14.958715 1.050000 -5.095484
v 14.984467 1.050000 -5.052626
v 14.958715 1.280000 -5.095484
v 14.984467 1.280000 -5.052626
v 15.387299 1.050000 -5.353004
v 15.413052 1.050000 -5.310145
v 15.387299 1.280000 -5.353004
v 15.413052 1.280000 -5.310145
v 13.686592 0.700000 -5.824407
v 13.686592 0.750000 -5.824407
v 14.140890 0.700000 -6.097377
v 14.140890 0.750000 -6.097377
v 13.995615 0.700000 -5.310106
v 13.995615 0.750000 -5.310106
v 14.449913 0.700000 -5.583076
v 14.449913 0.750000 -5.583076
v 13.643734 0.000000 -5.798655
v 13.643734 1.400000 -5.798655
v 13.686592 0.000000 -5.824407
v 13.686592 1.400000 -5.824407
v 13.669485 0.000000 -5.755796
v 13.669485 1.400000 -5.755796
v 13.712345 0.000000 -5.781549
v 13.712345 1.400000 -5.781549
v 13.927006 0.000000 -5.327213
v 13.927006 1.400000 -5.327213
v 13.969864 0.000000 -5.352964
v 13.969864 1.400000 -5.352964
v 13.952757 0.000000 -5.284354
v 13.952757 1.400000 -5.284354
v 13.995615 0.000000 -5.310106
v 13.995615 1.400000 -5.310106
v 14.372732 0.000000 -5.595033
v 14.372732 0.700000 -5.595033
v 14.415590 0.000000 -5.620785
v 14.415590 0.700000 -5.620785
v 14.398483 0.000000 -5.552175
v 14.398483 0.700000 -5.552175
v 14.441341 0.000000 -5.577926
v 14.441341 0.700000 -5.577926
v 14.089460 0.000000 -6.066475
v 14.089460 0.700000 -6.066475
v 14.132320 0.000000 -6.092227
v 14.132320 0.700000 -6.092227
v 14.115213 0.000000 -6.023616
v 14.115213 0.700000 -6.023616
v 14.158072 0.000000 -6.049368
v 14.158072 0.700000 -6.049368
v 13.708059 1.050000 -5.778974
v 13.665199 1.050000 -5.753222
v 13.708059 1.280000 -5.778974
v 13.665199 1.280000 -5.753222
v 13.965578 1.050000 -5.350389
v 13.922720 1.050000 -5.324637
v 13.965578 1.280000 -5.350389
v 13.922720 1.280000 -5.324637
v 14.438709 0.700000 -7.028803
v 14.438709 0.750000 -7.028803
v 14.711679 0.700000 -6.574504
v 14.711679 0.750000 -6.574504
v 13.924408 0.700000 -6.719780
v 13.924408 0.750000 -6.719780
v 14.197378 0.700000 -6.265481
v 14.197378 0.750000 -6.265481
v 14.412956 0.000000 -7.071661
v 14.412956 1.400000 -7.071661
v 14.438709 0.000000 -7.028802
v 14.438709 1.400000 -7.028802
v 14.370098 0.000000 -7.045909
v 14.370098 1.400000 -7.045909
v 14.395851 0.000000 -7.003050
v 14.395851 1.400000 -7.003050
v 13.941515 0.000000 -6.788390
v 13.941515 1.400000 -6.788390
v 13.967266 0.000000 -6.745531
v 13.967266 1.400000 -6.745531
v 13.898657 0.000000 -6.762638
v 13.898657 1.400000 -6.762638
v 13.924408 0.000000 -6.719779
v 13.924408 1.400000 -6.719779
v 14.209335 0.000000 -6.342662
v 14.209335 0.700000 -6.342662
v 14.235086 0.000000 -6.299804
v 14.235086 0.700000 -6.299804
v 14.166477 0.000000 -6.316911
v 14.166477 0.700000 -6.316911
v 14.192228 0.000000 -6.274052
v 14.192228 0.700000 -6.274052
v 14.680777 0.000000 -6.625934
v 14.680777 0.700000 -6.625934
v 14.706530 0.000000 -6.583075
v 14.706530 0.700000 -6.583075
v 14.637918 0.000000 -6.600182
v 14.637918 0.700000 -6.600182
v 14.663670 0.000000 -6.557323
v 14.663670 0.700000 -6.557323
v 14.393276 1.050000 -7.007336
v 14.367523 1.050000 -7.050195
v 14.393276 1.280000 -7.007336
v 14.367523 1.280000 -7.050195
v 13.964691 1.050000 -6.749817
v 13.938940 1.050000 -6.792675
v 13.964691 1.280000 -6.749817
v 13.938940 1.280000 -6.792675
v 15.675663 0.700000 -6.319581
v 15.675663 0.750000 -6.319581
v 15.221363 0.700000 -6.046611
v 15.221363 0.750000 -6.046611
v 15.366640 0.700000 -6.833881
v 15.366640 0.750000 -6.833881
v 14.912340 0.700000 -6.560911
v 14.912340 0.750000 -6.560911
v 15.718521 0.000000 -6.345332
v 15.718521 1.400000 -6.345332
v 15.675663 0.000000 -6.319580
v 15.675663 1.400000 -6.319580
v 15.692768 0.000000 -6.388191
v 15.692768 1.400000 -6.388191
v 15.649910 0.000000 -6.362439
v 15.649910 1.400000 -6.362439
v 15.435249 0.000000 -6.816774
v 15.435249 1.400000 -6.816774
v 15.392391 0.000000 -6.791022
v 15.392391 1.400000 -6.791022
v 15.409498 0.000000 -6.859633
v 15.409498 1.400000 -6.859633
v 15.366640 0.000000 -6.833881
v 15.366640 1.400000 -6.833881
v 14.989523 0.000000 -6.548954
v 14.989523 0.700000 -6.548954
v 14.946665 0.000000 -6.523202
v 14.946665 0.700000 -6.523202
v 14.963770 0.000000 -6.591813
v 14.963770 0.700000 -6.591813
v 14.920912 0.000000 -6.566061
v 14.920912 0.700000 -6.566061
v 15.272793 0.000000 -6.077512
v 15.272793 0.700000 -6.077512
v 15.229935 0.000000 -6.051761
v 15.229935 0.700000 -6.051761
v 15.247042 0.000000 -6.120371
v 15.247042 0.700000 -6.120371
v 15.204184 0.000000 -6.094619
v 15.204184 0.700000 -6.094619
v 15.654196 1.050000 -6.365014
v 15.697054 1.050000 -6.390766
v 15.654196 1.280000 -6.365014
v 15.697054 1.280000 -6.390766
v 15.396677 1.050000 -6.793598
v 15.439535 1.050000 -6.819350
v 15.396677 1.280000 -6.793598
v 15.439535 1.280000 -6.819350
v 14.863638 1.000000 -2.737210
v 14.863638 1.050000 -2.737210
v 15.437214 1.000000 -3.556362
v 15.437214 1.050000 -3.556362
v 15.682789 1.000000 -2.163633
v 15.682789 1.050000 -2.163633
v 16.256367 1.000000 -2.982786
v 16.256367 1.050000 -2.982786
v 15.115765 0.000000 -2.835343
v 15.115765 1.000000 -2.835343
v 15.144444 0.000000 -2.876301
v 15.144444 1.000000 -2.876301
v 15.156721 0.000000 -2.806664
v 15.156721 1.000000 -2.806664
v 15.185400 0.000000 -2.847622
v 15.185400 1.000000 -2.847622
v 15.402552 0.000000 -3.244920
v 15.402552 1.000000 -3.244920
v 15.431231 0.000000 -3.285877
v 15.431231 1.000000 -3.285877
v 15.443510 0.000000 -3.216241
v 15.443510 1.000000 -3.216241
v 15.472189 0.000000 -3.257198
v 15.472189 1.000000 -3.257198
v 15.586578 0.000000 -2.505676
v 15.586578 1.000000 -2.505676
v 15.615257 0.000000 -2.546634
v 15.615257 1.000000 -2.546634
v 15.627535 0.000000 -2.476997
v 15.627535 1.000000 -2.476997
v 15.656214 0.000000 -2.517955
v 15.656214 1.000000 -2.517955
v 15.873365 0.000000 -2.915252
v 15.873365 1.000000 -2.915252
v 15.902044 0.000000 -2.956210
v 15.902044 1.000000 -2.956210
v 15.914324 0.000000 -2.886574
v 15.914324 1.000000 -2.886574
v 15.943003 0.000000 -2.927531
v 15.943003 1.000000 -2.927531
v 14.746012 0.700000 -2.264122
v 14.746012 0.750000 -2.264122
v 15.050009 0.700000 -2.698271
v 15.050009 0.750000 -2.698271
v 15.237503 0.700000 -1.919975
v 15.237503 0.750000 -1.919975
v 15.541500 0.700000 -2.354126
v 15.541500 0.750000 -2.354126
v 14.717335 0.000000 -2.223164
v 14.717335 1.400000 -2.223164
v 14.746014 0.000000 -2.264122
v 14.746014 1.400000 -2.264122
v 14.758291 0.000000 -2.194485
v 14.758291 1.400000 -2.194485
v 14.786970 0.000000 -2.235443
v 14.786970 1.400000 -2.235443
v 15.167868 0.000000 -1.907697
v 15.167868 1.400000 -1.907697
v 15.196547 0.000000 -1.948654
v 15.196547 1.400000 -1.948654
v 15.208826 0.000000 -1.879018
v 15.208826 1.400000 -1.879018
v 15.237505 0.000000 -1.919975
v 15.237505 1.400000 -1.919975
v 15.466127 0.000000 -2.333656
v 15.466127 0.700000 -2.333656
v 15.494806 0.000000 -2.374614
v 15.494806 0.700000 -2.374614
v 15.507086 0.000000 -2.304977
v 15.507086 0.700000 -2.304977
v 15.535765 0.000000 -2.345935
v 15.535765 0.700000 -2.345935
v 15.015594 0.000000 -2.649123
v 15.015594 0.700000 -2.649123
v 15.044273 0.000000 -2.690081
v 15.044273 0.700000 -2.690081
v 15.056551 0.000000 -2.620444
v 15.056551 0.700000 -2.620444
v 15.085230 0.000000 -2.661402
v 15.085230 0.700000 -2.661402
v 14.784103 1.050000 -2.231347
v 14.755424 1.050000 -2.190389
v 14.784103 1.280000 -2.231347
v 14.755424 1.280000 -2.190389
v 15.193680 1.050000 -1.944559
v 15.165001 1.050000 -1.903601
v 15.193680 1.280000 -1.944559
v 15.165001 1.280000 -1.903601
v 14.932587 0.700000 -3.689969
v 14.932587 0.750000 -3.689969
v 15.366737 0.700000 -3.385974
v 15.366737 0.750000 -3.385974
v 14.588442 0.700000 -3.198478
v 14.588442 0.750000 -3.198478
v 15.022593 0.700000 -2.894482
v 15.022593 0.750000 -2.894482
v 14.891630 0.000000 -3.718647
v 14.891630 1.400000 -3.718647
v 14.932589 0.000000 -3.689969
v 14.932589 1.400000 -3.689969
v 14.862951 0.000000 -3.677690
v 14.862951 1.400000 -3.677690
v 14.903910 0.000000 -3.649011
v 14.903910 1.400000 -3.649011
v 14.576162 0.000000 -3.268114
v 14.576162 1.400000 -3.268114
v 14.617121 0.000000 -3.239435
v 14.617121 1.400000 -3.239435
v 14.547483 0.000000 -3.227156
v 14.547483 1.400000 -3.227156
v 14.588442 0.000000 -3.198477
v 14.588442 1.400000 -3.198477
v 15.002123 0.000000 -2.969854
v 15.002123 0.700000 -2.969854
v 15.043079 0.000000 -2.941175
v 15.043079 0.700000 -2.941175
v 14.973444 0.000000 -2.928896
v 14.973444 0.700000 -2.928896
v 15.014400 0.000000 -2.900218
v 15.014400 0.700000 -2.900218
v 15.317589 0.000000 -3.420388
v 15.317589 0.700000 -3.420388
v 15.358547 0.000000 -3.391709
v 15.358547 0.700000 -3.391709
v 15.288910 0.000000 -3.379430
v 15.288910 0.700000 -3.379430
v 15.329868 0.000000 -3.350751
v 15.329868 0.700000 -3.350751
v 14.899813 1.050000 -3.651879
v 14.858856 1.050000 -3.680557
v 14.899813 1.280000 -3.651879
v 14.858856 1.280000 -3.680557
v 14.613026 1.050000 -3.242303
v 14.572067 1.050000 -3.270982
v 14.613026 1.280000 -3.242303
v 14.572067 1.280000 -3.270982
v 16.338772 0.700000 -3.492748
v 16.338772 0.750000 -3.492748
v 16.034775 0.700000 -3.058597
v 16.034775 0.750000 -3.058597
v 15.847281 0.700000 -3.836894
v 15.847281 0.750000 -3.836894
v 15.543285 0.700000 -3.402744
v 15.543285 0.750000 -3.402744
v 16.367451 0.000000 -3.533705
v 16.367451 1.400000 -3.533705
v 16.338772 0.000000 -3.492748
v 16.338772 1.400000 -3.492748
v 16.326492 0.000000 -3.562384
v 16.326492 1.400000 -3.562384
v 16.297813 0.000000 -3.521427
v 16.297813 1.400000 -3.521427
v 15.916916 0.000000 -3.849172
v 15.916916 1.400000 -3.849172
v 15.888237 0.000000 -3.808215
v 15.888237 1.400000 -3.808215
v 15.875959 0.000000 -3.877851
v 15.875959 1.400000 -3.877851
v 15.847281 0.000000 -3.836894
v 15.847281 1.400000 -3.836894
v 15.618656 0.000000 -3.423213
v 15.618656 0.700000 -3.423213
v 15.589977 0.000000 -3.382255
v 15.589977 0.700000 -3.382255
v 15.577700 0.000000 -3.451892
v 15.577700 0.700000 -3.451892
v 15.549021 0.000000 -3.410934
v 15.549021 0.700000 -3.410934
v 16.069191 0.000000 -3.107746
v 16.069191 0.700000 -3.107746
v 16.040512 0.000000 -3.066788
v 16.040512 0.700000 -3.066788
v 16.028233 0.000000 -3.136425
v 16.028233 0.700000 -3.136425
v 15.999554 0.000000 -3.095467
v 15.999554 0.700000 -3.095467
v 16.300682 1.050000 -3.525522
v 16.329361 1.050000 -3.566480
v 16.300682 1.280000 -3.525522
v 16.329361 1.280000 -3.566480
v 15.891106 1.050000 -3.812310
v 15.919785 1.050000 -3.853268
v 15.891106 1.280000 -3.812310
v 15.919785 1.280000 -3.853268
v 16.193979 0.700000 -2.074268
v 16.193979 0.750000 -2.074268
v 15.759829 0.700000 -2.378263
v 15.759829 0.750000 -2.378263
v 16.538124 0.700000 -2.565759
v 16.538124 0.750000 -2.565759
v 16.103973 0.700000 -2.869754
v 16.103973 0.750000 -2.869754
v 16.234936 0.000000 -2.045589
v 16.234936 1.400000 -2.045589
v 16.193979 0.000000 -2.074268
v 16.193979 1.400000 -2.074268
v 16.263615 0.000000 -2.086547
v 16.263615 1.400000 -2.086547
v 16.222658 0.000000 -2.115226
v 16.222658 1.400000 -2.115226
v 16.550404 0.000000 -2.496123
v 16.550404 1.400000 -2.496123
v 16.509445 0.000000 -2.524802
v 16.509445 1.400000 -2.524802
v 16.579082 0.000000 -2.537081
v 16.579082 1.400000 -2.537081
v 16.538124 0.000000 -2.565760
v 16.538124 1.400000 -2.565760
v 16.124443 0.000000 -2.794383
v 16.124443 0.700000 -2.794383
v 16.083487 0.000000 -2.823062
v 16.083487 0.700000 -2.823062
v 16.153122 0.000000 -2.835340
v 16.153122 0.700000 -2.835340
v 16.112165 0.000000 -2.864019
v 16.112165 0.700000 -2.864019
v 15.808977 0.000000 -2.343850
v 15.808977 0.700000 -2.343850
v 15.768021 0.000000 -2.372528
v 15.768021 0.700000 -2.372528
v 15.837656 0.000000 -2.384807
v 15.837656 0.700000 -2.384807
v 15.796700 0.000000 -2.413486
v 15.796700 0.700000 -2.413486
v 16.226753 1.050000 -2.112358
v 16.267712 1.050000 -2.083679
v 16.226753 1.280000 -2.112358
v 16.267712 1.280000 -2.083679
v 16.513542 1.050000 -2.521934
v 16.554501 1.050000 -2.493255
v 16.513542 1.280000 -2.521934
v 16.554501 1.280000 -2.493255
v 18.064381 1.000000 -6.145111
v 18.064381 1.050000 -6.145111
v 18.455112 1.000000 -7.065616
v 18.455112 1.050000 -7.065616
v 18.984886 1.000000 -5.754380
v 18.984886 1.050000 -5.754380
v 19.375618 1.000000 -6.674885
v 19.375618 1.050000 -6.674885
v 18.290596 0.000000 -6.293520
v 18.290596 1.000000 -6.293520
v 18.310131 0.000000 -6.339545
v 18.310131 1.000000 -6.339545
v 18.336620 0.000000 -6.273983
v 18.336620 1.000000 -6.273983
v 18.356157 0.000000 -6.320009
v 18.356157 1.000000 -6.320009
v 18.485962 0.000000 -6.753773
v 18.485962 1.000000 -6.753773
v 18.505497 0.000000 -6.799798
v 18.505497 1.000000 -6.799798
v 18.531986 0.000000 -6.734236
v 18.531986 1.000000 -6.734236
v 18.551523 0.000000 -6.780262
v 18.551523 1.000000 -6.780262
v 18.819662 0.000000 -6.068944
v 18.819662 1.000000 -6.068944
v 18.839199 0.000000 -6.114970
v 18.839199 1.000000 -6.114970
v 18.865688 0.000000 -6.049408
v 18.865688 1.000000 -6.049408
v 18.885223 0.000000 -6.095433
v 18.885223 1.000000 -6.095433
v 19.015028 0.000000 -6.529197
v 19.015028 1.000000 -6.529197
v 19.034565 0.000000 -6.575222
v 19.034565 1.000000 -6.575222
v 19.061054 0.000000 -6.509661
v 19.061054 1.000000 -6.509661
v 19.080589 0.000000 -6.555686
v 19.080589 1.000000 -6.555686
v 18.047688 0.700000 -5.657905
v 18.047688 0.750000 -5.657905
v 18.254776 0.700000 -6.145772
v 18.254776 0.750000 -6.145772
v 18.599991 0.700000 -5.423466
v 18.599991 0.750000 -5.423466
v 18.807079 0.700000 -5.911334
v 18.807079 0.750000 -5.911334
v 18.028152 0.000000 -5.611880
v 18.028152 1.400000 -5.611880
v 18.047688 0.000000 -5.657906
v 18.047688 1.400000 -5.657906
v 18.074177 0.000000 -5.592344
v 18.074177 1.400000 -5.592344
v 18.093714 0.000000 -5.638369
v 18.093714 1.400000 -5.638369
v 18.534430 0.000000 -5.396978
v 18.534430 1.400000 -5.396978
v 18.553967 0.000000 -5.443003
v 18.553967 1.400000 -5.443003
v 18.580456 0.000000 -5.377441
v 18.580456 1.400000 -5.377441
v 18.599991 0.000000 -5.423467
v 18.599991 1.400000 -5.423467
v 18.737610 0.000000 -5.875640
v 18.737610 0.700000 -5.875640
v 18.757147 0.000000 -5.921666
v 18.757147 0.700000 -5.921666
v 18.783634 0.000000 -5.856104
v 18.783634 0.700000 -5.856104
v 18.803171 0.000000 -5.902129
v 18.803171 0.700000 -5.902129
v 18.231331 0.000000 -6.090543
v 18.231331 0.700000 -6.090543
v 18.250870 0.000000 -6.136568
v 18.250870 0.700000 -6.136568
v 18.277357 0.000000 -6.071006
v 18.277357 0.700000 -6.071006
v 18.296894 0.000000 -6.117032
v 18.296894 0.700000 -6.117032
v 18.091759 1.050000 -5.633767
v 18.072224 1.050000 -5.587741
v 18.091759 1.280000 -5.633767
v 18.072224 1.280000 -5.587741
v 18.552013 1.050000 -5.438400
v 18.532475 1.050000 -5.392375
v 18.552013 1.280000 -5.438400
v 18.532475 1.280000 -5.392375
v 17.933735 0.700000 -7.091386
v 17.933735 0.750000 -7.091386
v 18.421602 0.700000 -6.884298
v 18.421602 0.750000 -6.884298
v 17.699295 0.700000 -6.539083
v 17.699295 0.750000 -6.539083
v 18.187164 0.700000 -6.331995
v 18.187164 0.750000 -6.331995
v 17.887711 0.000000 -7.110922
v 17.887711 1.400000 -7.110922
v 17.933735 0.000000 -7.091385
v 17.933735 1.400000 -7.091385
v 17.868174 0.000000 -7.064897
v 17.868174 1.400000 -7.064897
v 17.914200 0.000000 -7.045360
v 17.914200 1.400000 -7.045360
v 17.672808 0.000000 -6.604644
v 17.672808 1.400000 -6.604644
v 17.718834 0.000000 -6.585107
v 17.718834 1.400000 -6.585107
v 17.653271 0.000000 -6.558619
v 17.653271 1.400000 -6.558619
v 17.699297 0.000000 -6.539083
v 17.699297 1.400000 -6.539083
v 18.151470 0.000000 -6.401464
v 18.151470 0.700000 -6.401464
v 18.197496 0.000000 -6.381927
v 18.197496 0.700000 -6.381927
v 18.131935 0.000000 -6.355439
v 18.131935 0.700000 -6.355439
v 18.177959 0.000000 -6.335902
v 18.177959 0.700000 -6.335902
v 18.366373 0.000000 -6.907742
v 18.366373 0.700000 -6.907742
v 18.412399 0.000000 -6.888205
v 18.412399 0.700000 -6.888205
v 18.346836 0.000000 -6.861716
v 18.346836 0.700000 -6.861716
v 18.392862 0.000000 -6.842180
v 18.392862 0.700000 -6.842180
v 17.909595 1.050000 -7.047314
v 17.863571 1.050000 -7.066850
v 17.909595 1.280000 -7.047314
v 17.863571 1.280000 -7.066850
v 17.714231 1.050000 -6.587061
v 17.668205 1.050000 -6.606597
v 17.714231 1.280000 -6.587061
v 17.668205 1.280000 -6.606597
v 19.350195 0.700000 -7.190836
v 19.350195 0.750000 -7.190836
v 19.143108 0.700000 -6.702969
v 19.143108 0.750000 -6.702969
v 18.797894 0.700000 -7.425275
v 18.797894 0.750000 -7.425275
v 18.590805 0.700000 -6.937407
v 18.590805 0.750000 -6.937407
v 19.369732 0.000000 -7.236861
v 19.369732 1.400000 -7.236861
v 19.350195 0.000000 -7.190836
v 19.350195 1.400000 -7.190836
v 19.323708 0.000000 -7.256398
v 19.323708 1.400000 -7.256398
v 19.304169 0.000000 -7.210372
v 19.304169 1.400000 -7.210372
v 18.863453 0.000000 -7.451764
v 18.863453 1.400000 -7.451764
v 18.843918 0.000000 -7.405738
v 18.843918 1.400000 -7.405738
v 18.817429 0.000000 -7.471300
v 18.817429 1.400000 -7.471300
v 18.797892 0.000000 -7.425275
v 18.797892 1.400000 -7.425275
v 18.660275 0.000000 -6.973101
v 18.660275 0.700000 -6.973101
v 18.640736 0.000000 -6.927075
v 18.640736 0.700000 -6.927075
v 18.614248 0.000000 -6.992637
v 18.614248 0.700000 -6.992637
v 18.594711 0.000000 -6.946612
v 18.594711 0.700000 -6.946612
v 19.166552 0.000000 -6.758199
v 19.166552 0.700000 -6.758199
v 19.147015 0.000000 -6.712173
v 19.147015 0.700000 -6.712173
v 19.120525 0.000000 -6.777735
v 19.120525 0.700000 -6.777735
v 19.100990 0.000000 -6.731710
v 19.100990 0.700000 -6.731710
v 19.306124 1.050000 -7.214975
v 19.325661 1.050000 -7.261001
v 19.306124 1.280000 -7.214975
v 19.325661 1.280000 -7.261001
v 18.845871 1.050000 -7.410340
v 18.865408 1.050000 -7.456366
v 18.845871 1.280000 -7.410340
v 18.865408 1.280000 -7.456366
v 19.503487 0.700000 -5.773250
v 19.503487 0.750000 -5.773250
v 19.015617 0.700000 -5.980337
v 19.015617 0.750000 -5.980337
v 19.737925 0.700000 -6.325552
v 19.737925 0.750000 -6.325552
v 19.250057 0.700000 -6.532640
v 19.250057 0.750000 -6.532640
v 19.549511 0.000000 -5.753714
v 19.549511 1.400000 -5.753714
v 19.503485 0.000000 -5.773250
v 19.503485 1.400000 -5.773250
v 19.569046 0.000000 -5.799738
v 19.569046 1.400000 -5.799738
v 19.523022 0.000000 -5.819275
v 19.523022 1.400000 -5.819275
v 19.764412 0.000000 -6.259991
v 19.764412 1.400000 -6.259991
v 19.718388 0.000000 -6.279528
v 19.718388 1.400000 -6.279528
v 19.783949 0.000000 -6.306016
v 19.783949 1.400000 -6.306016
v 19.737923 0.000000 -6.325552
v 19.737923 1.400000 -6.325552
v 19.285749 0.000000 -6.463171
v 19.285749 0.700000 -6.463171
v 19.239725 0.000000 -6.482708
v 19.239725 0.700000 -6.482708
v 19.305286 0.000000 -6.509196
v 19.305286 0.700000 -6.509196
v 19.259262 0.000000 -6.528733
v 19.259262 0.700000 -6.528733
v 19.070848 0.000000 -5.956893
v 19.070848 0.700000 -5.956893
v 19.024822 0.000000 -5.976430
v 19.024822 0.700000 -5.976430
v 19.090385 0.000000 -6.002919
v 19.090385 0.700000 -6.002919
v 19.044359 0.000000 -6.022455
v 19.044359 0.700000 -6.022455
v 19.527624 1.050000 -5.817321
v 19.573650 1.050000 -5.797785
v 19.527624 1.280000 -5.817321
v 19.573650 1.280000 -5.797785
v 19.722990 1.050000 -6.277574
v 19.769016 1.050000 -6.258038
v 19.722990 1.280000 -6.277574
v 19.769016 1.280000 -6.258038
v 4.490000 1.000000 -7.779999
v 4.490000 1.050000 -7.779999
v 4.490000 1.000000 -8.779999
v 4.490000 1.050000 -8.779999
v 5.490000 1.000000 -7.779999
v 5.490000 1.050000 -7.779999
v 5.490000 1.000000 -8.779999
v 5.490000 1.050000 -8.779999
v 4.640244 0.000000 -8.004999
v 4.640244 1.000000 -8.004999
v 4.640244 0.000000 -8.054999
v 4.640244 1.000000 -8.054999
v 4.690243 0.000000 -8.004999
v 4.690243 1.000000 -8.004999
v 4.690243 0.000000 -8.054998
v 4.690243 1.000000 -8.054998
v 4.640244 0.000000 -8.504999
v 4.640244 1.000000 -8.504999
v 4.640244 0.000000 -8.554998
v 4.640244 1.000000 -8.554998
v 4.690243 0.000000 -8.504999
v 4.690243 1.000000 -8.504999
v 4.690243 0.000000 -8.554998
v 4.690243 1.000000 -8.554998
v 5.215000 0.000000 -8.004999
v 5.215000 1.000000 -8.004999
v 5.215000 0.000000 -8.054998
v 5.215000 1.000000 -8.054998
v 5.264999 0.000000 -8.004999
v 5.264999 1.000000 -8.004999
v 5.264999 0.000000 -8.054999
v 5.264999 1.000000 -8.054999
v 5.215000 0.000000 -8.504999
v 5.215000 1.000000 -8.504999
v 5.215000 0.000000 -8.554998
v 5.215000 1.000000 -8.554998
v 5.264999 0.000000 -8.504999
v 5.264999 1.000000 -8.504999
v 5.264999 0.000000 -8.554998
v 5.264999 1.000000 -8.554998
v 4.665001 0.700000 -7.325000
v 4.665001 0.750000 -7.325000
v 4.665001 0.700000 -7.855000
v 4.665001 0.750000 -7.855000
v 5.264999 0.700000 -7.325000
v 5.264999 0.750000 -7.325000
v 5.264999 0.700000 -7.855000
v 5.264999 0.750000 -7.855000
v 4.665001 0.000000 -7.275001
v 4.665001 1.400000 -7.275001
v 4.665001 0.000000 -7.325001
v 4.665001 1.400000 -7.325001
v 4.715000 0.000000 -7.275002
v 4.715000 1.400000 -7.275002
v 4.715000 0.000000 -7.325001
v 4.715000 1.400000 -7.325001
v 5.215000 0.000000 -7.275001
v 5.215000 1.400000 -7.275001
v 5.215000 0.000000 -7.325000
v 5.215000 1.400000 -7.325000
v 5.264999 0.000000 -7.275001
v 5.264999 1.400000 -7.275001
v 5.264999 0.000000 -7.325001
v 5.264999 1.400000 -7.325001
v 5.215000 0.000000 -7.795001
v 5.215000 0.700000 -7.795001
v 5.215000 0.000000 -7.845001
v 5.215000 0.700000 -7.845001
v 5.264999 0.000000 -7.795001
v 5.264999 0.700000 -7.795001
v 5.264999 0.000000 -7.845001
v 5.264999 0.700000 -7.845001
v 4.665001 0.000000 -7.795001
v 4.665001 0.700000 -7.795001
v 4.665001 0.000000 -7.845001
v 4.665001 0.700000 -7.845001
v 4.715000 0.000000 -7.795001
v 4.715000 0.700000 -7.795001
v 4.715000 0.000000 -7.845001
v 4.715000 0.700000 -7.845001
v 4.715000 1.050000 -7.320001
v 4.715000 1.050000 -7.270001
v 4.715000 1.280000 -7.320001
v 4.715000 1.280000 -7.270001
v 5.215000 1.050000 -7.320001
v 5.215000 1.050000 -7.270001
v 5.215000 1.280000 -7.320001
v 5.215000 1.280000 -7.270001
v 4.000000 0.700000 -8.600001
v 4.000000 0.750000 -8.600001
v 4.529999 0.700000 -8.600001
v 4.529999 0.750000 -8.600001
v 4.000000 0.700000 -8.000001
v 4.000000 0.750000 -8.000001
v 4.529999 0.700000 -8.000001
v 4.529999 0.750000 -8.000001
v 3.950001 0.000000 -8.600001
v 3.950001 1.400000 -8.600001
v 4.000000 0.000000 -8.600001
v 4.000000 1.400000 -8.600001
v 3.950001 0.000000 -8.550001
v 3.950001 1.400000 -8.550001
v 4.000000 0.000000 -8.550001
v 4.000000 1.400000 -8.550001
v 3.950001 0.000000 -8.050001
v 3.950001 1.400000 -8.050001
v 4.000000 0.000000 -8.050001
v 4.000000 1.400000 -8.050001
v 3.950001 0.000000 -8.000001
v 3.950001 1.400000 -8.000001
v 4.000000 0.000000 -8.000001
v 4.000000 1.400000 -8.000001
v 4.470001 0.000000 -8.050001
v 4.470001 0.700000 -8.050001
v 4.520000 0.000000 -8.050001
v 4.520000 0.700000 -8.050001
v 4.470001 0.000000 -8.000001
v 4.470001 0.700000 -8.000001
v 4.520000 0.000000 -8.000002
v 4.520000 0.700000 -8.000002
v 4.470001 0.000000 -8.600001
v 4.470001 0.700000 -8.600001
v 4.520000 0.000000 -8.600001
v 4.520000 0.700000 -8.600001
v 4.470001 0.000000 -8.550001
v 4.470001 0.700000 -8.550001
v 4.520000 0.000000 -8.550001
v 4.520000 0.700000 -8.550001
v 3.995001 1.050000 -8.550001
v 3.945002 1.050000 -8.550001
v 3.995001 1.280000 -8.550001
v 3.945002 1.280000 -8.550001
v 3.995001 1.050000 -8.050001
v 3.945002 1.050000 -8.050001
v 3.995001 1.280000 -8.050001
v 3.945002 1.280000 -8.050001
v 5.264999 0.700000 -9.245001
v 5.264999 0.750000 -9.245001
v 5.264999 0.700000 -8.715001
v 5.264999 0.750000 -8.715001
v 4.665001 0.700000 -9.245002
v 4.665001 0.750000 -9.245002
v 4.665001 0.700000 -8.715002
v 4.665001 0.750000 -8.715002
v 5.264999 0.000000 -9.295001
v 5.264999 1.400000 -9.295001
v 5.264999 0.000000 -9.245001
v 5.264999 1.400000 -9.245001
v 5.215000 0.000000 -9.295002
v 5.215000 1.400000 -9.295002
v 5.215000 0.000000 -9.245001
v 5.215000 1.400000 -9.245001
v 4.715000 0.000000 -9.295001
v 4.715000 1.400000 -9.295001
v 4.715000 0.000000 -9.245001
v 4.715000 1.400000 -9.245001
v 4.665001 0.000000 -9.295001
v 4.665001 1.400000 -9.295001
v 4.665001 0.000000 -9.245001
v 4.665001 1.400000 -9.245001
v 4.715000 0.000000 -8.775001
v 4.715000 0.700000 -8.775001
v 4.715000 0.000000 -8.725001
v 4.715000 0.700000 -8.725001
v 4.665001 0.000000 -8.775001
v 4.665001 0.700000 -8.775001
v 4.665001 0.000000 -8.725000
v 4.665001 0.700000 -8.725000
v 5.264999 0.000000 -8.775001
v 5.264999 0.700000 -8.775001
v 5.264999 0.000000 -8.725000
v 5.264999 0.700000 -8.725000
v 5.215000 0.000000 -8.775002
v 5.215000 0.700000 -8.775002
v 5.215000 0.000000 -8.725000
v 5.215000 0.700000 -8.725000
v 5.215000 1.050000 -9.250001
v 5.215000 1.050000 -9.300001
v 5.215000 1.280000 -9.250001
v 5.215000 1.280000 -9.300001
v 4.715000 1.050000 -9.250000
v 4.715000 1.050000 -9.300000
v 4.715000 1.280000 -9.250000
v 4.715000 1.280000 -9.300000
v 5.959999 0.700000 -8.000002
v 5.959999 0.750000 -8.000002
v 5.430000 0.700000 -8.000001
v 5.430000 0.750000 -8.000001
v 5.960001 0.700000 -8.600001
v 5.960001 0.750000 -8.600001
v 5.430000 0.700000 -8.600002
v 5.430000 0.750000 -8.600002
v 6.009998 0.000000 -8.000001
v 6.009998 1.400000 -8.000001
v 5.959999 0.000000 -8.000002
v 5.959999 1.400000 -8.000002
v 6.009998 0.000000 -8.050001
v 6.009998 1.400000 -8.050001
v 5.959999 0.000000 -8.050001
v 5.959999 1.400000 -8.050001
v 6.009998 0.000000 -8.550001
v 6.009998 1.400000 -8.550001
v 5.959999 0.000000 -8.550001
v 5.959999 1.400000 -8.550001
v 6.009998 0.000000 -8.600001
v 6.009998 1.400000 -8.600001
v 5.959999 0.000000 -8.600001
v 5.959999 1.400000 -8.600001
v 5.490000 0.000000 -8.550001
v 5.490000 0.700000 -8.550001
v 5.439999 0.000000 -8.550001
v 5.439999 0.700000 -8.550001
v 5.490000 0.000000 -8.600001
v 5.490000 0.700000 -8.600001
v 5.439999 0.000000 -8.600001
v 5.439999 0.700000 -8.600001
v 5.490000 0.000000 -8.000001
v 5.490000 0.700000 -8.000001
v 5.439999 0.000000 -8.000001
v 5.439999 0.700000 -8.000001
v 5.489998 0.000000 -8.050001
v 5.489998 0.700000 -8.050001
v 5.439999 0.000000 -8.050001
v 5.439999 0.700000 -8.050001
v 5.965000 1.050000 -8.050001
v 6.014999 1.050000 -8.050001
v 5.965000 1.280000 -8.050001
v 6.014999 1.280000 -8.050001
v 5.965000 1.050000 -8.550001
v 6.014999 1.050000 -8.550001
v 5.965000 1.280000 -8.550001
v 6.014999 1.280000 -8.550001
v 2.000000 0.000000 -5.820000
v 2.000000 1.500000 -5.820000
v 2.000000 0.000000 -6.240000
v 2.000000 1.500000 -6.240000
v 9.000000 0.000000 -5.820000
v 9.000000 1.500000 -5.820000
v 9.000000 0.000000 -6.240000
v 9.000000 1.500000 -6.240000
v 9.010002 0.000000 -3.560000
v 9.010002 1.500000 -3.560000
v 8.590000 0.000000 -3.559999
v 8.590000 1.500000 -3.559999
v 9.010000 0.000000 -5.820000
v 9.010000 1.500000 -5.820000
v 8.590000 0.000000 -5.820000
v 8.590000 1.500000 -5.820000
v 10.948936 1.000000 -4.013897
v 10.948936 1.050000 -4.013897
v 10.433899 1.000000 -4.871064
v 10.433899 1.050000 -4.871064
v 11.806105 1.000000 -4.528934
v 11.806105 1.050000 -4.528934
v 11.291065 1.000000 -5.386102
v 11.291065 1.050000 -5.386102
v 10.961836 0.000000 -4.284140
v 10.961836 1.000000 -4.284140
v 10.936085 0.000000 -4.326999
v 10.936085 1.000000 -4.326999
v 11.004696 0.000000 -4.309892
v 11.004696 1.000000 -4.309892
v 10.978943 0.000000 -4.352751
v 10.978943 1.000000 -4.352751
v 10.704317 0.000000 -4.712724
v 10.704317 1.000000 -4.712724
v 10.678566 0.000000 -4.755582
v 10.678566 1.000000 -4.755582
v 10.747175 0.000000 -4.738476
v 10.747175 1.000000 -4.738476
v 10.721424 0.000000 -4.781334
v 10.721424 1.000000 -4.781334
v 11.454500 0.000000 -4.580162
v 11.454500 1.000000 -4.580162
v 11.428747 0.000000 -4.623020
v 11.428747 1.000000 -4.623020
v 11.497358 0.000000 -4.605914
v 11.497358 1.000000 -4.605914
v 11.471605 0.000000 -4.648772
v 11.471605 1.000000 -4.648772
v 11.196980 0.000000 -5.008746
v 11.196980 1.000000 -5.008746
v 11.171228 0.000000 -5.051604
v 11.171228 1.000000 -5.051604
v 11.239840 0.000000 -5.034497
v 11.239840 1.000000 -5.034497
v 11.214087 0.000000 -5.077356
v 11.214087 1.000000 -5.077356
v 11.333282 0.700000 -3.714019
v 11.333282 0.750000 -3.714019
v 11.060312 0.700000 -4.168317
v 11.060312 0.750000 -4.168317
v 11.847584 0.700000 -4.023041
v 11.847584 0.750000 -4.023041
v 11.574614 0.700000 -4.477340
v 11.574614 0.750000 -4.477340
v 11.359034 0.000000 -3.671161
v 11.359034 1.400000 -3.671161
v 11.333282 0.000000 -3.714019
v 11.333282 1.400000 -3.714019
v 11.401892 0.000000 -3.696912
v 11.401892 1.400000 -3.696912
v 11.376141 0.000000 -3.739771
v 11.376141 1.400000 -3.739771
v 11.830477 0.000000 -3.954432
v 11.830477 1.400000 -3.954432
v 11.804724 0.000000 -3.997290
v 11.804724 1.400000 -3.997290
v 11.873335 0.000000 -3.980183
v 11.873335 1.400000 -3.980183
v 11.847584 0.000000 -4.023042
v 11.847584 1.400000 -4.023042
v 11.562656 0.000000 -4.400159
v 11.562656 0.700000 -4.400159
v 11.536905 0.000000 -4.443017
v 11.536905 0.700000 -4.443017
v 11.605515 0.000000 -4.425910
v 11.605515 0.700000 -4.425910
v 11.579763 0.000000 -4.468769
v 11.579763 0.700000 -4.468769
v 11.091215 0.000000 -4.116888
v 11.091215 0.700000 -4.116888
v 11.065462 0.000000 -4.159746
v 11.065462 0.700000 -4.159746
v 11.134073 0.000000 -4.142639
v 11.134073 0.700000 -4.142639
v 11.108320 0.000000 -4.185498
v 11.108320 0.700000 -4.185498
v 11.378716 1.050000 -3.735485
v 11.404469 1.050000 -3.692626
v 11.378716 1.280000 -3.735485
v 11.404469 1.280000 -3.692626
v 11.807301 1.050000 -3.993004
v 11.833052 1.050000 -3.950146
v 11.807301 1.280000 -3.993004
v 11.833052 1.280000 -3.950146
v 10.106592 0.700000 -4.464407
v 10.106592 0.750000 -4.464407
v 10.560890 0.700000 -4.737377
v 10.560890 0.750000 -4.737377
v 10.415615 0.700000 -3.950107
v 10.415615 0.750000 -3.950107
v 10.869913 0.700000 -4.223077
v 10.869913 0.750000 -4.223077
v 10.063734 0.000000 -4.438656
v 10.063734 1.400000 -4.438656
v 10.106592 0.000000 -4.464408
v 10.106592 1.400000 -4.464408
v 10.089487 0.000000 -4.395797
v 10.089487 1.400000 -4.395797
v 10.132345 0.000000 -4.421549
v 10.132345 1.400000 -4.421549
v 10.347006 0.000000 -3.967214
v 10.347006 1.400000 -3.967214
v 10.389864 0.000000 -3.992966
v 10.389864 1.400000 -3.992966
v 10.372757 0.000000 -3.924356
v 10.372757 1.400000 -3.924356
v 10.415615 0.000000 -3.950107
v 10.415615 1.400000 -3.950107
v 10.792732 0.000000 -4.235034
v 10.792732 0.700000 -4.235034
v 10.835590 0.000000 -4.260785
v 10.835590 0.700000 -4.260785
v 10.818485 0.000000 -4.192175
v 10.818485 0.700000 -4.192175
v 10.861343 0.000000 -4.217927
v 10.861343 0.700000 -4.217927
v 10.509462 0.000000 -4.706476
v 10.509462 0.700000 -4.706476
v 10.552320 0.000000 -4.732227
v 10.552320 0.700000 -4.732227
v 10.535213 0.000000 -4.663617
v 10.535213 0.700000 -4.663617
v 10.578072 0.000000 -4.689369
v 10.578072 0.700000 -4.689369
v 10.128059 1.050000 -4.418974
v 10.085201 1.050000 -4.393222
v 10.128059 1.280000 -4.418974
v 10.085201 1.280000 -4.393222
v 10.385578 1.050000 -3.990391
v 10.342720 1.050000 -3.964638
v 10.385578 1.280000 -3.990391
v 10.342720 1.280000 -3.964638
v 10.858709 0.700000 -5.668804
v 10.858709 0.750000 -5.668804
v 11.131680 0.700000 -5.214505
v 11.131680 0.750000 -5.214505
v 10.344410 0.700000 -5.359781
v 10.344410 0.750000 -5.359781
v 10.617378 0.700000 -4.905482
v 10.617378 0.750000 -4.905482
v 10.832958 0.000000 -5.711661
v 10.832958 1.400000 -5.711661
v 10.858709 0.000000 -5.668803
v 10.858709 1.400000 -5.668803
v 10.790100 0.000000 -5.685909
v 10.790100 1.400000 -5.685909
v 10.815851 0.000000 -5.643051
v 10.815851 1.400000 -5.643051
v 10.361515 0.000000 -5.428391
v 10.361515 1.400000 -5.428391
v 10.387268 0.000000 -5.385532
v 10.387268 1.400000 -5.385532
v 10.318657 0.000000 -5.402639
v 10.318657 1.400000 -5.402639
v 10.344410 0.000000 -5.359780
v 10.344410 1.400000 -5.359780
v 10.629335 0.000000 -4.982663
v 10.629335 0.700000 -4.982663
v 10.655087 0.000000 -4.939805
v 10.655087 0.700000 -4.939805
v 10.586477 0.000000 -4.956912
v 10.586477 0.700000 -4.956912
v 10.612228 0.000000 -4.914053
v 10.612228 0.700000 -4.914053
v 11.100777 0.000000 -5.265934
v 11.100777 0.700000 -5.265934
v 11.126530 0.000000 -5.223076
v 11.126530 0.700000 -5.223076
v 11.057919 0.000000 -5.240182
v 11.057919 0.700000 -5.240182
v 11.083672 0.000000 -5.197324
v 11.083672 0.700000 -5.197324
v 10.813276 1.050000 -5.647337
v 10.787525 1.050000 -5.690196
v 10.813276 1.280000 -5.647337
v 10.787525 1.280000 -5.690196
v 10.384693 1.050000 -5.389818
v 10.358940 1.050000 -5.432676
v 10.384693 1.280000 -5.389818
v 10.358940 1.280000 -5.432676
v 12.095663 0.700000 -4.959581
v 12.095663 0.750000 -4.959581
v 11.641365 0.700000 -4.686611
v 11.641365 0.750000 -4.686611
v 11.786640 0.700000 -5.473882
v 11.786640 0.750000 -5.473882
v 11.332342 0.700000 -5.200912
v 11.332342 0.750000 -5.200912
v 12.138521 0.000000 -4.985333
v 12.138521 1.400000 -4.985333
v 12.095663 0.000000 -4.959581
v 12.095663 1.400000 -4.959581
v 12.112770 0.000000 -5.028192
v 12.112770 1.400000 -5.028192
v 12.069910 0.000000 -5.002439
v 12.069910 1.400000 -5.002439
v 11.855249 0.000000 -5.456775
v 11.855249 1.400000 -5.456775
v 11.812391 0.000000 -5.431024
v 11.812391 1.400000 -5.431024
v 11.829498 0.000000 -5.499634
v 11.829498 1.400000 -5.499634
v 11.786640 0.000000 -5.473882
v 11.786640 1.400000 -5.473882
v 11.409523 0.000000 -5.188955
v 11.409523 0.700000 -5.188955
v 11.366665 0.000000 -5.163203
v 11.366665 0.700000 -5.163203
v 11.383770 0.000000 -5.231813
v 11.383770 0.700000 -5.231813
v 11.340912 0.000000 -5.206061
v 11.340912 0.700000 -5.206061
v 11.692795 0.000000 -4.717513
v 11.692795 0.700000 -4.717513
v 11.649935 0.000000 -4.691761
v 11.649935 0.700000 -4.691761
v 11.667042 0.000000 -4.760372
v 11.667042 0.700000 -4.760372
v 11.624184 0.000000 -4.734620
v 11.624184 0.700000 -4.734620
v 12.074196 1.050000 -5.005014
v 12.117056 1.050000 -5.030766
v 12.074196 1.280000 -5.005014
v 12.117056 1.280000 -5.030766
v 11.816677 1.050000 -5.433599
v 11.859535 1.050000 -5.459351
v 11.816677 1.280000 -5.433599
v 11.859535 1.280000 -5.459351
v 9.586176 1.000000 -7.578162
v 9.586176 1.050000 -7.578162
v 8.798164 1.000000 -8.193824
v 8.798164 1.050000 -8.193824
v 10.201838 1.000000 -8.366173
v 10.201838 1.050000 -8.366173
v 9.413826 1.000000 -8.981834
v 9.413826 1.050000 -8.981834
v 9.501373 0.000000 -7.835079
v 9.501373 1.000000 -7.835079
v 9.461971 0.000000 -7.865862
v 9.461971 1.000000 -7.865862
v 9.532156 0.000000 -7.874480
v 9.532156 1.000000 -7.874480
v 9.492756 0.000000 -7.905263
v 9.492756 1.000000 -7.905263
v 9.107368 0.000000 -8.142910
v 9.107368 1.000000 -8.142910
v 9.067966 0.000000 -8.173693
v 9.067966 1.000000 -8.173693
v 9.138149 0.000000 -8.182310
v 9.138149 1.000000 -8.182310
v 9.098751 0.000000 -8.213093
v 9.098751 1.000000 -8.213093
v 9.855228 0.000000 -8.287993
v 9.855228 1.000000 -8.287993
v 9.815828 0.000000 -8.318777
v 9.815828 1.000000 -8.318777
v 9.886011 0.000000 -8.327394
v 9.886011 1.000000 -8.327394
v 9.846611 0.000000 -8.358177
v 9.846611 1.000000 -8.358177
v 9.461224 0.000000 -8.595825
v 9.461224 1.000000 -8.595825
v 9.421822 0.000000 -8.626608
v 9.421822 1.000000 -8.626608
v 9.492006 0.000000 -8.635225
v 9.492006 1.000000 -8.635225
v 9.452606 0.000000 -8.666008
v 9.452606 1.000000 -8.666008
v 10.052460 0.700000 -7.435939
v 10.052460 0.750000 -7.435939
v 9.634815 0.700000 -7.762240
v 9.634815 0.750000 -7.762240
v 10.421858 0.700000 -7.908745
v 10.421858 0.750000 -7.908745
v 10.004211 0.700000 -8.235046
v 10.004211 0.750000 -8.235046
v 10.091862 0.000000 -7.405156
v 10.091862 1.400000 -7.405156
v 10.052460 0.000000 -7.435939
v 10.052460 1.400000 -7.435939
v 10.122644 0.000000 -7.444557
v 10.122644 1.400000 -7.444557
v 10.083244 0.000000 -7.475340
v 10.083244 1.400000 -7.475340
v 10.430475 0.000000 -7.838562
v 10.430475 1.400000 -7.838562
v 10.391075 0.000000 -7.869345
v 10.391075 1.400000 -7.869345
v 10.461258 0.000000 -7.877963
v 10.461258 1.400000 -7.877963
v 10.421858 0.000000 -7.908746
v 10.421858 1.400000 -7.908746
v 10.020710 0.000000 -8.158707
v 10.020710 0.700000 -8.158707
v 9.981308 0.000000 -8.189489
v 9.981308 0.700000 -8.189489
v 10.051493 0.000000 -8.198107
v 10.051493 0.700000 -8.198107
v 10.012093 0.000000 -8.228889
v 10.012093 0.700000 -8.228889
v 9.682095 0.000000 -7.725301
v 9.682095 0.700000 -7.725301
v 9.642694 0.000000 -7.756083
v 9.642694 0.700000 -7.756083
v 9.712879 0.000000 -7.764701
v 9.712879 0.700000 -7.764701
v 9.673477 0.000000 -7.795484
v 9.673477 0.700000 -7.795484
v 10.087183 1.050000 -7.472261
v 10.126583 1.050000 -7.441479
v 10.087183 1.280000 -7.472261
v 10.126583 1.280000 -7.441479
v 10.395014 1.050000 -7.866267
v 10.434414 1.050000 -7.835484
v 10.395014 1.280000 -7.866267
v 10.434414 1.280000 -7.835484
v 8.638332 0.700000 -7.696881
v 8.638332 0.750000 -7.696881
v 8.964632 0.700000 -8.114527
v 8.964632 0.750000 -8.114527
v 9.111137 0.700000 -7.327484
v 9.111137 0.750000 -7.327484
v 9.437439 0.700000 -7.745130
v 9.437439 0.750000 -7.745130
v 8.607550 0.000000 -7.657481
v 8.607550 1.400000 -7.657481
v 8.638332 0.000000 -7.696881
v 8.638332 1.400000 -7.696881
v 8.646950 0.000000 -7.626698
v 8.646950 1.400000 -7.626698
v 8.677732 0.000000 -7.666099
v 8.677732 1.400000 -7.666099
v 9.040955 0.000000 -7.318867
v 9.040955 1.400000 -7.318867
v 9.071737 0.000000 -7.358268
v 9.071737 1.400000 -7.358268
v 9.080357 0.000000 -7.288084
v 9.080357 1.400000 -7.288084
v 9.111137 0.000000 -7.327485
v 9.111137 1.400000 -7.327485
v 9.361099 0.000000 -7.728632
v 9.361099 0.700000 -7.728632
v 9.391882 0.000000 -7.768033
v 9.391882 0.700000 -7.768033
v 9.400499 0.000000 -7.697849
v 9.400499 0.700000 -7.697849
v 9.431282 0.000000 -7.737250
v 9.431282 0.700000 -7.737250
v 8.927692 0.000000 -8.067246
v 8.927692 0.700000 -8.067246
v 8.958477 0.000000 -8.106647
v 8.958477 0.700000 -8.106647
v 8.967094 0.000000 -8.036464
v 8.967094 0.700000 -8.036464
v 8.997877 0.000000 -8.075864
v 8.997877 0.700000 -8.075864
v 8.674654 1.050000 -7.662158
v 8.643871 1.050000 -7.622758
v 8.674654 1.280000 -7.662158
v 8.643871 1.280000 -7.622758
v 9.068661 1.050000 -7.354327
v 9.037876 1.050000 -7.314927
v 9.068661 1.280000 -7.354327
v 9.037876 1.280000 -7.314927
v 8.908876 0.700000 -9.090816
v 8.908876 0.750000 -9.090816
v 9.326523 0.700000 -8.764516
v 9.326523 0.750000 -8.764516
v 8.539478 0.700000 -8.618011
v 8.539478 0.750000 -8.618011
v 8.957125 0.700000 -8.291709
v 8.957125 0.750000 -8.291709
v 8.869476 0.000000 -9.121599
v 8.869476 1.400000 -9.121599
v 8.908876 0.000000 -9.090816
v 8.908876 1.400000 -9.090816
v 8.838694 0.000000 -9.082198
v 8.838694 1.400000 -9.082198
v 8.878094 0.000000 -9.051415
v 8.878094 1.400000 -9.051415
v 8.530863 0.000000 -8.688193
v 8.530863 1.400000 -8.688193
v 8.570263 0.000000 -8.657410
v 8.570263 1.400000 -8.657410
v 8.500080 0.000000 -8.648792
v 8.500080 1.400000 -8.648792
v 8.539478 0.000000 -8.618010
v 8.539478 1.400000 -8.618010
v 8.940628 0.000000 -8.368049
v 8.940628 0.700000 -8.368049
v 8.980028 0.000000 -8.337266
v 8.980028 0.700000 -8.337266
v 8.909845 0.000000 -8.328649
v 8.909845 0.700000 -8.328649
v 8.949245 0.000000 -8.297865
v 8.949245 0.700000 -8.297865
v 9.279242 0.000000 -8.801455
v 9.279242 0.700000 -8.801455
v 9.318642 0.000000 -8.770672
v 9.318642 0.700000 -8.770672
v 9.248459 0.000000 -8.762054
v 9.248459 0.700000 -8.762054
v 9.287859 0.000000 -8.731272
v 9.287859 0.700000 -8.731272
v 8.874153 1.050000 -9.054494
v 8.834753 1.050000 -9.085278
v 8.874153 1.280000 -9.054494
v 8.834753 1.280000 -9.085278
v 8.566322 1.050000 -8.660488
v 8.526922 1.050000 -8.691271
v 8.566322 1.280000 -8.660488
v 8.526922 1.280000 -8.691271
v 10.317835 0.700000 -8.871984
v 10.317835 0.750000 -8.871984
v 9.991535 0.700000 -8.454340
v 9.991535 0.750000 -8.454340
v 9.845028 0.700000 -9.241382
v 9.845028 0.750000 -9.241382
v 9.518728 0.700000 -8.823736
v 9.518728 0.750000 -8.823736
v 10.348618 0.000000 -8.911385
v 10.348618 1.400000 -8.911385
v 10.317835 0.000000 -8.871984
v 10.317835 1.400000 -8.871984
v 10.309217 0.000000 -8.942168
v 10.309217 1.400000 -8.942168
v 10.278435 0.000000 -8.902768
v 10.278435 1.400000 -8.902768
v 9.915211 0.000000 -9.249999
v 9.915211 1.400000 -9.249999
v 9.884428 0.000000 -9.210598
v 9.884428 1.400000 -9.210598
v 9.875811 0.000000 -9.280783
v 9.875811 1.400000 -9.280783
v 9.845028 0.000000 -9.241382
v 9.845028 1.400000 -9.241382
v 9.595068 0.000000 -8.840233
v 9.595068 0.700000 -8.840233
v 9.564285 0.000000 -8.800833
v 9.564285 0.700000 -8.800833
v 9.555668 0.000000 -8.871017
v 9.555668 0.700000 -8.871017
v 9.524883 0.000000 -8.831616
v 9.524883 0.700000 -8.831616
v 10.028473 0.000000 -8.501619
v 10.028473 0.700000 -8.501619
v 9.997690 0.000000 -8.462219
v 9.997690 0.700000 -8.462219
v 9.989073 0.000000 -8.532402
v 9.989073 0.700000 -8.532402
v 9.958290 0.000000 -8.493002
v 9.958290 0.700000 -8.493002
v 10.281513 1.050000 -8.906708
v 10.312296 1.050000 -8.946108
v 10.281513 1.280000 -8.906708
v 10.312296 1.280000 -8.946108
v 9.887506 1.050000 -9.214539
v 9.918289 1.050000 -9.253939
v 9.887506 1.280000 -9.214539
v 9.918289 1.280000 -9.253939
v 18.879999 1.000000 -2.749999
v 18.879999 1.050000 -2.749999
v 18.879999 1.000000 -3.749999
v 18.879999 1.050000 -3.749999
v 19.879999 1.000000 -2.749999
v 19.879999 1.050000 -2.749999
v 19.879999 1.000000 -3.749998
v 19.879999 1.050000 -3.749998
v 19.030243 0.000000 -2.974998
v 19.030243 1.000000 -2.974998
v 19.030243 0.000000 -3.024999
v 19.030243 1.000000 -3.024999
v 19.080242 0.000000 -2.974999
v 19.080242 1.000000 -2.974999
v 19.080242 0.000000 -3.024999
v 19.080242 1.000000 -3.024999
v 19.030243 0.000000 -3.474998
v 19.030243 1.000000 -3.474998
v 19.030243 0.000000 -3.524999
v 19.030243 1.000000 -3.524999
v 19.080242 0.000000 -3.474998
v 19.080242 1.000000 -3.474998
v 19.080242 0.000000 -3.524999
v 19.080242 1.000000 -3.524999
v 19.605000 0.000000 -2.974999
v 19.605000 1.000000 -2.974999
v 19.605000 0.000000 -3.024999
v 19.605000 1.000000 -3.024999
v 19.654999 0.000000 -2.974999
v 19.654999 1.000000 -2.974999
v 19.654999 0.000000 -3.024999
v 19.654999 1.000000 -3.024999
v 19.605000 0.000000 -3.474998
v 19.605000 1.000000 -3.474998
v 19.605000 0.000000 -3.524999
v 19.605000 1.000000 -3.524999
v 19.654999 0.000000 -3.474998
v 19.654999 1.000000 -3.474998
v 19.654999 0.000000 -3.524999
v 19.654999 1.000000 -3.524999
v 19.055000 0.700000 -2.295000
v 19.055000 0.750000 -2.295000
v 19.055000 0.700000 -2.825000
v 19.055000 0.750000 -2.825000
v 19.654999 0.700000 -2.295000
v 19.654999 0.750000 -2.295000
v 19.654999 0.700000 -2.825000
v 19.654999 0.750000 -2.825000
v 19.055000 0.000000 -2.245000
v 19.055000 1.400000 -2.245000
v 19.055000 0.000000 -2.295001
v 19.055000 1.400000 -2.295001
v 19.105000 0.000000 -2.245001
v 19.105000 1.400000 -2.245001
v 19.105000 0.000000 -2.295001
v 19.105000 1.400000 -2.295001
v 19.605000 0.000000 -2.245000
v 19.605000 1.400000 -2.245000
v 19.605000 0.000000 -2.295001
v 19.605000 1.400000 -2.295001
v 19.654999 0.000000 -2.245000
v 19.654999 1.400000 -2.245000
v 19.654999 0.000000 -2.295001
v 19.654999 1.400000 -2.295001
v 19.605000 0.000000 -2.765001
v 19.605000 0.700000 -2.765001
v 19.605000 0.000000 -2.815001
v 19.605000 0.700000 -2.815001
v 19.654999 0.000000 -2.765001
v 19.654999 0.700000 -2.765001
v 19.654999 0.000000 -2.815001
v 19.654999 0.700000 -2.815001
v 19.055000 0.000000 -2.765001
v 19.055000 0.700000 -2.765001
v 19.055000 0.000000 -2.815001
v 19.055000 0.700000 -2.815001
v 19.105000 0.000000 -2.765001
v 19.105000 0.700000 -2.765001
v 19.105000 0.000000 -2.815001
v 19.105000 0.700000 -2.815001
v 19.105000 1.050000 -2.290001
v 19.105000 1.050000 -2.240000
v 19.105000 1.280000 -2.290001
v 19.105000 1.280000 -2.240000
v 19.605000 1.050000 -2.290001
v 19.605000 1.050000 -2.240001
v 19.605000 1.280000 -2.290001
v 19.605000 1.280000 -2.240001
v 18.389999 0.700000 -3.570001
v 18.389999 0.750000 -3.570001
v 18.920000 0.700000 -3.570001
v 18.920000 0.750000 -3.570001
v 18.389999 0.700000 -2.970001
v 18.389999 0.750000 -2.970001
v 18.920000 0.700000 -2.970001
v 18.920000 0.750000 -2.970001
v 18.340000 0.000000 -3.570001
v 18.340000 1.400000 -3.570001
v 18.389999 0.000000 -3.570001
v 18.389999 1.400000 -3.570001
v 18.340000 0.000000 -3.520001
v 18.340000 1.400000 -3.520001
v 18.389999 0.000000 -3.520001
v 18.389999 1.400000 -3.520001
v 18.340000 0.000000 -3.020001
v 18.340000 1.400000 -3.020001
v 18.389999 0.000000 -3.020001
v 18.389999 1.400000 -3.020001
v 18.340000 0.000000 -2.970001
v 18.340000 1.400000 -2.970001
v 18.389999 0.000000 -2.970001
v 18.389999 1.400000 -2.970001
v 18.860001 0.000000 -3.020001
v 18.860001 0.700000 -3.020001
v 18.910000 0.000000 -3.020001
v 18.910000 0.700000 -3.020001
v 18.860001 0.000000 -2.970001
v 18.860001 0.700000 -2.970001
v 18.910000 0.000000 -2.970001
v 18.910000 0.700000 -2.970001
v 18.860001 0.000000 -3.570001
v 18.860001 0.700000 -3.570001
v 18.910000 0.000000 -3.570001
v 18.910000 0.700000 -3.570001
v 18.860001 0.000000 -3.520001
v 18.860001 0.700000 -3.520001
v 18.910000 0.000000 -3.520001
v 18.910000 0.700000 -3.520001
v 18.385000 1.050000 -3.520001
v 18.335001 1.050000 -3.520001
v 18.385000 1.280000 -3.520001
v 18.335001 1.280000 -3.520001
v 18.385000 1.050000 -3.020001
v 18.335001 1.050000 -3.020001
v 18.385000 1.280000 -3.020001
v 18.335001 1.280000 -3.020001
v 19.654999 0.700000 -4.215001
v 19.654999 0.750000 -4.215001
v 19.654999 0.700000 -3.685002
v 19.654999 0.750000 -3.685002
v 19.055000 0.700000 -4.215001
v 19.055000 0.750000 -4.215001
v 19.055000 0.700000 -3.685002
v 19.055000 0.750000 -3.685002
v 19.654999 0.000000 -4.265001
v 19.654999 1.400000 -4.265001
v 19.654999 0.000000 -4.215001
v 19.654999 1.400000 -4.215001
v 19.605000 0.000000 -4.265001
v 19.605000 1.400000 -4.265001
v 19.605000 0.000000 -4.215001
v 19.605000 1.400000 -4.215001
v 19.105000 0.000000 -4.265001
v 19.105000 1.400000 -4.265001
v 19.105000 0.000000 -4.215001
v 19.105000 1.400000 -4.215001
v 19.055000 0.000000 -4.265001
v 19.055000 1.400000 -4.265001
v 19.055000 0.000000 -4.215001
v 19.055000 1.400000 -4.215001
v 19.105000 0.000000 -3.745000
v 19.105000 0.700000 -3.745000
v 19.105000 0.000000 -3.695001
v 19.105000 0.700000 -3.695001
v 19.055000 0.000000 -3.745001
v 19.055000 0.700000 -3.745001
v 19.055000 0.000000 -3.695001
v 19.055000 0.700000 -3.695001
v 19.654999 0.000000 -3.745000
v 19.654999 0.700000 -3.745000
v 19.654999 0.000000 -3.695001
v 19.654999 0.700000 -3.695001
v 19.605000 0.000000 -3.745001
v 19.605000 0.700000 -3.745001
v 19.605000 0.000000 -3.695001
v 19.605000 0.700000 -3.695001
v 19.605000 1.050000 -4.220001
v 19.605000 1.050000 -4.270000
v 19.605000 1.280000 -4.220001
v 19.605000 1.280000 -4.270000
v 19.105000 1.050000 -4.220001
v 19.105000 1.050000 -4.270000
v 19.105000 1.280000 -4.220001
v 19.105000 1.280000 -4.270000
v 20.349998 0.700000 -2.970001
v 20.349998 0.750000 -2.970001
v 19.820000 0.700000 -2.970001
v 19.820000 0.750000 -2.970001
v 20.350000 0.700000 -3.570002
v 20.350000 0.750000 -3.570002
v 19.820000 0.700000 -3.570001
v 19.820000 0.750000 -3.570001
v 20.400000 0.000000 -2.970001
v 20.400000 1.400000 -2.970001
v 20.349998 0.000000 -2.970001
v 20.349998 1.400000 -2.970001
v 20.400000 0.000000 -3.020001
v 20.400000 1.400000 -3.020001
v 20.349998 0.000000 -3.020001
v 20.349998 1.400000 -3.020001
v 20.400000 0.000000 -3.520001
v 20.400000 1.400000 -3.520001
v 20.349998 0.000000 -3.520001
v 20.349998 1.400000 -3.520001
v 20.399998 0.000000 -3.570001
v 20.399998 1.400000 -3.570001
v 20.349998 0.000000 -3.570001
v 20.349998 1.400000 -3.570001
v 19.879999 0.000000 -3.520001
v 19.879999 0.700000 -3.520001
v 19.829998 0.000000 -3.520001
v 19.829998 0.700000 -3.520001
v 19.879999 0.000000 -3.570002
v 19.879999 0.700000 -3.570002
v 19.829998 0.000000 -3.570001
v 19.829998 0.700000 -3.570001
v 19.879999 0.000000 -2.970001
v 19.879999 0.700000 -2.970001
v 19.829998 0.000000 -2.970001
v 19.829998 0.700000 -2.970001
v 19.879999 0.000000 -3.020001
v 19.879999 0.700000 -3.020001
v 19.829998 0.000000 -3.020001
v 19.829998 0.700000 -3.020001
v 20.355000 1.050000 -3.020001
v 20.404999 1.050000 -3.020001
v 20.355000 1.280000 -3.020001
v 20.404999 1.280000 -3.020001
v 20.355000 1.050000 -3.520001
v 20.404999 1.050000 -3.520001
v 20.355000 1.280000 -3.520001
v 20.404999 1.280000 -3.520001
v 22.400000 0.000000 -5.540000
v 22.400000 1.500000 -5.540000
v 22.400000 0.000000 -5.960000
v 22.400000 1.500000 -5.960000
v 29.600000 0.000000 -5.540000
v 29.600000 1.500000 -5.540000
v 29.600000 0.000000 -5.960000
v 29.600000 1.500000 -5.960000
vn -0.0000 1.0000 -0.0000
vn 1.0000 -0.0000 -0.0000
vn -1.0000 -0.0000 -0.0000
vn -0.0000 -0.0000 -1.0000
vn -0.0000 -0.0000 1.0000
vn 0.0981 -0.0000 -0.9952
vn 0.2907 -0.0000 -0.9568
vn 0.4719 -0.0000 -0.8817
vn 0.6348 -0.0000 -0.7727
vn 0.7735 -0.0000 -0.6338
vn 0.8821 -0.0000 -0.4710
vn 0.9570 -0.0000 -0.2900
vn 0.9952 -0.0000 -0.0979
vn 0.9952 -0.0000 0.0979
vn 0.9570 -0.0000 0.2900
vn 0.8821 -0.0000 0.4710
vn 0.7735 -0.0000 0.6338
vn 0.6348 -0.0000 0.7727
vn 0.4719 -0.0000 0.8817
vn 0.2907 -0.0000 0.9568
vn 0.0981 -0.0000 0.9952
vn -0.0981 -0.0000 0.9952
vn -0.2906 -0.0000 0.9568
vn -0.4719 -0.0000 0.8816
vn -0.6348 -0.0000 0.7727
vn -0.7735 -0.0000 0.6338
vn -0.8821 -0.0000 0.4710
vn -0.9570 -0.0000 0.2900
vn -0.9952 -0.0000 0.0980
vn -0.9952 -0.0000 -0.0980
vn -0.9570 -0.0000 -0.2900
vn -0.8821 -0.0000 -0.4710
vn -0.7735 -0.0000 -0.6338
vn -0.6348 -0.0000 -0.7727
vn -0.4719 -0.0000 -0.8816
vn -0.2906 -0.0000 -0.9568
vn -0.0981 -0.0000 -0.9952
vn -0.0000 -1.0000 -0.0000
vn 0.2906 -0.0000 -0.9568
vn 0.6349 -0.0000 -0.7726
vn 0.7733 -0.0000 -0.6340
vn 0.8822 -0.0000 -0.4709
vn 0.9571 -0.0000 -0.2898
vn 0.9952 -0.0000 -0.0981
vn 0.9952 -0.0000 0.0981
vn 0.9571 -0.0000 0.2898
vn 0.8822 -0.0000 0.4709
vn 0.7733 -0.0000 0.6340
vn 0.6349 -0.0000 0.7726
vn 0.2906 -0.0000 0.9568
vn -0.4718 -0.0000 0.8817
vn -0.6350 -0.0000 0.7725
vn -0.7733 -0.0000 0.6340
vn -0.8822 -0.0000 0.4709
vn -0.9952 -0.0000 0.0979
vn -0.9952 -0.0000 -0.0979
vn -0.8822 -0.0000 -0.4709
vn -0.7733 -0.0000 -0.6340
vn -0.6350 -0.0000 -0.7725
vn -0.4718 -0.0000 -0.8817
vn 0.4718 -0.0000 -0.8817
vn 0.7734 -0.0000 -0.6340
vn 0.9571 -0.0000 -0.2899
vn 0.9952 -0.0000 -0.0980
vn 0.9952 -0.0000 0.0980
vn 0.9571 -0.0000 0.2899
vn 0.7734 -0.0000 0.6340
vn 0.4718 -0.0000 0.8817
vn -0.0982 -0.0000 0.9952
vn -0.4719 -0.0000 0.8817
vn -0.6349 -0.0000 0.7726
vn -0.9571 -0.0000 0.2899
vn -0.9571 -0.0000 -0.2899
vn -0.6349 -0.0000 -0.7726
vn -0.4719 -0.0000 -0.8817
vn -0.0982 -0.0000 -0.9952
vn 0.0982 -0.0000 -0.9952
vn 0.2906 -0.0000 -0.9569
vn 0.4719 -0.0000 -0.8816
vn 0.7734 -0.0000 -0.6339
vn 0.7734 -0.0000 0.6339
vn 0.4719 -0.0000 0.8816
vn 0.2906 -0.0000 0.9569
vn 0.0982 -0.0000 0.9952
vn -0.7734 -0.0000 0.6339
vn -0.9952 -0.0000 0.0978
vn -0.9952 -0.0000 -0.0978
vn -0.7734 -0.0000 -0.6339
vn -0.9571 -0.0000 0.2898
vn -0.9571 -0.0000 -0.2898
vn 0.8822 -0.0000 -0.4708
vn 0.8822 -0.0000 0.4708
vn 0.6348 -0.0000 -0.7726
vn 0.6348 -0.0000 0.7726
vn -0.8572 -0.0000 0.5150
vn -0.5150 -0.0000 -0.8572
vn 0.8572 -0.0000 -0.5150
vn 0.5150 -0.0000 0.8572
vn -0.8572 -0.0000 0.5151
vn 0.8572 -0.0000 -0.5151
vn -0.8192 -0.0000 -0.5736
vn 0.5736 -0.0000 -0.8192
vn 0.8192 -0.0000 0.5736
vn -0.5736 -0.0000 0.8192
vn 0.5736 -0.0000 -0.8191
vn 0.8191 -0.0000 0.5736
vn -0.5736 -0.0000 0.8191
vn -0.8191 -0.0000 -0.5736
vn -0.9205 -0.0000 -0.3907
vn 0.3907 -0.0000 -0.9205
vn 0.9205 -0.0000 0.3907
vn -0.3907 -0.0000 0.9205
vn 0.9205 -0.0000 0.3908
vn -0.9205 -0.0000 -0.3908
vn -0.6157 -0.0000 0.7880
vn -0.7880 -0.0000 -0.6157
vn 0.6157 -0.0000 -0.7880
vn 0.7880 -0.0000 0.6157
vn -0.6156 -0.0000 0.7880
vn 0.7880 -0.0000 0.6156
vn -0.7880 -0.0000 -0.6156
vn 0.6156 -0.0000 -0.7880
vt 0.000000 0.000000
vt 27.402040 0.000000
vt 27.402040 11.119680
vt 0.000000 11.119680
vt 1.000000 0.000000
vt 1.000000 1.000000
vt 0.000000 1.000000
vt 1.000000 0.977853
vt 0.000000 0.977853
vt 16.288609 0.000000
vt 16.288609 11.634568
vt 0.000000 11.634568
vt 0.000000 2.375000
vt 0.000252 0.000255
vt 16.312603 -0.000542
vt 16.312313 2.374865
vt 19.374828 0.000000
vt 19.374828 2.574653
vt 0.000000 2.574653
vt 15.037292 0.000000
vt 15.037292 0.990157
vt 0.000000 0.990157
vt 28.920460 22.101963
vt 29.132275 0.000000
vt 0.062996 -0.037718
vt 0.000000 22.064243
vt 0.398647 0.000000
vt 1.000000 0.957977
vt 0.398647 0.957977
vt 3.940638 0.000000
vt 3.940638 1.000000
vt 1.000000 0.500000
vt 0.968750 1.000000
vt 0.968750 0.500000
vt 0.937500 1.000000
vt 0.937500 0.500000
vt 0.906250 1.000000
vt 0.906250 0.500000
vt 0.875000 1.000000
vt 0.875000 0.500000
vt 0.843750 1.000000
vt 0.843750 0.500000
vt 0.812500 1.000000
vt 0.812500 0.500000
vt 0.781250 1.000000
vt 0.781250 0.500000
vt 0.750000 1.000000
vt 0.750000 0.500000
vt 0.718750 1.000000
vt 0.718750 0.500000
vt 0.687500 1.000000
vt 0.687500 0.500000
vt 0.656250 1.000000
vt 0.656250 0.500000
vt 0.625000 1.000000
vt 0.625000 0.500000
vt 0.593750 1.000000
vt 0.593750 0.500000
vt 0.562500 1.000000
vt 0.562500 0.500000
vt 0.531250 1.000000
vt 0.531250 0.500000
vt 0.500000 1.000000
vt 0.500000 0.500000
vt 0.468750 1.000000
vt 0.468750 0.500000
vt 0.437500 1.000000
vt 0.437500 0.500000
vt 0.406250 1.000000
vt 0.406250 0.500000
vt 0.375000 1.000000
vt 0.375000 0.500000
vt 0.343750 1.000000
vt 0.343750 0.500000
vt 0.312500 1.000000
vt 0.312500 0.500000
vt 0.281250 1.000000
vt 0.281250 0.500000
vt 0.250000 1.000000
vt 0.250000 0.500000
vt 0.218750 1.000000
vt 0.218750 0.500000
vt 0.187500 1.000000
vt 0.187500 0.500000
vt 0.156250 1.000000
vt 0.156250 0.500000
vt 0.125000 1.000000
vt 0.125000 0.500000
vt 0.093750 1.000000
vt 0.093750 0.500000
vt 0.062500 1.000000
vt 0.062500 0.500000
vt 0.296822 0.485388
vt 0.250000 0.490000
vt 0.203178 0.485388
vt 0.158156 0.471731
vt 0.116663 0.449553
vt 0.080294 0.419706
vt 0.050447 0.383337
vt 0.028269 0.341844
vt 0.014612 0.296822
vt 0.010000 0.250000
vt 0.014612 0.203178
vt 0.028269 0.158156
vt 0.050447 0.116663
vt 0.080294 0.080294
vt 0.116663 0.050447
vt 0.158156 0.028269
vt 0.203178 0.014612
vt 0.250000 0.010000
vt 0.296822 0.014612
vt 0.341844 0.028269
vt 0.383337 0.050447
vt 0.419706 0.080294
vt 0.449553 0.116663
vt 0.471731 0.158156
vt 0.485388 0.203178
vt 0.490000 0.250000
vt 0.485388 0.296822
vt 0.471731 0.341844
vt 0.449553 0.383337
vt 0.419706 0.419706
vt 0.383337 0.449553
vt 0.341844 0.471731
vt 0.031250 1.000000
vt 0.031250 0.500000
vt 0.000000 0.500000
vt 0.750000 0.490000
vt 0.796822 0.485388
vt 0.841844 0.471731
vt 0.883337 0.449553
vt 0.919706 0.419706
vt 0.949553 0.383337
vt 0.971731 0.341844
vt 0.985388 0.296822
vt 0.990000 0.250000
vt 0.985388 0.203178
vt 0.971731 0.158156
vt 0.949553 0.116663
vt 0.919706 0.080294
vt 0.883337 0.050447
vt 0.841844 0.028269
vt 0.796822 0.014612
vt 0.750000 0.010000
vt 0.703178 0.014612
vt 0.658156 0.028269
vt 0.616663 0.050447
vt 0.580294 0.080294
vt 0.550447 0.116663
vt 0.528269 0.158156
vt 0.514612 0.203178
vt 0.510000 0.250000
vt 0.514612 0.296822
vt 0.528269 0.341844
vt 0.550447 0.383337
vt 0.580294 0.419706
vt 0.616663 0.449553
vt 0.658156 0.471731
vt 0.703178 0.485388
vt 0.375000 0.000000
vt 0.625000 0.000000
vt 0.625000 1.741289
vt 0.375000 1.741289
vt -0.003608 0.997195
vt -0.002977 0.250000
vt 1.000000 0.255069
vt 0.997819 1.002264
vt 0.375000 -1.946209
vt 0.625000 -1.946209
vt 0.625000 0.750000
vt 0.375000 0.750000
vt 0.999277 0.236071
vt 1.003906 1.007812
vt 0.001953 1.003906
vt 0.005859 0.233335
vt 0.125000 0.750000
vt 0.000000 0.003906
vt 0.996094 0.003906
vt 0.996094 0.750000
vt 0.000000 0.750000
vt 0.625000 0.250000
vt 0.375000 0.250000
vt 0.875000 0.750000
s 0
usemtl Material.640
f 1/1/1 2/2/1 4/3/1 3/4/1
usemtl Material.704
f 5/1/1 6/5/1 8/6/1 7/7/1
usemtl Material.655
f 9/1/2 10/5/2 12/8/2 11/9/2
usemtl Material.657
f 13/1/3 14/5/3 16/8/3 15/9/3
usemtl Material.658
f 17/1/4 18/5/4 20/8/4 19/9/4
usemtl Material.659
f 21/1/5 22/5/5 24/8/5 23/9/5
usemtl Material.660
f 25/1/4 26/5/4 28/8/4 27/9/4
usemtl Material.661
f 29/1/5 30/5/5 32/8/5 31/9/5
usemtl Material.662
f 33/1/2 34/5/2 36/8/2 35/9/2
usemtl Material.663
f 37/1/3 38/5/3 40/8/3 39/9/3
usemtl Material.664
f 41/1/4 42/5/4 44/8/4 43/9/4
usemtl Material.665
f 45/1/5 46/5/5 48/8/5 47/9/5
usemtl Material.666
f 49/1/4 50/5/4 52/8/4 51/9/4
usemtl Material.667
f 53/1/5 54/5/5 56/8/5 55/9/5
usemtl Material.681
f 57/1/4 58/5/4 60/8/4 59/9/4
usemtl Material.682
f 61/1/5 62/5/5 64/8/5 63/9/5
usemtl Material.396
f 65/1/2 66/5/2 68/8/2 67/9/2
usemtl Material.397
f 69/1/3 70/5/3 72/8/3 71/9/3
usemtl Material.690
f 73/1/4 74/5/4 76/8/4 75/9/4
usemtl Material.691
f 77/1/5 78/5/5 80/8/5 79/9/5
usemtl Material.692
f 81/1/4 82/5/4 84/8/4 83/9/4
usemtl Material.693
f 85/1/5 86/5/5 88/8/5 87/9/5
usemtl Material.694
f 89/1/2 90/5/2 92/8/2 91/9/2
usemtl Material.695
f 93/1/3 94/5/3 96/8/3 95/9/3
usemtl Material.696
f 97/1/2 98/5/2 100/8/2 99/9/2
usemtl Material.697
f 101/1/3 102/5/3 104/8/3 103/9/3
usemtl Material.698
f 105/1/4 106/5/4 108/8/4 107/9/4
usemtl Material.699
f 109/1/5 110/5/5 112/8/5 111/9/5
usemtl Material.701
f 113/1/4 114/5/4 116/8/4 115/9/4
usemtl Material.700
f 117/1/5 118/5/5 120/8/5 119/9/5
usemtl Material.702
f 121/1/4 122/5/4 124/8/4 123/9/4
usemtl Material.703
f 125/1/5 126/5/5 128/8/5 127/9/5
usemtl Material.403
f 129/1/1 130/10/1 132/11/1 131/12/1
usemtl Suelo_Principal.003
f 133/13/1 134/14/1 136/15/1 135/16/1
usemtl Suelo_Principal
f 137/1/1 138/17/1 140/18/1 139/19/1
usemtl Suelo_Principal.002
f 141/1/1 142/17/1 144/18/1 143/19/1
usemtl Suelo_Principal.004
f 145/13/1 146/14/1 148/15/1 147/16/1
usemtl Material.402
f 149/1/2 150/20/2 152/21/2 151/22/2
usemtl Material.399
f 153/1/5 154/20/5 156/21/5 155/22/5
usemtl Material.400
f 157/1/5 158/20/5 160/21/5 159/22/5
usemtl Material.401
f 161/1/2 162/20/2 164/21/2 163/22/2
usemtl Material.409
f 165/23/1 166/24/1 168/25/1 167/26/1
usemtl Material.617
f 169/27/2 170/5/2 172/28/2 171/29/2
usemtl Material.618
f 173/27/3 174/5/3 176/28/3 175/29/3
usemtl Material.619
f 177/27/2 178/5/2 180/28/2 179/29/2
usemtl Material.620
f 181/27/5 182/5/5 184/28/5 183/29/5
usemtl Material.621
f 185/27/3 186/5/3 188/28/3 187/29/3
usemtl Material.622
f 189/27/4 190/5/4 192/28/4 191/29/4
usemtl Material.623
f 193/27/5 194/5/5 196/28/5 195/29/5
usemtl Material.624
f 197/27/4 198/5/4 200/28/4 199/29/4
usemtl Material.625
f 201/27/3 202/5/3 204/28/3 203/29/3
usemtl Material.626
f 205/27/2 206/5/2 208/28/2 207/29/2
usemtl Material.627
f 209/27/3 210/5/3 212/28/3 211/29/3
usemtl Material.628
f 213/27/2 214/5/2 216/28/2 215/29/2
usemtl Material.629
f 217/27/5 218/5/5 220/28/5 219/29/5
usemtl Material.630
f 221/27/5 222/5/5 224/28/5 223/29/5
usemtl Material.631
f 225/27/5 226/5/5 228/28/5 227/29/5
usemtl Material.632
f 229/27/4 230/5/4 232/28/4 231/29/4
usemtl Material.639
f 233/1/1 234/5/1 236/6/1 235/7/1
usemtl Material.637
f 237/1/4 238/30/4 240/31/4 239/7/4
usemtl Material.634
f 241/1/4 242/30/4 244/31/4 243/7/4
usemtl Material.635
f 245/1/2 246/30/2 248/31/2 247/7/2
usemtl Material.636
f 249/1/2 250/30/2 252/31/2 251/7/2
usemtl Material.649
f 253/32/6 254/6/6 256/33/6 255/34/6
f 255/34/7 256/33/7 258/35/7 257/36/7
f 257/36/8 258/35/8 260/37/8 259/38/8
f 259/38/9 260/37/9 262/39/9 261/40/9
f 261/40/10 262/39/10 264/41/10 263/42/10
f 263/42/11 264/41/11 266/43/11 265/44/11
f 265/44/12 266/43/12 268/45/12 267/46/12
f 267/46/13 268/45/13 270/47/13 269/48/13
f 269/48/14 270/47/14 272/49/14 271/50/14
f 271/50/15 272/49/15 274/51/15 273/52/15
f 273/52/16 274/51/16 276/53/16 275/54/16
f 275/54/17 276/53/17 278/55/17 277/56/17
f 277/56/18 278/55/18 280/57/18 279/58/18
f 279/58/19 280/57/19 282/59/19 281/60/19
f 281/60/20 282/59/20 284/61/20 283/62/20
f 283/62/21 284/61/21 286/63/21 285/64/21
f 285/64/22 286/63/22 288/65/22 287/66/22
f 287/66/23 288/65/23 290/67/23 289/68/23
f 289/68/24 290/67/24 292/69/24 291/70/24
f 291/70/25 292/69/25 294/71/25 293/72/25
f 293/72/26 294/71/26 296/73/26 295/74/26
f 295/74/27 296/73/27 298/75/27 297/76/27
f 297/76/28 298/75/28 300/77/28 299/78/28
f 299/78/29 300/77/29 302/79/29 301/80/29
f 301/80/30 302/79/30 304/81/30 303/82/30
f 303/82/31 304/81/31 306/83/31 305/84/31
f 305/84/32 306/83/32 308/85/32 307/86/32
f 307/86/33 308/85/33 310/87/33 309/88/33
f 309/88/34 310/87/34 312/89/34 311/90/34
f 311/90/35 312/89/35 314/91/35 313/92/35
f 256/93/1 254/94/1 316/95/1 314/96/1 312/97/1 310/98/1 308/99/1 306/100/1 304/101/1 302/102/1 300/103/1 298/104/1 296/105/1 294/106/1 292/107/1 290/108/1 288/109/1 286/110/1 284/111/1 282/112/1 280/113/1 278/114/1 276/115/1 274/116/1 272/117/1 270/118/1 268/119/1 266/120/1 264/121/1 262/122/1 260/123/1 258/124/1
f 313/92/36 314/91/36 316/125/36 315/126/36
f 315/126/37 316/125/37 254/7/37 253/127/37
f 253/128/38 255/129/38 257/130/38 259/131/38 261/132/38 263/133/38 265/134/38 267/135/38 269/136/38 271/137/38 273/138/38 275/139/38 277/140/38 279/141/38 281/142/38 283/143/38 285/144/38 287/145/38 289/146/38 291/147/38 293/148/38 295/149/38 297/150/38 299/151/38 301/152/38 303/153/38 305/154/38 307/155/38 309/156/38 311/157/38 313/158/38 315/159/38
usemtl Material.642
f 317/32/6 318/6/6 320/33/6 319/34/6
f 319/34/39 320/33/39 322/35/39 321/36/39
f 321/36/8 322/35/8 324/37/8 323/38/8
f 323/38/40 324/37/40 326/39/40 325/40/40
f 325/40/41 326/39/41 328/41/41 327/42/41
f 327/42/42 328/41/42 330/43/42 329/44/42
f 329/44/43 330/43/43 332/45/43 331/46/43
f 331/46/44 332/45/44 334/47/44 333/48/44
f 333/48/45 334/47/45 336/49/45 335/50/45
f 335/50/46 336/49/46 338/51/46 337/52/46
f 337/52/47 338/51/47 340/53/47 339/54/47
f 339/54/48 340/53/48 342/55/48 341/56/48
f 341/56/49 342/55/49 344/57/49 343/58/49
f 343/58/19 344/57/19 346/59/19 345/60/19
f 345/60/50 346/59/50 348/61/50 347/62/50
f 347/62/21 348/61/21 350/63/21 349/64/21
f 349/64/22 350/63/22 352/65/22 351/66/22
f 351/66/23 352/65/23 354/67/23 353/68/23
f 353/68/51 354/67/51 356/69/51 355/70/51
f 355/70/52 356/69/52 358/71/52 357/72/52
f 357/72/53 358/71/53 360/73/53 359/74/53
f 359/74/54 360/73/54 362/75/54 361/76/54
f 361/76/28 362/75/28 364/77/28 363/78/28
f 363/78/55 364/77/55 366/79/55 365/80/55
f 365/80/56 366/79/56 368/81/56 367/82/56
f 367/82/31 368/81/31 370/83/31 369/84/31
f 369/84/57 370/83/57 372/85/57 371/86/57
f 371/86/58 372/85/58 374/87/58 373/88/58
f 373/88/59 374/87/59 376/89/59 375/90/59
f 375/90/60 376/89/60 378/91/60 377/92/60
f 320/93/1 318/94/1 380/95/1 378/96/1 376/97/1 374/98/1 372/99/1 370/100/1 368/101/1 366/102/1 364/103/1 362/104/1 360/105/1 358/106/1 356/107/1 354/108/1 352/109/1 350/110/1 348/111/1 346/112/1 344/113/1 342/114/1 340/115/1 338/116/1 336/117/1 334/118/1 332/119/1 330/120/1 328/121/1 326/122/1 324/123/1 322/124/1
f 377/92/36 378/91/36 380/125/36 379/126/36
f 379/126/37 380/125/37 318/7/37 317/127/37
f 317/128/38 319/129/38 321/130/38 323/131/38 325/132/38 327/133/38 329/134/38 331/135/38 333/136/38 335/137/38 337/138/38 339/139/38 341/140/38 343/141/38 345/142/38 347/143/38 349/144/38 351/145/38 353/146/38 355/147/38 357/148/38 359/149/38 361/150/38 363/151/38 365/152/38 367/153/38 369/154/38 371/155/38 373/156/38 375/157/38 377/158/38 379/159/38
usemtl Material.643
f 381/32/6 382/6/6 384/33/6 383/34/6
f 383/34/39 384/33/39 386/35/39 385/36/39
f 385/36/61 386/35/61 388/37/61 387/38/61
f 387/38/40 388/37/40 390/39/40 389/40/40
f 389/40/62 390/39/62 392/41/62 391/42/62
f 391/42/42 392/41/42 394/43/42 393/44/42
f 393/44/63 394/43/63 396/45/63 395/46/63
f 395/46/64 396/45/64 398/47/64 397/48/64
f 397/48/65 398/47/65 400/49/65 399/50/65
f 399/50/66 400/49/66 402/51/66 401/52/66
f 401/52/47 402/51/47 404/53/47 403/54/47
f 403/54/67 404/53/67 406/55/67 405/56/67
f 405/56/49 406/55/49 408/57/49 407/58/49
f 407/58/68 408/57/68 410/59/68 409/60/68
f 409/60/50 410/59/50 412/61/50 411/62/50
f 411/62/21 412/61/21 414/63/21 413/64/21
f 413/64/69 414/63/69 416/65/69 415/66/69
f 415/66/23 416/65/23 418/67/23 417/68/23
f 417/68/70 418/67/70 420/69/70 419/70/70
f 419/70/71 420/69/71 422/71/71 421/72/71
f 421/72/53 422/71/53 424/73/53 423/74/53
f 423/74/54 424/73/54 426/75/54 425/76/54
f 425/76/72 426/75/72 428/77/72 427/78/72
f 427/78/55 428/77/55 430/79/55 429/80/55
f 429/80/56 430/79/56 432/81/56 431/82/56
f 431/82/73 432/81/73 434/83/73 433/84/73
f 433/84/57 434/83/57 436/85/57 435/86/57
f 435/86/58 436/85/58 438/87/58 437/88/58
f 437/88/74 438/87/74 440/89/74 439/90/74
f 439/90/75 440/89/75 442/91/75 441/92/75
f 384/93/1 382/94/1 444/95/1 442/96/1 440/97/1 438/98/1 436/99/1 434/100/1 432/101/1 430/102/1 428/103/1 426/104/1 424/105/1 422/106/1 420/107/1 418/108/1 416/109/1 414/110/1 412/111/1 410/112/1 408/113/1 406/114/1 404/115/1 402/116/1 400/117/1 398/118/1 396/119/1 394/120/1 392/121/1 390/122/1 388/123/1 386/124/1
f 441/92/36 442/91/36 444/125/36 443/126/36
f 443/126/76 444/125/76 382/7/76 381/127/76
f 381/128/38 383/129/38 385/130/38 387/131/38 389/132/38 391/133/38 393/134/38 395/135/38 397/136/38 399/137/38 401/138/38 403/139/38 405/140/38 407/141/38 409/142/38 411/143/38 413/144/38 415/145/38 417/146/38 419/147/38 421/148/38 423/149/38 425/150/38 427/151/38 429/152/38 431/153/38 433/154/38 435/155/38 437/156/38 439/157/38 441/158/38 443/159/38
usemtl Material.644
f 445/32/77 446/6/77 448/33/77 447/34/77
f 447/34/78 448/33/78 450/35/78 449/36/78
f 449/36/79 450/35/79 452/37/79 451/38/79
f 451/38/40 452/37/40 454/39/40 453/40/40
f 453/40/80 454/39/80 456/41/80 455/42/80
f 455/42/42 456/41/42 458/43/42 457/44/42
f 457/44/12 458/43/12 460/45/12 459/46/12
f 459/46/13 460/45/13 462/47/13 461/48/13
f 461/48/14 462/47/14 464/49/14 463/50/14
f 463/50/15 464/49/15 466/51/15 465/52/15
f 465/52/47 466/51/47 468/53/47 467/54/47
f 467/54/81 468/53/81 470/55/81 469/56/81
f 469/56/49 470/55/49 472/57/49 471/58/49
f 471/58/82 472/57/82 474/59/82 473/60/82
f 473/60/83 474/59/83 476/61/83 475/62/83
f 475/62/84 476/61/84 478/63/84 477/64/84
f 477/64/69 478/63/69 480/65/69 479/66/69
f 479/66/23 480/65/23 482/67/23 481/68/23
f 481/68/70 482/67/70 484/69/70 483/70/70
f 483/70/71 484/69/71 486/71/71 485/72/71
f 485/72/26 486/71/26 488/73/26 487/74/26
f 487/74/27 488/73/27 490/75/27 489/76/27
f 489/76/28 490/75/28 492/77/28 491/78/28
f 491/78/55 492/77/55 494/79/55 493/80/55
f 493/80/56 494/79/56 496/81/56 495/82/56
f 495/82/31 496/81/31 498/83/31 497/84/31
f 497/84/32 498/83/32 500/85/32 499/86/32
f 499/86/33 500/85/33 502/87/33 501/88/33
f 501/88/74 502/87/74 504/89/74 503/90/74
f 503/90/75 504/89/75 506/91/75 505/92/75
f 448/93/1 446/94/1 508/95/1 506/96/1 504/97/1 502/98/1 500/99/1 498/100/1 496/101/1 494/102/1 492/103/1 490/104/1 488/105/1 486/106/1 484/107/1 482/108/1 480/109/1 478/110/1 476/111/1 474/112/1 472/113/1 470/114/1 468/115/1 466/116/1 464/117/1 462/118/1 460/119/1 458/120/1 456/121/1 454/122/1 452/123/1 450/124/1
f 505/92/36 506/91/36 508/125/36 507/126/36
f 507/126/76 508/125/76 446/7/76 445/127/76
f 445/128/38 447/129/38 449/130/38 451/131/38 453/132/38 455/133/38 457/134/38 459/135/38 461/136/38 463/137/38 465/138/38 467/139/38 469/140/38 471/141/38 473/142/38 475/143/38 477/144/38 479/145/38 481/146/38 483/147/38 485/148/38 487/149/38 489/150/38 491/151/38 493/152/38 495/153/38 497/154/38 499/155/38 501/156/38 503/157/38 505/158/38 507/159/38
usemtl Material.645
f 509/32/77 510/6/77 512/33/77 511/34/77
f 511/34/39 512/33/39 514/35/39 513/36/39
f 513/36/61 514/35/61 516/37/61 515/38/61
f 515/38/40 516/37/40 518/39/40 517/40/40
f 517/40/80 518/39/80 520/41/80 519/42/80
f 519/42/42 520/41/42 522/43/42 521/44/42
f 521/44/12 522/43/12 524/45/12 523/46/12
f 523/46/13 524/45/13 526/47/13 525/48/13
f 525/48/14 526/47/14 528/49/14 527/50/14
f 527/50/15 528/49/15 530/51/15 529/52/15
f 529/52/47 530/51/47 532/53/47 531/54/47
f 531/54/81 532/53/81 534/55/81 533/56/81
f 533/56/49 534/55/49 536/57/49 535/58/49
f 535/58/68 536/57/68 538/59/68 537/60/68
f 537/60/50 538/59/50 540/61/50 539/62/50
f 539/62/84 540/61/84 542/63/84 541/64/84
f 541/64/69 542/63/69 544/65/69 543/66/69
f 543/66/23 544/65/23 546/67/23 545/68/23
f 545/68/70 546/67/70 548/69/70 547/70/70
f 547/70/71 548/69/71 550/71/71 549/72/71
f 549/72/85 550/71/85 552/73/85 551/74/85
f 551/74/54 552/73/54 554/75/54 553/76/54
f 553/76/28 554/75/28 556/77/28 555/78/28
f 555/78/86 556/77/86 558/79/86 557/80/86
f 557/80/87 558/79/87 560/81/87 559/82/87
f 559/82/31 560/81/31 562/83/31 561/84/31
f 561/84/57 562/83/57 564/85/57 563/86/57
f 563/86/88 564/85/88 566/87/88 565/88/88
f 565/88/74 566/87/74 568/89/74 567/90/74
f 567/90/75 568/89/75 570/91/75 569/92/75
f 512/93/1 510/94/1 572/95/1 570/96/1 568/97/1 566/98/1 564/99/1 562/100/1 560/101/1 558/102/1 556/103/1 554/104/1 552/105/1 550/106/1 548/107/1 546/108/1 544/109/1 542/110/1 540/111/1 538/112/1 536/113/1 534/114/1 532/115/1 530/116/1 528/117/1 526/118/1 524/119/1 522/120/1 520/121/1 518/122/1 516/123/1 514/124/1
f 569/92/36 570/91/36 572/125/36 571/126/36
f 571/126/76 572/125/76 510/7/76 509/127/76
f 509/128/38 511/129/38 513/130/38 515/131/38 517/132/38 519/133/38 521/134/38 523/135/38 525/136/38 527/137/38 529/138/38 531/139/38 533/140/38 535/141/38 537/142/38 539/143/38 541/144/38 543/145/38 545/146/38 547/147/38 549/148/38 551/149/38 553/150/38 555/151/38 557/152/38 559/153/38 561/154/38 563/155/38 565/156/38 567/157/38 569/158/38 571/159/38
usemtl Material.646
f 573/32/6 574/6/6 576/33/6 575/34/6
f 575/34/39 576/33/39 578/35/39 577/36/39
f 577/36/8 578/35/8 580/37/8 579/38/8
f 579/38/9 580/37/9 582/39/9 581/40/9
f 581/40/10 582/39/10 584/41/10 583/42/10
f 583/42/11 584/41/11 586/43/11 585/44/11
f 585/44/43 586/43/43 588/45/43 587/46/43
f 587/46/64 588/45/64 590/47/64 589/48/64
f 589/48/65 590/47/65 592/49/65 591/50/65
f 591/50/46 592/49/46 594/51/46 593/52/46
f 593/52/16 594/51/16 596/53/16 595/54/16
f 595/54/17 596/53/17 598/55/17 597/56/17
f 597/56/18 598/55/18 600/57/18 599/58/18
f 599/58/19 600/57/19 602/59/19 601/60/19
f 601/60/50 602/59/50 604/61/50 603/62/50
f 603/62/21 604/61/21 606/63/21 605/64/21
f 605/64/69 606/63/69 608/65/69 607/66/69
f 607/66/23 608/65/23 610/67/23 609/68/23
f 609/68/70 610/67/70 612/69/70 611/70/70
f 611/70/71 612/69/71 614/71/71 613/72/71
f 613/72/85 614/71/85 616/73/85 615/74/85
f 615/74/27 616/73/27 618/75/27 617/76/27
f 617/76/89 618/75/89 620/77/89 619/78/89
f 619/78/55 620/77/55 622/79/55 621/80/55
f 621/80/56 622/79/56 624/81/56 623/82/56
f 623/82/90 624/81/90 626/83/90 625/84/90
f 625/84/32 626/83/32 628/85/32 627/86/32
f 627/86/88 628/85/88 630/87/88 629/88/88
f 629/88/74 630/87/74 632/89/74 631/90/74
f 631/90/75 632/89/75 634/91/75 633/92/75
f 576/93/1 574/94/1 636/95/1 634/96/1 632/97/1 630/98/1 628/99/1 626/100/1 624/101/1 622/102/1 620/103/1 618/104/1 616/105/1 614/106/1 612/107/1 610/108/1 608/109/1 606/110/1 604/111/1 602/112/1 600/113/1 598/114/1 596/115/1 594/116/1 592/117/1 590/118/1 588/119/1 586/120/1 584/121/1 582/122/1 580/123/1 578/124/1
f 633/92/36 634/91/36 636/125/36 635/126/36
f 635/126/76 636/125/76 574/7/76 573/127/76
f 573/128/38 575/129/38 577/130/38 579/131/38 581/132/38 583/133/38 585/134/38 587/135/38 589/136/38 591/137/38 593/138/38 595/139/38 597/140/38 599/141/38 601/142/38 603/143/38 605/144/38 607/145/38 609/146/38 611/147/38 613/148/38 615/149/38 617/150/38 619/151/38 621/152/38 623/153/38 625/154/38 627/155/38 629/156/38 631/157/38 633/158/38 635/159/38
usemtl Material.647
f 637/32/77 638/6/77 640/33/77 639/34/77
f 639/34/39 640/33/39 642/35/39 641/36/39
f 641/36/79 642/35/79 644/37/79 643/38/79
f 643/38/9 644/37/9 646/39/9 645/40/9
f 645/40/62 646/39/62 648/41/62 647/42/62
f 647/42/91 648/41/91 650/43/91 649/44/91
f 649/44/12 650/43/12 652/45/12 651/46/12
f 651/46/64 652/45/64 654/47/64 653/48/64
f 653/48/65 654/47/65 656/49/65 655/50/65
f 655/50/15 656/49/15 658/51/15 657/52/15
f 657/52/92 658/51/92 660/53/92 659/54/92
f 659/54/67 660/53/67 662/55/67 661/56/67
f 661/56/18 662/55/18 664/57/18 663/58/18
f 663/58/82 664/57/82 666/59/82 665/60/82
f 665/60/50 666/59/50 668/61/50 667/62/50
f 667/62/84 668/61/84 670/63/84 669/64/84
f 669/64/69 670/63/69 672/65/69 671/66/69
f 671/66/23 672/65/23 674/67/23 673/68/23
f 673/68/70 674/67/70 676/69/70 675/70/70
f 675/70/71 676/69/71 678/71/71 677/72/71
f 677/72/85 678/71/85 680/73/85 679/74/85
f 679/74/27 680/73/27 682/75/27 681/76/27
f 681/76/89 682/75/89 684/77/89 683/78/89
f 683/78/29 684/77/29 686/79/29 685/80/29
f 685/80/30 686/79/30 688/81/30 687/82/30
f 687/82/90 688/81/90 690/83/90 689/84/90
f 689/84/32 690/83/32 692/85/32 691/86/32
f 691/86/88 692/85/88 694/87/88 693/88/88
f 693/88/74 694/87/74 696/89/74 695/90/74
f 695/90/75 696/89/75 698/91/75 697/92/75
f 640/93/1 638/94/1 700/95/1 698/96/1 696/97/1 694/98/1 692/99/1 690/100/1 688/101/1 686/102/1 684/103/1 682/104/1 680/105/1 678/106/1 676/107/1 674/108/1 672/109/1 670/110/1 668/111/1 666/112/1 664/113/1 662/114/1 660/115/1 658/116/1 656/117/1 654/118/1 652/119/1 650/120/1 648/121/1 646/122/1 644/123/1 642/124/1
f 697/92/36 698/91/36 700/125/36 699/126/36
f 699/126/76 700/125/76 638/7/76 637/127/76
f 637/128/38 639/129/38 641/130/38 643/131/38 645/132/38 647/133/38 649/134/38 651/135/38 653/136/38 655/137/38 657/138/38 659/139/38 661/140/38 663/141/38 665/142/38 667/143/38 669/144/38 671/145/38 673/146/38 675/147/38 677/148/38 679/149/38 681/150/38 683/151/38 685/152/38 687/153/38 689/154/38 691/155/38 693/156/38 695/157/38 697/158/38 699/159/38
usemtl Material.648
f 701/32/77 702/6/77 704/33/77 703/34/77
f 703/34/39 704/33/39 706/35/39 705/36/39
f 705/36/8 706/35/8 708/37/8 707/38/8
f 707/38/93 708/37/93 710/39/93 709/40/93
f 709/40/62 710/39/62 712/41/62 711/42/62
f 711/42/91 712/41/91 714/43/91 713/44/91
f 713/44/12 714/43/12 716/45/12 715/46/12
f 715/46/64 716/45/64 718/47/64 717/48/64
f 717/48/65 718/47/65 720/49/65 719/50/65
f 719/50/15 720/49/15 722/51/15 721/52/15
f 721/52/92 722/51/92 724/53/92 723/54/92
f 723/54/67 724/53/67 726/55/67 725/56/67
f 725/56/94 726/55/94 728/57/94 727/58/94
f 727/58/82 728/57/82 730/59/82 729/60/82
f 729/60/50 730/59/50 732/61/50 731/62/50
f 731/62/21 732/61/21 734/63/21 733/64/21
f 733/64/22 734/63/22 736/65/22 735/66/22
f 735/66/23 736/65/23 738/67/23 737/68/23
f 737/68/70 738/67/70 740/69/70 739/70/70
f 739/70/71 740/69/71 742/71/71 741/72/71
f 741/72/85 742/71/85 744/73/85 743/74/85
f 743/74/27 744/73/27 746/75/27 745/76/27
f 745/76/89 746/75/89 748/77/89 747/78/89
f 747/78/29 748/77/29 750/79/29 749/80/29
f 749/80/30 750/79/30 752/81/30 751/82/30
f 751/82/90 752/81/90 754/83/90 753/84/90
f 753/84/32 754/83/32 756/85/32 755/86/32
f 755/86/88 756/85/88 758/87/88 757/88/88
f 757/88/74 758/87/74 760/89/74 759/90/74
f 759/90/60 760/89/60 762/91/60 761/92/60
f 704/93/1 702/94/1 764/95/1 762/96/1 760/97/1 758/98/1 756/99/1 754/100/1 752/101/1 750/102/1 748/103/1 746/104/1 744/105/1 742/106/1 740/107/1 738/108/1 736/109/1 734/110/1 732/111/1 730/112/1 728/113/1 726/114/1 724/115/1 722/116/1 720/117/1 718/118/1 716/119/1 714/120/1 712/121/1 710/122/1 708/123/1 706/124/1
f 761/92/36 762/91/36 764/125/36 763/126/36
f 763/126/76 764/125/76 702/7/76 701/127/76
f 701/128/38 703/129/38 705/130/38 707/131/38 709/132/38 711/133/38 713/134/38 715/135/38 717/136/38 719/137/38 721/138/38 723/139/38 725/140/38 727/141/38 729/142/38 731/143/38 733/144/38 735/145/38 737/146/38 739/147/38 741/148/38 743/149/38 745/150/38 747/151/38 749/152/38 751/153/38 753/154/38 755/155/38 757/156/38 759/157/38 761/158/38 763/159/38
usemtl Material.652
f 765/1/5 766/5/5 768/6/5 767/7/5
usemtl Material.654
f 769/1/2 770/5/2 772/6/2 771/7/2
usemtl Material.735
f 773/160/95 774/161/95 776/162/95 775/163/95
f 775/164/96 776/165/96 780/166/96 779/167/96
f 779/168/97 780/169/97 778/170/97 777/171/97
f 777/172/98 778/173/98 774/174/98 773/175/98
f 775/88/38 779/72/38 777/171/38 773/176/38
f 780/177/1 776/178/1 774/179/1 778/180/1
usemtl Material.736
f 781/160/95 782/161/95 784/181/95 783/182/95
f 783/182/96 784/181/96 788/56/96 787/72/96
f 787/72/97 788/56/97 786/170/97 785/171/97
f 785/171/98 786/170/98 782/55/98 781/71/98
f 783/88/38 787/72/38 785/171/38 781/176/38
f 788/56/1 784/40/1 782/183/1 786/170/1
usemtl Material.737
f 789/160/99 790/161/99 792/181/99 791/182/99
f 791/182/96 792/181/96 796/56/96 795/72/96
f 795/72/97 796/56/97 794/170/97 793/171/97
f 793/171/98 794/170/98 790/55/98 789/71/98
f 791/88/38 795/72/38 793/171/38 789/176/38
f 796/56/1 792/40/1 790/183/1 794/170/1
usemtl Material.738
f 797/160/95 798/161/95 800/181/95 799/182/95
f 799/182/96 800/181/96 804/56/96 803/72/96
f 803/72/97 804/56/97 802/170/97 801/171/97
f 801/171/98 802/170/98 798/55/98 797/71/98
f 799/88/38 803/72/38 801/171/38 797/176/38
f 804/56/1 800/40/1 798/183/1 802/170/1
usemtl Material.739
f 805/160/95 806/161/95 808/181/95 807/182/95
f 807/182/96 808/181/96 812/56/96 811/72/96
f 811/72/97 812/56/97 810/170/97 809/171/97
f 809/171/98 810/170/98 806/55/98 805/71/98
f 807/88/38 811/72/38 809/171/38 805/176/38
f 812/56/1 808/40/1 806/183/1 810/170/1
usemtl Material.740
f 813/160/95 814/161/95 816/181/95 815/182/95
f 815/182/96 816/181/96 820/56/96 819/72/96
f 819/72/97 820/56/97 818/170/97 817/171/97
f 817/171/98 818/170/98 814/55/98 813/71/98
f 815/88/38 819/72/38 817/171/38 813/176/38
f 820/56/1 816/40/1 814/183/1 818/170/1
usemtl Material.741
f 821/160/95 822/161/95 824/181/95 823/182/95
f 823/182/96 824/181/96 828/56/96 827/72/96
f 827/72/97 828/56/97 826/170/97 825/171/97
f 825/171/98 826/170/98 822/55/98 821/71/98
f 823/88/38 827/72/38 825/171/38 821/176/38
f 828/56/1 824/40/1 822/183/1 826/170/1
usemtl Material.742
f 829/160/95 830/161/95 832/181/95 831/182/95
f 831/182/96 832/181/96 836/56/96 835/72/96
f 835/72/100 836/56/100 834/170/100 833/171/100
f 833/171/98 834/170/98 830/55/98 829/71/98
f 831/88/38 835/72/38 833/171/38 829/176/38
f 836/56/1 832/40/1 830/183/1 834/170/1
usemtl Material.743
f 837/160/99 838/161/99 840/181/99 839/182/99
f 839/182/96 840/181/96 844/56/96 843/72/96
f 843/72/100 844/56/100 842/170/100 841/171/100
f 841/171/98 842/170/98 838/55/98 837/71/98
f 839/88/38 843/72/38 841/171/38 837/176/38
f 844/56/1 840/40/1 838/183/1 842/170/1
usemtl Material.744
f 845/160/95 846/161/95 848/181/95 847/182/95
f 847/182/96 848/181/96 852/56/96 851/72/96
f 851/72/97 852/56/97 850/170/97 849/171/97
f 849/171/98 850/170/98 846/55/98 845/71/98
f 847/88/38 851/72/38 849/171/38 845/176/38
f 852/56/1 848/40/1 846/183/1 850/170/1
usemtl Material.745
f 853/160/95 854/161/95 856/181/95 855/182/95
f 855/182/1 856/181/1 860/56/1 859/72/1
f 859/72/100 860/56/100 858/170/100 857/171/100
f 857/171/38 858/170/38 854/55/38 853/71/38
f 855/88/96 859/72/96 857/171/96 853/176/96
f 860/56/98 856/40/98 854/183/98 858/170/98
usemtl Material.746
f 861/160/96 862/161/96 864/181/96 863/182/96
f 863/182/97 864/181/97 868/56/97 867/72/97
f 867/72/98 868/56/98 866/170/98 865/171/98
f 865/171/95 866/170/95 862/55/95 861/71/95
f 863/88/38 867/72/38 865/171/38 861/176/38
f 868/56/1 864/40/1 862/183/1 866/170/1
usemtl Material.747
f 869/160/96 870/161/96 872/181/96 871/182/96
f 871/182/100 872/181/100 876/56/100 875/72/100
f 875/72/98 876/56/98 874/170/98 873/171/98
f 873/171/95 874/170/95 870/55/95 869/71/95
f 871/88/38 875/72/38 873/171/38 869/176/38
f 876/56/1 872/40/1 870/183/1 874/170/1
usemtl Material.748
f 877/160/96 878/161/96 880/181/96 879/182/96
f 879/182/97 880/181/97 884/56/97 883/72/97
f 883/72/98 884/56/98 882/170/98 881/171/98
f 881/171/95 882/170/95 878/55/95 877/71/95
f 879/88/38 883/72/38 881/171/38 877/176/38
f 884/56/1 880/40/1 878/183/1 882/170/1
usemtl Material.749
f 885/160/96 886/161/96 888/181/96 887/182/96
f 887/182/97 888/181/97 892/56/97 891/72/97
f 891/72/98 892/56/98 890/170/98 889/171/98
f 889/171/95 890/170/95 886/55/95 885/71/95
f 887/88/38 891/72/38 889/171/38 885/176/38
f 892/56/1 888/40/1 886/183/1 890/170/1
usemtl Material.750
f 893/160/96 894/161/96 896/181/96 895/182/96
f 895/182/97 896/181/97 900/56/97 899/72/97
f 899/72/98 900/56/98 898/170/98 897/171/98
f 897/171/99 898/170/99 894/55/99 893/71/99
f 895/88/38 899/72/38 897/171/38 893/176/38
f 900/56/1 896/40/1 894/183/1 898/170/1
usemtl Material.751
f 901/160/96 902/161/96 904/181/96 903/182/96
f 903/182/1 904/181/1 908/56/1 907/72/1
f 907/72/98 908/56/98 906/170/98 905/171/98
f 905/171/38 906/170/38 902/55/38 901/71/38
f 903/88/97 907/72/97 905/171/97 901/176/97
f 908/56/95 904/40/95 902/183/95 906/170/95
usemtl Material.752
f 909/160/97 910/161/97 912/181/97 911/182/97
f 911/182/98 912/181/98 916/56/98 915/72/98
f 915/72/95 916/56/95 914/170/95 913/171/95
f 913/171/96 914/170/96 910/55/96 909/71/96
f 911/88/38 915/72/38 913/171/38 909/176/38
f 916/56/1 912/40/1 910/183/1 914/170/1
usemtl Material.753
f 917/160/100 918/161/100 920/181/100 919/182/100
f 919/182/98 920/181/98 924/56/98 923/72/98
f 923/72/99 924/56/99 922/170/99 921/171/99
f 921/171/96 922/170/96 918/55/96 917/71/96
f 919/88/38 923/72/38 921/171/38 917/176/38
f 924/56/1 920/40/1 918/183/1 922/170/1
usemtl Material.754
f 925/160/97 926/161/97 928/181/97 927/182/97
f 927/182/98 928/181/98 932/56/98 931/72/98
f 931/72/95 932/56/95 930/170/95 929/171/95
f 929/171/96 930/170/96 926/55/96 925/71/96
f 927/88/38 931/72/38 929/171/38 925/176/38
f 932/56/1 928/40/1 926/183/1 930/170/1
usemtl Material.755
f 933/160/97 934/161/97 936/181/97 935/182/97
f 935/182/98 936/181/98 940/56/98 939/72/98
f 939/72/95 940/56/95 938/170/95 937/171/95
f 937/171/96 938/170/96 934/55/96 933/71/96
f 935/88/38 939/72/38 937/171/38 933/176/38
f 940/56/1 936/40/1 934/183/1 938/170/1
usemtl Material.756
f 941/160/100 942/161/100 944/181/100 943/182/100
f 943/182/98 944/181/98 948/56/98 947/72/98
f 947/72/95 948/56/95 946/170/95 945/171/95
f 945/171/96 946/170/96 942/55/96 941/71/96
f 943/88/38 947/72/38 945/171/38 941/176/38
f 948/56/1 944/40/1 942/183/1 946/170/1
usemtl Material.757
f 949/160/100 950/161/100 952/181/100 951/182/100
f 951/182/1 952/181/1 956/56/1 955/72/1
f 955/72/95 956/56/95 954/170/95 953/171/95
f 953/171/38 954/170/38 950/55/38 949/71/38
f 951/88/98 955/72/98 953/171/98 949/176/98
f 956/56/96 952/40/96 950/183/96 954/170/96
usemtl Material.758
f 957/160/98 958/161/98 960/181/98 959/182/98
f 959/182/95 960/181/95 964/56/95 963/72/95
f 963/72/96 964/56/96 962/170/96 961/171/96
f 961/171/97 962/170/97 958/55/97 957/71/97
f 959/88/38 963/72/38 961/171/38 957/176/38
f 964/56/1 960/40/1 958/183/1 962/170/1
usemtl Material.759
f 965/160/98 966/161/98 968/181/98 967/182/98
f 967/182/99 968/181/99 972/56/99 971/72/99
f 971/72/96 972/56/96 970/170/96 969/171/96
f 969/171/100 970/170/100 966/55/100 965/71/100
f 967/88/38 971/72/38 969/171/38 965/176/38
f 972/56/1 968/40/1 966/183/1 970/170/1
usemtl Material.760
f 973/160/98 974/161/98 976/181/98 975/182/98
f 975/182/95 976/181/95 980/56/95 979/72/95
f 979/72/96 980/56/96 978/170/96 977/171/96
f 977/171/97 978/170/97 974/55/97 973/71/97
f 975/88/38 979/72/38 977/171/38 973/176/38
f 980/56/1 976/40/1 974/183/1 978/170/1
usemtl Material.761
f 981/160/98 982/161/98 984/181/98 983/182/98
f 983/182/99 984/181/99 988/56/99 987/72/99
f 987/72/96 988/56/96 986/170/96 985/171/96
f 985/171/100 986/170/100 982/55/100 981/71/100
f 983/88/38 987/72/38 985/171/38 981/176/38
f 988/56/1 984/40/1 982/183/1 986/170/1
usemtl Material.762
f 989/160/98 990/161/98 992/181/98 991/182/98
f 991/182/95 992/181/95 996/56/95 995/72/95
f 995/72/96 996/56/96 994/170/96 993/171/96
f 993/171/97 994/170/97 990/55/97 989/71/97
f 991/88/38 995/72/38 993/171/38 989/176/38
f 996/56/1 992/40/1 990/183/1 994/170/1
usemtl Material.763
f 997/160/98 998/161/98 1000/181/98 999/182/98
f 999/182/1 1000/181/1 1004/56/1 1003/72/1
f 1003/72/96 1004/56/96 1002/170/96 1001/171/96
f 1001/171/38 1002/170/38 998/55/38 997/71/38
f 999/88/95 1003/72/95 1001/171/95 997/176/95
f 1004/56/97 1000/40/97 998/183/97 1002/170/97
usemtl Material.709
f 1005/160/101 1006/161/101 1008/162/101 1007/163/101
f 1007/164/102 1008/165/102 1012/166/102 1011/167/102
f 1011/168/103 1012/169/103 1010/170/103 1009/171/103
f 1009/172/104 1010/173/104 1006/174/104 1005/175/104
f 1007/88/38 1011/72/38 1009/171/38 1005/176/38
f 1012/177/1 1008/178/1 1006/179/1 1010/180/1
usemtl Material.705
f 1013/160/101 1014/161/101 1016/181/101 1015/182/101
f 1015/182/105 1016/181/105 1020/56/105 1019/72/105
f 1019/72/106 1020/56/106 1018/170/106 1017/171/106
f 1017/171/107 1018/170/107 1014/55/107 1013/71/107
f 1015/88/38 1019/72/38 1017/171/38 1013/176/38
f 1020/56/1 1016/40/1 1014/183/1 1018/170/1
usemtl Material.706
f 1021/160/108 1022/161/108 1024/181/108 1023/182/108
f 1023/182/102 1024/181/102 1028/56/102 1027/72/102
f 1027/72/103 1028/56/103 1026/170/103 1025/171/103
f 1025/171/104 1026/170/104 1022/55/104 1021/71/104
f 1023/88/38 1027/72/38 1025/171/38 1021/176/38
f 1028/56/1 1024/40/1 1022/183/1 1026/170/1
usemtl Material.707
f 1029/160/101 1030/161/101 1032/181/101 1031/182/101
f 1031/182/105 1032/181/105 1036/56/105 1035/72/105
f 1035/72/106 1036/56/106 1034/170/106 1033/171/106
f 1033/171/107 1034/170/107 1030/55/107 1029/71/107
f 1031/88/38 1035/72/38 1033/171/38 1029/176/38
f 1036/56/1 1032/40/1 1030/183/1 1034/170/1
usemtl Material.708
f 1037/160/101 1038/161/101 1040/181/101 1039/182/101
f 1039/182/102 1040/181/102 1044/56/102 1043/72/102
f 1043/72/106 1044/56/106 1042/170/106 1041/171/106
f 1041/171/104 1042/170/104 1038/55/104 1037/71/104
f 1039/88/38 1043/72/38 1041/171/38 1037/176/38
f 1044/56/1 1040/40/1 1038/183/1 1042/170/1
usemtl Material.715
f 1045/160/101 1046/161/101 1048/181/101 1047/182/101
f 1047/182/102 1048/181/102 1052/56/102 1051/72/102
f 1051/72/103 1052/56/103 1050/170/103 1049/171/103
f 1049/171/104 1050/170/104 1046/55/104 1045/71/104
f 1047/88/38 1051/72/38 1049/171/38 1045/176/38
f 1052/56/1 1048/40/1 1046/183/1 1050/170/1
usemtl Material.711
f 1053/160/101 1054/161/101 1056/181/101 1055/182/101
f 1055/182/105 1056/181/105 1060/56/105 1059/72/105
f 1059/72/103 1060/56/103 1058/170/103 1057/171/103
f 1057/171/107 1058/170/107 1054/55/107 1053/71/107
f 1055/88/38 1059/72/38 1057/171/38 1053/176/38
f 1060/56/1 1056/40/1 1054/183/1 1058/170/1
usemtl Material.712
f 1061/160/108 1062/161/108 1064/181/108 1063/182/108
f 1063/182/102 1064/181/102 1068/56/102 1067/72/102
f 1067/72/103 1068/56/103 1066/170/103 1065/171/103
f 1065/171/104 1066/170/104 1062/55/104 1061/71/104
f 1063/88/38 1067/72/38 1065/171/38 1061/176/38
f 1068/56/1 1064/40/1 1062/183/1 1066/170/1
usemtl Material.713
f 1069/160/101 1070/161/101 1072/181/101 1071/182/101
f 1071/182/102 1072/181/102 1076/56/102 1075/72/102
f 1075/72/106 1076/56/106 1074/170/106 1073/171/106
f 1073/171/104 1074/170/104 1070/55/104 1069/71/104
f 1071/88/38 1075/72/38 1073/171/38 1069/176/38
f 1076/56/1 1072/40/1 1070/183/1 1074/170/1
usemtl Material.714
f 1077/160/108 1078/161/108 1080/181/108 1079/182/108
f 1079/182/105 1080/181/105 1084/56/105 1083/72/105
f 1083/72/106 1084/56/106 1082/170/106 1081/171/106
f 1081/171/107 1082/170/107 1078/55/107 1077/71/107
f 1079/88/38 1083/72/38 1081/171/38 1077/176/38
f 1084/56/1 1080/40/1 1078/183/1 1082/170/1
usemtl Material.716
f 1085/160/108 1086/161/108 1088/181/108 1087/182/108
f 1087/182/1 1088/181/1 1092/56/1 1091/72/1
f 1091/72/103 1092/56/103 1090/170/103 1089/171/103
f 1089/171/38 1090/170/38 1086/55/38 1085/71/38
f 1087/88/102 1091/72/102 1089/171/102 1085/176/102
f 1092/56/104 1088/40/104 1086/183/104 1090/170/104
usemtl Material.717
f 1093/160/102 1094/161/102 1096/181/102 1095/182/102
f 1095/182/103 1096/181/103 1100/56/103 1099/72/103
f 1099/72/104 1100/56/104 1098/170/104 1097/171/104
f 1097/171/101 1098/170/101 1094/55/101 1093/71/101
f 1095/88/38 1099/72/38 1097/171/38 1093/176/38
f 1100/56/1 1096/40/1 1094/183/1 1098/170/1
usemtl Material.718
f 1101/160/102 1102/161/102 1104/181/102 1103/182/102
f 1103/182/106 1104/181/106 1108/56/106 1107/72/106
f 1107/72/104 1108/56/104 1106/170/104 1105/171/104
f 1105/171/101 1106/170/101 1102/55/101 1101/71/101
f 1103/88/38 1107/72/38 1105/171/38 1101/176/38
f 1108/56/1 1104/40/1 1102/183/1 1106/170/1
usemtl Material.719
f 1109/160/102 1110/161/102 1112/181/102 1111/182/102
f 1111/182/103 1112/181/103 1116/56/103 1115/72/103
f 1115/72/104 1116/56/104 1114/170/104 1113/171/104
f 1113/171/108 1114/170/108 1110/55/108 1109/71/108
f 1111/88/38 1115/72/38 1113/171/38 1109/176/38
f 1116/56/1 1112/40/1 1110/183/1 1114/170/1
usemtl Material.720
f 1117/160/105 1118/161/105 1120/181/105 1119/182/105
f 1119/182/103 1120/181/103 1124/56/103 1123/72/103
f 1123/72/107 1124/56/107 1122/170/107 1121/171/107
f 1121/171/101 1122/170/101 1118/55/101 1117/71/101
f 1119/88/38 1123/72/38 1121/171/38 1117/176/38
f 1124/56/1 1120/40/1 1118/183/1 1122/170/1
usemtl Material.721
f 1125/160/102 1126/161/102 1128/181/102 1127/182/102
f 1127/182/106 1128/181/106 1132/56/106 1131/72/106
f 1131/72/104 1132/56/104 1130/170/104 1129/171/104
f 1129/171/101 1130/170/101 1126/55/101 1125/71/101
f 1127/88/38 1131/72/38 1129/171/38 1125/176/38
f 1132/56/1 1128/40/1 1126/183/1 1130/170/1
usemtl Material.722
f 1133/160/105 1134/161/105 1136/181/105 1135/182/105
f 1135/182/1 1136/181/1 1140/56/1 1139/72/1
f 1139/72/104 1140/56/104 1138/170/104 1137/171/104
f 1137/171/38 1138/170/38 1134/55/38 1133/71/38
f 1135/88/103 1139/72/103 1137/171/103 1133/176/103
f 1140/56/101 1136/40/101 1134/183/101 1138/170/101
usemtl Material.723
f 1141/160/103 1142/161/103 1144/181/103 1143/182/103
f 1143/182/104 1144/181/104 1148/56/104 1147/72/104
f 1147/72/101 1148/56/101 1146/170/101 1145/171/101
f 1145/171/102 1146/170/102 1142/55/102 1141/71/102
f 1143/88/38 1147/72/38 1145/171/38 1141/176/38
f 1148/56/1 1144/40/1 1142/183/1 1146/170/1
usemtl Material.724
f 1149/160/103 1150/161/103 1152/181/103 1151/182/103
f 1151/182/107 1152/181/107 1156/56/107 1155/72/107
f 1155/72/101 1156/56/101 1154/170/101 1153/171/101
f 1153/171/102 1154/170/102 1150/55/102 1149/71/102
f 1151/88/38 1155/72/38 1153/171/38 1149/176/38
f 1156/56/1 1152/40/1 1150/183/1 1154/170/1
usemtl Material.725
f 1157/160/103 1158/161/103 1160/181/103 1159/182/103
f 1159/182/104 1160/181/104 1164/56/104 1163/72/104
f 1163/72/108 1164/56/108 1162/170/108 1161/171/108
f 1161/171/105 1162/170/105 1158/55/105 1157/71/105
f 1159/88/38 1163/72/38 1161/171/38 1157/176/38
f 1164/56/1 1160/40/1 1158/183/1 1162/170/1
usemtl Material.726
f 1165/160/103 1166/161/103 1168/181/103 1167/182/103
f 1167/182/107 1168/181/107 1172/56/107 1171/72/107
f 1171/72/101 1172/56/101 1170/170/101 1169/171/101
f 1169/171/105 1170/170/105 1166/55/105 1165/71/105
f 1167/88/38 1171/72/38 1169/171/38 1165/176/38
f 1172/56/1 1168/40/1 1166/183/1 1170/170/1
usemtl Material.727
f 1173/160/106 1174/161/106 1176/181/106 1175/182/106
f 1175/182/104 1176/181/104 1180/56/104 1179/72/104
f 1179/72/108 1180/56/108 1178/170/108 1177/171/108
f 1177/171/102 1178/170/102 1174/55/102 1173/71/102
f 1175/88/38 1179/72/38 1177/171/38 1173/176/38
f 1180/56/1 1176/40/1 1174/183/1 1178/170/1
usemtl Material.728
f 1181/160/103 1182/161/103 1184/181/103 1183/182/103
f 1183/182/1 1184/181/1 1188/56/1 1187/72/1
f 1187/72/101 1188/56/101 1186/170/101 1185/171/101
f 1185/171/38 1186/170/38 1182/55/38 1181/71/38
f 1183/88/104 1187/72/104 1185/171/104 1181/176/104
f 1188/56/102 1184/40/102 1182/183/102 1186/170/102
usemtl Material.729
f 1189/160/104 1190/161/104 1192/181/104 1191/182/104
f 1191/182/101 1192/181/101 1196/56/101 1195/72/101
f 1195/72/102 1196/56/102 1194/170/102 1193/171/102
f 1193/171/103 1194/170/103 1190/55/103 1189/71/103
f 1191/88/38 1195/72/38 1193/171/38 1189/176/38
f 1196/56/1 1192/40/1 1190/183/1 1194/170/1
usemtl Material.730
f 1197/160/104 1198/161/104 1200/181/104 1199/182/104
f 1199/182/108 1200/181/108 1204/56/108 1203/72/108
f 1203/72/102 1204/56/102 1202/170/102 1201/171/102
f 1201/171/106 1202/170/106 1198/55/106 1197/71/106
f 1199/88/38 1203/72/38 1201/171/38 1197/176/38
f 1204/56/1 1200/40/1 1198/183/1 1202/170/1
usemtl Material.731
f 1205/160/107 1206/161/107 1208/181/107 1207/182/107
f 1207/182/101 1208/181/101 1212/56/101 1211/72/101
f 1211/72/102 1212/56/102 1210/170/102 1209/171/102
f 1209/171/103 1210/170/103 1206/55/103 1205/71/103
f 1207/88/38 1211/72/38 1209/171/38 1205/176/38
f 1212/56/1 1208/40/1 1206/183/1 1210/170/1
usemtl Material.732
f 1213/160/104 1214/161/104 1216/181/104 1215/182/104
f 1215/182/108 1216/181/108 1220/56/108 1219/72/108
f 1219/72/102 1220/56/102 1218/170/102 1217/171/102
f 1217/171/106 1218/170/106 1214/55/106 1213/71/106
f 1215/88/38 1219/72/38 1217/171/38 1213/176/38
f 1220/56/1 1216/40/1 1214/183/1 1218/170/1
usemtl Material.733
f 1221/160/104 1222/161/104 1224/181/104 1223/182/104
f 1223/182/108 1224/181/108 1228/56/108 1227/72/108
f 1227/72/105 1228/56/105 1226/170/105 1225/171/105
f 1225/171/103 1226/170/103 1222/55/103 1221/71/103
f 1223/88/38 1227/72/38 1225/171/38 1221/176/38
f 1228/56/1 1224/40/1 1222/183/1 1226/170/1
usemtl Material.734
f 1229/160/104 1230/161/104 1232/181/104 1231/182/104
f 1231/182/1 1232/181/1 1236/56/1 1235/72/1
f 1235/72/105 1236/56/105 1234/170/105 1233/171/105
f 1233/171/38 1234/170/38 1230/55/38 1229/71/38
f 1231/88/101 1235/72/101 1233/171/101 1229/176/101
f 1236/56/103 1232/40/103 1230/183/103 1234/170/103
usemtl Material.764
f 1237/160/109 1238/161/109 1240/162/109 1239/163/109
f 1239/164/110 1240/165/110 1244/166/110 1243/167/110
f 1243/168/111 1244/169/111 1242/170/111 1241/171/111
f 1241/172/112 1242/173/112 1238/174/112 1237/175/112
f 1239/88/38 1243/72/38 1241/171/38 1237/176/38
f 1244/177/1 1240/178/1 1238/179/1 1242/180/1
usemtl Material.765
f 1245/160/109 1246/161/109 1248/181/109 1247/182/109
f 1247/182/110 1248/181/110 1252/56/110 1251/72/110
f 1251/72/111 1252/56/111 1250/170/111 1249/171/111
f 1249/171/112 1250/170/112 1246/55/112 1245/71/112
f 1247/88/38 1251/72/38 1249/171/38 1245/176/38
f 1252/56/1 1248/40/1 1246/183/1 1250/170/1
usemtl Material.766
f 1253/160/109 1254/161/109 1256/181/109 1255/182/109
f 1255/182/110 1256/181/110 1260/56/110 1259/72/110
f 1259/72/111 1260/56/111 1258/170/111 1257/171/111
f 1257/171/112 1258/170/112 1254/55/112 1253/71/112
f 1255/88/38 1259/72/38 1257/171/38 1253/176/38
f 1260/56/1 1256/40/1 1254/183/1 1258/170/1
usemtl Material.767
f 1261/160/109 1262/161/109 1264/181/109 1263/182/109
f 1263/182/110 1264/181/110 1268/56/110 1267/72/110
f 1267/72/111 1268/56/111 1266/170/111 1265/171/111
f 1265/171/112 1266/170/112 1262/55/112 1261/71/112
f 1263/88/38 1267/72/38 1265/171/38 1261/176/38
f 1268/56/1 1264/40/1 1262/183/1 1266/170/1
usemtl Material.768
f 1269/160/109 1270/161/109 1272/181/109 1271/182/109
f 1271/182/110 1272/181/110 1276/56/110 1275/72/110
f 1275/72/111 1276/56/111 1274/170/111 1273/171/111
f 1273/171/112 1274/170/112 1270/55/112 1269/71/112
f 1271/88/38 1275/72/38 1273/171/38 1269/176/38
f 1276/56/1 1272/40/1 1270/183/1 1274/170/1
usemtl Material.769
f 1277/160/109 1278/161/109 1280/181/109 1279/182/109
f 1279/182/110 1280/181/110 1284/56/110 1283/72/110
f 1283/72/111 1284/56/111 1282/170/111 1281/171/111
f 1281/171/112 1282/170/112 1278/55/112 1277/71/112
f 1279/88/38 1283/72/38 1281/171/38 1277/176/38
f 1284/56/1 1280/40/1 1278/183/1 1282/170/1
usemtl Material.770
f 1285/160/109 1286/161/109 1288/181/109 1287/182/109
f 1287/182/110 1288/181/110 1292/56/110 1291/72/110
f 1291/72/113 1292/56/113 1290/170/113 1289/171/113
f 1289/171/112 1290/170/112 1286/55/112 1285/71/112
f 1287/88/38 1291/72/38 1289/171/38 1285/176/38
f 1292/56/1 1288/40/1 1286/183/1 1290/170/1
usemtl Material.771
f 1293/160/114 1294/161/114 1296/181/114 1295/182/114
f 1295/182/110 1296/181/110 1300/56/110 1299/72/110
f 1299/72/111 1300/56/111 1298/170/111 1297/171/111
f 1297/171/112 1298/170/112 1294/55/112 1293/71/112
f 1295/88/38 1299/72/38 1297/171/38 1293/176/38
f 1300/56/1 1296/40/1 1294/183/1 1298/170/1
usemtl Material.772
f 1301/160/109 1302/161/109 1304/181/109 1303/182/109
f 1303/182/110 1304/181/110 1308/56/110 1307/72/110
f 1307/72/111 1308/56/111 1306/170/111 1305/171/111
f 1305/171/112 1306/170/112 1302/55/112 1301/71/112
f 1303/88/38 1307/72/38 1305/171/38 1301/176/38
f 1308/56/1 1304/40/1 1302/183/1 1306/170/1
usemtl Material.773
f 1309/160/109 1310/161/109 1312/181/109 1311/182/109
f 1311/182/110 1312/181/110 1316/56/110 1315/72/110
f 1315/72/111 1316/56/111 1314/170/111 1313/171/111
f 1313/171/112 1314/170/112 1310/55/112 1309/71/112
f 1311/88/38 1315/72/38 1313/171/38 1309/176/38
f 1316/56/1 1312/40/1 1310/183/1 1314/170/1
usemtl Material.774
f 1317/160/109 1318/161/109 1320/181/109 1319/182/109
f 1319/182/1 1320/181/1 1324/56/1 1323/72/1
f 1323/72/111 1324/56/111 1322/170/111 1321/171/111
f 1321/171/38 1322/170/38 1318/55/38 1317/71/38
f 1319/88/110 1323/72/110 1321/171/110 1317/176/110
f 1324/56/112 1320/40/112 1318/183/112 1322/170/112
usemtl Material.775
f 1325/160/110 1326/161/110 1328/181/110 1327/182/110
f 1327/182/111 1328/181/111 1332/56/111 1331/72/111
f 1331/72/112 1332/56/112 1330/170/112 1329/171/112
f 1329/171/109 1330/170/109 1326/55/109 1325/71/109
f 1327/88/38 1331/72/38 1329/171/38 1325/176/38
f 1332/56/1 1328/40/1 1326/183/1 1330/170/1
usemtl Material.776
f 1333/160/110 1334/161/110 1336/181/110 1335/182/110
f 1335/182/111 1336/181/111 1340/56/111 1339/72/111
f 1339/72/112 1340/56/112 1338/170/112 1337/171/112
f 1337/171/114 1338/170/114 1334/55/114 1333/71/114
f 1335/88/38 1339/72/38 1337/171/38 1333/176/38
f 1340/56/1 1336/40/1 1334/183/1 1338/170/1
usemtl Material.777
f 1341/160/110 1342/161/110 1344/181/110 1343/182/110
f 1343/182/111 1344/181/111 1348/56/111 1347/72/111
f 1347/72/112 1348/56/112 1346/170/112 1345/171/112
f 1345/171/109 1346/170/109 1342/55/109 1341/71/109
f 1343/88/38 1347/72/38 1345/171/38 1341/176/38
f 1348/56/1 1344/40/1 1342/183/1 1346/170/1
usemtl Material.778
f 1349/160/110 1350/161/110 1352/181/110 1351/182/110
f 1351/182/111 1352/181/111 1356/56/111 1355/72/111
f 1355/72/112 1356/56/112 1354/170/112 1353/171/112
f 1353/171/114 1354/170/114 1350/55/114 1349/71/114
f 1351/88/38 1355/72/38 1353/171/38 1349/176/38
f 1356/56/1 1352/40/1 1350/183/1 1354/170/1
usemtl Material.779
f 1357/160/110 1358/161/110 1360/181/110 1359/182/110
f 1359/182/111 1360/181/111 1364/56/111 1363/72/111
f 1363/72/112 1364/56/112 1362/170/112 1361/171/112
f 1361/171/109 1362/170/109 1358/55/109 1357/71/109
f 1359/88/38 1363/72/38 1361/171/38 1357/176/38
f 1364/56/1 1360/40/1 1358/183/1 1362/170/1
usemtl Material.780
f 1365/160/110 1366/161/110 1368/181/110 1367/182/110
f 1367/182/1 1368/181/1 1372/56/1 1371/72/1
f 1371/72/112 1372/56/112 1370/170/112 1369/171/112
f 1369/171/38 1370/170/38 1366/55/38 1365/71/38
f 1367/88/111 1371/72/111 1369/171/111 1365/176/111
f 1372/56/109 1368/40/109 1366/183/109 1370/170/109
usemtl Material.781
f 1373/160/111 1374/161/111 1376/181/111 1375/182/111
f 1375/182/112 1376/181/112 1380/56/112 1379/72/112
f 1379/72/109 1380/56/109 1378/170/109 1377/171/109
f 1377/171/110 1378/170/110 1374/55/110 1373/71/110
f 1375/88/38 1379/72/38 1377/171/38 1373/176/38
f 1380/56/1 1376/40/1 1374/183/1 1378/170/1
usemtl Material.782
f 1381/160/111 1382/161/111 1384/181/111 1383/182/111
f 1383/182/112 1384/181/112 1388/56/112 1387/72/112
f 1387/72/109 1388/56/109 1386/170/109 1385/171/109
f 1385/171/110 1386/170/110 1382/55/110 1381/71/110
f 1383/88/38 1387/72/38 1385/171/38 1381/176/38
f 1388/56/1 1384/40/1 1382/183/1 1386/170/1
usemtl Material.783
f 1389/160/111 1390/161/111 1392/181/111 1391/182/111
f 1391/182/112 1392/181/112 1396/56/112 1395/72/112
f 1395/72/114 1396/56/114 1394/170/114 1393/171/114
f 1393/171/110 1394/170/110 1390/55/110 1389/71/110
f 1391/88/38 1395/72/38 1393/171/38 1389/176/38
f 1396/56/1 1392/40/1 1390/183/1 1394/170/1
usemtl Material.784
f 1397/160/111 1398/161/111 1400/181/111 1399/182/111
f 1399/182/112 1400/181/112 1404/56/112 1403/72/112
f 1403/72/109 1404/56/109 1402/170/109 1401/171/109
f 1401/171/110 1402/170/110 1398/55/110 1397/71/110
f 1399/88/38 1403/72/38 1401/171/38 1397/176/38
f 1404/56/1 1400/40/1 1398/183/1 1402/170/1
usemtl Material.785
f 1405/160/111 1406/161/111 1408/181/111 1407/182/111
f 1407/182/112 1408/181/112 1412/56/112 1411/72/112
f 1411/72/109 1412/56/109 1410/170/109 1409/171/109
f 1409/171/110 1410/170/110 1406/55/110 1405/71/110
f 1407/88/38 1411/72/38 1409/171/38 1405/176/38
f 1412/56/1 1408/40/1 1406/183/1 1410/170/1
usemtl Material.786
f 1413/160/111 1414/161/111 1416/181/111 1415/182/111
f 1415/182/1 1416/181/1 1420/56/1 1419/72/1
f 1419/72/109 1420/56/109 1418/170/109 1417/171/109
f 1417/171/38 1418/170/38 1414/55/38 1413/71/38
f 1415/88/112 1419/72/112 1417/171/112 1413/176/112
f 1420/56/110 1416/40/110 1414/183/110 1418/170/110
usemtl Material.787
f 1421/160/112 1422/161/112 1424/181/112 1423/182/112
f 1423/182/109 1424/181/109 1428/56/109 1427/72/109
f 1427/72/110 1428/56/110 1426/170/110 1425/171/110
f 1425/171/111 1426/170/111 1422/55/111 1421/71/111
f 1423/88/38 1427/72/38 1425/171/38 1421/176/38
f 1428/56/1 1424/40/1 1422/183/1 1426/170/1
usemtl Material.788
f 1429/160/112 1430/161/112 1432/181/112 1431/182/112
f 1431/182/109 1432/181/109 1436/56/109 1435/72/109
f 1435/72/110 1436/56/110 1434/170/110 1433/171/110
f 1433/171/111 1434/170/111 1430/55/111 1429/71/111
f 1431/88/38 1435/72/38 1433/171/38 1429/176/38
f 1436/56/1 1432/40/1 1430/183/1 1434/170/1
usemtl Material.789
f 1437/160/112 1438/161/112 1440/181/112 1439/182/112
f 1439/182/109 1440/181/109 1444/56/109 1443/72/109
f 1443/72/110 1444/56/110 1442/170/110 1441/171/110
f 1441/171/113 1442/170/113 1438/55/113 1437/71/113
f 1439/88/38 1443/72/38 1441/171/38 1437/176/38
f 1444/56/1 1440/40/1 1438/183/1 1442/170/1
usemtl Material.790
f 1445/160/112 1446/161/112 1448/181/112 1447/182/112
f 1447/182/109 1448/181/109 1452/56/109 1451/72/109
f 1451/72/110 1452/56/110 1450/170/110 1449/171/110
f 1449/171/113 1450/170/113 1446/55/113 1445/71/113
f 1447/88/38 1451/72/38 1449/171/38 1445/176/38
f 1452/56/1 1448/40/1 1446/183/1 1450/170/1
usemtl Material.791
f 1453/160/112 1454/161/112 1456/181/112 1455/182/112
f 1455/182/109 1456/181/109 1460/56/109 1459/72/109
f 1459/72/110 1460/56/110 1458/170/110 1457/171/110
f 1457/171/111 1458/170/111 1454/55/111 1453/71/111
f 1455/88/38 1459/72/38 1457/171/38 1453/176/38
f 1460/56/1 1456/40/1 1454/183/1 1458/170/1
usemtl Material.792
f 1461/160/112 1462/161/112 1464/181/112 1463/182/112
f 1463/182/1 1464/181/1 1468/56/1 1467/72/1
f 1467/72/110 1468/56/110 1466/170/110 1465/171/110
f 1465/171/38 1466/170/38 1462/55/38 1461/71/38
f 1463/88/109 1467/72/109 1465/171/109 1461/176/109
f 1468/56/111 1464/40/111 1462/183/111 1466/170/111
usemtl Material.793
f 1469/160/3 1470/161/3 1472/162/3 1471/163/3
f 1471/164/4 1472/165/4 1476/166/4 1475/167/4
f 1475/168/2 1476/169/2 1474/170/2 1473/171/2
f 1473/172/5 1474/173/5 1470/174/5 1469/175/5
f 1471/88/38 1475/72/38 1473/171/38 1469/176/38
f 1476/177/1 1472/178/1 1470/179/1 1474/180/1
usemtl Material.794
f 1477/160/3 1478/161/3 1480/181/3 1479/182/3
f 1479/182/4 1480/181/4 1484/56/4 1483/72/4
f 1483/72/2 1484/56/2 1482/170/2 1481/171/2
f 1481/171/5 1482/170/5 1478/55/5 1477/71/5
f 1479/88/38 1483/72/38 1481/171/38 1477/176/38
f 1484/56/1 1480/40/1 1478/183/1 1482/170/1
usemtl Material.795
f 1485/160/3 1486/161/3 1488/181/3 1487/182/3
f 1487/182/4 1488/181/4 1492/56/4 1491/72/4
f 1491/72/2 1492/56/2 1490/170/2 1489/171/2
f 1489/171/5 1490/170/5 1486/55/5 1485/71/5
f 1487/88/38 1491/72/38 1489/171/38 1485/176/38
f 1492/56/1 1488/40/1 1486/183/1 1490/170/1
usemtl Material.796
f 1493/160/3 1494/161/3 1496/181/3 1495/182/3
f 1495/182/4 1496/181/4 1500/56/4 1499/72/4
f 1499/72/2 1500/56/2 1498/170/2 1497/171/2
f 1497/171/5 1498/170/5 1494/55/5 1493/71/5
f 1495/88/38 1499/72/38 1497/171/38 1493/176/38
f 1500/56/1 1496/40/1 1494/183/1 1498/170/1
usemtl Material.797
f 1501/160/3 1502/161/3 1504/181/3 1503/182/3
f 1503/182/4 1504/181/4 1508/56/4 1507/72/4
f 1507/72/2 1508/56/2 1506/170/2 1505/171/2
f 1505/171/5 1506/170/5 1502/55/5 1501/71/5
f 1503/88/38 1507/72/38 1505/171/38 1501/176/38
f 1508/56/1 1504/40/1 1502/183/1 1506/170/1
usemtl Material.798
f 1509/160/3 1510/161/3 1512/181/3 1511/182/3
f 1511/182/4 1512/181/4 1516/56/4 1515/72/4
f 1515/72/2 1516/56/2 1514/170/2 1513/171/2
f 1513/171/5 1514/170/5 1510/55/5 1509/71/5
f 1511/88/38 1515/72/38 1513/171/38 1509/176/38
f 1516/56/1 1512/40/1 1510/183/1 1514/170/1
usemtl Material.799
f 1517/160/3 1518/161/3 1520/181/3 1519/182/3
f 1519/182/4 1520/181/4 1524/56/4 1523/72/4
f 1523/72/2 1524/56/2 1522/170/2 1521/171/2
f 1521/171/5 1522/170/5 1518/55/5 1517/71/5
f 1519/88/38 1523/72/38 1521/171/38 1517/176/38
f 1524/56/1 1520/40/1 1518/183/1 1522/170/1
usemtl Material.800
f 1525/160/3 1526/161/3 1528/181/3 1527/182/3
f 1527/182/4 1528/181/4 1532/56/4 1531/72/4
f 1531/72/2 1532/56/2 1530/170/2 1529/171/2
f 1529/171/5 1530/170/5 1526/55/5 1525/71/5
f 1527/88/38 1531/72/38 1529/171/38 1525/176/38
f 1532/56/1 1528/40/1 1526/183/1 1530/170/1
usemtl Material.801
f 1533/160/3 1534/161/3 1536/181/3 1535/182/3
f 1535/182/4 1536/181/4 1540/56/4 1539/72/4
f 1539/72/2 1540/56/2 1538/170/2 1537/171/2
f 1537/171/5 1538/170/5 1534/55/5 1533/71/5
f 1535/88/38 1539/72/38 1537/171/38 1533/176/38
f 1540/56/1 1536/40/1 1534/183/1 1538/170/1
usemtl Material.802
f 1541/160/3 1542/161/3 1544/181/3 1543/182/3
f 1543/182/4 1544/181/4 1548/56/4 1547/72/4
f 1547/72/2 1548/56/2 1546/170/2 1545/171/2
f 1545/171/5 1546/170/5 1542/55/5 1541/71/5
f 1543/88/38 1547/72/38 1545/171/38 1541/176/38
f 1548/56/1 1544/40/1 1542/183/1 1546/170/1
usemtl Material.803
f 1549/160/3 1550/161/3 1552/181/3 1551/182/3
f 1551/182/1 1552/181/1 1556/56/1 1555/72/1
f 1555/72/2 1556/56/2 1554/170/2 1553/171/2
f 1553/171/38 1554/170/38 1550/55/38 1549/71/38
f 1551/88/4 1555/72/4 1553/171/4 1549/176/4
f 1556/56/5 1552/40/5 1550/183/5 1554/170/5
usemtl Material.804
f 1557/160/4 1558/161/4 1560/181/4 1559/182/4
f 1559/182/2 1560/181/2 1564/56/2 1563/72/2
f 1563/72/5 1564/56/5 1562/170/5 1561/171/5
f 1561/171/3 1562/170/3 1558/55/3 1557/71/3
f 1559/88/38 1563/72/38 1561/171/38 1557/176/38
f 1564/56/1 1560/40/1 1558/183/1 1562/170/1
usemtl Material.805
f 1565/160/4 1566/161/4 1568/181/4 1567/182/4
f 1567/182/2 1568/181/2 1572/56/2 1571/72/2
f 1571/72/5 1572/56/5 1570/170/5 1569/171/5
f 1569/171/3 1570/170/3 1566/55/3 1565/71/3
f 1567/88/38 1571/72/38 1569/171/38 1565/176/38
f 1572/56/1 1568/40/1 1566/183/1 1570/170/1
usemtl Material.806
f 1573/160/4 1574/161/4 1576/181/4 1575/182/4
f 1575/182/2 1576/181/2 1580/56/2 1579/72/2
f 1579/72/5 1580/56/5 1578/170/5 1577/171/5
f 1577/171/3 1578/170/3 1574/55/3 1573/71/3
f 1575/88/38 1579/72/38 1577/171/38 1573/176/38
f 1580/56/1 1576/40/1 1574/183/1 1578/170/1
usemtl Material.807
f 1581/160/4 1582/161/4 1584/181/4 1583/182/4
f 1583/182/2 1584/181/2 1588/56/2 1587/72/2
f 1587/72/5 1588/56/5 1586/170/5 1585/171/5
f 1585/171/3 1586/170/3 1582/55/3 1581/71/3
f 1583/88/38 1587/72/38 1585/171/38 1581/176/38
f 1588/56/1 1584/40/1 1582/183/1 1586/170/1
usemtl Material.808
f 1589/160/4 1590/161/4 1592/181/4 1591/182/4
f 1591/182/2 1592/181/2 1596/56/2 1595/72/2
f 1595/72/5 1596/56/5 1594/170/5 1593/171/5
f 1593/171/3 1594/170/3 1590/55/3 1589/71/3
f 1591/88/38 1595/72/38 1593/171/38 1589/176/38
f 1596/56/1 1592/40/1 1590/183/1 1594/170/1
usemtl Material.809
f 1597/160/4 1598/161/4 1600/181/4 1599/182/4
f 1599/182/1 1600/181/1 1604/56/1 1603/72/1
f 1603/72/5 1604/56/5 1602/170/5 1601/171/5
f 1601/171/38 1602/170/38 1598/55/38 1597/71/38
f 1599/88/2 1603/72/2 1601/171/2 1597/176/2
f 1604/56/3 1600/40/3 1598/183/3 1602/170/3
usemtl Material.810
f 1605/160/2 1606/161/2 1608/181/2 1607/182/2
f 1607/182/5 1608/181/5 1612/56/5 1611/72/5
f 1611/72/3 1612/56/3 1610/170/3 1609/171/3
f 1609/171/4 1610/170/4 1606/55/4 1605/71/4
f 1607/88/38 1611/72/38 1609/171/38 1605/176/38
f 1612/56/1 1608/40/1 1606/183/1 1610/170/1
usemtl Material.811
f 1613/160/2 1614/161/2 1616/181/2 1615/182/2
f 1615/182/5 1616/181/5 1620/56/5 1619/72/5
f 1619/72/3 1620/56/3 1618/170/3 1617/171/3
f 1617/171/4 1618/170/4 1614/55/4 1613/71/4
f 1615/88/38 1619/72/38 1617/171/38 1613/176/38
f 1620/56/1 1616/40/1 1614/183/1 1618/170/1
usemtl Material.812
f 1621/160/2 1622/161/2 1624/181/2 1623/182/2
f 1623/182/5 1624/181/5 1628/56/5 1627/72/5
f 1627/72/3 1628/56/3 1626/170/3 1625/171/3
f 1625/171/4 1626/170/4 1622/55/4 1621/71/4
f 1623/88/38 1627/72/38 1625/171/38 1621/176/38
f 1628/56/1 1624/40/1 1622/183/1 1626/170/1
usemtl Material.813
f 1629/160/2 1630/161/2 1632/181/2 1631/182/2
f 1631/182/5 1632/181/5 1636/56/5 1635/72/5
f 1635/72/3 1636/56/3 1634/170/3 1633/171/3
f 1633/171/4 1634/170/4 1630/55/4 1629/71/4
f 1631/88/38 1635/72/38 1633/171/38 1629/176/38
f 1636/56/1 1632/40/1 1630/183/1 1634/170/1
usemtl Material.814
f 1637/160/2 1638/161/2 1640/181/2 1639/182/2
f 1639/182/5 1640/181/5 1644/56/5 1643/72/5
f 1643/72/3 1644/56/3 1642/170/3 1641/171/3
f 1641/171/4 1642/170/4 1638/55/4 1637/71/4
f 1639/88/38 1643/72/38 1641/171/38 1637/176/38
f 1644/56/1 1640/40/1 1638/183/1 1642/170/1
usemtl Material.815
f 1645/160/2 1646/161/2 1648/181/2 1647/182/2
f 1647/182/1 1648/181/1 1652/56/1 1651/72/1
f 1651/72/3 1652/56/3 1650/170/3 1649/171/3
f 1649/171/38 1650/170/38 1646/55/38 1645/71/38
f 1647/88/5 1651/72/5 1649/171/5 1645/176/5
f 1652/56/4 1648/40/4 1646/183/4 1650/170/4
usemtl Material.816
f 1653/160/5 1654/161/5 1656/181/5 1655/182/5
f 1655/182/3 1656/181/3 1660/56/3 1659/72/3
f 1659/72/4 1660/56/4 1658/170/4 1657/171/4
f 1657/171/2 1658/170/2 1654/55/2 1653/71/2
f 1655/88/38 1659/72/38 1657/171/38 1653/176/38
f 1660/56/1 1656/40/1 1654/183/1 1658/170/1
usemtl Material.817
f 1661/160/5 1662/161/5 1664/181/5 1663/182/5
f 1663/182/3 1664/181/3 1668/56/3 1667/72/3
f 1667/72/4 1668/56/4 1666/170/4 1665/171/4
f 1665/171/2 1666/170/2 1662/55/2 1661/71/2
f 1663/88/38 1667/72/38 1665/171/38 1661/176/38
f 1668/56/1 1664/40/1 1662/183/1 1666/170/1
usemtl Material.818
f 1669/160/5 1670/161/5 1672/181/5 1671/182/5
f 1671/182/3 1672/181/3 1676/56/3 1675/72/3
f 1675/72/4 1676/56/4 1674/170/4 1673/171/4
f 1673/171/2 1674/170/2 1670/55/2 1669/71/2
f 1671/88/38 1675/72/38 1673/171/38 1669/176/38
f 1676/56/1 1672/40/1 1670/183/1 1674/170/1
usemtl Material.819
f 1677/160/5 1678/161/5 1680/181/5 1679/182/5
f 1679/182/3 1680/181/3 1684/56/3 1683/72/3
f 1683/72/4 1684/56/4 1682/170/4 1681/171/4
f 1681/171/2 1682/170/2 1678/55/2 1677/71/2
f 1679/88/38 1683/72/38 1681/171/38 1677/176/38
f 1684/56/1 1680/40/1 1678/183/1 1682/170/1
usemtl Material.820
f 1685/160/5 1686/161/5 1688/181/5 1687/182/5
f 1687/182/3 1688/181/3 1692/56/3 1691/72/3
f 1691/72/4 1692/56/4 1690/170/4 1689/171/4
f 1689/171/2 1690/170/2 1686/55/2 1685/71/2
f 1687/88/38 1691/72/38 1689/171/38 1685/176/38
f 1692/56/1 1688/40/1 1686/183/1 1690/170/1
usemtl Material.821
f 1693/160/5 1694/161/5 1696/181/5 1695/182/5
f 1695/182/1 1696/181/1 1700/56/1 1699/72/1
f 1699/72/4 1700/56/4 1698/170/4 1697/171/4
f 1697/171/38 1698/170/38 1694/55/38 1693/71/38
f 1695/88/3 1699/72/3 1697/171/3 1693/176/3
f 1700/56/2 1696/40/2 1694/183/2 1698/170/2
usemtl Material.823
f 1701/160/3 1702/161/3 1704/181/3 1703/182/3
f 1703/182/4 1704/181/4 1708/56/4 1707/72/4
f 1707/72/2 1708/56/2 1706/170/2 1705/171/2
f 1705/171/5 1706/170/5 1702/55/5 1701/71/5
f 1703/88/38 1707/72/38 1705/171/38 1701/176/38
f 1708/56/1 1704/40/1 1702/183/1 1706/170/1
usemtl Material.824
f 1709/160/5 1710/161/5 1712/181/5 1711/182/5
f 1711/182/3 1712/181/3 1716/56/3 1715/72/3
f 1715/72/4 1716/56/4 1714/170/4 1713/171/4
f 1713/171/2 1714/170/2 1710/55/2 1709/71/2
f 1711/88/38 1715/72/38 1713/171/38 1709/176/38
f 1716/56/1 1712/40/1 1710/183/1 1714/170/1
usemtl Material.825
f 1717/160/95 1718/161/95 1720/162/95 1719/163/95
f 1719/164/96 1720/165/96 1724/166/96 1723/167/96
f 1723/168/97 1724/169/97 1722/170/97 1721/171/97
f 1721/172/98 1722/173/98 1718/174/98 1717/175/98
f 1719/88/38 1723/72/38 1721/171/38 1717/176/38
f 1724/177/1 1720/178/1 1718/179/1 1722/180/1
usemtl Material.826
f 1725/160/95 1726/161/95 1728/181/95 1727/182/95
f 1727/182/96 1728/181/96 1732/56/96 1731/72/96
f 1731/72/100 1732/56/100 1730/170/100 1729/171/100
f 1729/171/98 1730/170/98 1726/55/98 1725/71/98
f 1727/88/38 1731/72/38 1729/171/38 1725/176/38
f 1732/56/1 1728/40/1 1726/183/1 1730/170/1
usemtl Material.827
f 1733/160/95 1734/161/95 1736/181/95 1735/182/95
f 1735/182/96 1736/181/96 1740/56/96 1739/72/96
f 1739/72/97 1740/56/97 1738/170/97 1737/171/97
f 1737/171/98 1738/170/98 1734/55/98 1733/71/98
f 1735/88/38 1739/72/38 1737/171/38 1733/176/38
f 1740/56/1 1736/40/1 1734/183/1 1738/170/1
usemtl Material.828
f 1741/160/99 1742/161/99 1744/181/99 1743/182/99
f 1743/182/96 1744/181/96 1748/56/96 1747/72/96
f 1747/72/100 1748/56/100 1746/170/100 1745/171/100
f 1745/171/98 1746/170/98 1742/55/98 1741/71/98
f 1743/88/38 1747/72/38 1745/171/38 1741/176/38
f 1748/56/1 1744/40/1 1742/183/1 1746/170/1
usemtl Material.829
f 1749/160/95 1750/161/95 1752/181/95 1751/182/95
f 1751/182/96 1752/181/96 1756/56/96 1755/72/96
f 1755/72/100 1756/56/100 1754/170/100 1753/171/100
f 1753/171/98 1754/170/98 1750/55/98 1749/71/98
f 1751/88/38 1755/72/38 1753/171/38 1749/176/38
f 1756/56/1 1752/40/1 1750/183/1 1754/170/1
usemtl Material.830
f 1757/160/95 1758/161/95 1760/181/95 1759/182/95
f 1759/182/96 1760/181/96 1764/56/96 1763/72/96
f 1763/72/97 1764/56/97 1762/170/97 1761/171/97
f 1761/171/98 1762/170/98 1758/55/98 1757/71/98
f 1759/88/38 1763/72/38 1761/171/38 1757/176/38
f 1764/56/1 1760/40/1 1758/183/1 1762/170/1
usemtl Material.831
f 1765/160/95 1766/161/95 1768/181/95 1767/182/95
f 1767/182/96 1768/181/96 1772/56/96 1771/72/96
f 1771/72/97 1772/56/97 1770/170/97 1769/171/97
f 1769/171/98 1770/170/98 1766/55/98 1765/71/98
f 1767/88/38 1771/72/38 1769/171/38 1765/176/38
f 1772/56/1 1768/40/1 1766/183/1 1770/170/1
usemtl Material.832
f 1773/160/99 1774/161/99 1776/181/99 1775/182/99
f 1775/182/96 1776/181/96 1780/56/96 1779/72/96
f 1779/72/97 1780/56/97 1778/170/97 1777/171/97
f 1777/171/98 1778/170/98 1774/55/98 1773/71/98
f 1775/88/38 1779/72/38 1777/171/38 1773/176/38
f 1780/56/1 1776/40/1 1774/183/1 1778/170/1
usemtl Material.833
f 1781/160/95 1782/161/95 1784/181/95 1783/182/95
f 1783/182/96 1784/181/96 1788/56/96 1787/72/96
f 1787/72/97 1788/56/97 1786/170/97 1785/171/97
f 1785/171/98 1786/170/98 1782/55/98 1781/71/98
f 1783/88/38 1787/72/38 1785/171/38 1781/176/38
f 1788/56/1 1784/40/1 1782/183/1 1786/170/1
usemtl Material.834
f 1789/160/99 1790/161/99 1792/181/99 1791/182/99
f 1791/182/96 1792/181/96 1796/56/96 1795/72/96
f 1795/72/100 1796/56/100 1794/170/100 1793/171/100
f 1793/171/98 1794/170/98 1790/55/98 1789/71/98
f 1791/88/38 1795/72/38 1793/171/38 1789/176/38
f 1796/56/1 1792/40/1 1790/183/1 1794/170/1
usemtl Material.835
f 1797/160/95 1798/161/95 1800/181/95 1799/182/95
f 1799/182/1 1800/181/1 1804/56/1 1803/72/1
f 1803/72/97 1804/56/97 1802/170/97 1801/171/97
f 1801/171/38 1802/170/38 1798/55/38 1797/71/38
f 1799/88/96 1803/72/96 1801/171/96 1797/176/96
f 1804/56/98 1800/40/98 1798/183/98 1802/170/98
usemtl Material.836
f 1805/160/96 1806/161/96 1808/181/96 1807/182/96
f 1807/182/97 1808/181/97 1812/56/97 1811/72/97
f 1811/72/98 1812/56/98 1810/170/98 1809/171/98
f 1809/171/95 1810/170/95 1806/55/95 1805/71/95
f 1807/88/38 1811/72/38 1809/171/38 1805/176/38
f 1812/56/1 1808/40/1 1806/183/1 1810/170/1
usemtl Material.837
f 1813/160/96 1814/161/96 1816/181/96 1815/182/96
f 1815/182/100 1816/181/100 1820/56/100 1819/72/100
f 1819/72/98 1820/56/98 1818/170/98 1817/171/98
f 1817/171/99 1818/170/99 1814/55/99 1813/71/99
f 1815/88/38 1819/72/38 1817/171/38 1813/176/38
f 1820/56/1 1816/40/1 1814/183/1 1818/170/1
usemtl Material.838
f 1821/160/96 1822/161/96 1824/181/96 1823/182/96
f 1823/182/97 1824/181/97 1828/56/97 1827/72/97
f 1827/72/98 1828/56/98 1826/170/98 1825/171/98
f 1825/171/95 1826/170/95 1822/55/95 1821/71/95
f 1823/88/38 1827/72/38 1825/171/38 1821/176/38
f 1828/56/1 1824/40/1 1822/183/1 1826/170/1
usemtl Material.839
f 1829/160/96 1830/161/96 1832/181/96 1831/182/96
f 1831/182/100 1832/181/100 1836/56/100 1835/72/100
f 1835/72/98 1836/56/98 1834/170/98 1833/171/98
f 1833/171/99 1834/170/99 1830/55/99 1829/71/99
f 1831/88/38 1835/72/38 1833/171/38 1829/176/38
f 1836/56/1 1832/40/1 1830/183/1 1834/170/1
usemtl Material.840
f 1837/160/96 1838/161/96 1840/181/96 1839/182/96
f 1839/182/97 1840/181/97 1844/56/97 1843/72/97
f 1843/72/98 1844/56/98 1842/170/98 1841/171/98
f 1841/171/95 1842/170/95 1838/55/95 1837/71/95
f 1839/88/38 1843/72/38 1841/171/38 1837/176/38
f 1844/56/1 1840/40/1 1838/183/1 1842/170/1
usemtl Material.841
f 1845/160/96 1846/161/96 1848/181/96 1847/182/96
f 1847/182/1 1848/181/1 1852/56/1 1851/72/1
f 1851/72/98 1852/56/98 1850/170/98 1849/171/98
f 1849/171/38 1850/170/38 1846/55/38 1845/71/38
f 1847/88/97 1851/72/97 1849/171/97 1845/176/97
f 1852/56/95 1848/40/95 1846/183/95 1850/170/95
usemtl Material.842
f 1853/160/97 1854/161/97 1856/181/97 1855/182/97
f 1855/182/98 1856/181/98 1860/56/98 1859/72/98
f 1859/72/95 1860/56/95 1858/170/95 1857/171/95
f 1857/171/96 1858/170/96 1854/55/96 1853/71/96
f 1855/88/38 1859/72/38 1857/171/38 1853/176/38
f 1860/56/1 1856/40/1 1854/183/1 1858/170/1
usemtl Material.843
f 1861/160/97 1862/161/97 1864/181/97 1863/182/97
f 1863/182/98 1864/181/98 1868/56/98 1867/72/98
f 1867/72/95 1868/56/95 1866/170/95 1865/171/95
f 1865/171/96 1866/170/96 1862/55/96 1861/71/96
f 1863/88/38 1867/72/38 1865/171/38 1861/176/38
f 1868/56/1 1864/40/1 1862/183/1 1866/170/1
usemtl Material.844
f 1869/160/100 1870/161/100 1872/181/100 1871/182/100
f 1871/182/98 1872/181/98 1876/56/98 1875/72/98
f 1875/72/99 1876/56/99 1874/170/99 1873/171/99
f 1873/171/96 1874/170/96 1870/55/96 1869/71/96
f 1871/88/38 1875/72/38 1873/171/38 1869/176/38
f 1876/56/1 1872/40/1 1870/183/1 1874/170/1
usemtl Material.845
f 1877/160/97 1878/161/97 1880/181/97 1879/182/97
f 1879/182/98 1880/181/98 1884/56/98 1883/72/98
f 1883/72/95 1884/56/95 1882/170/95 1881/171/95
f 1881/171/96 1882/170/96 1878/55/96 1877/71/96
f 1879/88/38 1883/72/38 1881/171/38 1877/176/38
f 1884/56/1 1880/40/1 1878/183/1 1882/170/1
usemtl Material.846
f 1885/160/100 1886/161/100 1888/181/100 1887/182/100
f 1887/182/98 1888/181/98 1892/56/98 1891/72/98
f 1891/72/99 1892/56/99 1890/170/99 1889/171/99
f 1889/171/96 1890/170/96 1886/55/96 1885/71/96
f 1887/88/38 1891/72/38 1889/171/38 1885/176/38
f 1892/56/1 1888/40/1 1886/183/1 1890/170/1
usemtl Material.847
f 1893/160/97 1894/161/97 1896/181/97 1895/182/97
f 1895/182/1 1896/181/1 1900/56/1 1899/72/1
f 1899/72/99 1900/56/99 1898/170/99 1897/171/99
f 1897/171/38 1898/170/38 1894/55/38 1893/71/38
f 1895/88/98 1899/72/98 1897/171/98 1893/176/98
f 1900/56/96 1896/40/96 1894/183/96 1898/170/96
usemtl Material.848
f 1901/160/98 1902/161/98 1904/181/98 1903/182/98
f 1903/182/95 1904/181/95 1908/56/95 1907/72/95
f 1907/72/96 1908/56/96 1906/170/96 1905/171/96
f 1905/171/97 1906/170/97 1902/55/97 1901/71/97
f 1903/88/38 1907/72/38 1905/171/38 1901/176/38
f 1908/56/1 1904/40/1 1902/183/1 1906/170/1
usemtl Material.849
f 1909/160/98 1910/161/98 1912/181/98 1911/182/98
f 1911/182/99 1912/181/99 1916/56/99 1915/72/99
f 1915/72/96 1916/56/96 1914/170/96 1913/171/96
f 1913/171/97 1914/170/97 1910/55/97 1909/71/97
f 1911/88/38 1915/72/38 1913/171/38 1909/176/38
f 1916/56/1 1912/40/1 1910/183/1 1914/170/1
usemtl Material.850
f 1917/160/98 1918/161/98 1920/181/98 1919/182/98
f 1919/182/95 1920/181/95 1924/56/95 1923/72/95
f 1923/72/96 1924/56/96 1922/170/96 1921/171/96
f 1921/171/97 1922/170/97 1918/55/97 1917/71/97
f 1919/88/38 1923/72/38 1921/171/38 1917/176/38
f 1924/56/1 1920/40/1 1918/183/1 1922/170/1
usemtl Material.851
f 1925/160/98 1926/161/98 1928/181/98 1927/182/98
f 1927/182/99 1928/181/99 1932/56/99 1931/72/99
f 1931/72/96 1932/56/96 1930/170/96 1929/171/96
f 1929/171/100 1930/170/100 1926/55/100 1925/71/100
f 1927/88/38 1931/72/38 1929/171/38 1925/176/38
f 1932/56/1 1928/40/1 1926/183/1 1930/170/1
usemtl Material.852
f 1933/160/98 1934/161/98 1936/181/98 1935/182/98
f 1935/182/95 1936/181/95 1940/56/95 1939/72/95
f 1939/72/96 1940/56/96 1938/170/96 1937/171/96
f 1937/171/100 1938/170/100 1934/55/100 1933/71/100
f 1935/88/38 1939/72/38 1937/171/38 1933/176/38
f 1940/56/1 1936/40/1 1934/183/1 1938/170/1
usemtl Material.853
f 1941/160/98 1942/161/98 1944/181/98 1943/182/98
f 1943/182/1 1944/181/1 1948/56/1 1947/72/1
f 1947/72/96 1948/56/96 1946/170/96 1945/171/96
f 1945/171/38 1946/170/38 1942/55/38 1941/71/38
f 1943/88/95 1947/72/95 1945/171/95 1941/176/95
f 1948/56/97 1944/40/97 1942/183/97 1946/170/97
usemtl Material.912
f 1949/160/115 1950/161/115 1952/162/115 1951/163/115
f 1951/164/116 1952/165/116 1956/166/116 1955/167/116
f 1955/168/117 1956/169/117 1954/170/117 1953/171/117
f 1953/172/118 1954/173/118 1950/174/118 1949/175/118
f 1951/88/38 1955/72/38 1953/171/38 1949/176/38
f 1956/177/1 1952/178/1 1950/179/1 1954/180/1
usemtl Material.913
f 1957/160/119 1958/161/119 1960/181/119 1959/182/119
f 1959/182/116 1960/181/116 1964/56/116 1963/72/116
f 1963/72/117 1964/56/117 1962/170/117 1961/171/117
f 1961/171/118 1962/170/118 1958/55/118 1957/71/118
f 1959/88/38 1963/72/38 1961/171/38 1957/176/38
f 1964/56/1 1960/40/1 1958/183/1 1962/170/1
usemtl Material.914
f 1965/160/119 1966/161/119 1968/181/119 1967/182/119
f 1967/182/116 1968/181/116 1972/56/116 1971/72/116
f 1971/72/117 1972/56/117 1970/170/117 1969/171/117
f 1969/171/120 1970/170/120 1966/55/120 1965/71/120
f 1967/88/38 1971/72/38 1969/171/38 1965/176/38
f 1972/56/1 1968/40/1 1966/183/1 1970/170/1
usemtl Material.915
f 1973/160/115 1974/161/115 1976/181/115 1975/182/115
f 1975/182/116 1976/181/116 1980/56/116 1979/72/116
f 1979/72/117 1980/56/117 1978/170/117 1977/171/117
f 1977/171/118 1978/170/118 1974/55/118 1973/71/118
f 1975/88/38 1979/72/38 1977/171/38 1973/176/38
f 1980/56/1 1976/40/1 1974/183/1 1978/170/1
usemtl Material.916
f 1981/160/119 1982/161/119 1984/181/119 1983/182/119
f 1983/182/116 1984/181/116 1988/56/116 1987/72/116
f 1987/72/117 1988/56/117 1986/170/117 1985/171/117
f 1985/171/118 1986/170/118 1982/55/118 1981/71/118
f 1983/88/38 1987/72/38 1985/171/38 1981/176/38
f 1988/56/1 1984/40/1 1982/183/1 1986/170/1
usemtl Material.917
f 1989/160/115 1990/161/115 1992/181/115 1991/182/115
f 1991/182/116 1992/181/116 1996/56/116 1995/72/116
f 1995/72/117 1996/56/117 1994/170/117 1993/171/117
f 1993/171/118 1994/170/118 1990/55/118 1989/71/118
f 1991/88/38 1995/72/38 1993/171/38 1989/176/38
f 1996/56/1 1992/40/1 1990/183/1 1994/170/1
usemtl Material.918
f 1997/160/119 1998/161/119 2000/181/119 1999/182/119
f 1999/182/116 2000/181/116 2004/56/116 2003/72/116
f 2003/72/117 2004/56/117 2002/170/117 2001/171/117
f 2001/171/120 2002/170/120 1998/55/120 1997/71/120
f 1999/88/38 2003/72/38 2001/171/38 1997/176/38
f 2004/56/1 2000/40/1 1998/183/1 2002/170/1
usemtl Material.919
f 2005/160/115 2006/161/115 2008/181/115 2007/182/115
f 2007/182/116 2008/181/116 2012/56/116 2011/72/116
f 2011/72/117 2012/56/117 2010/170/117 2009/171/117
f 2009/171/118 2010/170/118 2006/55/118 2005/71/118
f 2007/88/38 2011/72/38 2009/171/38 2005/176/38
f 2012/56/1 2008/40/1 2006/183/1 2010/170/1
usemtl Material.920
f 2013/160/115 2014/161/115 2016/181/115 2015/182/115
f 2015/182/116 2016/181/116 2020/56/116 2019/72/116
f 2019/72/117 2020/56/117 2018/170/117 2017/171/117
f 2017/171/118 2018/170/118 2014/55/118 2013/71/118
f 2015/88/38 2019/72/38 2017/171/38 2013/176/38
f 2020/56/1 2016/40/1 2014/183/1 2018/170/1
usemtl Material.921
f 2021/160/115 2022/161/115 2024/181/115 2023/182/115
f 2023/182/121 2024/181/121 2028/56/121 2027/72/121
f 2027/72/122 2028/56/122 2026/170/122 2025/171/122
f 2025/171/118 2026/170/118 2022/55/118 2021/71/118
f 2023/88/38 2027/72/38 2025/171/38 2021/176/38
f 2028/56/1 2024/40/1 2022/183/1 2026/170/1
usemtl Material.922
f 2029/160/115 2030/161/115 2032/181/115 2031/182/115
f 2031/182/1 2032/181/1 2036/56/1 2035/72/1
f 2035/72/117 2036/56/117 2034/170/117 2033/171/117
f 2033/171/38 2034/170/38 2030/55/38 2029/71/38
f 2031/88/116 2035/72/116 2033/171/116 2029/176/116
f 2036/56/118 2032/40/118 2030/183/118 2034/170/118
usemtl Material.923
f 2037/160/116 2038/161/116 2040/181/116 2039/182/116
f 2039/182/117 2040/181/117 2044/56/117 2043/72/117
f 2043/72/118 2044/56/118 2042/170/118 2041/171/118
f 2041/171/115 2042/170/115 2038/55/115 2037/71/115
f 2039/88/38 2043/72/38 2041/171/38 2037/176/38
f 2044/56/1 2040/40/1 2038/183/1 2042/170/1
usemtl Material.924
f 2045/160/116 2046/161/116 2048/181/116 2047/182/116
f 2047/182/117 2048/181/117 2052/56/117 2051/72/117
f 2051/72/118 2052/56/118 2050/170/118 2049/171/118
f 2049/171/115 2050/170/115 2046/55/115 2045/71/115
f 2047/88/38 2051/72/38 2049/171/38 2045/176/38
f 2052/56/1 2048/40/1 2046/183/1 2050/170/1
usemtl Material.925
f 2053/160/121 2054/161/121 2056/181/121 2055/182/121
f 2055/182/117 2056/181/117 2060/56/117 2059/72/117
f 2059/72/120 2060/56/120 2058/170/120 2057/171/120
f 2057/171/115 2058/170/115 2054/55/115 2053/71/115
f 2055/88/38 2059/72/38 2057/171/38 2053/176/38
f 2060/56/1 2056/40/1 2054/183/1 2058/170/1
usemtl Material.926
f 2061/160/116 2062/161/116 2064/181/116 2063/182/116
f 2063/182/117 2064/181/117 2068/56/117 2067/72/117
f 2067/72/120 2068/56/120 2066/170/120 2065/171/120
f 2065/171/115 2066/170/115 2062/55/115 2061/71/115
f 2063/88/38 2067/72/38 2065/171/38 2061/176/38
f 2068/56/1 2064/40/1 2062/183/1 2066/170/1
usemtl Material.927
f 2069/160/116 2070/161/116 2072/181/116 2071/182/116
f 2071/182/117 2072/181/117 2076/56/117 2075/72/117
f 2075/72/118 2076/56/118 2074/170/118 2073/171/118
f 2073/171/119 2074/170/119 2070/55/119 2069/71/119
f 2071/88/38 2075/72/38 2073/171/38 2069/176/38
f 2076/56/1 2072/40/1 2070/183/1 2074/170/1
usemtl Material.928
f 2077/160/116 2078/161/116 2080/181/116 2079/182/116
f 2079/182/1 2080/181/1 2084/56/1 2083/72/1
f 2083/72/118 2084/56/118 2082/170/118 2081/171/118
f 2081/171/38 2082/170/38 2078/55/38 2077/71/38
f 2079/88/117 2083/72/117 2081/171/117 2077/176/117
f 2084/56/115 2080/40/115 2078/183/115 2082/170/115
usemtl Material.929
f 2085/160/117 2086/161/117 2088/181/117 2087/182/117
f 2087/182/118 2088/181/118 2092/56/118 2091/72/118
f 2091/72/115 2092/56/115 2090/170/115 2089/171/115
f 2089/171/116 2090/170/116 2086/55/116 2085/71/116
f 2087/88/38 2091/72/38 2089/171/38 2085/176/38
f 2092/56/1 2088/40/1 2086/183/1 2090/170/1
usemtl Material.930
f 2093/160/117 2094/161/117 2096/181/117 2095/182/117
f 2095/182/120 2096/181/120 2100/56/120 2099/72/120
f 2099/72/115 2100/56/115 2098/170/115 2097/171/115
f 2097/171/121 2098/170/121 2094/55/121 2093/71/121
f 2095/88/38 2099/72/38 2097/171/38 2093/176/38
f 2100/56/1 2096/40/1 2094/183/1 2098/170/1
usemtl Material.931
f 2101/160/117 2102/161/117 2104/181/117 2103/182/117
f 2103/182/118 2104/181/118 2108/56/118 2107/72/118
f 2107/72/115 2108/56/115 2106/170/115 2105/171/115
f 2105/171/121 2106/170/121 2102/55/121 2101/71/121
f 2103/88/38 2107/72/38 2105/171/38 2101/176/38
f 2108/56/1 2104/40/1 2102/183/1 2106/170/1
usemtl Material.932
f 2109/160/117 2110/161/117 2112/181/117 2111/182/117
f 2111/182/120 2112/181/120 2116/56/120 2115/72/120
f 2115/72/115 2116/56/115 2114/170/115 2113/171/115
f 2113/171/121 2114/170/121 2110/55/121 2109/71/121
f 2111/88/38 2115/72/38 2113/171/38 2109/176/38
f 2116/56/1 2112/40/1 2110/183/1 2114/170/1
usemtl Material.933
f 2117/160/117 2118/161/117 2120/181/117 2119/182/117
f 2119/182/120 2120/181/120 2124/56/120 2123/72/120
f 2123/72/115 2124/56/115 2122/170/115 2121/171/115
f 2121/171/121 2122/170/121 2118/55/121 2117/71/121
f 2119/88/38 2123/72/38 2121/171/38 2117/176/38
f 2124/56/1 2120/40/1 2118/183/1 2122/170/1
usemtl Material.934
f 2125/160/117 2126/161/117 2128/181/117 2127/182/117
f 2127/182/1 2128/181/1 2132/56/1 2131/72/1
f 2131/72/115 2132/56/115 2130/170/115 2129/171/115
f 2129/171/38 2130/170/38 2126/55/38 2125/71/38
f 2127/88/118 2131/72/118 2129/171/118 2125/176/118
f 2132/56/116 2128/40/116 2126/183/116 2130/170/116
usemtl Material.935
f 2133/160/118 2134/161/118 2136/181/118 2135/182/118
f 2135/182/115 2136/181/115 2140/56/115 2139/72/115
f 2139/72/116 2140/56/116 2138/170/116 2137/171/116
f 2137/171/117 2138/170/117 2134/55/117 2133/71/117
f 2135/88/38 2139/72/38 2137/171/38 2133/176/38
f 2140/56/1 2136/40/1 2134/183/1 2138/170/1
usemtl Material.936
f 2141/160/120 2142/161/120 2144/181/120 2143/182/120
f 2143/182/115 2144/181/115 2148/56/115 2147/72/115
f 2147/72/121 2148/56/121 2146/170/121 2145/171/121
f 2145/171/117 2146/170/117 2142/55/117 2141/71/117
f 2143/88/38 2147/72/38 2145/171/38 2141/176/38
f 2148/56/1 2144/40/1 2142/183/1 2146/170/1
usemtl Material.937
f 2149/160/120 2150/161/120 2152/181/120 2151/182/120
f 2151/182/115 2152/181/115 2156/56/115 2155/72/115
f 2155/72/121 2156/56/121 2154/170/121 2153/171/121
f 2153/171/117 2154/170/117 2150/55/117 2149/71/117
f 2151/88/38 2155/72/38 2153/171/38 2149/176/38
f 2156/56/1 2152/40/1 2150/183/1 2154/170/1
usemtl Material.938
f 2157/160/118 2158/161/118 2160/181/118 2159/182/118
f 2159/182/115 2160/181/115 2164/56/115 2163/72/115
f 2163/72/116 2164/56/116 2162/170/116 2161/171/116
f 2161/171/117 2162/170/117 2158/55/117 2157/71/117
f 2159/88/38 2163/72/38 2161/171/38 2157/176/38
f 2164/56/1 2160/40/1 2158/183/1 2162/170/1
usemtl Material.939
f 2165/160/118 2166/161/118 2168/181/118 2167/182/118
f 2167/182/115 2168/181/115 2172/56/115 2171/72/115
f 2171/72/116 2172/56/116 2170/170/116 2169/171/116
f 2169/171/117 2170/170/117 2166/55/117 2165/71/117
f 2167/88/38 2171/72/38 2169/171/38 2165/176/38
f 2172/56/1 2168/40/1 2166/183/1 2170/170/1
usemtl Material.940
f 2173/160/118 2174/161/118 2176/181/118 2175/182/118
f 2175/182/1 2176/181/1 2180/56/1 2179/72/1
f 2179/72/116 2180/56/116 2178/170/116 2177/171/116
f 2177/171/38 2178/170/38 2174/55/38 2173/71/38
f 2175/88/115 2179/72/115 2177/171/115 2173/176/115
f 2180/56/117 2176/40/117 2174/183/117 2178/170/117
usemtl Material.854
f 2181/160/3 2182/161/3 2184/162/3 2183/163/3
f 2183/164/4 2184/165/4 2188/166/4 2187/167/4
f 2187/168/2 2188/169/2 2186/170/2 2185/171/2
f 2185/172/5 2186/173/5 2182/174/5 2181/175/5
f 2183/88/38 2187/72/38 2185/171/38 2181/176/38
f 2188/177/1 2184/178/1 2182/179/1 2186/180/1
usemtl Material.855
f 2189/160/3 2190/161/3 2192/181/3 2191/182/3
f 2191/182/4 2192/181/4 2196/56/4 2195/72/4
f 2195/72/2 2196/56/2 2194/170/2 2193/171/2
f 2193/171/5 2194/170/5 2190/55/5 2189/71/5
f 2191/88/38 2195/72/38 2193/171/38 2189/176/38
f 2196/56/1 2192/40/1 2190/183/1 2194/170/1
usemtl Material.856
f 2197/160/3 2198/161/3 2200/181/3 2199/182/3
f 2199/182/4 2200/181/4 2204/56/4 2203/72/4
f 2203/72/2 2204/56/2 2202/170/2 2201/171/2
f 2201/171/5 2202/170/5 2198/55/5 2197/71/5
f 2199/88/38 2203/72/38 2201/171/38 2197/176/38
f 2204/56/1 2200/40/1 2198/183/1 2202/170/1
usemtl Material.857
f 2205/160/3 2206/161/3 2208/181/3 2207/182/3
f 2207/182/4 2208/181/4 2212/56/4 2211/72/4
f 2211/72/2 2212/56/2 2210/170/2 2209/171/2
f 2209/171/5 2210/170/5 2206/55/5 2205/71/5
f 2207/88/38 2211/72/38 2209/171/38 2205/176/38
f 2212/56/1 2208/40/1 2206/183/1 2210/170/1
usemtl Material.858
f 2213/160/3 2214/161/3 2216/181/3 2215/182/3
f 2215/182/4 2216/181/4 2220/56/4 2219/72/4
f 2219/72/2 2220/56/2 2218/170/2 2217/171/2
f 2217/171/5 2218/170/5 2214/55/5 2213/71/5
f 2215/88/38 2219/72/38 2217/171/38 2213/176/38
f 2220/56/1 2216/40/1 2214/183/1 2218/170/1
usemtl Material.859
f 2221/160/3 2222/161/3 2224/181/3 2223/182/3
f 2223/182/4 2224/181/4 2228/56/4 2227/72/4
f 2227/72/2 2228/56/2 2226/170/2 2225/171/2
f 2225/171/5 2226/170/5 2222/55/5 2221/71/5
f 2223/88/38 2227/72/38 2225/171/38 2221/176/38
f 2228/56/1 2224/40/1 2222/183/1 2226/170/1
usemtl Material.860
f 2229/160/3 2230/161/3 2232/181/3 2231/182/3
f 2231/182/4 2232/181/4 2236/56/4 2235/72/4
f 2235/72/2 2236/56/2 2234/170/2 2233/171/2
f 2233/171/5 2234/170/5 2230/55/5 2229/71/5
f 2231/88/38 2235/72/38 2233/171/38 2229/176/38
f 2236/56/1 2232/40/1 2230/183/1 2234/170/1
usemtl Material.861
f 2237/160/3 2238/161/3 2240/181/3 2239/182/3
f 2239/182/4 2240/181/4 2244/56/4 2243/72/4
f 2243/72/2 2244/56/2 2242/170/2 2241/171/2
f 2241/171/5 2242/170/5 2238/55/5 2237/71/5
f 2239/88/38 2243/72/38 2241/171/38 2237/176/38
f 2244/56/1 2240/40/1 2238/183/1 2242/170/1
usemtl Material.862
f 2245/160/3 2246/161/3 2248/181/3 2247/182/3
f 2247/182/4 2248/181/4 2252/56/4 2251/72/4
f 2251/72/2 2252/56/2 2250/170/2 2249/171/2
f 2249/171/5 2250/170/5 2246/55/5 2245/71/5
f 2247/88/38 2251/72/38 2249/171/38 2245/176/38
f 2252/56/1 2248/40/1 2246/183/1 2250/170/1
usemtl Material.863
f 2253/160/3 2254/161/3 2256/181/3 2255/182/3
f 2255/182/4 2256/181/4 2260/56/4 2259/72/4
f 2259/72/2 2260/56/2 2258/170/2 2257/171/2
f 2257/171/5 2258/170/5 2254/55/5 2253/71/5
f 2255/88/38 2259/72/38 2257/171/38 2253/176/38
f 2260/56/1 2256/40/1 2254/183/1 2258/170/1
usemtl Material.864
f 2261/160/3 2262/161/3 2264/181/3 2263/182/3
f 2263/182/1 2264/181/1 2268/56/1 2267/72/1
f 2267/72/2 2268/56/2 2266/170/2 2265/171/2
f 2265/171/38 2266/170/38 2262/55/38 2261/71/38
f 2263/88/4 2267/72/4 2265/171/4 2261/176/4
f 2268/56/5 2264/40/5 2262/183/5 2266/170/5
usemtl Material.865
f 2269/160/4 2270/161/4 2272/181/4 2271/182/4
f 2271/182/2 2272/181/2 2276/56/2 2275/72/2
f 2275/72/5 2276/56/5 2274/170/5 2273/171/5
f 2273/171/3 2274/170/3 2270/55/3 2269/71/3
f 2271/88/38 2275/72/38 2273/171/38 2269/176/38
f 2276/56/1 2272/40/1 2270/183/1 2274/170/1
usemtl Material.866
f 2277/160/4 2278/161/4 2280/181/4 2279/182/4
f 2279/182/2 2280/181/2 2284/56/2 2283/72/2
f 2283/72/5 2284/56/5 2282/170/5 2281/171/5
f 2281/171/3 2282/170/3 2278/55/3 2277/71/3
f 2279/88/38 2283/72/38 2281/171/38 2277/176/38
f 2284/56/1 2280/40/1 2278/183/1 2282/170/1
usemtl Material.867
f 2285/160/4 2286/161/4 2288/181/4 2287/182/4
f 2287/182/2 2288/181/2 2292/56/2 2291/72/2
f 2291/72/5 2292/56/5 2290/170/5 2289/171/5
f 2289/171/3 2290/170/3 2286/55/3 2285/71/3
f 2287/88/38 2291/72/38 2289/171/38 2285/176/38
f 2292/56/1 2288/40/1 2286/183/1 2290/170/1
usemtl Material.868
f 2293/160/4 2294/161/4 2296/181/4 2295/182/4
f 2295/182/2 2296/181/2 2300/56/2 2299/72/2
f 2299/72/5 2300/56/5 2298/170/5 2297/171/5
f 2297/171/3 2298/170/3 2294/55/3 2293/71/3
f 2295/88/38 2299/72/38 2297/171/38 2293/176/38
f 2300/56/1 2296/40/1 2294/183/1 2298/170/1
usemtl Material.869
f 2301/160/4 2302/161/4 2304/181/4 2303/182/4
f 2303/182/2 2304/181/2 2308/56/2 2307/72/2
f 2307/72/5 2308/56/5 2306/170/5 2305/171/5
f 2305/171/3 2306/170/3 2302/55/3 2301/71/3
f 2303/88/38 2307/72/38 2305/171/38 2301/176/38
f 2308/56/1 2304/40/1 2302/183/1 2306/170/1
usemtl Material.870
f 2309/160/4 2310/161/4 2312/181/4 2311/182/4
f 2311/182/1 2312/181/1 2316/56/1 2315/72/1
f 2315/72/5 2316/56/5 2314/170/5 2313/171/5
f 2313/171/38 2314/170/38 2310/55/38 2309/71/38
f 2311/88/2 2315/72/2 2313/171/2 2309/176/2
f 2316/56/3 2312/40/3 2310/183/3 2314/170/3
usemtl Material.871
f 2317/160/2 2318/161/2 2320/181/2 2319/182/2
f 2319/182/5 2320/181/5 2324/56/5 2323/72/5
f 2323/72/3 2324/56/3 2322/170/3 2321/171/3
f 2321/171/4 2322/170/4 2318/55/4 2317/71/4
f 2319/88/38 2323/72/38 2321/171/38 2317/176/38
f 2324/56/1 2320/40/1 2318/183/1 2322/170/1
usemtl Material.872
f 2325/160/2 2326/161/2 2328/181/2 2327/182/2
f 2327/182/5 2328/181/5 2332/56/5 2331/72/5
f 2331/72/3 2332/56/3 2330/170/3 2329/171/3
f 2329/171/4 2330/170/4 2326/55/4 2325/71/4
f 2327/88/38 2331/72/38 2329/171/38 2325/176/38
f 2332/56/1 2328/40/1 2326/183/1 2330/170/1
usemtl Material.873
f 2333/160/2 2334/161/2 2336/181/2 2335/182/2
f 2335/182/5 2336/181/5 2340/56/5 2339/72/5
f 2339/72/3 2340/56/3 2338/170/3 2337/171/3
f 2337/171/4 2338/170/4 2334/55/4 2333/71/4
f 2335/88/38 2339/72/38 2337/171/38 2333/176/38
f 2340/56/1 2336/40/1 2334/183/1 2338/170/1
usemtl Material.874
f 2341/160/2 2342/161/2 2344/181/2 2343/182/2
f 2343/182/5 2344/181/5 2348/56/5 2347/72/5
f 2347/72/3 2348/56/3 2346/170/3 2345/171/3
f 2345/171/4 2346/170/4 2342/55/4 2341/71/4
f 2343/88/38 2347/72/38 2345/171/38 2341/176/38
f 2348/56/1 2344/40/1 2342/183/1 2346/170/1
usemtl Material.875
f 2349/160/2 2350/161/2 2352/181/2 2351/182/2
f 2351/182/5 2352/181/5 2356/56/5 2355/72/5
f 2355/72/3 2356/56/3 2354/170/3 2353/171/3
f 2353/171/4 2354/170/4 2350/55/4 2349/71/4
f 2351/88/38 2355/72/38 2353/171/38 2349/176/38
f 2356/56/1 2352/40/1 2350/183/1 2354/170/1
usemtl Material.876
f 2357/160/2 2358/161/2 2360/181/2 2359/182/2
f 2359/182/1 2360/181/1 2364/56/1 2363/72/1
f 2363/72/3 2364/56/3 2362/170/3 2361/171/3
f 2361/171/38 2362/170/38 2358/55/38 2357/71/38
f 2359/88/5 2363/72/5 2361/171/5 2357/176/5
f 2364/56/4 2360/40/4 2358/183/4 2362/170/4
usemtl Material.877
f 2365/160/5 2366/161/5 2368/181/5 2367/182/5
f 2367/182/3 2368/181/3 2372/56/3 2371/72/3
f 2371/72/4 2372/56/4 2370/170/4 2369/171/4
f 2369/171/2 2370/170/2 2366/55/2 2365/71/2
f 2367/88/38 2371/72/38 2369/171/38 2365/176/38
f 2372/56/1 2368/40/1 2366/183/1 2370/170/1
usemtl Material.878
f 2373/160/5 2374/161/5 2376/181/5 2375/182/5
f 2375/182/3 2376/181/3 2380/56/3 2379/72/3
f 2379/72/4 2380/56/4 2378/170/4 2377/171/4
f 2377/171/2 2378/170/2 2374/55/2 2373/71/2
f 2375/88/38 2379/72/38 2377/171/38 2373/176/38
f 2380/56/1 2376/40/1 2374/183/1 2378/170/1
usemtl Material.879
f 2381/160/5 2382/161/5 2384/181/5 2383/182/5
f 2383/182/3 2384/181/3 2388/56/3 2387/72/3
f 2387/72/4 2388/56/4 2386/170/4 2385/171/4
f 2385/171/2 2386/170/2 2382/55/2 2381/71/2
f 2383/88/38 2387/72/38 2385/171/38 2381/176/38
f 2388/56/1 2384/40/1 2382/183/1 2386/170/1
usemtl Material.880
f 2389/160/5 2390/161/5 2392/181/5 2391/182/5
f 2391/182/3 2392/181/3 2396/56/3 2395/72/3
f 2395/72/4 2396/56/4 2394/170/4 2393/171/4
f 2393/171/2 2394/170/2 2390/55/2 2389/71/2
f 2391/88/38 2395/72/38 2393/171/38 2389/176/38
f 2396/56/1 2392/40/1 2390/183/1 2394/170/1
usemtl Material.881
f 2397/160/5 2398/161/5 2400/181/5 2399/182/5
f 2399/182/3 2400/181/3 2404/56/3 2403/72/3
f 2403/72/4 2404/56/4 2402/170/4 2401/171/4
f 2401/171/2 2402/170/2 2398/55/2 2397/71/2
f 2399/88/38 2403/72/38 2401/171/38 2397/176/38
f 2404/56/1 2400/40/1 2398/183/1 2402/170/1
usemtl Material.882
f 2405/160/5 2406/161/5 2408/181/5 2407/182/5
f 2407/182/1 2408/181/1 2412/56/1 2411/72/1
f 2411/72/4 2412/56/4 2410/170/4 2409/171/4
f 2409/171/38 2410/170/38 2406/55/38 2405/71/38
f 2407/88/3 2411/72/3 2409/171/3 2405/176/3
f 2412/56/2 2408/40/2 2406/183/2 2410/170/2
usemtl Material.822
f 2413/160/3 2414/161/3 2416/181/3 2415/182/3
f 2415/182/4 2416/181/4 2420/56/4 2419/72/4
f 2419/72/2 2420/56/2 2418/170/2 2417/171/2
f 2417/171/5 2418/170/5 2414/55/5 2413/71/5
f 2415/88/38 2419/72/38 2417/171/38 2413/176/38
f 2420/56/1 2416/40/1 2414/183/1 2418/170/1
o Edificio1_Pasillo
v 32.000000 0.000000 -50.000000
v 34.000000 0.000000 -50.000000
v 32.000000 0.000000 -100.000000
v 34.000000 0.000000 -100.000000
vn -0.0000 1.0000 -0.0000
vt 0.000000 0.000000
vt 4.093905 0.000000
vt 4.093905 1.000000
vt 0.000000 1.000000
s 0
usemtl Ceramico
f 2421/184/123 2422/185/123 2424/186/123 2423/187/123
o Plano.001
v 28.000000 0.000000 -46.000000
v 64.000000 0.000000 -46.000000
v 28.000000 0.000000 -50.000000
v 64.000000 0.000000 -50.000000
vn -0.0000 1.0000 -0.0000
vt 0.000000 0.000000
vt 16.434029 0.000000
vt 16.434029 2.437500
vt 0.000000 2.437500
s 0
usemtl Piedras
f 2425/188/124 2426/189/124 2428/190/124 2427/191/124
o Edificio1_Barrotes
v 32.000000 0.000000 -95.000000
v 32.000000 4.000000 -95.000000
v 32.000000 0.000000 -95.100006
v 32.000000 4.000000 -95.100006
v 32.099998 0.000000 -95.000000
v 32.099998 4.000000 -95.000000
v 32.099998 0.000000 -95.100006
v 32.099998 4.000000 -95.100006
v 32.000000 0.000000 -69.000000
v 32.000000 4.000000 -69.000000
v 32.000000 0.000000 -69.100006
v 32.000000 4.000000 -69.100006
v 32.099998 0.000000 -69.000000
v 32.099998 4.000000 -69.000000
v 32.099998 0.000000 -69.100006
v 32.099998 4.000000 -69.100006
v 32.000000 0.000000 -65.000000
v 32.000000 4.000000 -65.000000
v 32.000000 0.000000 -65.099998
v 32.000000 4.000000 -65.099998
v 32.099998 0.000000 -65.000000
v 32.099998 4.000000 -65.000000
v 32.099998 0.000000 -65.099998
v 32.099998 4.000000 -65.099998
v 32.000000 0.000000 -66.000000
v 32.000000 4.000000 -66.000000
v 32.000000 0.000000 -66.099998
v 32.000000 4.000000 -66.099998
v 32.099998 0.000000 -66.000000
v 32.099998 4.000000 -66.000000
v 32.099998 0.000000 -66.099998
v 32.099998 4.000000 -66.099998
v 32.000000 0.000000 -67.000000
v 32.000000 4.000000 -67.000000
v 32.000000 0.000000 -67.099998
v 32.000000 4.000000 -67.099998
v 32.099998 0.000000 -67.000000
v 32.099998 4.000000 -67.000000
v 32.099998 0.000000 -67.099998
v 32.099998 4.000000 -67.099998
v 32.000000 0.000000 -68.000000
v 32.000000 4.000000 -68.000000
v 32.000000 0.000000 -68.099998
v 32.000000 4.000000 -68.099998
v 32.099998 0.000000 -68.000000
v 32.099998 4.000000 -68.000000
v 32.099998 0.000000 -68.099998
v 32.099998 4.000000 -68.099998
v 32.000000 0.000000 -63.999996
v 32.000000 4.000000 -63.999996
v 32.000000 0.000000 -64.099998
v 32.000000 4.000000 -64.099998
v 32.099998 0.000000 -63.999996
v 32.099998 4.000000 -63.999996
v 32.099998 0.000000 -64.099998
v 32.099998 4.000000 -64.099998
v 32.000000 0.000000 -59.999989
v 32.000000 4.000000 -59.999989
v 32.000000 0.000000 -60.099991
v 32.000000 4.000000 -60.099991
v 32.099998 0.000000 -59.999989
v 32.099998 4.000000 -59.999989
v 32.099998 0.000000 -60.099991
v 32.099998 4.000000 -60.099991
v 32.000000 0.000000 -60.999989
v 32.000000 4.000000 -60.999989
v 32.000000 0.000000 -61.099991
v 32.000000 4.000000 -61.099991
v 32.099998 0.000000 -60.999989
v 32.099998 4.000000 -60.999989
v 32.099998 0.000000 -61.099991
v 32.099998 4.000000 -61.099991
v 32.000000 0.000000 -61.999989
v 32.000000 4.000000 -61.999989
v 32.000000 0.000000 -62.099991
v 32.000000 4.000000 -62.099991
v 32.099998 0.000000 -61.999989
v 32.099998 4.000000 -61.999989
v 32.099998 0.000000 -62.099991
v 32.099998 4.000000 -62.099991
v 32.000000 0.000000 -62.999989
v 32.000000 4.000000 -62.999989
v 32.000000 0.000000 -63.099991
v 32.000000 4.000000 -63.099991
v 32.099998 0.000000 -62.999989
v 32.099998 4.000000 -62.999989
v 32.099998 0.000000 -63.099991
v 32.099998 4.000000 -63.099991
v 32.000000 0.000000 -59.000004
v 32.000000 4.000000 -59.000004
v 32.000000 0.000000 -59.100002
v 32.000000 4.000000 -59.100002
v 32.099998 0.000000 -59.000004
v 32.099998 4.000000 -59.000004
v 32.099998 0.000000 -59.100002
v 32.099998 4.000000 -59.100002
v 32.000000 0.000000 -54.999996
v 32.000000 4.000000 -54.999996
v 32.000000 0.000000 -55.099995
v 32.000000 4.000000 -55.099995
v 32.099998 0.000000 -54.999996
v 32.099998 4.000000 -54.999996
v 32.099998 0.000000 -55.099995
v 32.099998 4.000000 -55.099995
v 32.000000 0.000000 -55.999996
v 32.000000 4.000000 -55.999996
v 32.000000 0.000000 -56.099995
v 32.000000 4.000000 -56.099995
v 32.099998 0.000000 -55.999996
v 32.099998 4.000000 -55.999996
v 32.099998 0.000000 -56.099995
v 32.099998 4.000000 -56.099995
v 32.000000 0.000000 -56.999996
v 32.000000 4.000000 -56.999996
v 32.000000 0.000000 -57.099995
v 32.000000 4.000000 -57.099995
v 32.099998 0.000000 -56.999996
v 32.099998 4.000000 -56.999996
v 32.099998 0.000000 -57.099995
v 32.099998 4.000000 -57.099995
v 32.000000 0.000000 -57.999996
v 32.000000 4.000000 -57.999996
v 32.000000 0.000000 -58.099995
v 32.000000 4.000000 -58.099995
v 32.099998 0.000000 -57.999996
v 32.099998 4.000000 -57.999996
v 32.099998 0.000000 -58.099995
v 32.099998 4.000000 -58.099995
v 32.000000 0.000000 -53.999996
v 32.000000 4.000000 -53.999996
v 32.000000 0.000000 -54.099995
v 32.000000 4.000000 -54.099995
v 32.099998 0.000000 -53.999996
v 32.099998 4.000000 -53.999996
v 32.099998 0.000000 -54.099995
v 32.099998 4.000000 -54.099995
v 32.000000 0.000000 -49.999989
v 32.000000 4.000000 -49.999989
v 32.000000 0.000000 -50.099991
v 32.000000 4.000000 -50.099991
v 32.099998 0.000000 -49.999989
v 32.099998 4.000000 -49.999989
v 32.099998 0.000000 -50.099991
v 32.099998 4.000000 -50.099991
v 32.000000 0.000000 -50.999989
v 32.000000 4.000000 -50.999989
v 32.000000 0.000000 -51.099991
v 32.000000 4.000000 -51.099991
v 32.099998 0.000000 -50.999989
v 32.099998 4.000000 -50.999989
v 32.099998 0.000000 -51.099991
v 32.099998 4.000000 -51.099991
v 32.000000 0.000000 -51.999989
v 32.000000 4.000000 -51.999989
v 32.000000 0.000000 -52.099991
v 32.000000 4.000000 -52.099991
v 32.099998 0.000000 -51.999989
v 32.099998 4.000000 -51.999989
v 32.099998 0.000000 -52.099991
v 32.099998 4.000000 -52.099991
v 32.000000 0.000000 -52.999989
v 32.000000 4.000000 -52.999989
v 32.000000 0.000000 -53.099991
v 32.000000 4.000000 -53.099991
v 32.099998 0.000000 -52.999989
v 32.099998 4.000000 -52.999989
v 32.099998 0.000000 -53.099991
v 32.099998 4.000000 -53.099991
v 32.000000 0.000000 -94.002998
v 32.000000 4.000000 -94.002998
v 32.000000 0.000000 -94.102997
v 32.000000 4.000000 -94.102997
v 32.099998 0.000000 -94.002998
v 32.099998 4.000000 -94.002998
v 32.099998 0.000000 -94.102997
v 32.099998 4.000000 -94.102997
v 32.000000 0.000000 -90.002991
v 32.000000 4.000000 -90.002991
v 32.000000 0.000000 -90.102997
v 32.000000 4.000000 -90.102997
v 32.099998 0.000000 -90.002991
v 32.099998 4.000000 -90.002991
v 32.099998 0.000000 -90.102997
v 32.099998 4.000000 -90.102997
v 32.000000 0.000000 -91.002991
v 32.000000 4.000000 -91.002991
v 32.000000 0.000000 -91.102997
v 32.000000 4.000000 -91.102997
v 32.099998 0.000000 -91.002991
v 32.099998 4.000000 -91.002991
v 32.099998 0.000000 -91.102997
v 32.099998 4.000000 -91.102997
v 32.000000 0.000000 -92.002991
v 32.000000 4.000000 -92.002991
v 32.000000 0.000000 -92.102997
v 32.000000 4.000000 -92.102997
v 32.099998 0.000000 -92.002991
v 32.099998 4.000000 -92.002991
v 32.099998 0.000000 -92.102997
v 32.099998 4.000000 -92.102997
v 32.000000 0.000000 -93.002991
v 32.000000 4.000000 -93.002991
v 32.000000 0.000000 -93.102997
v 32.000000 4.000000 -93.102997
v 32.099998 0.000000 -93.002991
v 32.099998 4.000000 -93.002991
v 32.099998 0.000000 -93.102997
v 32.099998 4.000000 -93.102997
v 32.000000 0.000000 -89.002991
v 32.000000 4.000000 -89.002991
v 32.000000 0.000000 -89.102997
v 32.000000 4.000000 -89.102997
v 32.099998 0.000000 -89.002991
v 32.099998 4.000000 -89.002991
v 32.099998 0.000000 -89.102997
v 32.099998 4.000000 -89.102997
v 32.000000 0.000000 -85.002991
v 32.000000 4.000000 -85.002991
v 32.000000 0.000000 -85.102989
v 32.000000 4.000000 -85.102989
v 32.099998 0.000000 -85.002991
v 32.099998 4.000000 -85.002991
v 32.099998 0.000000 -85.102989
v 32.099998 4.000000 -85.102989
v 32.000000 0.000000 -86.002991
v 32.000000 4.000000 -86.002991
v 32.000000 0.000000 -86.102989
v 32.000000 4.000000 -86.102989
v 32.099998 0.000000 -86.002991
v 32.099998 4.000000 -86.002991
v 32.099998 0.000000 -86.102989
v 32.099998 4.000000 -86.102989
v 32.000000 0.000000 -87.002991
v 32.000000 4.000000 -87.002991
v 32.000000 0.000000 -87.102989
v 32.000000 4.000000 -87.102989
v 32.099998 0.000000 -87.002991
v 32.099998 4.000000 -87.002991
v 32.099998 0.000000 -87.102989
v 32.099998 4.000000 -87.102989
v 32.000000 0.000000 -88.002991
v 32.000000 4.000000 -88.002991
v 32.000000 0.000000 -88.102989
v 32.000000 4.000000 -88.102989
v 32.099998 0.000000 -88.002991
v 32.099998 4.000000 -88.002991
v 32.099998 0.000000 -88.102989
v 32.099998 4.000000 -88.102989
v 32.000000 0.000000 -84.002998
v 32.000000 4.000000 -84.002998
v 32.000000 0.000000 -84.102997
v 32.000000 4.000000 -84.102997
v 32.099998 0.000000 -84.002998
v 32.099998 4.000000 -84.002998
v 32.099998 0.000000 -84.102997
v 32.099998 4.000000 -84.102997
v 32.000000 0.000000 -80.002998
v 32.000000 4.000000 -80.002998
v 32.000000 0.000000 -80.102997
v 32.000000 4.000000 -80.102997
v 32.099998 0.000000 -80.002998
v 32.099998 4.000000 -80.002998
v 32.099998 0.000000 -80.102997
v 32.099998 4.000000 -80.102997
v 32.000000 0.000000 -81.002998
v 32.000000 4.000000 -81.002998
v 32.000000 0.000000 -81.102997
v 32.000000 4.000000 -81.102997
v 32.099998 0.000000 -81.002998
v 32.099998 4.000000 -81.002998
v 32.099998 0.000000 -81.102997
v 32.099998 4.000000 -81.102997
v 32.000000 0.000000 -82.002991
v 32.000000 4.000000 -82.002991
v 32.000000 0.000000 -82.102997
v 32.000000 4.000000 -82.102997
v 32.099998 0.000000 -82.002991
v 32.099998 4.000000 -82.002991
v 32.099998 0.000000 -82.102997
v 32.099998 4.000000 -82.102997
v 32.000000 0.000000 -83.002991
v 32.000000 4.000000 -83.002991
v 32.000000 0.000000 -83.102997
v 32.000000 4.000000 -83.102997
v 32.099998 0.000000 -83.002991
v 32.099998 4.000000 -83.002991
v 32.099998 0.000000 -83.102997
v 32.099998 4.000000 -83.102997
v 32.000000 0.000000 -79.002991
v 32.000000 4.000000 -79.002991
v 32.000000 0.000000 -79.102997
v 32.000000 4.000000 -79.102997
v 32.099998 0.000000 -79.002991
v 32.099998 4.000000 -79.002991
v 32.099998 0.000000 -79.102997
v 32.099998 4.000000 -79.102997
v 32.000000 0.000000 -75.002991
v 32.000000 4.000000 -75.002991
v 32.000000 0.000000 -75.102989
v 32.000000 4.000000 -75.102989
v 32.099998 0.000000 -75.002991
v 32.099998 4.000000 -75.002991
v 32.099998 0.000000 -75.102989
v 32.099998 4.000000 -75.102989
v 32.000000 0.000000 -76.002991
v 32.000000 4.000000 -76.002991
v 32.000000 0.000000 -76.102989
v 32.000000 4.000000 -76.102989
v 32.099998 0.000000 -76.002991
v 32.099998 4.000000 -76.002991
v 32.099998 0.000000 -76.102989
v 32.099998 4.000000 -76.102989
v 32.000000 0.000000 -77.002991
v 32.000000 4.000000 -77.002991
v 32.000000 0.000000 -77.102989
v 32.000000 4.000000 -77.102989
v 32.099998 0.000000 -77.002991
v 32.099998 4.000000 -77.002991
v 32.099998 0.000000 -77.102989
v 32.099998 4.000000 -77.102989
v 32.000000 0.000000 -78.002991
v 32.000000 4.000000 -78.002991
v 32.000000 0.000000 -78.102989
v 32.000000 4.000000 -78.102989
v 32.099998 0.000000 -78.002991
v 32.099998 4.000000 -78.002991
v 32.099998 0.000000 -78.102989
v 32.099998 4.000000 -78.102989
v 32.000000 0.000000 -99.899994
v 32.000000 4.000000 -99.899994
v 32.000000 0.000000 -100.000000
v 32.000000 4.000000 -100.000000
v 32.099998 0.000000 -99.899994
v 32.099998 4.000000 -99.899994
v 32.099998 0.000000 -100.000000
v 32.099998 4.000000 -100.000000
v 32.950001 0.000000 -99.899994
v 32.950001 4.000000 -99.899994
v 32.950001 0.000000 -100.000000
v 32.950001 4.000000 -100.000000
v 33.049999 0.000000 -99.899994
v 33.049999 4.000000 -99.899994
v 33.049999 0.000000 -100.000000
v 33.049999 4.000000 -100.000000
v 33.899998 0.000000 -99.899994
v 33.899998 4.000000 -99.899994
v 33.899998 0.000000 -100.000000
v 33.899998 4.000000 -100.000000
v 34.000000 0.000000 -99.899994
v 34.000000 4.000000 -99.899994
v 34.000000 0.000000 -100.000000
v 34.000000 4.000000 -100.000000
vn -1.0000 -0.0000 -0.0000
vn -0.0000 -0.0000 -1.0000
vn 1.0000 -0.0000 -0.0000
vn -0.0000 -0.0000 1.0000
vn -0.0000 -1.0000 -0.0000
vn -0.0000 1.0000 -0.0000
vt 0.375000 0.000000
vt 0.625000 0.000000
vt 0.625000 0.250000
vt 0.375000 0.250000
vt 0.625000 0.500000
vt 0.375000 0.500000
vt 0.625000 0.750000
vt 0.375000 0.750000
vt 0.625000 1.000000
vt 0.375000 1.000000
vt 0.125000 0.500000
vt 0.125000 0.750000
vt 0.875000 0.500000
vt 0.875000 0.750000
s 0
usemtl Cemento.043
f 2429/192/125 2430/193/125 2432/194/125 2431/195/125
f 2431/195/126 2432/194/126 2436/196/126 2435/197/126
f 2435/197/127 2436/196/127 2434/198/127 2433/199/127
f 2433/199/128 2434/198/128 2430/200/128 2429/201/128
f 2431/202/129 2435/197/129 2433/199/129 2429/203/129
f 2436/196/130 2432/204/130 2430/205/130 2434/198/130
usemtl Cemento.010
f 2437/192/125 2438/193/125 2440/194/125 2439/195/125
f 2439/195/126 2440/194/126 2444/196/126 2443/197/126
f 2443/197/127 2444/196/127 2442/198/127 2441/199/127
f 2441/199/128 2442/198/128 2438/200/128 2437/201/128
f 2439/202/129 2443/197/129 2441/199/129 2437/203/129
f 2444/196/130 2440/204/130 2438/205/130 2442/198/130
usemtl Cemento.011
f 2445/192/125 2446/193/125 2448/194/125 2447/195/125
f 2447/195/126 2448/194/126 2452/196/126 2451/197/126
f 2451/197/127 2452/196/127 2450/198/127 2449/199/127
f 2449/199/128 2450/198/128 2446/200/128 2445/201/128
f 2447/202/129 2451/197/129 2449/199/129 2445/203/129
f 2452/196/130 2448/204/130 2446/205/130 2450/198/130
usemtl Cemento.012
f 2453/192/125 2454/193/125 2456/194/125 2455/195/125
f 2455/195/126 2456/194/126 2460/196/126 2459/197/126
f 2459/197/127 2460/196/127 2458/198/127 2457/199/127
f 2457/199/128 2458/198/128 2454/200/128 2453/201/128
f 2455/202/129 2459/197/129 2457/199/129 2453/203/129
f 2460/196/130 2456/204/130 2454/205/130 2458/198/130
usemtl Cemento.013
f 2461/192/125 2462/193/125 2464/194/125 2463/195/125
f 2463/195/126 2464/194/126 2468/196/126 2467/197/126
f 2467/197/127 2468/196/127 2466/198/127 2465/199/127
f 2465/199/128 2466/198/128 2462/200/128 2461/201/128
f 2463/202/129 2467/197/129 2465/199/129 2461/203/129
f 2468/196/130 2464/204/130 2462/205/130 2466/198/130
usemtl Cemento.014
f 2469/192/125 2470/193/125 2472/194/125 2471/195/125
f 2471/195/126 2472/194/126 2476/196/126 2475/197/126
f 2475/197/127 2476/196/127 2474/198/127 2473/199/127
f 2473/199/128 2474/198/128 2470/200/128 2469/201/128
f 2471/202/129 2475/197/129 2473/199/129 2469/203/129
f 2476/196/130 2472/204/130 2470/205/130 2474/198/130
usemtl Cemento.015
f 2477/192/125 2478/193/125 2480/194/125 2479/195/125
f 2479/195/126 2480/194/126 2484/196/126 2483/197/126
f 2483/197/127 2484/196/127 2482/198/127 2481/199/127
f 2481/199/128 2482/198/128 2478/200/128 2477/201/128
f 2479/202/129 2483/197/129 2481/199/129 2477/203/129
f 2484/196/130 2480/204/130 2478/205/130 2482/198/130
usemtl Cemento.016
f 2485/192/125 2486/193/125 2488/194/125 2487/195/125
f 2487/195/126 2488/194/126 2492/196/126 2491/197/126
f 2491/197/127 2492/196/127 2490/198/127 2489/199/127
f 2489/199/128 2490/198/128 2486/200/128 2485/201/128
f 2487/202/129 2491/197/129 2489/199/129 2485/203/129
f 2492/196/130 2488/204/130 2486/205/130 2490/198/130
usemtl Cemento.017
f 2493/192/125 2494/193/125 2496/194/125 2495/195/125
f 2495/195/126 2496/194/126 2500/196/126 2499/197/126
f 2499/197/127 2500/196/127 2498/198/127 2497/199/127
f 2497/199/128 2498/198/128 2494/200/128 2493/201/128
f 2495/202/129 2499/197/129 2497/199/129 2493/203/129
f 2500/196/130 2496/204/130 2494/205/130 2498/198/130
usemtl Cemento.018
f 2501/192/125 2502/193/125 2504/194/125 2503/195/125
f 2503/195/126 2504/194/126 2508/196/126 2507/197/126
f 2507/197/127 2508/196/127 2506/198/127 2505/199/127
f 2505/199/128 2506/198/128 2502/200/128 2501/201/128
f 2503/202/129 2507/197/129 2505/199/129 2501/203/129
f 2508/196/130 2504/204/130 2502/205/130 2506/198/130
usemtl Cemento.019
f 2509/192/125 2510/193/125 2512/194/125 2511/195/125
f 2511/195/126 2512/194/126 2516/196/126 2515/197/126
f 2515/197/127 2516/196/127 2514/198/127 2513/199/127
f 2513/199/128 2514/198/128 2510/200/128 2509/201/128
f 2511/202/129 2515/197/129 2513/199/129 2509/203/129
f 2516/196/130 2512/204/130 2510/205/130 2514/198/130
usemtl Cemento.005
f 2517/192/125 2518/193/125 2520/194/125 2519/195/125
f 2519/195/126 2520/194/126 2524/196/126 2523/197/126
f 2523/197/127 2524/196/127 2522/198/127 2521/199/127
f 2521/199/128 2522/198/128 2518/200/128 2517/201/128
f 2519/202/129 2523/197/129 2521/199/129 2517/203/129
f 2524/196/130 2520/204/130 2518/205/130 2522/198/130
usemtl Cemento.006
f 2525/192/125 2526/193/125 2528/194/125 2527/195/125
f 2527/195/126 2528/194/126 2532/196/126 2531/197/126
f 2531/197/127 2532/196/127 2530/198/127 2529/199/127
f 2529/199/128 2530/198/128 2526/200/128 2525/201/128
f 2527/202/129 2531/197/129 2529/199/129 2525/203/129
f 2532/196/130 2528/204/130 2526/205/130 2530/198/130
usemtl Cemento.007
f 2533/192/125 2534/193/125 2536/194/125 2535/195/125
f 2535/195/126 2536/194/126 2540/196/126 2539/197/126
f 2539/197/127 2540/196/127 2538/198/127 2537/199/127
f 2537/199/128 2538/198/128 2534/200/128 2533/201/128
f 2535/202/129 2539/197/129 2537/199/129 2533/203/129
f 2540/196/130 2536/204/130 2534/205/130 2538/198/130
usemtl Cemento.008
f 2541/192/125 2542/193/125 2544/194/125 2543/195/125
f 2543/195/126 2544/194/126 2548/196/126 2547/197/126
f 2547/197/127 2548/196/127 2546/198/127 2545/199/127
f 2545/199/128 2546/198/128 2542/200/128 2541/201/128
f 2543/202/129 2547/197/129 2545/199/129 2541/203/129
f 2548/196/130 2544/204/130 2542/205/130 2546/198/130
usemtl Cemento.009
f 2549/192/125 2550/193/125 2552/194/125 2551/195/125
f 2551/195/126 2552/194/126 2556/196/126 2555/197/126
f 2555/197/127 2556/196/127 2554/198/127 2553/199/127
f 2553/199/128 2554/198/128 2550/200/128 2549/201/128
f 2551/202/129 2555/197/129 2553/199/129 2549/203/129
f 2556/196/130 2552/204/130 2550/205/130 2554/198/130
usemtl Cemento.004
f 2557/192/125 2558/193/125 2560/194/125 2559/195/125
f 2559/195/126 2560/194/126 2564/196/126 2563/197/126
f 2563/197/127 2564/196/127 2562/198/127 2561/199/127
f 2561/199/128 2562/198/128 2558/200/128 2557/201/128
f 2559/202/129 2563/197/129 2561/199/129 2557/203/129
f 2564/196/130 2560/204/130 2558/205/130 2562/198/130
usemtl Cemento
f 2565/192/125 2566/193/125 2568/194/125 2567/195/125
f 2567/195/126 2568/194/126 2572/196/126 2571/197/126
f 2571/197/127 2572/196/127 2570/198/127 2569/199/127
f 2569/199/128 2570/198/128 2566/200/128 2565/201/128
f 2567/202/129 2571/197/129 2569/199/129 2565/203/129
f 2572/196/130 2568/204/130 2566/205/130 2570/198/130
usemtl Cemento.001
f 2573/192/125 2574/193/125 2576/194/125 2575/195/125
f 2575/195/126 2576/194/126 2580/196/126 2579/197/126
f 2579/197/127 2580/196/127 2578/198/127 2577/199/127
f 2577/199/128 2578/198/128 2574/200/128 2573/201/128
f 2575/202/129 2579/197/129 2577/199/129 2573/203/129
f 2580/196/130 2576/204/130 2574/205/130 2578/198/130
usemtl Cemento.002
f 2581/192/125 2582/193/125 2584/194/125 2583/195/125
f 2583/195/126 2584/194/126 2588/196/126 2587/197/126
f 2587/197/127 2588/196/127 2586/198/127 2585/199/127
f 2585/199/128 2586/198/128 2582/200/128 2581/201/128
f 2583/202/129 2587/197/129 2585/199/129 2581/203/129
f 2588/196/130 2584/204/130 2582/205/130 2586/198/130
usemtl Cemento.003
f 2589/192/125 2590/193/125 2592/194/125 2591/195/125
f 2591/195/126 2592/194/126 2596/196/126 2595/197/126
f 2595/197/127 2596/196/127 2594/198/127 2593/199/127
f 2593/199/128 2594/198/128 2590/200/128 2589/201/128
f 2591/202/129 2595/197/129 2593/199/129 2589/203/129
f 2596/196/130 2592/204/130 2590/205/130 2594/198/130
usemtl Cemento.020
f 2597/192/125 2598/193/125 2600/194/125 2599/195/125
f 2599/195/126 2600/194/126 2604/196/126 2603/197/126
f 2603/197/127 2604/196/127 2602/198/127 2601/199/127
f 2601/199/128 2602/198/128 2598/200/128 2597/201/128
f 2599/202/129 2603/197/129 2601/199/129 2597/203/129
f 2604/196/130 2600/204/130 2598/205/130 2602/198/130
usemtl Cemento.021
f 2605/192/125 2606/193/125 2608/194/125 2607/195/125
f 2607/195/126 2608/194/126 2612/196/126 2611/197/126
f 2611/197/127 2612/196/127 2610/198/127 2609/199/127
f 2609/199/128 2610/198/128 2606/200/128 2605/201/128
f 2607/202/129 2611/197/129 2609/199/129 2605/203/129
f 2612/196/130 2608/204/130 2606/205/130 2610/198/130
usemtl Cemento.022
f 2613/192/125 2614/193/125 2616/194/125 2615/195/125
f 2615/195/126 2616/194/126 2620/196/126 2619/197/126
f 2619/197/127 2620/196/127 2618/198/127 2617/199/127
f 2617/199/128 2618/198/128 2614/200/128 2613/201/128
f 2615/202/129 2619/197/129 2617/199/129 2613/203/129
f 2620/196/130 2616/204/130 2614/205/130 2618/198/130
usemtl Cemento.023
f 2621/192/125 2622/193/125 2624/194/125 2623/195/125
f 2623/195/126 2624/194/126 2628/196/126 2627/197/126
f 2627/197/127 2628/196/127 2626/198/127 2625/199/127
f 2625/199/128 2626/198/128 2622/200/128 2621/201/128
f 2623/202/129 2627/197/129 2625/199/129 2621/203/129
f 2628/196/130 2624/204/130 2622/205/130 2626/198/130
usemtl Cemento.024
f 2629/192/125 2630/193/125 2632/194/125 2631/195/125
f 2631/195/126 2632/194/126 2636/196/126 2635/197/126
f 2635/197/127 2636/196/127 2634/198/127 2633/199/127
f 2633/199/128 2634/198/128 2630/200/128 2629/201/128
f 2631/202/129 2635/197/129 2633/199/129 2629/203/129
f 2636/196/130 2632/204/130 2630/205/130 2634/198/130
usemtl Cemento.025
f 2637/192/125 2638/193/125 2640/194/125 2639/195/125
f 2639/195/126 2640/194/126 2644/196/126 2643/197/126
f 2643/197/127 2644/196/127 2642/198/127 2641/199/127
f 2641/199/128 2642/198/128 2638/200/128 2637/201/128
f 2639/202/129 2643/197/129 2641/199/129 2637/203/129
f 2644/196/130 2640/204/130 2638/205/130 2642/198/130
usemtl Cemento.026
f 2645/192/125 2646/193/125 2648/194/125 2647/195/125
f 2647/195/126 2648/194/126 2652/196/126 2651/197/126
f 2651/197/127 2652/196/127 2650/198/127 2649/199/127
f 2649/199/128 2650/198/128 2646/200/128 2645/201/128
f 2647/202/129 2651/197/129 2649/199/129 2645/203/129
f 2652/196/130 2648/204/130 2646/205/130 2650/198/130
usemtl Cemento.027
f 2653/192/125 2654/193/125 2656/194/125 2655/195/125
f 2655/195/126 2656/194/126 2660/196/126 2659/197/126
f 2659/197/127 2660/196/127 2658/198/127 2657/199/127
f 2657/199/128 2658/198/128 2654/200/128 2653/201/128
f 2655/202/129 2659/197/129 2657/199/129 2653/203/129
f 2660/196/130 2656/204/130 2654/205/130 2658/198/130
usemtl Cemento.028
f 2661/192/125 2662/193/125 2664/194/125 2663/195/125
f 2663/195/126 2664/194/126 2668/196/126 2667/197/126
f 2667/197/127 2668/196/127 2666/198/127 2665/199/127
f 2665/199/128 2666/198/128 2662/200/128 2661/201/128
f 2663/202/129 2667/197/129 2665/199/129 2661/203/129
f 2668/196/130 2664/204/130 2662/205/130 2666/198/130
usemtl Cemento.029
f 2669/192/125 2670/193/125 2672/194/125 2671/195/125
f 2671/195/126 2672/194/126 2676/196/126 2675/197/126
f 2675/197/127 2676/196/127 2674/198/127 2673/199/127
f 2673/199/128 2674/198/128 2670/200/128 2669/201/128
f 2671/202/129 2675/197/129 2673/199/129 2669/203/129
f 2676/196/130 2672/204/130 2670/205/130 2674/198/130
usemtl Cemento.030
f 2677/192/125 2678/193/125 2680/194/125 2679/195/125
f 2679/195/126 2680/194/126 2684/196/126 2683/197/126
f 2683/197/127 2684/196/127 2682/198/127 2681/199/127
f 2681/199/128 2682/198/128 2678/200/128 2677/201/128
f 2679/202/129 2683/197/129 2681/199/129 2677/203/129
f 2684/196/130 2680/204/130 2678/205/130 2682/198/130
usemtl Cemento.031
f 2685/192/125 2686/193/125 2688/194/125 2687/195/125
f 2687/195/126 2688/194/126 2692/196/126 2691/197/126
f 2691/197/127 2692/196/127 2690/198/127 2689/199/127
f 2689/199/128 2690/198/128 2686/200/128 2685/201/128
f 2687/202/129 2691/197/129 2689/199/129 2685/203/129
f 2692/196/130 2688/204/130 2686/205/130 2690/198/130
usemtl Cemento.032
f 2693/192/125 2694/193/125 2696/194/125 2695/195/125
f 2695/195/126 2696/194/126 2700/196/126 2699/197/126
f 2699/197/127 2700/196/127 2698/198/127 2697/199/127
f 2697/199/128 2698/198/128 2694/200/128 2693/201/128
f 2695/202/129 2699/197/129 2697/199/129 2693/203/129
f 2700/196/130 2696/204/130 2694/205/130 2698/198/130
usemtl Cemento.033
f 2701/192/125 2702/193/125 2704/194/125 2703/195/125
f 2703/195/126 2704/194/126 2708/196/126 2707/197/126
f 2707/197/127 2708/196/127 2706/198/127 2705/199/127
f 2705/199/128 2706/198/128 2702/200/128 2701/201/128
f 2703/202/129 2707/197/129 2705/199/129 2701/203/129
f 2708/196/130 2704/204/130 2702/205/130 2706/198/130
usemtl Cemento.034
f 2709/192/125 2710/193/125 2712/194/125 2711/195/125
f 2711/195/126 2712/194/126 2716/196/126 2715/197/126
f 2715/197/127 2716/196/127 2714/198/127 2713/199/127
f 2713/199/128 2714/198/128 2710/200/128 2709/201/128
f 2711/202/129 2715/197/129 2713/199/129 2709/203/129
f 2716/196/130 2712/204/130 2710/205/130 2714/198/130
usemtl Cemento.035
f 2717/192/125 2718/193/125 2720/194/125 2719/195/125
f 2719/195/126 2720/194/126 2724/196/126 2723/197/126
f 2723/197/127 2724/196/127 2722/198/127 2721/199/127
f 2721/199/128 2722/198/128 2718/200/128 2717/201/128
f 2719/202/129 2723/197/129 2721/199/129 2717/203/129
f 2724/196/130 2720/204/130 2718/205/130 2722/198/130
usemtl Cemento.036
f 2725/192/125 2726/193/125 2728/194/125 2727/195/125
f 2727/195/126 2728/194/126 2732/196/126 2731/197/126
f 2731/197/127 2732/196/127 2730/198/127 2729/199/127
f 2729/199/128 2730/198/128 2726/200/128 2725/201/128
f 2727/202/129 2731/197/129 2729/199/129 2725/203/129
f 2732/196/130 2728/204/130 2726/205/130 2730/198/130
usemtl Cemento.037
f 2733/192/125 2734/193/125 2736/194/125 2735/195/125
f 2735/195/126 2736/194/126 2740/196/126 2739/197/126
f 2739/197/127 2740/196/127 2738/198/127 2737/199/127
f 2737/199/128 2738/198/128 2734/200/128 2733/201/128
f 2735/202/129 2739/197/129 2737/199/129 2733/203/129
f 2740/196/130 2736/204/130 2734/205/130 2738/198/130
usemtl Cemento.038
f 2741/192/125 2742/193/125 2744/194/125 2743/195/125
f 2743/195/126 2744/194/126 2748/196/126 2747/197/126
f 2747/197/127 2748/196/127 2746/198/127 2745/199/127
f 2745/199/128 2746/198/128 2742/200/128 2741/201/128
f 2743/202/129 2747/197/129 2745/199/129 2741/203/129
f 2748/196/130 2744/204/130 2742/205/130 2746/198/130
usemtl Cemento.039
f 2749/192/125 2750/193/125 2752/194/125 2751/195/125
f 2751/195/126 2752/194/126 2756/196/126 2755/197/126
f 2755/197/127 2756/196/127 2754/198/127 2753/199/127
f 2753/199/128 2754/198/128 2750/200/128 2749/201/128
f 2751/202/129 2755/197/129 2753/199/129 2749/203/129
f 2756/196/130 2752/204/130 2750/205/130 2754/198/130
usemtl Cemento.040
f 2757/192/125 2758/193/125 2760/194/125 2759/195/125
f 2759/195/126 2760/194/126 2764/196/126 2763/197/126
f 2763/197/127 2764/196/127 2762/198/127 2761/199/127
f 2761/199/128 2762/198/128 2758/200/128 2757/201/128
f 2759/202/129 2763/197/129 2761/199/129 2757/203/129
f 2764/196/130 2760/204/130 2758/205/130 2762/198/130
usemtl Cemento.041
f 2765/192/125 2766/193/125 2768/194/125 2767/195/125
f 2767/195/126 2768/194/126 2772/196/126 2771/197/126
f 2771/197/127 2772/196/127 2770/198/127 2769/199/127
f 2769/199/128 2770/198/128 2766/200/128 2765/201/128
f 2767/202/129 2771/197/129 2769/199/129 2765/203/129
f 2772/196/130 2768/204/130 2766/205/130 2770/198/130
usemtl Cemento.042
f 2773/192/125 2774/193/125 2776/194/125 2775/195/125
f 2775/195/126 2776/194/126 2780/196/126 2779/197/126
f 2779/197/127 2780/196/127 2778/198/127 2777/199/127
f 2777/199/128 2778/198/128 2774/200/128 2773/201/128
f 2775/202/129 2779/197/129 2777/199/129 2773/203/129
f 2780/196/130 2776/204/130 2774/205/130 2778/198/130
o Plano.002
v 34.000000 0.000000 -88.000000
v 56.000000 0.000000 -88.000000
v 34.000000 0.000000 -100.000000
v 56.000000 0.000000 -100.000000
vn -0.0000 1.0000 -0.0000
vt 0.000000 0.000000
vt 1.000000 0.000000
vt 1.000000 1.000000
vt 0.000000 1.000000
s 0
usemtl Concreto
f 2781/206/131 2782/207/131 2784/208/131 2783/209/131
o Plano.003
v 34.000000 0.000000 -70.000000
v 56.000000 0.000000 -70.000000
v 34.000000 0.000000 -78.000000
v 56.000000 0.000000 -78.000000
vn -0.0000 1.0000 -0.0000
vt 0.000000 0.000000
vt 1.000000 0.000000
vt 1.000000 1.000000
vt 0.000000 1.000000
s 0
usemtl Material
f 2785/210/132 2786/211/132 2788/212/132 2787/213/132
o Plano.004
v 34.000000 0.000000 -78.000000
v 36.000000 0.000000 -78.000000
v 34.000000 0.000000 -88.000000
v 36.000000 0.000000 -88.000000
vn -0.0000 1.0000 -0.0000
vt 0.000000 0.000000
vt 1.000000 0.000000
vt 1.000000 1.000000
vt 0.000000 1.000000
s 0
usemtl ceremico
f 2789/214/133 2790/215/133 2792/216/133 2791/217/133
o Plano.005
v 52.000000 0.000000 -78.000000
v 56.000000 0.000000 -78.000000
v 52.000000 0.000000 -88.000000
v 56.000000 0.000000 -88.000000
vn -0.0000 1.0000 -0.0000
vt 0.000000 0.000000
vt 1.000000 0.000000
vt 1.000000 1.000000
vt 0.000000 1.000000
s 0
usemtl Ceramico.001
f 2793/218/134 2794/219/134 2796/220/134 2795/221/134
o Edificio1
v 32.000000 4.000000 -88.000000
v 32.000000 4.500000 -88.000000
v 32.000000 4.000000 -100.000000
v 32.000000 4.500000 -100.000000
v 56.000000 4.000000 -88.000000
v 56.000000 4.500000 -88.000000
v 56.000000 4.000000 -100.000000
v 56.000000 4.500000 -100.000000
v 37.000000 0.000000 -77.000000
v 37.000000 4.000000 -77.000000
v 37.000000 0.000000 -78.000000
v 37.000000 4.000000 -78.000000
v 41.000000 0.000000 -77.000000
v 41.000000 4.000000 -77.000000
v 41.000000 0.000000 -78.000000
v 41.000000 4.000000 -78.000000
v 47.000000 0.000000 -77.000000
v 47.000000 4.000000 -77.000000
v 47.000000 0.000000 -78.000000
v 47.000000 4.000000 -78.000000
v 51.000000 0.000000 -77.000000
v 51.000000 4.000000 -77.000000
v 51.000000 0.000000 -78.000000
v 51.000000 4.000000 -78.000000
v 32.000000 4.000000 -50.000000
v 32.000000 4.500000 -50.000000
v 32.000000 4.000000 -78.000000
v 32.000000 4.500000 -78.000000
v 56.000000 4.000000 -50.000000
v 56.000000 4.500000 -50.000000
v 56.000000 4.000000 -78.000000
v 56.000000 4.500000 -78.000000
v 33.968750 0.000000 -50.000000
v 56.000000 0.000000 -50.000000
v 33.968750 0.000000 -70.000000
v 56.000000 0.000000 -70.000000
v 33.968750 0.000000 -50.000000
v 33.968750 4.000000 -50.000000
v 33.968750 0.000000 -52.000000
v 33.968750 4.000000 -52.000000
v 55.985313 0.000000 -50.000000
v 55.985313 4.000000 -50.000000
v 55.985313 0.000000 -52.000000
v 55.985313 4.000000 -52.000000
v 33.968750 0.000000 -54.010002
v 33.968750 4.000000 -54.010002
v 33.968750 0.000000 -58.009998
v 33.968750 4.000000 -58.009998
v 55.985313 0.000000 -54.010002
v 55.985313 4.000000 -54.010002
v 55.985313 0.000000 -58.009998
v 55.985313 4.000000 -58.009998
v 33.968750 0.000000 -60.000004
v 33.968750 4.000000 -60.000004
v 33.968750 0.000000 -64.000008
v 33.968750 4.000000 -64.000008
v 55.985313 0.000000 -60.000004
v 55.985313 4.000000 -60.000004
v 55.985313 0.000000 -64.000008
v 55.985313 4.000000 -64.000008
v 33.968750 0.000000 -66.000000
v 33.968750 4.000000 -66.000000
v 33.968750 0.000000 -70.000008
v 33.968750 4.000000 -70.000008
v 55.985313 0.000000 -66.000000
v 55.985313 4.000000 -66.000000
v 55.985313 0.000000 -70.000008
v 55.985313 4.000000 -70.000008
v 56.000000 4.000000 -50.000000
v 56.000000 0.000000 -50.000000
v 56.000000 4.000000 -70.000000
v 56.000000 0.000000 -70.000000
v 33.968750 4.000000 -58.000004
v 33.968750 4.000000 -60.000004
v 33.968750 0.000000 -58.000004
v 33.968750 0.000000 -60.000004
v 33.968750 4.000000 -52.000004
v 33.968750 4.000000 -54.000004
v 33.968750 0.000000 -52.000004
v 33.968750 0.000000 -54.000004
v 33.968750 4.000000 -64.000000
v 33.968750 4.000000 -66.000000
v 33.968750 0.000000 -64.000000
v 33.968750 0.000000 -66.000000
v 34.000000 0.000000 -99.000000
v 34.000000 4.000000 -99.000000
v 34.000000 0.000000 -100.000000
v 34.000000 4.000000 -100.000000
v 56.000000 0.000000 -99.000000
v 56.000000 4.000000 -99.000000
v 56.000000 0.000000 -100.000000
v 56.000000 4.000000 -100.000000
v 55.000000 0.000000 -88.000000
v 55.000000 4.000000 -88.000000
v 55.000000 0.000000 -99.000000
v 55.000000 4.000000 -99.000000
v 56.000000 0.000000 -88.000000
v 56.000000 4.000000 -88.000000
v 56.000000 0.000000 -99.000000
v 56.000000 4.000000 -99.000000
v 34.000000 0.000000 -88.000000
v 34.000000 4.000000 -88.000000
v 34.000000 0.000000 -99.000000
v 34.000000 4.000000 -99.000000
v 36.000000 0.000000 -88.000000
v 36.000000 4.000000 -88.000000
v 36.000000 0.000000 -99.000000
v 36.000000 4.000000 -99.000000
v 52.000000 4.000000 -78.000000
v 52.000000 4.500000 -78.000000
v 52.000000 4.000000 -88.000000
v 52.000000 4.500000 -88.000000
v 56.000000 4.000000 -78.000000
v 56.000000 4.500000 -78.000000
v 56.000000 4.000000 -88.000000
v 56.000000 4.500000 -88.000000
v 32.000000 4.000000 -78.000000
v 32.000000 4.500000 -78.000000
v 32.000000 4.000000 -88.000000
v 32.000000 4.500000 -88.000000
v 36.000000 4.000000 -78.000000
v 36.000000 4.500000 -78.000000
v 36.000000 4.000000 -88.000000
v 36.000000 4.500000 -88.000000
v 55.900002 0.000000 -86.900002
v 55.900002 4.000000 -86.900002
v 55.900002 0.000000 -87.000000
v 55.900002 4.000000 -87.000000
v 56.000004 0.000000 -86.900002
v 56.000004 4.000000 -86.900002
v 56.000004 0.000000 -87.000000
v 56.000004 4.000000 -87.000000
v 55.899998 0.000000 -70.899994
v 55.899998 4.000000 -70.899994
v 55.899998 0.000000 -71.000000
v 55.899998 4.000000 -71.000000
v 56.000000 0.000000 -70.899994
v 56.000000 4.000000 -70.899994
v 56.000000 0.000000 -71.000000
v 56.000000 4.000000 -71.000000
v 55.899998 0.000000 -73.899994
v 55.899998 4.000000 -73.899994
v 55.899998 0.000000 -74.000000
v 55.899998 4.000000 -74.000000
v 56.000000 0.000000 -73.899994
v 56.000000 4.000000 -73.899994
v 56.000000 0.000000 -74.000000
v 56.000000 4.000000 -74.000000
v 55.899994 0.000000 -71.899994
v 55.899994 4.000000 -71.899994
v 55.899994 0.000000 -71.999992
v 55.899994 4.000000 -71.999992
v 55.999992 0.000000 -71.899994
v 55.999992 4.000000 -71.899994
v 55.999992 0.000000 -71.999992
v 55.999992 4.000000 -71.999992
v 55.899994 0.000000 -72.899994
v 55.899994 4.000000 -72.899994
v 55.899994 0.000000 -72.999992
v 55.899994 4.000000 -72.999992
v 55.999992 0.000000 -72.899994
v 55.999992 4.000000 -72.899994
v 55.999992 0.000000 -72.999992
v 55.999992 4.000000 -72.999992
v 55.899998 0.000000 -76.899994
v 55.899998 4.000000 -76.899994
v 55.899998 0.000000 -77.000000
v 55.899998 4.000000 -77.000000
v 56.000000 0.000000 -76.899994
v 56.000000 4.000000 -76.899994
v 56.000000 0.000000 -77.000000
v 56.000000 4.000000 -77.000000
v 55.899994 0.000000 -74.899994
v 55.899994 4.000000 -74.899994
v 55.899994 0.000000 -74.999992
v 55.899994 4.000000 -74.999992
v 55.999992 0.000000 -74.899994
v 55.999992 4.000000 -74.899994
v 55.999992 0.000000 -74.999992
v 55.999992 4.000000 -74.999992
v 55.899994 0.000000 -75.899994
v 55.899994 4.000000 -75.899994
v 55.899994 0.000000 -75.999992
v 55.899994 4.000000 -75.999992
v 55.999992 0.000000 -75.899994
v 55.999992 4.000000 -75.899994
v 55.999992 0.000000 -75.999992
v 55.999992 4.000000 -75.999992
v 55.899998 0.000000 -79.899994
v 55.899998 4.000000 -79.899994
v 55.899998 0.000000 -80.000000
v 55.899998 4.000000 -80.000000
v 56.000000 0.000000 -79.899994
v 56.000000 4.000000 -79.899994
v 56.000000 0.000000 -80.000000
v 56.000000 4.000000 -80.000000
v 55.899994 0.000000 -77.899994
v 55.899994 4.000000 -77.899994
v 55.899994 0.000000 -77.999992
v 55.899994 4.000000 -77.999992
v 55.999992 0.000000 -77.899994
v 55.999992 4.000000 -77.899994
v 55.999992 0.000000 -77.999992
v 55.999992 4.000000 -77.999992
v 55.899994 0.000000 -78.899994
v 55.899994 4.000000 -78.899994
v 55.899994 0.000000 -78.999992
v 55.899994 4.000000 -78.999992
v 55.999992 0.000000 -78.899994
v 55.999992 4.000000 -78.899994
v 55.999992 0.000000 -78.999992
v 55.999992 4.000000 -78.999992
v 55.899998 0.000000 -82.900002
v 55.899998 4.000000 -82.900002
v 55.899998 0.000000 -83.000000
v 55.899998 4.000000 -83.000000
v 56.000000 0.000000 -82.900002
v 56.000000 4.000000 -82.900002
v 56.000000 0.000000 -83.000000
v 56.000000 4.000000 -83.000000
v 55.899994 0.000000 -80.899994
v 55.899994 4.000000 -80.899994
v 55.899994 0.000000 -80.999992
v 55.899994 4.000000 -80.999992
v 55.999992 0.000000 -80.899994
v 55.999992 4.000000 -80.899994
v 55.999992 0.000000 -80.999992
v 55.999992 4.000000 -80.999992
v 55.899994 0.000000 -81.899994
v 55.899994 4.000000 -81.899994
v 55.899994 0.000000 -81.999992
v 55.899994 4.000000 -81.999992
v 55.999992 0.000000 -81.899994
v 55.999992 4.000000 -81.899994
v 55.999992 0.000000 -81.999992
v 55.999992 4.000000 -81.999992
v 55.899998 0.000000 -85.900002
v 55.899998 4.000000 -85.900002
v 55.899998 0.000000 -86.000000
v 55.899998 4.000000 -86.000000
v 56.000000 0.000000 -85.900002
v 56.000000 4.000000 -85.900002
v 56.000000 0.000000 -86.000000
v 56.000000 4.000000 -86.000000
v 55.899994 0.000000 -83.899994
v 55.899994 4.000000 -83.899994
v 55.899994 0.000000 -83.999992
v 55.899994 4.000000 -83.999992
v 55.999992 0.000000 -83.899994
v 55.999992 4.000000 -83.899994
v 55.999992 0.000000 -83.999992
v 55.999992 4.000000 -83.999992
v 55.899994 0.000000 -84.899994
v 55.899994 4.000000 -84.899994
v 55.899994 0.000000 -84.999992
v 55.899994 4.000000 -84.999992
v 55.999992 0.000000 -84.899994
v 55.999992 4.000000 -84.899994
v 55.999992 0.000000 -84.999992
v 55.999992 4.000000 -84.999992
vn -1.0000 -0.0000 -0.0000
vn -0.0000 -0.0000 -1.0000
vn 1.0000 -0.0000 -0.0000
vn -0.0000 -0.0000 1.0000
vn -0.0000 -1.0000 -0.0000
vn -0.0000 1.0000 -0.0000
vt 0.375000 0.000000
vt 0.625000 0.000000
vt 0.625000 0.250000
vt 0.375000 0.250000
vt 0.625000 0.500000
vt 0.375000 0.500000
vt 0.625000 0.750000
vt 0.375000 0.750000
vt 0.625000 1.000000
vt 0.375000 1.000000
vt 0.125000 0.500000
vt 0.125000 0.750000
vt 0.875000 0.500000
vt 0.875000 0.750000
vt 0.000000 0.000000
vt 1.000000 0.000000
vt 1.000000 1.000000
vt 0.000000 1.000000
s 0
usemtl Concreto.008
f 2797/222/135 2798/223/135 2800/224/135 2799/225/135
f 2799/225/136 2800/224/136 2804/226/136 2803/227/136
f 2803/227/137 2804/226/137 2802/228/137 2801/229/137
f 2801/229/138 2802/228/138 2798/230/138 2797/231/138
f 2799/232/139 2803/227/139 2801/229/139 2797/233/139
f 2804/226/140 2800/234/140 2798/235/140 2802/228/140
usemtl Concreto.002
f 2805/222/135 2806/223/135 2808/224/135 2807/225/135
f 2807/225/136 2808/224/136 2812/226/136 2811/227/136
f 2811/227/137 2812/226/137 2810/228/137 2809/229/137
f 2809/229/138 2810/228/138 2806/230/138 2805/231/138
f 2807/232/139 2811/227/139 2809/229/139 2805/233/139
f 2812/226/140 2808/234/140 2806/235/140 2810/228/140
usemtl Concreto.003
f 2813/222/135 2814/223/135 2816/224/135 2815/225/135
f 2815/225/136 2816/224/136 2820/226/136 2819/227/136
f 2819/227/137 2820/226/137 2818/228/137 2817/229/137
f 2817/229/138 2818/228/138 2814/230/138 2813/231/138
f 2815/232/139 2819/227/139 2817/229/139 2813/233/139
f 2820/226/140 2816/234/140 2814/235/140 2818/228/140
usemtl Concreto.004
f 2821/222/135 2822/223/135 2824/224/135 2823/225/135
f 2823/225/136 2824/224/136 2828/226/136 2827/227/136
f 2827/227/137 2828/226/137 2826/228/137 2825/229/137
f 2825/229/138 2826/228/138 2822/230/138 2821/231/138
f 2823/232/139 2827/227/139 2825/229/139 2821/233/139
f 2828/226/140 2824/234/140 2822/235/140 2826/228/140
usemtl Comcreto
f 2829/236/140 2830/237/140 2832/238/140 2831/239/140
usemtl Material.001
f 2833/222/135 2834/223/135 2836/224/135 2835/225/135
f 2835/225/136 2836/224/136 2840/226/136 2839/227/136
f 2839/227/137 2840/226/137 2838/228/137 2837/229/137
f 2837/229/138 2838/228/138 2834/230/138 2833/231/138
f 2835/232/139 2839/227/139 2837/229/139 2833/233/139
f 2840/226/140 2836/234/140 2834/235/140 2838/228/140
usemtl Material.002
f 2841/222/135 2842/223/135 2844/224/135 2843/225/135
f 2843/225/136 2844/224/136 2848/226/136 2847/227/136
f 2847/227/137 2848/226/137 2846/228/137 2845/229/137
f 2845/229/138 2846/228/138 2842/230/138 2841/231/138
f 2843/232/139 2847/227/139 2845/229/139 2841/233/139
f 2848/226/140 2844/234/140 2842/235/140 2846/228/140
usemtl Material.003
f 2849/222/135 2850/223/135 2852/224/135 2851/225/135
f 2851/225/136 2852/224/136 2856/226/136 2855/227/136
f 2855/227/137 2856/226/137 2854/228/137 2853/229/137
f 2853/229/138 2854/228/138 2850/230/138 2849/231/138
f 2851/232/139 2855/227/139 2853/229/139 2849/233/139
f 2856/226/140 2852/234/140 2850/235/140 2854/228/140
usemtl Material.004
f 2857/222/135 2858/223/135 2860/224/135 2859/225/135
f 2859/225/136 2860/224/136 2864/226/136 2863/227/136
f 2863/227/137 2864/226/137 2862/228/137 2861/229/137
f 2861/229/138 2862/228/138 2858/230/138 2857/231/138
f 2859/232/139 2863/227/139 2861/229/139 2857/233/139
f 2864/226/140 2860/234/140 2858/235/140 2862/228/140
usemtl Cemento.044
f 2865/236/137 2866/237/137 2868/238/137 2867/239/137
usemtl Material.005
f 2869/236/135 2870/237/135 2872/238/135 2871/239/135
usemtl Material.006
f 2873/236/135 2874/237/135 2876/238/135 2875/239/135
usemtl Material.007
f 2877/236/135 2878/237/135 2880/238/135 2879/239/135
usemtl Concreto.005
f 2881/222/135 2882/223/135 2884/224/135 2883/225/135
f 2883/225/136 2884/224/136 2888/226/136 2887/227/136
f 2887/227/137 2888/226/137 2886/228/137 2885/229/137
f 2885/229/138 2886/228/138 2882/230/138 2881/231/138
f 2883/232/139 2887/227/139 2885/229/139 2881/233/139
f 2888/226/140 2884/234/140 2882/235/140 2886/228/140
usemtl Concreto.006
f 2889/222/135 2890/223/135 2892/224/135 2891/225/135
f 2891/225/136 2892/224/136 2896/226/136 2895/227/136
f 2895/227/137 2896/226/137 2894/228/137 2893/229/137
f 2893/229/138 2894/228/138 2890/230/138 2889/231/138
f 2891/232/139 2895/227/139 2893/229/139 2889/233/139
f 2896/226/140 2892/234/140 2890/235/140 2894/228/140
usemtl Concreto.007
f 2897/222/135 2898/223/135 2900/224/135 2899/225/135
f 2899/225/136 2900/224/136 2904/226/136 2903/227/136
f 2903/227/137 2904/226/137 2902/228/137 2901/229/137
f 2901/229/138 2902/228/138 2898/230/138 2897/231/138
f 2899/232/139 2903/227/139 2901/229/139 2897/233/139
f 2904/226/140 2900/234/140 2898/235/140 2902/228/140
usemtl Concreto.009
f 2905/222/135 2906/223/135 2908/224/135 2907/225/135
f 2907/225/136 2908/224/136 2912/226/136 2911/227/136
f 2911/227/137 2912/226/137 2910/228/137 2909/229/137
f 2909/229/138 2910/228/138 2906/230/138 2905/231/138
f 2907/232/139 2911/227/139 2909/229/139 2905/233/139
f 2912/226/140 2908/234/140 2906/235/140 2910/228/140
usemtl Concreto.010
f 2913/222/135 2914/223/135 2916/224/135 2915/225/135
f 2915/225/136 2916/224/136 2920/226/136 2919/227/136
f 2919/227/137 2920/226/137 2918/228/137 2917/229/137
f 2917/229/138 2918/228/138 2914/230/138 2913/231/138
f 2915/232/139 2919/227/139 2917/229/139 2913/233/139
f 2920/226/140 2916/234/140 2914/235/140 2918/228/140
usemtl Cemento.061
f 2921/222/135 2922/223/135 2924/224/135 2923/225/135
f 2923/225/136 2924/224/136 2928/226/136 2927/227/136
f 2927/227/137 2928/226/137 2926/228/137 2925/229/137
f 2925/229/138 2926/228/138 2922/230/138 2921/231/138
f 2923/232/139 2927/227/139 2925/229/139 2921/233/139
f 2928/226/140 2924/234/140 2922/235/140 2926/228/140
usemtl Cemento.045
f 2929/222/135 2930/223/135 2932/224/135 2931/225/135
f 2931/225/136 2932/224/136 2936/226/136 2935/227/136
f 2935/227/137 2936/226/137 2934/228/137 2933/229/137
f 2933/229/138 2934/228/138 2930/230/138 2929/231/138
f 2931/232/139 2935/227/139 2933/229/139 2929/233/139
f 2936/226/140 2932/234/140 2930/235/140 2934/228/140
usemtl Cemento.048
f 2937/222/135 2938/223/135 2940/224/135 2939/225/135
f 2939/225/136 2940/224/136 2944/226/136 2943/227/136
f 2943/227/137 2944/226/137 2942/228/137 2941/229/137
f 2941/229/138 2942/228/138 2938/230/138 2937/231/138
f 2939/232/139 2943/227/139 2941/229/139 2937/233/139
f 2944/226/140 2940/234/140 2938/235/140 2942/228/140
usemtl Cemento.046
f 2945/222/135 2946/223/135 2948/224/135 2947/225/135
f 2947/225/136 2948/224/136 2952/226/136 2951/227/136
f 2951/227/137 2952/226/137 2950/228/137 2949/229/137
f 2949/229/138 2950/228/138 2946/230/138 2945/231/138
f 2947/232/139 2951/227/139 2949/229/139 2945/233/139
f 2952/226/140 2948/234/140 2946/235/140 2950/228/140
usemtl Cemento.047
f 2953/222/135 2954/223/135 2956/224/135 2955/225/135
f 2955/225/136 2956/224/136 2960/226/136 2959/227/136
f 2959/227/137 2960/226/137 2958/228/137 2957/229/137
f 2957/229/138 2958/228/138 2954/230/138 2953/231/138
f 2955/232/139 2959/227/139 2957/229/139 2953/233/139
f 2960/226/140 2956/234/140 2954/235/140 2958/228/140
usemtl Cemento.049
f 2961/222/135 2962/223/135 2964/224/135 2963/225/135
f 2963/225/136 2964/224/136 2968/226/136 2967/227/136
f 2967/227/137 2968/226/137 2966/228/137 2965/229/137
f 2965/229/138 2966/228/138 2962/230/138 2961/231/138
f 2963/232/139 2967/227/139 2965/229/139 2961/233/139
f 2968/226/140 2964/234/140 2962/235/140 2966/228/140
usemtl Cemento.050
f 2969/222/135 2970/223/135 2972/224/135 2971/225/135
f 2971/225/136 2972/224/136 2976/226/136 2975/227/136
f 2975/227/137 2976/226/137 2974/228/137 2973/229/137
f 2973/229/138 2974/228/138 2970/230/138 2969/231/138
f 2971/232/139 2975/227/139 2973/229/139 2969/233/139
f 2976/226/140 2972/234/140 2970/235/140 2974/228/140
usemtl Cemento.051
f 2977/222/135 2978/223/135 2980/224/135 2979/225/135
f 2979/225/136 2980/224/136 2984/226/136 2983/227/136
f 2983/227/137 2984/226/137 2982/228/137 2981/229/137
f 2981/229/138 2982/228/138 2978/230/138 2977/231/138
f 2979/232/139 2983/227/139 2981/229/139 2977/233/139
f 2984/226/140 2980/234/140 2978/235/140 2982/228/140
usemtl Cemento.052
f 2985/222/135 2986/223/135 2988/224/135 2987/225/135
f 2987/225/136 2988/224/136 2992/226/136 2991/227/136
f 2991/227/137 2992/226/137 2990/228/137 2989/229/137
f 2989/229/138 2990/228/138 2986/230/138 2985/231/138
f 2987/232/139 2991/227/139 2989/229/139 2985/233/139
f 2992/226/140 2988/234/140 2986/235/140 2990/228/140
usemtl Cemento.053
f 2993/222/135 2994/223/135 2996/224/135 2995/225/135
f 2995/225/136 2996/224/136 3000/226/136 2999/227/136
f 2999/227/137 3000/226/137 2998/228/137 2997/229/137
f 2997/229/138 2998/228/138 2994/230/138 2993/231/138
f 2995/232/139 2999/227/139 2997/229/139 2993/233/139
f 3000/226/140 2996/234/140 2994/235/140 2998/228/140
usemtl Cemento.054
f 3001/222/135 3002/223/135 3004/224/135 3003/225/135
f 3003/225/136 3004/224/136 3008/226/136 3007/227/136
f 3007/227/137 3008/226/137 3006/228/137 3005/229/137
f 3005/229/138 3006/228/138 3002/230/138 3001/231/138
f 3003/232/139 3007/227/139 3005/229/139 3001/233/139
f 3008/226/140 3004/234/140 3002/235/140 3006/228/140
usemtl Cemento.055
f 3009/222/135 3010/223/135 3012/224/135 3011/225/135
f 3011/225/136 3012/224/136 3016/226/136 3015/227/136
f 3015/227/137 3016/226/137 3014/228/137 3013/229/137
f 3013/229/138 3014/228/138 3010/230/138 3009/231/138
f 3011/232/139 3015/227/139 3013/229/139 3009/233/139
f 3016/226/140 3012/234/140 3010/235/140 3014/228/140
usemtl Cemento.056
f 3017/222/135 3018/223/135 3020/224/135 3019/225/135
f 3019/225/136 3020/224/136 3024/226/136 3023/227/136
f 3023/227/137 3024/226/137 3022/228/137 3021/229/137
f 3021/229/138 3022/228/138 3018/230/138 3017/231/138
f 3019/232/139 3023/227/139 3021/229/139 3017/233/139
f 3024/226/140 3020/234/140 3018/235/140 3022/228/140
usemtl Cemento.057
f 3025/222/135 3026/223/135 3028/224/135 3027/225/135
f 3027/225/136 3028/224/136 3032/226/136 3031/227/136
f 3031/227/137 3032/226/137 3030/228/137 3029/229/137
f 3029/229/138 3030/228/138 3026/230/138 3025/231/138
f 3027/232/139 3031/227/139 3029/229/139 3025/233/139
f 3032/226/140 3028/234/140 3026/235/140 3030/228/140
usemtl Cemento.058
f 3033/222/135 3034/223/135 3036/224/135 3035/225/135
f 3035/225/136 3036/224/136 3040/226/136 3039/227/136
f 3039/227/137 3040/226/137 3038/228/137 3037/229/137
f 3037/229/138 3038/228/138 3034/230/138 3033/231/138
f 3035/232/139 3039/227/139 3037/229/139 3033/233/139
f 3040/226/140 3036/234/140 3034/235/140 3038/228/140
usemtl Cemento.059
f 3041/222/135 3042/223/135 3044/224/135 3043/225/135
f 3043/225/136 3044/224/136 3048/226/136 3047/227/136
f 3047/227/137 3048/226/137 3046/228/137 3045/229/137
f 3045/229/138 3046/228/138 3042/230/138 3041/231/138
f 3043/232/139 3047/227/139 3045/229/139 3041/233/139
f 3048/226/140 3044/234/140 3042/235/140 3046/228/140
usemtl Cemento.060
f 3049/222/135 3050/223/135 3052/224/135 3051/225/135
f 3051/225/136 3052/224/136 3056/226/136 3055/227/136
f 3055/227/137 3056/226/137 3054/228/137 3053/229/137
f 3053/229/138 3054/228/138 3050/230/138 3049/231/138
f 3051/232/139 3055/227/139 3053/229/139 3049/233/139
f 3056/226/140 3052/234/140 3050/235/140 3054/228/140
o Plano
v 52.000000 0.000000 -88.000000
v 55.000000 0.000000 -88.000000
v 52.000000 4.000000 -88.000000
v 55.000000 4.000000 -88.000000
vn -0.0000 -0.0000 1.0000
vt 0.000000 0.000000
vt 1.000000 0.000000
vt 1.000000 1.000000
vt 0.000000 1.000000
s 0
usemtl Material.008
f 3057/240/141 3058/241/141 3060/242/141 3059/243/141
o Edificio1_centro
v 52.000000 0.000000 -78.000000
v 52.000000 -4.000000 -78.000000
v 52.000000 0.000000 -88.000000
v 52.000000 -4.000000 -88.000000
v 36.000000 0.000000 -78.000000
v 36.000000 -4.000000 -78.000000
v 36.000000 0.000000 -88.000000
v 36.000000 -4.000000 -88.000000
v 36.029999 -4.000000 -88.000000
v 52.029999 -4.000000 -88.000000
v 36.029999 0.000000 -88.000000
v 52.029999 -0.000000 -88.000000
v 36.029999 -4.000000 -78.000000
v 52.029999 -4.000000 -78.000000
v 36.029999 0.000000 -78.000000
v 52.029999 -0.000000 -78.000000
vn 1.0000 -0.0000 -0.0000
vn -0.0000 -0.0000 1.0000
vt 0.000000 0.000000
vt 1.000000 0.000000
vt 1.000000 1.000000
vt 0.000000 1.000000
s 0
usemtl ceramico
f 3061/244/142 3062/245/142 3064/246/142 3063/247/142
f 3065/244/142 3066/245/142 3068/246/142 3067/247/142
f 3069/244/143 3070/245/143 3072/246/143 3071/247/143
f 3073/244/143 3074/245/143 3076/246/143 3075/247/143
o Plano.006
v 36.000000 -4.000000 -78.000000
v 52.000000 -4.000000 -78.000000
v 36.000000 -4.000000 -88.000000
v 52.000000 -4.000000 -88.000000
vn -0.0000 -0.0000 -0.0000
vt 0.000000 0.000000
vt 3.511719 0.000000
vt 3.511719 3.734375
vt 0.000000 3.734375
s 0
usemtl tierra
f 3077/248/144 3078/249/144 3080/250/144 3079/251/144
o Plano.007
v 12.000000 0.000000 -66.000000
v 28.000000 0.000000 -66.000000
v 12.000000 0.000000 -92.000000
v 28.000000 0.000000 -92.000000
vn -0.0000 1.0000 -0.0000
vt 0.000000 0.000000
vt 6.582931 0.000000
vt 6.582931 8.453124
vt 0.000000 8.453124
s 0
usemtl Suelo
f 3081/252/145 3082/253/145 3084/254/145 3083/255/145
o Plano.008
v 16.000000 0.000000 -46.000000
v 28.000000 0.000000 -46.000000
v 16.000000 0.000000 -66.000000
v 28.000000 0.000000 -66.000000
vn -0.0000 1.0000 -0.0000
vt 0.000000 0.000000
vt 6.578125 0.000000
vt 6.578125 9.343749
vt 0.000000 9.343749
s 0
usemtl Suelo_Secundario
f 3085/256/146 3086/257/146 3088/258/146 3087/259/146
o Plano.009
v 0.000000 0.000000 -46.000000
v 12.000000 0.000000 -46.000000
v 0.000000 0.000000 -66.000000
v 12.000000 0.000000 -66.000000
vn -0.0000 1.0000 -0.0000
vt 0.000000 0.000000
vt 6.578125 0.000000
vt 6.578125 9.343749
vt 0.000000 9.343749
s 0
usemtl Suelo_Secundario.002
f 3089/260/147 3090/261/147 3092/262/147 3091/263/147
o Plano.010
v 28.000000 0.000000 -69.000000
v 32.000000 0.000000 -69.000000
v 28.000000 0.000000 -75.000000
v 32.000000 0.000000 -75.000000
vn -0.0000 1.0000 -0.0000
vt 0.000000 0.000000
vt 2.414062 0.000000
vt 2.414062 1.796875
vt 0.000000 1.796875
s 0
usemtl Suelo.001
f 3093/264/148 3094/265/148 3096/266/148 3095/267/148
o Pasto
v 28.000000 0.000000 -50.000000
v 32.000000 0.000000 -50.000000
v 28.000000 0.000000 -69.000000
v 32.000000 0.000000 -69.000000
vn -0.0000 1.0000 -0.0000
vt 0.000000 0.000000
vt 1.828125 0.000000
vt 1.828125 6.503906
vt 0.000000 6.503906
s 0
usemtl Pasto
f 3097/268/149 3098/269/149 3100/270/149 3099/271/149
o Pasto.001
v 28.000000 0.000000 -75.000000
v 32.000000 0.000000 -75.000000
v 28.000000 0.000000 -92.000000
v 32.000000 0.000000 -92.000000
vn -0.0000 1.0000 -0.0000
vt 0.000000 0.000000
vt 1.828125 0.000000
vt 1.828125 6.503906
vt 0.000000 6.503906
s 0
usemtl Pasto.002
f 3101/272/150 3102/273/150 3104/274/150 3103/275/150
o Pasto.002
v 16.010000 0.000000 -92.000000
v 31.990000 0.000000 -92.000000
v 16.010000 0.000000 -96.000000
v 31.990000 0.000000 -96.000000
vn -0.0000 1.0000 -0.0000
vt 0.000000 0.000000
vt 6.140625 0.000000
vt 6.140625 2.128906
vt 0.000000 2.128906
s 0
usemtl Pasto.003
f 3105/276/151 3106/277/151 3108/278/151 3107/279/151
o Edificio2_Pasillo
v -10.000000 0.000000 -96.000000
v 32.000000 0.000000 -96.000000
v -10.000000 0.000000 -100.000000
v 32.000000 0.000000 -100.000000
vn -0.0000 1.0000 -0.0000
vt 0.000000 0.000000
vt 4.093905 0.000000
vt 4.093905 1.000000
vt 0.000000 1.000000
s 0
usemtl Ceramico.002
f 3109/280/152 3110/281/152 3112/282/152 3111/283/152
o Plano.011
v 12.000000 0.000000 -92.000000
v 16.000000 0.000000 -92.000000
v 12.000000 0.000000 -96.000000
v 16.000000 0.000000 -96.000000
vn -0.0000 1.0000 -0.0000
vt 0.000000 0.000000
vt 2.414062 0.000000
vt 2.414062 1.796875
vt 0.000000 1.796875
s 0
usemtl Suelo.002
f 3113/284/153 3114/285/153 3116/286/153 3115/287/153
o Pasto.003
v -10.000000 0.000000 -86.000000
v 12.000000 0.000000 -86.000000
v -10.000000 0.000000 -96.000000
v 12.000000 0.000000 -96.000000
vn -0.0000 1.0000 -0.0000
vt 0.000000 0.000000
vt 8.739211 0.000000
vt 8.739211 5.849610
vt 0.000000 5.849610
s 0
usemtl Pasto.004
f 3117/288/154 3118/289/154 3120/290/154 3119/291/154
o Edificio2_Pasillo.001
v 11.000000 0.000000 -100.000000
v 17.000000 0.000000 -100.000000
v 11.000000 0.000000 -120.000000
v 17.000000 0.000000 -120.000000
vn -0.0000 1.0000 -0.0000
vt 0.000000 0.000000
vt 1.948102 0.000000
vt 1.948102 1.000000
vt 0.000000 1.000000
s 0
usemtl Ceramico.003
f 3121/292/155 3122/293/155 3124/294/155 3123/295/155
o Edificio2_Pasillo.002
v -10.000000 0.000000 -100.000000
v -4.000000 0.000000 -100.000000
v -10.000000 0.000000 -120.000000
v -4.000000 0.000000 -120.000000
vn -0.0000 1.0000 -0.0000
vt 0.000000 0.000000
vt 1.948102 0.000000
vt 1.948102 1.000000
vt 0.000000 1.000000
s 0
usemtl Ceramico.004
f 3125/296/156 3126/297/156 3128/298/156 3127/299/156
